Ticker,Date,Time,Open,High,Low,Close,Volume
GO1!,18/09/2026,18:50,4384.0,4384.0,4381.6,4381.6,29.0
GO1!,18/09/2026,18:51,4382.0,4382.0,4380.0,4380.8,50.0
GO1!,18/09/2026,18:52,4381.1,4381.7,4381.0,4381.0,19.0
GO1!,18/09/2026,18:53,4381.3,4383.0,4381.2,4381.2,19.0
GO1!,18/09/2026,18:54,4381.2,4381.2,4380.0,4380.5,51.0
GO1!,18/09/2026,18:55,4380.6,4381.8,4380.3,4381.8,14.0
GO1!,18/09/2026,18:56,4381.4,4381.8,4381.2,4381.8,5.0
GO1!,18/09/2026,18:57,4383.3,4384.4,4382.5,4382.5,16.0
GO1!,18/09/2026,18:58,4382.6,4385.8,4382.6,4385.8,8.0
GO1!,18/09/2026,18:59,4386.0,4389.6,4386.0,4389.2,68.0
GO1!,18/09/2026,19:00,4389.1,4390.2,4388.0,4388.3,67.0
GO1!,18/09/2026,19:01,4388.4,4389.2,4387.1,4387.9,28.0
GO1!,18/09/2026,19:02,4389.0,4389.0,4385.0,4385.0,36.0
GO1!,18/09/2026,19:03,4384.0,4384.3,4383.0,4384.0,24.0
GO1!,18/09/2026,19:04,4383.4,4388.0,4381.0,4387.8,148.0
GO1!,18/09/2026,19:05,4387.5,4388.2,4381.5,4381.6,55.0
GO1!,18/09/2026,19:06,4381.0,4381.7,4379.4,4380.6,59.0
GO1!,18/09/2026,19:07,4381.0,4381.0,4379.3,4379.4,39.0
GO1!,18/09/2026,19:08,4379.5,4380.4,4378.4,4379.7,36.0
GO1!,18/09/2026,19:09,4379.5,4383.5,4379.4,4381.8,29.0
GO1!,18/09/2026,19:10,4381.2,4382.5,4380.1,4382.5,9.0
GO1!,18/09/2026,19:11,4379.7,4379.7,4378.2,4378.3,21.0
GO1!,18/09/2026,19:12,4378.0,4381.0,4377.8,4381.0,9.0
GO1!,18/09/2026,19:13,4380.4,4380.5,4379.2,4380.5,34.0
GO1!,18/09/2026,19:14,4381.0,4381.0,4379.4,4380.2,13.0
GO1!,18/09/2026,19:15,4381.1,4381.4,4379.8,4380.0,19.0
GO1!,18/09/2026,19:16,4379.9,4380.0,4379.5,4379.5,8.0
GO1!,18/09/2026,19:17,4379.5,4381.3,4379.3,4381.3,26.0
GO1!,18/09/2026,19:18,4380.2,4383.8,4380.0,4381.7,63.0
GO1!,18/09/2026,19:19,4380.3,4380.6,4378.2,4380.0,33.0
GO1!,18/09/2026,19:20,4378.0,4378.0,4374.8,4374.8,78.0
GO1!,18/09/2026,19:21,4374.5,4374.7,4372.0,4372.9,77.0
GO1!,18/09/2026,19:22,4372.9,4374.2,4371.8,4374.0,78.0
GO1!,18/09/2026,19:23,4372.8,4372.8,4367.6,4369.0,119.0
GO1!,18/09/2026,19:24,4369.1,4369.1,4364.0,4364.0,42.0
GO1!,18/09/2026,19:25,4364.5,4366.0,4363.9,4364.9,46.0
GO1!,18/09/2026,19:26,4364.5,4367.9,4364.1,4364.7,73.0
GO1!,18/09/2026,19:27,4365.0,4365.0,4362.0,4363.0,58.0
GO1!,18/09/2026,19:28,4363.1,4365.3,4363.0,4364.7,56.0
GO1!,18/09/2026,19:29,4365.2,4366.7,4363.9,4365.8,36.0
GO1!,18/09/2026,19:30,4367.2,4369.0,4367.2,4368.2,39.0
GO1!,18/09/2026,19:31,4369.0,4372.3,4368.7,4372.0,49.0
GO1!,18/09/2026,19:32,4371.4,4373.8,4371.3,4373.7,66.0
GO1!,18/09/2026,19:33,4373.2,4376.6,4372.6,4376.6,18.0
GO1!,18/09/2026,19:34,4377.0,4378.0,4376.5,4378.0,26.0
GO1!,18/09/2026,19:35,4378.1,4380.0,4378.1,4379.6,34.0
GO1!,18/09/2026,19:36,4380.2,4380.2,4378.0,4378.0,23.0
GO1!,18/09/2026,19:37,4377.9,4378.1,4376.3,4377.4,65.0
GO1!,18/09/2026,19:38,4377.2,4378.2,4377.0,4377.0,20.0
GO1!,18/09/2026,19:39,4376.7,4377.4,4375.3,4375.3,10.0
GO1!,18/09/2026,19:40,4376.0,4377.6,4375.8,4375.8,20.0
GO1!,18/09/2026,19:41,4376.9,4376.9,4374.1,4374.5,32.0
GO1!,18/09/2026,19:42,4374.5,4376.6,4373.8,4376.2,14.0
GO1!,18/09/2026,19:43,4376.4,4377.0,4376.4,4377.0,6.0
GO1!,18/09/2026,19:44,4376.3,4376.7,4375.4,4376.7,12.0
GO1!,18/09/2026,19:45,4376.8,4378.0,4375.6,4375.6,13.0
GO1!,18/09/2026,19:46,4375.7,4375.7,4374.7,4374.7,7.0
GO1!,18/09/2026,19:47,4374.0,4377.2,4374.0,4376.5,53.0
GO1!,18/09/2026,19:48,4375.3,4375.3,4374.5,4375.0,7.0
GO1!,18/09/2026,19:49,4375.5,4375.9,4374.8,4375.9,10.0
GO1!,18/09/2026,19:50,4376.0,4377.1,4375.8,4377.1,36.0
GO1!,18/09/2026,19:51,4376.2,4376.9,4374.7,4374.8,20.0
GO1!,18/09/2026,19:52,4374.5,4374.6,4374.2,4374.2,8.0
GO1!,18/09/2026,19:53,4374.6,4375.6,4374.4,4374.6,42.0
GO1!,18/09/2026,19:54,4374.9,4376.1,4374.9,4376.1,4.0
GO1!,18/09/2026,19:55,4374.3,4374.9,4374.3,4374.8,7.0
GO1!,18/09/2026,19:56,4374.5,4376.0,4374.2,4376.0,9.0
GO1!,18/09/2026,19:57,4375.5,4375.5,4374.8,4374.8,7.0
GO1!,18/09/2026,19:58,4375.7,4375.7,4373.8,4374.3,8.0
GO1!,18/09/2026,19:59,4374.9,4376.9,4374.9,4376.8,45.0
GO1!,18/09/2026,20:00,4376.2,4379.2,4375.3,4379.2,43.0
GO1!,18/09/2026,20:01,4380.0,4380.5,4377.7,4377.9,37.0
GO1!,18/09/2026,20:02,4377.1,4377.1,4371.6,4372.0,45.0
GO1!,18/09/2026,20:03,4372.5,4374.0,4371.4,4374.0,29.0
GO1!,18/09/2026,20:04,4374.0,4377.9,4373.8,4377.7,34.0
GO1!,18/09/2026,20:05,4378.3,4379.6,4377.4,4377.4,35.0
GO1!,18/09/2026,20:06,4378.1,4380.3,4378.1,4380.3,24.0
GO1!,18/09/2026,20:07,4379.3,4381.0,4378.0,4379.7,29.0
GO1!,18/09/2026,20:08,4380.5,4382.5,4380.5,4382.1,19.0
GO1!,18/09/2026,20:09,4381.9,4382.0,4380.0,4380.0,21.0
GO1!,18/09/2026,20:10,4379.0,4380.0,4377.1,4380.0,10.0
GO1!,18/09/2026,20:11,4379.8,4380.0,4378.4,4378.4,9.0
GO1!,18/09/2026,20:12,4380.0,4380.1,4378.0,4378.9,11.0
GO1!,18/09/2026,20:13,4379.0,4379.0,4378.5,4378.5,5.0
GO1!,18/09/2026,20:14,4378.4,4379.5,4378.0,4378.8,31.0
GO1!,18/09/2026,20:15,4379.0,4381.0,4379.0,4380.7,19.0
GO1!,18/09/2026,20:16,4379.0,4381.1,4378.6,4380.7,28.0
GO1!,18/09/2026,20:17,4379.9,4381.1,4379.8,4380.6,17.0
GO1!,18/09/2026,20:18,4379.8,4379.9,4379.0,4379.0,4.0
GO1!,18/09/2026,20:19,4379.7,4379.7,4379.0,4379.3,7.0
GO1!,18/09/2026,20:20,4378.6,4378.6,4376.2,4376.2,15.0
GO1!,18/09/2026,20:21,4376.1,4376.1,4374.8,4374.8,33.0
GO1!,18/09/2026,20:22,4374.7,4375.6,4374.0,4374.2,25.0
GO1!,18/09/2026,20:23,4374.2,4374.2,4372.6,4372.9,32.0
GO1!,18/09/2026,20:24,4373.2,4373.6,4372.0,4372.4,18.0
GO1!,18/09/2026,20:25,4372.0,4372.0,4370.6,4370.8,21.0
GO1!,18/09/2026,20:26,4370.9,4373.8,4370.9,4372.5,17.0
GO1!,18/09/2026,20:27,4372.4,4373.3,4371.6,4371.6,20.0
GO1!,18/09/2026,20:28,4372.1,4374.6,4372.0,4373.7,25.0
GO1!,18/09/2026,20:29,4373.8,4374.8,4373.8,4374.7,8.0
GO1!,18/09/2026,20:30,4375.0,4375.0,4370.5,4370.5,56.0
GO1!,18/09/2026,20:31,4370.3,4371.0,4369.2,4369.2,43.0
GO1!,18/09/2026,20:32,4369.2,4370.0,4367.6,4368.0,37.0
GO1!,18/09/2026,20:33,4368.1,4369.7,4367.8,4369.7,19.0
GO1!,18/09/2026,20:34,4369.0,4369.2,4365.9,4365.9,54.0
GO1!,18/09/2026,20:35,4365.6,4366.0,4363.5,4363.8,80.0
GO1!,18/09/2026,20:36,4363.6,4363.6,4362.0,4362.3,66.0
GO1!,18/09/2026,20:37,4362.1,4365.5,4360.5,4365.3,87.0
GO1!,18/09/2026,20:38,4365.2,4367.6,4365.1,4365.4,44.0
GO1!,18/09/2026,20:39,4366.1,4367.1,4366.1,4366.5,17.0
GO1!,18/09/2026,20:40,4366.2,4366.2,4363.4,4365.0,39.0
GO1!,18/09/2026,20:41,4364.0,4364.1,4361.1,4362.3,30.0
GO1!,18/09/2026,20:42,4362.3,4364.3,4360.1,4360.4,40.0
GO1!,18/09/2026,20:43,4361.6,4363.6,4360.0,4360.8,39.0
GO1!,18/09/2026,20:44,4361.5,4361.5,4360.4,4361.0,33.0
GO1!,18/09/2026,20:45,4360.7,4364.2,4360.2,4363.8,51.0
GO1!,18/09/2026,20:46,4364.6,4365.7,4364.0,4364.4,69.0
GO1!,18/09/2026,20:47,4364.0,4364.4,4362.5,4362.5,10.0
GO1!,18/09/2026,20:48,4362.4,4362.5,4359.7,4362.2,26.0
GO1!,18/09/2026,20:49,4362.5,4362.5,4361.0,4361.5,12.0
GO1!,18/09/2026,20:50,4361.1,4362.5,4359.5,4359.8,33.0
GO1!,18/09/2026,20:51,4359.8,4360.5,4358.6,4358.6,28.0
GO1!,18/09/2026,20:52,4361.1,4364.3,4359.2,4364.3,18.0
GO1!,18/09/2026,20:53,4364.0,4364.2,4357.4,4357.9,95.0
GO1!,18/09/2026,20:54,4357.6,4358.4,4355.2,4358.4,71.0
GO1!,18/09/2026,20:55,4357.2,4357.7,4356.6,4357.1,45.0
GO1!,18/09/2026,20:56,4357.0,4359.7,4357.0,4358.0,55.0
GO1!,18/09/2026,20:57,4357.5,4357.5,4355.0,4356.5,23.0
GO1!,18/09/2026,20:58,4356.2,4357.8,4355.9,4357.1,50.0
GO1!,18/09/2026,20:59,4357.0,4357.0,4354.7,4356.0,49.0
GO1!,18/09/2026,21:00,4356.2,4358.0,4355.0,4357.7,41.0
GO1!,18/09/2026,21:01,4357.6,4357.8,4356.0,4357.1,28.0
GO1!,18/09/2026,21:02,4358.7,4360.0,4357.9,4359.3,49.0
GO1!,18/09/2026,21:03,4359.4,4361.7,4359.4,4361.5,35.0
GO1!,18/09/2026,21:04,4361.8,4363.6,4361.3,4363.2,58.0
GO1!,18/09/2026,21:05,4362.5,4362.9,4359.4,4361.3,65.0
GO1!,18/09/2026,21:06,4361.0,4361.4,4359.3,4361.2,21.0
GO1!,18/09/2026,21:07,4361.8,4362.6,4359.0,4359.3,41.0
GO1!,18/09/2026,21:08,4358.6,4360.0,4357.1,4359.2,31.0
GO1!,18/09/2026,21:09,4360.3,4361.0,4359.9,4359.9,27.0
GO1!,18/09/2026,21:10,4360.0,4362.0,4360.0,4362.0,8.0
GO1!,18/09/2026,21:11,4363.0,4363.4,4362.5,4362.5,10.0
GO1!,18/09/2026,21:12,4362.8,4363.5,4361.5,4363.0,18.0
GO1!,18/09/2026,21:13,4363.5,4363.5,4360.0,4360.0,26.0
GO1!,18/09/2026,21:14,4360.2,4361.1,4359.0,4359.0,17.0
GO1!,18/09/2026,21:15,4360.9,4361.8,4360.8,4360.8,5.0
GO1!,18/09/2026,21:16,4360.8,4361.7,4360.0,4360.7,27.0
GO1!,18/09/2026,21:17,4360.8,4362.2,4359.2,4359.2,41.0
GO1!,18/09/2026,21:18,4359.2,4359.2,4357.5,4357.6,74.0
GO1!,18/09/2026,21:19,4357.3,4358.3,4354.7,4354.8,32.0
GO1!,18/09/2026,21:20,4354.7,4354.7,4350.4,4350.8,165.0
GO1!,18/09/2026,21:21,4351.7,4354.0,4351.4,4352.5,33.0
GO1!,18/09/2026,21:22,4353.9,4358.4,4353.5,4358.1,26.0
GO1!,18/09/2026,21:23,4358.9,4360.2,4358.8,4360.2,31.0
GO1!,18/09/2026,21:24,4360.4,4360.5,4358.7,4359.5,23.0
GO1!,18/09/2026,21:25,4360.5,4361.0,4357.0,4357.0,20.0
GO1!,18/09/2026,21:26,4356.3,4357.2,4355.0,4355.2,20.0
GO1!,18/09/2026,21:27,4355.8,4355.8,4354.5,4355.7,24.0
GO1!,18/09/2026,21:28,4355.0,4355.4,4352.8,4353.2,60.0
GO1!,18/09/2026,21:29,4353.4,4353.4,4350.3,4351.3,91.0
GO1!,18/09/2026,21:30,4350.4,4353.6,4350.0,4353.0,40.0
GO1!,18/09/2026,21:31,4353.0,4353.9,4351.5,4351.5,18.0
GO1!,18/09/2026,21:32,4352.0,4353.3,4351.5,4353.3,10.0
GO1!,18/09/2026,21:33,4353.1,4354.8,4353.1,4354.8,14.0
GO1!,18/09/2026,21:34,4354.4,4354.7,4352.0,4352.6,18.0
GO1!,18/09/2026,21:35,4354.9,4354.9,4352.4,4352.4,8.0
GO1!,18/09/2026,21:36,4352.5,4353.7,4351.7,4353.7,29.0
GO1!,18/09/2026,21:37,4353.1,4356.3,4353.1,4355.7,24.0
GO1!,18/09/2026,21:38,4355.2,4357.7,4355.2,4357.0,60.0
GO1!,18/09/2026,21:39,4357.8,4361.0,4357.8,4360.3,103.0
GO1!,18/09/2026,21:40,4360.1,4360.5,4359.8,4360.5,25.0
GO1!,18/09/2026,21:41,4360.5,4360.5,4358.7,4359.8,29.0
GO1!,18/09/2026,21:42,4360.3,4362.0,4360.0,4360.1,21.0
GO1!,18/09/2026,21:43,4359.4,4359.7,4358.1,4358.9,32.0
GO1!,18/09/2026,21:44,4358.8,4360.7,4358.8,4360.5,7.0
GO1!,18/09/2026,21:45,4360.0,4360.0,4359.4,4360.0,36.0
GO1!,18/09/2026,21:46,4360.7,4362.2,4360.7,4360.9,11.0
GO1!,18/09/2026,21:47,4360.6,4360.6,4360.3,4360.3,24.0
GO1!,18/09/2026,21:48,4360.7,4360.8,4359.4,4360.8,6.0
GO1!,18/09/2026,21:49,4362.0,4363.0,4360.7,4362.2,48.0
GO1!,18/09/2026,21:50,4363.4,4365.4,4362.5,4365.4,70.0
GO1!,18/09/2026,21:51,4364.2,4368.7,4364.2,4368.0,53.0
GO1!,18/09/2026,21:52,4368.0,4368.4,4367.0,4368.1,102.0
GO1!,18/09/2026,21:53,4367.5,4367.5,4365.0,4365.5,54.0
GO1!,18/09/2026,21:54,4366.0,4366.0,4365.0,4365.1,14.0
GO1!,18/09/2026,21:55,4365.7,4366.0,4364.4,4364.4,25.0
GO1!,18/09/2026,21:56,4364.9,4366.9,4364.9,4366.4,32.0
GO1!,18/09/2026,21:57,4366.3,4366.3,4365.0,4365.0,19.0
GO1!,18/09/2026,21:58,4365.1,4365.4,4361.1,4361.1,52.0
GO1!,18/09/2026,21:59,4361.5,4361.6,4359.5,4360.0,62.0
GO1!,18/09/2026,22:00,4360.2,4360.9,4359.7,4360.6,18.0
GO1!,18/09/2026,22:01,4362.0,4362.5,4361.8,4361.9,8.0
GO1!,18/09/2026,22:02,4361.4,4361.8,4361.2,4361.8,7.0
GO1!,18/09/2026,22:03,4361.3,4362.0,4360.0,4362.0,41.0
GO1!,18/09/2026,22:04,4361.4,4362.0,4361.0,4361.0,6.0
GO1!,18/09/2026,22:05,4361.2,4361.4,4361.2,4361.4,2.0
GO1!,18/09/2026,22:06,4362.0,4363.2,4362.0,4363.2,3.0
GO1!,18/09/2026,22:07,4362.1,4362.2,4362.0,4362.2,7.0
GO1!,18/09/2026,22:08,4362.0,4362.0,4361.5,4361.9,19.0
GO1!,18/09/2026,22:09,4361.3,4361.3,4358.0,4358.0,114.0
GO1!,18/09/2026,22:10,4358.3,4358.8,4357.6,4358.8,53.0
GO1!,18/09/2026,22:11,4358.7,4358.7,4356.9,4357.4,116.0
GO1!,18/09/2026,22:12,4356.6,4357.0,4355.9,4357.0,80.0
GO1!,18/09/2026,22:13,4357.0,4358.8,4357.0,4358.8,11.0
GO1!,18/09/2026,22:14,4359.2,4360.4,4359.2,4359.8,18.0
GO1!,18/09/2026,22:15,4360.0,4361.7,4360.0,4360.9,31.0
GO1!,18/09/2026,22:16,4360.6,4361.5,4359.8,4359.8,54.0
GO1!,18/09/2026,22:17,4359.5,4360.3,4359.5,4360.1,21.0
GO1!,18/09/2026,22:18,4360.4,4361.5,4360.3,4360.3,6.0
GO1!,18/09/2026,22:19,4359.9,4362.5,4359.9,4362.5,15.0
GO1!,18/09/2026,22:20,4362.1,4362.5,4361.7,4361.7,31.0
GO1!,18/09/2026,22:21,4361.0,4361.0,4359.9,4360.0,26.0
GO1!,18/09/2026,22:22,4359.6,4360.7,4359.5,4360.7,8.0
GO1!,18/09/2026,22:23,4361.5,4362.6,4361.5,4362.6,7.0
GO1!,18/09/2026,22:24,4361.7,4361.7,4361.1,4361.1,3.0
GO1!,18/09/2026,22:25,4362.4,4362.6,4362.4,4362.6,7.0
GO1!,18/09/2026,22:26,4361.8,4362.3,4361.8,4362.3,2.0
GO1!,18/09/2026,22:27,4362.4,4363.6,4362.4,4363.3,14.0
GO1!,18/09/2026,22:28,4362.7,4363.0,4361.9,4362.3,15.0
GO1!,18/09/2026,22:29,4361.7,4364.0,4361.7,4363.9,3.0
GO1!,18/09/2026,22:30,4364.0,4364.0,4362.9,4363.4,29.0
GO1!,18/09/2026,22:31,4363.4,4363.4,4363.4,4363.4,1.0
GO1!,18/09/2026,22:32,4361.4,4361.4,4361.2,4361.2,7.0
GO1!,18/09/2026,22:33,4361.7,4363.3,4361.7,4363.3,8.0
GO1!,18/09/2026,22:34,4363.2,4363.5,4363.2,4363.5,2.0
GO1!,18/09/2026,22:35,4363.1,4364.6,4363.0,4364.6,7.0
GO1!,18/09/2026,22:36,4364.1,4364.3,4363.5,4363.5,7.0
GO1!,18/09/2026,22:37,4364.1,4364.1,4361.7,4361.7,10.0
GO1!,18/09/2026,22:38,4360.1,4360.1,4360.1,4360.1,1.0
GO1!,18/09/2026,22:39,4360.6,4360.6,4358.7,4358.9,28.0
GO1!,18/09/2026,22:40,4358.4,4358.4,4357.3,4357.8,19.0
GO1!,18/09/2026,22:41,4358.3,4358.3,4356.5,4356.9,9.0
GO1!,18/09/2026,22:42,4357.3,4357.3,4357.3,4357.3,41.0
GO1!,18/09/2026,22:43,4358.3,4360.6,4358.3,4359.9,44.0
GO1!,18/09/2026,22:44,4361.2,4362.6,4361.2,4362.6,17.0
GO1!,18/09/2026,22:45,4362.9,4362.9,4362.0,4362.0,42.0
GO1!,18/09/2026,22:46,4362.4,4363.0,4362.4,4363.0,8.0
GO1!,18/09/2026,22:47,4364.9,4365.7,4364.9,4365.3,10.0
GO1!,18/09/2026,22:48,4364.3,4365.4,4363.4,4364.2,34.0
GO1!,18/09/2026,22:50,4363.5,4365.0,4362.5,4365.0,14.0
GO1!,18/09/2026,22:51,4364.9,4365.0,4364.3,4364.3,3.0
GO1!,18/09/2026,22:52,4363.0,4363.0,4363.0,4363.0,3.0
GO1!,18/09/2026,22:53,4362.5,4362.5,4360.9,4360.9,17.0
GO1!,18/09/2026,22:54,4361.6,4361.6,4359.8,4359.9,11.0
GO1!,18/09/2026,22:55,4360.7,4362.9,4360.5,4362.9,10.0
GO1!,18/09/2026,22:57,4363.3,4363.3,4362.8,4362.8,2.0
GO1!,18/09/2026,22:59,4363.4,4364.0,4363.4,4364.0,5.0
GO1!,18/09/2026,23:00,4363.1,4363.1,4363.1,4363.1,1.0
GO1!,18/09/2026,23:01,4363.0,4363.3,4363.0,4363.3,2.0
GO1!,18/09/2026,23:02,4363.5,4364.5,4363.5,4364.2,3.0
GO1!,18/09/2026,23:04,4364.3,4364.3,4364.3,4364.3,2.0
GO1!,18/09/2026,23:05,4365.0,4365.7,4365.0,4365.6,13.0
GO1!,18/09/2026,23:06,4365.0,4365.7,4364.7,4365.0,7.0
GO1!,18/09/2026,23:07,4365.4,4366.2,4365.4,4365.6,9.0
GO1!,18/09/2026,23:08,4365.1,4365.1,4365.1,4365.1,1.0
GO1!,18/09/2026,23:09,4366.0,4367.5,4366.0,4367.3,24.0
GO1!,18/09/2026,23:10,4367.8,4367.8,4366.9,4366.9,2.0
GO1!,18/09/2026,23:11,4366.7,4369.0,4366.7,4369.0,10.0
GO1!,18/09/2026,23:12,4369.5,4371.9,4369.4,4371.9,57.0
GO1!,18/09/2026,23:13,4371.2,4371.2,4368.7,4368.7,33.0
GO1!,18/09/2026,23:14,4368.1,4369.2,4367.5,4368.1,29.0
GO1!,18/09/2026,23:15,4367.8,4368.0,4367.0,4367.0,19.0
GO1!,18/09/2026,23:16,4369.0,4371.1,4369.0,4370.0,20.0
GO1!,18/09/2026,23:17,4370.0,4370.4,4369.9,4369.9,17.0
GO1!,18/09/2026,23:18,4370.3,4371.0,4370.2,4370.7,26.0
GO1!,18/09/2026,23:19,4372.0,4373.0,4372.0,4373.0,25.0
GO1!,18/09/2026,23:20,4373.8,4374.8,4373.0,4373.0,14.0
GO1!,18/09/2026,23:21,4373.4,4375.5,4373.4,4375.5,12.0
GO1!,18/09/2026,23:22,4376.0,4377.7,4376.0,4377.4,38.0
GO1!,18/09/2026,23:23,4377.8,4378.0,4377.0,4377.0,60.0
GO1!,18/09/2026,23:24,4377.7,4378.6,4376.9,4376.9,19.0
GO1!,18/09/2026,23:25,4377.4,4378.0,4376.6,4378.0,10.0
GO1!,18/09/2026,23:26,4378.0,4378.0,4376.0,4376.0,27.0
GO1!,18/09/2026,23:27,4376.0,4376.0,4374.3,4375.5,11.0
GO1!,18/09/2026,23:28,4376.0,4381.0,4376.0,4381.0,134.0
GO1!,18/09/2026,23:29,4381.0,4386.0,4381.0,4385.9,45.0
GO1!,18/09/2026,23:30,4385.0,4385.0,4383.0,4383.6,62.0
GO1!,18/09/2026,23:31,4383.6,4383.8,4382.1,4382.1,10.0
GO1!,18/09/2026,23:32,4383.0,4386.4,4382.6,4386.4,24.0
GO1!,18/09/2026,23:33,4386.8,4390.9,4385.7,4390.3,36.0
GO1!,18/09/2026,23:34,4389.9,4390.2,4387.2,4387.2,8.0
GO1!,18/09/2026,23:35,4387.3,4387.5,4386.1,4387.0,49.0
GO1!,18/09/2026,23:36,4386.7,4387.0,4385.7,4386.9,16.0
GO1!,18/09/2026,23:37,4386.4,4386.9,4384.4,4385.3,34.0
GO1!,18/09/2026,23:38,4385.1,4385.9,4385.1,4385.8,7.0
GO1!,18/09/2026,23:39,4385.8,4387.2,4385.0,4387.2,38.0
GO1!,18/09/2026,23:40,4387.8,4388.0,4387.0,4387.3,26.0
GO1!,18/09/2026,23:41,4387.4,4387.5,4387.4,4387.4,9.0
GO1!,18/09/2026,23:42,4387.5,4387.5,4386.9,4386.9,29.0
GO1!,18/09/2026,23:43,4387.4,4387.4,4385.0,4385.0,8.0
GO1!,18/09/2026,23:44,4385.3,4385.9,4385.1,4385.9,12.0
GO1!,18/09/2026,23:45,4385.0,4386.6,4385.0,4386.6,13.0
GO1!,18/09/2026,23:46,4387.0,4387.0,4384.8,4384.8,8.0
GO1!,18/09/2026,23:47,4384.1,4386.5,4384.0,4386.5,20.0
GO1!,18/09/2026,23:48,4386.4,4387.8,4385.8,4387.8,32.0
GO1!,18/09/2026,23:49,4387.2,4387.2,4386.0,4386.2,17.0
GO1!,18/09/2026,23:50,4386.0,4388.6,4386.0,4386.6,31.0
GO1!,18/09/2026,23:51,4386.0,4386.0,4386.0,4386.0,1.0
GO1!,18/09/2026,23:52,4385.7,4387.0,4385.7,4387.0,5.0
GO1!,18/09/2026,23:53,4387.6,4388.2,4387.4,4388.2,6.0
GO1!,18/09/2026,23:54,4388.4,4388.5,4388.1,4388.1,5.0
GO1!,18/09/2026,23:55,4388.8,4389.0,4388.8,4389.0,5.0
GO1!,18/09/2026,23:56,4389.0,4389.0,4389.0,4389.0,1.0
GO1!,18/09/2026,23:57,4389.0,4389.5,4389.0,4389.5,3.0
GO1!,18/09/2026,23:58,4389.9,4390.8,4388.8,4388.8,51.0
GO1!,18/09/2026,23:59,4388.5,4390.0,4388.5,4389.5,31.0
GO1!,19/09/2026,00:00,4390.3,4392.8,4390.0,4391.6,75.0
GO1!,19/09/2026,00:01,4391.7,4391.7,4389.9,4389.9,6.0
GO1!,19/09/2026,00:02,4390.0,4390.5,4389.1,4390.5,22.0
GO1!,19/09/2026,00:03,4391.4,4394.0,4391.4,4393.0,21.0
GO1!,19/09/2026,00:04,4393.5,4394.0,4393.0,4393.0,54.0
GO1!,19/09/2026,00:05,4391.9,4393.0,4391.9,4392.4,11.0
GO1!,19/09/2026,00:06,4392.7,4392.9,4392.7,4392.9,4.0
GO1!,19/09/2026,00:07,4393.0,4394.1,4393.0,4394.1,6.0
GO1!,19/09/2026,00:08,4394.1,4394.2,4393.4,4393.4,5.0
GO1!,19/09/2026,00:09,4394.0,4394.0,4394.0,4394.0,2.0
GO1!,19/09/2026,00:10,4393.0,4393.0,4392.3,4392.8,5.0
GO1!,19/09/2026,00:11,4394.3,4394.3,4394.3,4394.3,1.0
GO1!,19/09/2026,00:12,4393.6,4393.6,4390.8,4390.8,7.0
GO1!,19/09/2026,00:13,4390.9,4393.3,4390.5,4393.3,10.0
GO1!,19/09/2026,00:14,4392.7,4393.1,4392.0,4392.3,12.0
GO1!,19/09/2026,00:15,4393.4,4393.4,4393.4,4393.4,1.0
GO1!,19/09/2026,00:16,4393.2,4395.0,4393.2,4394.1,26.0
GO1!,19/09/2026,00:17,4394.2,4395.1,4394.2,4395.0,57.0
GO1!,19/09/2026,00:18,4396.0,4396.0,4394.4,4394.6,14.0
GO1!,19/09/2026,00:19,4393.1,4393.2,4392.5,4392.5,5.0
GO1!,19/09/2026,00:20,4392.4,4392.5,4391.0,4391.0,15.0
GO1!,19/09/2026,00:21,4391.6,4391.6,4390.3,4390.7,10.0
GO1!,19/09/2026,00:22,4390.7,4391.0,4390.0,4390.8,128.0
GO1!,19/09/2026,00:23,4390.1,4390.8,4389.8,4390.8,128.0
GO1!,19/09/2026,00:25,4390.0,4391.6,4389.9,4391.6,5.0
GO1!,19/09/2026,00:26,4392.0,4393.3,4392.0,4393.3,16.0
GO1!,19/09/2026,00:27,4394.0,4394.0,4392.8,4393.3,17.0
GO1!,19/09/2026,00:28,4393.1,4393.1,4392.2,4392.2,9.0
GO1!,19/09/2026,00:29,4393.4,4394.0,4391.7,4393.8,22.0
GO1!,19/09/2026,00:30,4393.7,4393.9,4392.4,4392.9,28.0
GO1!,19/09/2026,00:31,4393.9,4393.9,4393.3,4393.6,3.0
GO1!,19/09/2026,00:32,4392.7,4394.0,4392.7,4394.0,12.0
GO1!,19/09/2026,00:33,4395.0,4396.5,4394.8,4396.4,31.0
GO1!,19/09/2026,00:34,4397.0,4399.6,4396.9,4399.6,34.0
GO1!,19/09/2026,00:35,4399.0,4400.0,4399.0,4399.6,42.0
GO1!,19/09/2026,00:36,4400.0,4403.4,4400.0,4402.5,45.0
GO1!,19/09/2026,00:37,4402.6,4402.8,4400.8,4400.8,30.0
GO1!,19/09/2026,00:38,4401.0,4401.1,4400.8,4401.1,9.0
GO1!,19/09/2026,00:39,4400.7,4400.7,4400.0,4400.0,8.0
GO1!,19/09/2026,00:40,4400.3,4402.0,4399.6,4402.0,28.0
GO1!,19/09/2026,00:41,4400.2,4402.0,4400.1,4401.5,7.0
GO1!,19/09/2026,00:42,4402.1,4402.1,4400.3,4402.0,17.0
GO1!,19/09/2026,00:43,4403.0,4403.0,4398.9,4399.4,22.0
GO1!,19/09/2026,00:44,4399.2,4400.4,4399.0,4399.9,32.0
GO1!,19/09/2026,00:45,4399.1,4399.8,4399.1,4399.6,9.0
GO1!,19/09/2026,00:46,4399.7,4400.5,4399.5,4400.5,5.0
GO1!,19/09/2026,00:47,4401.6,4402.0,4401.6,4402.0,2.0
GO1!,19/09/2026,00:48,4402.3,4403.0,4402.0,4402.6,23.0
GO1!,19/09/2026,00:49,4402.2,4402.2,4401.6,4401.9,6.0
GO1!,19/09/2026,00:50,4401.8,4403.6,4401.8,4403.5,25.0
GO1!,19/09/2026,00:51,4403.1,4403.1,4403.1,4403.1,2.0
GO1!,19/09/2026,00:52,4401.5,4401.8,4401.1,4401.8,5.0
GO1!,19/09/2026,00:53,4400.9,4400.9,4400.9,4400.9,3.0
GO1!,19/09/2026,00:54,4400.6,4400.9,4400.2,4400.9,13.0
GO1!,19/09/2026,00:55,4400.0,4400.0,4400.0,4400.0,1.0
GO1!,19/09/2026,00:56,4400.7,4401.9,4400.7,4401.9,12.0
GO1!,19/09/2026,00:57,4401.4,4401.4,4401.2,4401.2,5.0
GO1!,19/09/2026,00:58,4401.0,4401.0,4400.0,4400.0,7.0
GO1!,19/09/2026,01:00,4399.4,4400.1,4399.2,4399.2,30.0
GO1!,19/09/2026,01:01,4399.1,4400.0,4399.1,4400.0,9.0
GO1!,19/09/2026,01:02,4400.0,4400.2,4400.0,4400.2,4.0
GO1!,19/09/2026,01:03,4399.3,4399.5,4399.3,4399.5,3.0
GO1!,19/09/2026,01:04,4400.0,4400.0,4399.3,4399.3,4.0
GO1!,19/09/2026,01:05,4399.0,4399.0,4399.0,4399.0,1.0
GO1!,19/09/2026,01:06,4398.4,4398.4,4397.2,4397.3,34.0
GO1!,19/09/2026,01:07,4397.8,4400.0,4397.8,4400.0,3.0
GO1!,19/09/2026,01:08,4400.4,4401.0,4398.1,4398.1,10.0
GO1!,19/09/2026,01:09,4398.0,4398.0,4397.0,4397.0,9.0
GO1!,19/09/2026,01:10,4397.4,4397.9,4397.4,4397.9,9.0
GO1!,19/09/2026,01:11,4397.0,4397.8,4397.0,4397.8,8.0
GO1!,19/09/2026,01:13,4398.1,4400.4,4398.1,4400.2,21.0
GO1!,19/09/2026,01:14,4399.0,4399.2,4399.0,4399.2,2.0
GO1!,19/09/2026,01:15,4399.5,4399.5,4399.5,4399.5,1.0
GO1!,19/09/2026,01:16,4398.3,4398.3,4398.3,4398.3,1.0
GO1!,19/09/2026,01:17,4398.3,4398.3,4396.0,4396.7,28.0
GO1!,19/09/2026,01:18,4397.0,4397.0,4396.2,4396.2,2.0
GO1!,19/09/2026,01:19,4397.6,4397.6,4397.6,4397.6,1.0
GO1!,19/09/2026,01:20,4397.2,4397.2,4397.2,4397.2,1.0
GO1!,19/09/2026,01:21,4397.0,4397.5,4397.0,4397.3,4.0
GO1!,19/09/2026,01:22,4397.1,4398.0,4396.9,4398.0,10.0
GO1!,19/09/2026,01:23,4397.5,4397.5,4397.5,4397.5,1.0
GO1!,19/09/2026,01:24,4396.5,4397.0,4396.5,4397.0,3.0
GO1!,19/09/2026,01:25,4397.5,4397.5,4397.5,4397.5,1.0
GO1!,19/09/2026,01:26,4397.8,4397.8,4397.8,4397.8,1.0
GO1!,19/09/2026,01:27,4397.0,4398.4,4397.0,4397.9,18.0
GO1!,19/09/2026,01:28,4397.9,4397.9,4397.7,4397.7,2.0
GO1!,19/09/2026,01:29,4397.0,4397.9,4397.0,4397.9,6.0
GO1!,19/09/2026,01:30,4396.0,4397.1,4396.0,4396.2,18.0
GO1!,19/09/2026,01:31,4396.0,4396.0,4394.4,4394.4,9.0
GO1!,19/09/2026,01:32,4395.4,4395.4,4394.5,4394.5,3.0
GO1!,19/09/2026,01:33,4394.8,4394.8,4394.8,4394.8,1.0
GO1!,19/09/2026,01:34,4394.3,4394.3,4394.3,4394.3,3.0
GO1!,19/09/2026,01:35,4394.5,4395.0,4394.5,4395.0,10.0
GO1!,19/09/2026,01:36,4394.3,4394.3,4394.3,4394.3,4.0
GO1!,19/09/2026,01:37,4394.4,4394.8,4394.4,4394.8,2.0
GO1!,19/09/2026,01:38,4394.4,4394.4,4393.3,4393.3,14.0
GO1!,19/09/2026,01:39,4392.4,4392.4,4392.4,4392.4,1.0
GO1!,19/09/2026,01:40,4392.6,4392.6,4391.6,4391.6,10.0
GO1!,19/09/2026,01:41,4391.4,4391.4,4391.0,4391.0,10.0
GO1!,19/09/2026,01:42,4391.6,4391.6,4390.0,4390.0,7.0
GO1!,19/09/2026,01:43,4390.2,4391.1,4390.1,4391.1,4.0
GO1!,19/09/2026,01:44,4390.2,4390.2,4388.3,4388.3,5.0
GO1!,19/09/2026,01:45,4388.3,4389.0,4388.0,4388.0,13.0
GO1!,19/09/2026,01:46,4387.9,4388.9,4387.9,4388.9,2.0
GO1!,19/09/2026,01:47,4389.6,4391.0,4389.6,4391.0,20.0
GO1!,19/09/2026,01:48,4390.3,4390.4,4390.3,4390.4,3.0
GO1!,19/09/2026,01:49,4389.9,4389.9,4389.9,4389.9,5.0
GO1!,19/09/2026,01:50,4390.5,4391.0,4390.1,4390.9,8.0
GO1!,19/09/2026,01:51,4389.5,4389.5,4388.9,4388.9,6.0
GO1!,19/09/2026,01:52,4388.5,4388.5,4388.5,4388.5,1.0
GO1!,19/09/2026,01:53,4387.7,4389.3,4387.7,4389.3,5.0
GO1!,19/09/2026,01:54,4388.2,4388.2,4387.4,4387.6,12.0
GO1!,19/09/2026,01:55,4387.4,4387.7,4387.2,4387.7,15.0
GO1!,19/09/2026,01:56,4389.0,4389.0,4389.0,4389.0,4.0
GO1!,19/09/2026,01:57,4389.0,4389.0,4389.0,4389.0,1.0
GO1!,19/09/2026,01:58,4388.6,4389.2,4388.6,4389.0,7.0
GO1!,19/09/2026,01:59,4389.0,4389.4,4388.5,4389.4,21.0
GO1!,19/09/2026,02:00,4390.0,4390.4,4389.8,4389.8,6.0
GO1!,19/09/2026,02:01,4389.1,4389.1,4387.9,4387.9,15.0
GO1!,19/09/2026,02:02,4387.0,4387.0,4386.8,4386.8,4.0
GO1!,19/09/2026,02:03,4388.0,4388.4,4388.0,4388.4,2.0
GO1!,19/09/2026,02:04,4388.9,4390.2,4388.9,4389.9,13.0
GO1!,19/09/2026,02:05,4390.6,4391.6,4390.6,4391.6,6.0
GO1!,19/09/2026,02:06,4391.2,4391.7,4391.2,4391.3,6.0
GO1!,19/09/2026,02:07,4391.2,4391.2,4389.4,4389.5,3.0
GO1!,19/09/2026,02:08,4390.9,4390.9,4390.9,4390.9,1.0
GO1!,19/09/2026,02:09,4391.0,4392.0,4391.0,4392.0,18.0
GO1!,19/09/2026,02:10,4392.0,4392.0,4392.0,4392.0,7.0
GO1!,19/09/2026,02:11,4391.6,4391.6,4391.4,4391.5,6.0
GO1!,19/09/2026,02:12,4392.0,4392.0,4392.0,4392.0,1.0
GO1!,19/09/2026,02:13,4391.9,4392.1,4391.1,4391.1,14.0
GO1!,19/09/2026,02:14,4391.2,4391.8,4391.2,4391.8,22.0
GO1!,19/09/2026,02:15,4391.5,4391.5,4391.5,4391.5,1.0
GO1!,19/09/2026,02:17,4391.2,4391.2,4391.2,4391.2,1.0
GO1!,19/09/2026,02:18,4390.8,4391.1,4390.2,4390.2,21.0
GO1!,19/09/2026,02:19,4389.0,4389.0,4388.7,4388.7,24.0
GO1!,19/09/2026,02:20,4388.7,4389.2,4388.7,4389.2,20.0
GO1!,19/09/2026,02:21,4389.4,4389.7,4389.4,4389.7,23.0
GO1!,19/09/2026,02:22,4389.3,4389.3,4389.2,4389.2,12.0
GO1!,19/09/2026,02:23,4389.3,4389.7,4389.0,4389.7,46.0
GO1!,19/09/2026,02:24,4389.7,4389.7,4389.1,4389.2,30.0
GO1!,19/09/2026,02:25,4389.0,4389.0,4388.0,4388.0,44.0
GO1!,19/09/2026,02:27,4386.6,4387.0,4386.6,4386.8,5.0
GO1!,19/09/2026,02:28,4387.1,4387.5,4387.1,4387.5,2.0
GO1!,19/09/2026,02:29,4387.9,4388.0,4387.9,4388.0,2.0
GO1!,19/09/2026,02:30,4388.0,4388.0,4388.0,4388.0,1.0
GO1!,19/09/2026,02:31,4388.0,4388.0,4388.0,4388.0,4.0
GO1!,19/09/2026,02:32,4388.5,4388.7,4388.5,4388.7,2.0
GO1!,19/09/2026,02:33,4388.8,4389.0,4388.7,4388.7,4.0
GO1!,19/09/2026,02:36,4387.2,4388.8,4387.2,4388.8,16.0
GO1!,19/09/2026,02:37,4388.8,4388.8,4388.8,4388.8,1.0
GO1!,19/09/2026,02:38,4388.9,4388.9,4388.9,4388.9,1.0
GO1!,19/09/2026,02:39,4389.2,4389.2,4388.7,4389.0,10.0
GO1!,19/09/2026,02:40,4389.3,4389.4,4388.7,4388.7,19.0
GO1!,19/09/2026,02:41,4389.1,4389.8,4388.6,4389.8,22.0
GO1!,19/09/2026,02:42,4390.0,4390.2,4388.8,4388.8,35.0
GO1!,19/09/2026,02:43,4388.7,4389.1,4388.7,4389.1,11.0
GO1!,19/09/2026,02:44,4389.3,4389.4,4388.8,4389.3,15.0
GO1!,19/09/2026,02:45,4388.7,4388.7,4388.5,4388.5,25.0
GO1!,19/09/2026,02:46,4389.3,4390.0,4389.3,4390.0,21.0
GO1!,19/09/2026,02:47,4390.4,4390.9,4390.4,4390.9,6.0
GO1!,19/09/2026,02:48,4390.7,4390.8,4389.9,4389.9,42.0
GO1!,19/09/2026,02:49,4389.1,4389.9,4389.0,4389.6,24.0
GO1!,19/09/2026,02:50,4390.0,4390.3,4389.0,4389.0,17.0
GO1!,19/09/2026,02:51,4389.0,4389.0,4388.8,4388.8,6.0
GO1!,19/09/2026,02:52,4388.6,4388.6,4386.4,4386.4,14.0
GO1!,19/09/2026,02:53,4387.0,4387.0,4387.0,4387.0,1.0
GO1!,19/09/2026,02:54,4387.1,4387.4,4386.0,4386.0,24.0
GO1!,19/09/2026,02:55,4385.2,4385.6,4385.0,4385.6,11.0
GO1!,19/09/2026,02:56,4384.5,4384.5,4383.3,4384.0,16.0
GO1!,19/09/2026,02:57,4383.8,4386.4,4383.8,4386.3,18.0
GO1!,19/09/2026,02:58,4386.9,4387.8,4385.2,4387.1,20.0
GO1!,19/09/2026,02:59,4383.9,4386.9,4383.6,4386.9,5.0
GO1!,21/09/2026,09:45,4374.0,4374.8,4371.8,4374.8,52.0
GO1!,21/09/2026,09:46,4374.5,4375.9,4374.5,4375.8,6.0
GO1!,21/09/2026,09:47,4375.9,4376.0,4375.1,4375.9,12.0
GO1!,21/09/2026,09:48,4375.9,4375.9,4374.1,4374.4,12.0
GO1!,21/09/2026,09:49,4374.6,4375.6,4374.6,4375.4,7.0
GO1!,21/09/2026,09:50,4375.4,4376.1,4374.5,4375.7,14.0
GO1!,21/09/2026,09:51,4375.7,4376.5,4373.6,4373.9,16.0
GO1!,21/09/2026,09:52,4373.6,4375.0,4373.6,4375.0,18.0
GO1!,21/09/2026,09:53,4374.5,4374.6,4374.5,4374.6,2.0
GO1!,21/09/2026,09:54,4374.2,4374.2,4372.9,4372.9,13.0
GO1!,21/09/2026,09:55,4371.9,4373.1,4371.7,4373.1,15.0
GO1!,21/09/2026,09:56,4372.3,4373.2,4372.3,4372.4,21.0
GO1!,21/09/2026,09:57,4372.4,4373.8,4372.4,4372.5,9.0
GO1!,21/09/2026,09:58,4372.4,4372.4,4369.5,4370.4,44.0
GO1!,21/09/2026,09:59,4370.0,4371.0,4369.3,4371.0,46.0
GO1!,21/09/2026,10:00,4371.1,4371.1,4370.4,4370.4,17.0
GO1!,21/09/2026,10:01,4370.3,4370.7,4368.3,4368.7,49.0
GO1!,21/09/2026,10:02,4368.6,4368.9,4366.4,4368.2,26.0
GO1!,21/09/2026,10:03,4368.7,4372.5,4368.7,4372.3,17.0
GO1!,21/09/2026,10:04,4372.6,4373.5,4372.4,4373.5,15.0
GO1!,21/09/2026,10:05,4373.0,4373.2,4372.8,4373.2,8.0
GO1!,21/09/2026,10:06,4373.3,4373.3,4372.0,4372.6,21.0
GO1!,21/09/2026,10:07,4372.8,4373.0,4368.7,4368.8,64.0
GO1!,21/09/2026,10:08,4368.2,4368.6,4367.5,4367.5,13.0
GO1!,21/09/2026,10:09,4367.8,4367.8,4366.5,4366.9,20.0
GO1!,21/09/2026,10:10,4367.5,4369.0,4367.5,4369.0,8.0
GO1!,21/09/2026,10:11,4369.2,4369.2,4368.8,4368.8,5.0
GO1!,21/09/2026,10:12,4368.7,4369.3,4368.7,4369.3,2.0
GO1!,21/09/2026,10:13,4369.1,4370.0,4369.1,4370.0,37.0
GO1!,21/09/2026,10:14,4369.8,4369.8,4369.8,4369.8,1.0
GO1!,21/09/2026,10:15,4369.9,4370.3,4369.3,4369.6,26.0
GO1!,21/09/2026,10:16,4370.7,4371.0,4370.3,4370.7,9.0
GO1!,21/09/2026,10:17,4369.0,4369.1,4369.0,4369.1,2.0
GO1!,21/09/2026,10:18,4368.6,4371.3,4368.6,4371.3,3.0
GO1!,21/09/2026,10:19,4371.3,4371.4,4370.5,4371.2,11.0
GO1!,21/09/2026,10:20,4370.4,4370.6,4370.0,4370.0,5.0
GO1!,21/09/2026,10:21,4369.0,4369.0,4368.2,4368.2,9.0
GO1!,21/09/2026,10:22,4369.0,4369.0,4368.9,4369.0,3.0
GO1!,21/09/2026,10:23,4369.0,4369.2,4369.0,4369.0,4.0
GO1!,21/09/2026,10:24,4369.0,4369.0,4369.0,4369.0,1.0
GO1!,21/09/2026,10:26,4368.0,4368.1,4367.6,4367.6,7.0
GO1!,21/09/2026,10:27,4367.9,4367.9,4366.4,4366.4,11.0
GO1!,21/09/2026,10:28,4367.2,4367.2,4367.1,4367.1,4.0
GO1!,21/09/2026,10:29,4367.0,4367.2,4367.0,4367.0,11.0
GO1!,21/09/2026,10:30,4366.9,4368.0,4366.9,4367.9,12.0
GO1!,21/09/2026,10:31,4368.2,4368.8,4368.2,4368.8,9.0
GO1!,21/09/2026,10:32,4368.7,4369.0,4368.7,4368.7,6.0
GO1!,21/09/2026,10:33,4369.8,4370.6,4369.8,4370.6,2.0
GO1!,21/09/2026,10:34,4370.3,4372.0,4370.3,4371.9,4.0
GO1!,21/09/2026,10:35,4372.4,4374.9,4372.0,4372.1,28.0
GO1!,21/09/2026,10:36,4371.3,4372.2,4371.3,4372.1,16.0
GO1!,21/09/2026,10:37,4372.5,4373.9,4371.8,4371.8,18.0
GO1!,21/09/2026,10:38,4372.4,4374.5,4372.4,4374.5,21.0
GO1!,21/09/2026,10:39,4374.0,4374.0,4373.1,4373.1,3.0
GO1!,21/09/2026,10:40,4373.0,4373.0,4373.0,4373.0,2.0
GO1!,21/09/2026,10:41,4372.8,4374.0,4372.8,4374.0,6.0
GO1!,21/09/2026,10:42,4374.3,4374.5,4374.3,4374.3,11.0
GO1!,21/09/2026,10:43,4373.8,4374.6,4373.5,4374.6,10.0
GO1!,21/09/2026,10:44,4374.5,4374.5,4374.0,4374.0,5.0
GO1!,21/09/2026,10:45,4374.2,4374.7,4374.2,4374.2,7.0
GO1!,21/09/2026,10:46,4374.4,4374.4,4373.0,4373.6,38.0
GO1!,21/09/2026,10:47,4372.4,4372.6,4372.0,4372.6,5.0
GO1!,21/09/2026,10:48,4372.9,4372.9,4371.5,4371.8,12.0
GO1!,21/09/2026,10:49,4371.5,4371.5,4370.5,4370.5,7.0
GO1!,21/09/2026,10:50,4370.1,4370.6,4369.0,4369.1,19.0
GO1!,21/09/2026,10:51,4369.2,4369.2,4369.2,4369.2,3.0
GO1!,21/09/2026,10:52,4370.0,4371.0,4370.0,4370.8,10.0
GO1!,21/09/2026,10:53,4370.0,4370.0,4368.0,4368.0,18.0
GO1!,21/09/2026,10:54,4367.0,4367.0,4365.3,4366.1,24.0
GO1!,21/09/2026,10:55,4365.6,4366.0,4365.6,4365.8,14.0
GO1!,21/09/2026,10:56,4365.7,4366.6,4365.2,4366.6,16.0
GO1!,21/09/2026,10:57,4365.4,4365.4,4365.4,4365.4,2.0
GO1!,21/09/2026,10:58,4365.4,4365.5,4365.0,4365.1,29.0
GO1!,21/09/2026,10:59,4366.0,4366.3,4365.6,4365.6,9.0
GO1!,21/09/2026,11:00,4366.3,4367.8,4366.3,4367.8,8.0
GO1!,21/09/2026,11:01,4367.0,4367.8,4366.3,4367.8,10.0
GO1!,21/09/2026,11:02,4367.5,4367.5,4367.5,4367.5,6.0
GO1!,21/09/2026,11:03,4367.0,4367.0,4367.0,4367.0,8.0
GO1!,21/09/2026,11:04,4366.2,4366.2,4365.0,4365.2,32.0
GO1!,21/09/2026,11:05,4365.1,4365.1,4364.4,4365.1,13.0
GO1!,21/09/2026,11:06,4364.8,4364.8,4364.1,4364.8,7.0
GO1!,21/09/2026,11:07,4365.0,4365.0,4363.1,4363.1,38.0
GO1!,21/09/2026,11:08,4364.5,4365.4,4364.5,4365.4,5.0
GO1!,21/09/2026,11:09,4365.1,4365.5,4365.0,4365.5,29.0
GO1!,21/09/2026,11:11,4365.6,4367.2,4365.2,4365.2,11.0
GO1!,21/09/2026,11:12,4366.6,4368.1,4366.6,4368.1,8.0
GO1!,21/09/2026,11:13,4368.3,4368.3,4367.7,4367.7,2.0
GO1!,21/09/2026,11:14,4367.8,4367.8,4366.9,4367.0,10.0
GO1!,21/09/2026,11:15,4367.0,4367.0,4366.5,4366.6,23.0
GO1!,21/09/2026,11:16,4366.6,4368.6,4366.6,4368.6,14.0
GO1!,21/09/2026,11:17,4369.0,4369.9,4369.0,4369.6,10.0
GO1!,21/09/2026,11:18,4368.9,4370.0,4368.9,4370.0,13.0
GO1!,21/09/2026,11:19,4370.0,4370.0,4369.5,4370.0,5.0
GO1!,21/09/2026,11:20,4371.3,4372.0,4371.0,4371.5,27.0
GO1!,21/09/2026,11:21,4371.5,4371.6,4371.0,4371.4,8.0
GO1!,21/09/2026,11:22,4370.9,4371.0,4370.8,4371.0,35.0
GO1!,21/09/2026,11:23,4371.1,4371.1,4371.1,4371.1,1.0
GO1!,21/09/2026,11:24,4370.3,4370.3,4370.3,4370.3,1.0
GO1!,21/09/2026,11:25,4370.9,4370.9,4370.7,4370.7,7.0
GO1!,21/09/2026,11:26,4370.6,4371.1,4370.5,4370.5,3.0
GO1!,21/09/2026,11:27,4371.0,4371.7,4371.0,4371.7,10.0
GO1!,21/09/2026,11:28,4371.3,4371.3,4369.0,4369.1,33.0
GO1!,21/09/2026,11:29,4369.3,4369.3,4368.0,4369.3,34.0
GO1!,21/09/2026,11:30,4366.3,4366.5,4365.2,4365.2,33.0
GO1!,21/09/2026,11:31,4365.1,4367.5,4365.1,4367.3,14.0
GO1!,21/09/2026,11:32,4366.2,4366.9,4365.2,4366.6,8.0
GO1!,21/09/2026,11:33,4366.1,4366.5,4366.0,4366.5,7.0
GO1!,21/09/2026,11:34,4367.2,4368.0,4367.2,4368.0,3.0
GO1!,21/09/2026,11:35,4369.5,4369.5,4368.8,4369.4,9.0
GO1!,21/09/2026,11:36,4368.3,4368.9,4368.1,4368.9,36.0
GO1!,21/09/2026,11:37,4368.5,4368.5,4368.5,4368.5,1.0
GO1!,21/09/2026,11:38,4367.9,4368.2,4367.9,4368.2,4.0
GO1!,21/09/2026,11:39,4367.9,4367.9,4367.8,4367.8,2.0
GO1!,21/09/2026,11:40,4368.3,4368.5,4368.3,4368.5,3.0
GO1!,21/09/2026,11:42,4368.7,4369.0,4368.4,4368.6,7.0
GO1!,21/09/2026,11:43,4369.1,4369.8,4369.1,4369.8,5.0
GO1!,21/09/2026,11:44,4369.4,4369.4,4369.0,4369.0,5.0
GO1!,21/09/2026,11:47,4367.6,4367.6,4367.6,4367.6,4.0
GO1!,21/09/2026,11:48,4368.0,4368.0,4368.0,4368.0,3.0
GO1!,21/09/2026,11:49,4367.6,4367.6,4366.8,4367.0,8.0
GO1!,21/09/2026,11:50,4366.3,4366.3,4366.3,4366.3,1.0
GO1!,21/09/2026,11:51,4366.2,4366.2,4365.6,4365.6,9.0
GO1!,21/09/2026,11:54,4365.1,4365.1,4364.0,4364.0,10.0
GO1!,21/09/2026,11:55,4364.1,4364.7,4364.1,4364.7,20.0
GO1!,21/09/2026,11:56,4365.0,4365.0,4365.0,4365.0,1.0
GO1!,21/09/2026,11:57,4366.0,4366.0,4364.0,4364.0,5.0
GO1!,21/09/2026,11:58,4363.8,4363.9,4362.3,4362.3,19.0
GO1!,21/09/2026,11:59,4362.1,4362.1,4362.0,4362.0,8.0
GO1!,21/09/2026,12:00,4362.3,4362.5,4360.6,4360.8,14.0
GO1!,21/09/2026,12:01,4361.6,4363.0,4360.8,4363.0,122.0
GO1!,21/09/2026,12:02,4363.2,4363.2,4363.2,4363.2,2.0
GO1!,21/09/2026,12:03,4363.2,4363.2,4362.7,4363.2,51.0
GO1!,21/09/2026,12:04,4362.6,4362.6,4362.0,4362.0,4.0
GO1!,21/09/2026,12:05,4361.6,4362.0,4361.3,4361.4,23.0
GO1!,21/09/2026,12:06,4361.7,4362.4,4361.0,4362.3,69.0
GO1!,21/09/2026,12:07,4361.0,4361.0,4360.7,4360.7,4.0
GO1!,21/09/2026,12:08,4361.5,4361.6,4361.4,4361.4,3.0
GO1!,21/09/2026,12:09,4361.3,4362.0,4361.1,4362.0,5.0
GO1!,21/09/2026,12:10,4361.6,4361.6,4359.4,4359.9,26.0
GO1!,21/09/2026,12:11,4360.7,4361.1,4360.7,4361.1,12.0
GO1!,21/09/2026,12:12,4361.6,4361.9,4361.6,4361.9,3.0
GO1!,21/09/2026,12:13,4361.8,4361.8,4361.2,4361.4,13.0
GO1!,21/09/2026,12:14,4361.5,4362.0,4361.3,4362.0,7.0
GO1!,21/09/2026,12:15,4362.0,4362.0,4361.0,4361.0,12.0
GO1!,21/09/2026,12:16,4361.0,4361.0,4360.9,4360.9,2.0
GO1!,21/09/2026,12:17,4360.6,4360.6,4360.6,4360.6,1.0
GO1!,21/09/2026,12:18,4361.0,4361.5,4360.9,4361.4,10.0
GO1!,21/09/2026,12:19,4362.0,4362.0,4360.5,4360.5,8.0
GO1!,21/09/2026,12:20,4361.4,4362.0,4361.3,4362.0,3.0
GO1!,21/09/2026,12:21,4363.8,4364.7,4363.8,4364.3,18.0
GO1!,21/09/2026,12:22,4364.6,4365.5,4364.6,4365.5,15.0
GO1!,21/09/2026,12:23,4366.0,4366.9,4366.0,4366.9,11.0
GO1!,21/09/2026,12:24,4366.6,4366.9,4366.0,4366.0,29.0
GO1!,21/09/2026,12:25,4365.7,4366.6,4364.2,4364.2,18.0
GO1!,21/09/2026,12:26,4366.5,4367.0,4366.0,4367.0,25.0
GO1!,21/09/2026,12:27,4367.2,4367.2,4365.7,4365.7,2.0
GO1!,21/09/2026,12:28,4365.8,4365.8,4364.0,4364.0,25.0
GO1!,21/09/2026,12:29,4364.6,4364.7,4364.0,4364.0,16.0
GO1!,21/09/2026,12:30,4363.9,4368.5,4363.0,4368.5,55.0
GO1!,21/09/2026,12:31,4366.7,4368.0,4366.7,4367.9,6.0
GO1!,21/09/2026,12:32,4367.7,4367.7,4363.5,4363.5,7.0
GO1!,21/09/2026,12:33,4362.4,4363.0,4360.8,4362.3,18.0
GO1!,21/09/2026,12:34,4361.6,4362.3,4361.0,4362.3,16.0
GO1!,21/09/2026,12:35,4360.5,4361.4,4358.9,4360.4,22.0
GO1!,21/09/2026,12:36,4360.6,4362.0,4360.6,4362.0,19.0
GO1!,21/09/2026,12:37,4361.7,4362.5,4361.7,4362.5,2.0
GO1!,21/09/2026,12:38,4362.4,4364.3,4362.4,4363.8,5.0
GO1!,21/09/2026,12:39,4364.0,4364.0,4364.0,4364.0,1.0
GO1!,21/09/2026,12:40,4364.1,4364.1,4364.1,4364.1,3.0
GO1!,21/09/2026,12:41,4363.0,4363.0,4362.8,4362.8,5.0
GO1!,21/09/2026,12:42,4361.0,4362.1,4361.0,4361.6,9.0
GO1!,21/09/2026,12:44,4361.2,4361.4,4360.9,4361.4,14.0
GO1!,21/09/2026,12:45,4360.6,4360.6,4356.9,4357.7,57.0
GO1!,21/09/2026,12:46,4359.8,4359.8,4359.2,4359.2,2.0
GO1!,21/09/2026,12:47,4359.0,4359.4,4359.0,4359.0,17.0
GO1!,21/09/2026,12:48,4359.0,4359.0,4357.7,4358.0,9.0
GO1!,21/09/2026,12:49,4358.0,4359.1,4357.0,4357.0,25.0
GO1!,21/09/2026,12:50,4357.4,4358.5,4357.0,4358.5,6.0
GO1!,21/09/2026,12:51,4357.9,4357.9,4356.4,4357.9,34.0
GO1!,21/09/2026,12:52,4358.4,4360.5,4358.4,4360.2,17.0
GO1!,21/09/2026,12:53,4360.1,4362.0,4359.9,4361.2,53.0
GO1!,21/09/2026,12:54,4361.0,4361.5,4360.8,4361.5,13.0
GO1!,21/09/2026,12:55,4360.2,4360.2,4359.9,4359.9,14.0
GO1!,21/09/2026,12:56,4360.7,4361.0,4360.0,4360.0,14.0
GO1!,21/09/2026,12:57,4360.2,4360.3,4360.0,4360.0,4.0
GO1!,21/09/2026,12:58,4360.0,4360.1,4360.0,4360.1,3.0
GO1!,21/09/2026,12:59,4359.2,4359.2,4357.2,4357.2,69.0
GO1!,21/09/2026,13:00,4356.9,4358.9,4356.7,4358.6,28.0
GO1!,21/09/2026,13:01,4360.2,4360.2,4359.3,4359.9,20.0
GO1!,21/09/2026,13:02,4359.8,4360.4,4358.5,4359.0,17.0
GO1!,21/09/2026,13:03,4358.6,4358.9,4358.6,4358.9,2.0
GO1!,21/09/2026,13:04,4358.0,4358.0,4356.6,4356.8,27.0
GO1!,21/09/2026,13:05,4358.9,4359.9,4358.0,4359.9,32.0
GO1!,21/09/2026,13:06,4361.1,4361.1,4359.5,4361.0,7.0
GO1!,21/09/2026,13:08,4359.8,4359.8,4358.9,4358.9,6.0
GO1!,21/09/2026,13:09,4361.0,4361.0,4361.0,4361.0,1.0
GO1!,21/09/2026,13:10,4361.1,4361.9,4360.9,4361.9,6.0
GO1!,21/09/2026,13:11,4361.8,4362.4,4360.5,4361.4,17.0
GO1!,21/09/2026,13:12,4361.6,4361.6,4359.8,4359.8,13.0
GO1!,21/09/2026,13:13,4359.9,4360.1,4358.3,4360.1,10.0
GO1!,21/09/2026,13:14,4360.2,4360.2,4360.2,4360.2,1.0
GO1!,21/09/2026,13:15,4359.9,4359.9,4359.9,4359.9,1.0
GO1!,21/09/2026,13:16,4360.0,4360.0,4360.0,4360.0,1.0
GO1!,21/09/2026,13:17,4360.1,4361.1,4357.4,4357.8,40.0
GO1!,21/09/2026,13:18,4358.1,4358.1,4357.0,4357.0,15.0
GO1!,21/09/2026,13:19,4359.0,4359.0,4355.8,4355.9,13.0
GO1!,21/09/2026,13:20,4355.5,4357.2,4355.4,4357.1,17.0
GO1!,21/09/2026,13:21,4356.7,4357.0,4355.2,4356.5,47.0
GO1!,21/09/2026,13:22,4356.4,4356.6,4355.2,4355.6,12.0
GO1!,21/09/2026,13:23,4355.3,4355.9,4355.1,4355.9,6.0
GO1!,21/09/2026,13:24,4355.0,4355.0,4354.0,4354.0,24.0
GO1!,21/09/2026,13:25,4353.4,4354.9,4353.4,4354.9,8.0
GO1!,21/09/2026,13:26,4355.0,4355.0,4353.5,4354.0,14.0
GO1!,21/09/2026,13:27,4355.2,4355.4,4354.8,4355.4,3.0
GO1!,21/09/2026,13:29,4354.8,4354.8,4353.7,4353.7,8.0
GO1!,21/09/2026,13:30,4354.4,4354.5,4354.0,4354.0,4.0
GO1!,21/09/2026,13:32,4354.8,4355.5,4354.2,4355.5,6.0
GO1!,21/09/2026,13:33,4355.6,4355.6,4355.6,4355.6,1.0
GO1!,21/09/2026,13:34,4356.2,4357.0,4356.2,4356.7,16.0
GO1!,21/09/2026,13:35,4356.9,4356.9,4356.2,4356.8,6.0
GO1!,21/09/2026,13:36,4357.0,4357.9,4357.0,4357.9,8.0
GO1!,21/09/2026,13:37,4357.8,4357.8,4356.9,4357.2,8.0
GO1!,21/09/2026,13:38,4357.6,4358.0,4357.2,4357.3,6.0
GO1!,21/09/2026,13:39,4357.1,4358.2,4357.1,4358.2,5.0
GO1!,21/09/2026,13:40,4358.2,4360.1,4358.2,4360.1,13.0
GO1!,21/09/2026,13:41,4359.8,4360.5,4359.6,4359.6,18.0
GO1!,21/09/2026,13:42,4360.2,4360.2,4358.6,4358.6,16.0
GO1!,21/09/2026,13:43,4358.9,4358.9,4357.5,4358.9,15.0
GO1!,21/09/2026,13:44,4358.5,4358.5,4358.4,4358.4,2.0
GO1!,21/09/2026,13:45,4358.7,4360.6,4358.7,4360.6,12.0
GO1!,21/09/2026,13:46,4359.9,4361.5,4359.9,4360.5,55.0
GO1!,21/09/2026,13:47,4360.1,4361.0,4359.2,4361.0,3.0
GO1!,21/09/2026,13:48,4360.8,4361.5,4360.2,4361.5,6.0
GO1!,21/09/2026,13:49,4360.8,4361.1,4360.8,4361.1,5.0
GO1!,21/09/2026,13:50,4360.6,4360.6,4358.2,4358.2,9.0
GO1!,21/09/2026,13:51,4358.2,4358.8,4357.5,4358.8,11.0
GO1!,21/09/2026,13:52,4359.0,4359.0,4358.6,4358.6,2.0
GO1!,21/09/2026,13:53,4360.1,4360.1,4357.9,4359.3,10.0
GO1!,21/09/2026,13:55,4359.1,4359.1,4358.8,4358.8,2.0
GO1!,21/09/2026,13:56,4359.9,4360.9,4359.3,4360.9,29.0
GO1!,21/09/2026,13:57,4360.4,4362.3,4360.4,4362.3,41.0
GO1!,21/09/2026,13:58,4359.8,4360.8,4359.7,4360.2,49.0
GO1!,21/09/2026,13:59,4360.8,4360.9,4360.0,4360.0,9.0
GO1!,21/09/2026,14:00,4360.0,4360.0,4353.1,4353.9,159.0
GO1!,21/09/2026,14:01,4354.2,4354.2,4352.7,4353.5,36.0
GO1!,21/09/2026,14:02,4355.4,4356.9,4355.4,4356.6,9.0
GO1!,21/09/2026,14:03,4357.4,4361.4,4357.4,4361.4,63.0
GO1!,21/09/2026,14:04,4360.9,4361.4,4360.6,4361.4,5.0
GO1!,21/09/2026,14:05,4360.6,4361.7,4359.3,4361.3,24.0
GO1!,21/09/2026,14:06,4362.0,4362.4,4361.4,4361.4,13.0
GO1!,21/09/2026,14:07,4360.8,4362.0,4360.8,4362.0,29.0
GO1!,21/09/2026,14:08,4361.1,4361.3,4359.0,4359.0,28.0
GO1!,21/09/2026,14:09,4359.0,4359.5,4358.0,4358.9,40.0
GO1!,21/09/2026,14:10,4359.0,4359.0,4357.6,4357.8,20.0
GO1!,21/09/2026,14:11,4357.4,4357.9,4355.9,4355.9,20.0
GO1!,21/09/2026,14:12,4356.8,4356.8,4353.3,4353.7,23.0
GO1!,21/09/2026,14:13,4354.2,4356.3,4354.0,4355.9,11.0
GO1!,21/09/2026,14:14,4360.0,4361.1,4359.6,4359.8,15.0
GO1!,21/09/2026,14:15,4360.3,4360.9,4359.0,4359.0,41.0
GO1!,21/09/2026,14:16,4358.4,4360.6,4358.4,4360.6,44.0
GO1!,21/09/2026,14:17,4361.0,4361.6,4359.8,4359.8,15.0
GO1!,21/09/2026,14:18,4360.4,4360.4,4359.0,4359.0,7.0
GO1!,21/09/2026,14:19,4361.0,4361.1,4360.3,4360.3,9.0
GO1!,21/09/2026,14:20,4360.0,4360.0,4359.5,4359.5,5.0
GO1!,21/09/2026,14:21,4359.8,4359.8,4358.2,4358.2,35.0
GO1!,21/09/2026,14:22,4359.1,4359.1,4357.3,4357.3,8.0
GO1!,21/09/2026,14:23,4358.4,4358.6,4358.4,4358.6,5.0
GO1!,21/09/2026,14:24,4358.4,4358.8,4358.4,4358.8,5.0
GO1!,21/09/2026,14:25,4358.1,4358.1,4357.1,4357.1,6.0
GO1!,21/09/2026,14:26,4356.2,4356.2,4354.3,4354.9,7.0
GO1!,21/09/2026,14:27,4356.7,4357.4,4356.7,4357.4,3.0
GO1!,21/09/2026,14:28,4356.5,4357.7,4356.5,4357.7,4.0
GO1!,21/09/2026,14:29,4356.9,4358.7,4356.9,4357.6,13.0
GO1!,21/09/2026,14:30,4357.1,4357.1,4356.1,4356.1,13.0
GO1!,21/09/2026,14:31,4356.5,4357.5,4356.4,4357.5,4.0
GO1!,21/09/2026,14:32,4357.7,4357.7,4356.4,4356.4,2.0
GO1!,21/09/2026,14:33,4356.5,4359.0,4356.5,4359.0,29.0
GO1!,21/09/2026,14:34,4359.0,4359.5,4359.0,4359.4,4.0
GO1!,21/09/2026,14:35,4358.5,4360.0,4358.3,4360.0,38.0
GO1!,21/09/2026,14:36,4359.2,4359.2,4357.7,4359.1,17.0
GO1!,21/09/2026,14:37,4359.0,4360.0,4358.7,4360.0,9.0
GO1!,21/09/2026,14:38,4360.7,4361.2,4359.0,4359.3,26.0
GO1!,21/09/2026,14:39,4357.6,4357.8,4356.9,4357.2,22.0
GO1!,21/09/2026,14:40,4357.2,4357.2,4355.0,4355.0,39.0
GO1!,21/09/2026,14:41,4354.0,4354.7,4353.0,4353.5,36.0
GO1!,21/09/2026,14:42,4354.5,4356.0,4353.8,4353.8,11.0
GO1!,21/09/2026,14:43,4353.4,4353.6,4349.2,4349.5,123.0
GO1!,21/09/2026,14:44,4349.2,4353.6,4348.8,4353.6,56.0
GO1!,21/09/2026,14:45,4353.1,4356.2,4352.0,4356.2,27.0
GO1!,21/09/2026,14:46,4355.0,4355.2,4353.2,4353.2,4.0
GO1!,21/09/2026,14:47,4354.0,4354.0,4353.6,4353.6,2.0
GO1!,21/09/2026,14:48,4353.3,4355.0,4353.1,4354.9,14.0
GO1!,21/09/2026,14:49,4355.2,4355.2,4353.7,4353.7,2.0
GO1!,21/09/2026,14:50,4353.1,4354.0,4353.1,4353.9,4.0
GO1!,21/09/2026,14:51,4355.1,4355.2,4355.0,4355.2,6.0
GO1!,21/09/2026,14:52,4355.3,4355.3,4355.3,4355.3,1.0
GO1!,21/09/2026,14:53,4355.0,4355.7,4354.1,4354.1,51.0
GO1!,21/09/2026,14:54,4354.2,4354.2,4353.5,4353.7,7.0
GO1!,21/09/2026,14:55,4355.2,4355.3,4355.2,4355.3,3.0
GO1!,21/09/2026,14:57,4355.0,4355.0,4353.1,4353.1,14.0
GO1!,21/09/2026,14:58,4353.0,4353.0,4352.1,4352.1,14.0
GO1!,21/09/2026,14:59,4351.6,4352.3,4351.3,4351.3,8.0
GO1!,21/09/2026,15:00,4351.2,4352.4,4350.4,4352.2,75.0
GO1!,21/09/2026,15:01,4351.8,4353.4,4351.8,4353.4,9.0
GO1!,21/09/2026,15:02,4353.8,4354.3,4353.1,4353.1,14.0
GO1!,21/09/2026,15:03,4353.2,4353.4,4352.0,4353.2,18.0
GO1!,21/09/2026,15:04,4353.8,4355.3,4353.8,4355.3,9.0
GO1!,21/09/2026,15:05,4355.3,4356.0,4355.1,4355.1,9.0
GO1!,21/09/2026,15:06,4356.2,4358.0,4356.2,4357.3,25.0
GO1!,21/09/2026,15:07,4356.6,4356.6,4355.3,4355.5,8.0
GO1!,21/09/2026,15:08,4356.0,4356.0,4356.0,4356.0,15.0
GO1!,21/09/2026,15:09,4355.0,4355.0,4352.6,4354.1,26.0
GO1!,21/09/2026,15:10,4354.6,4354.7,4353.1,4354.7,14.0
GO1!,21/09/2026,15:11,4355.5,4357.2,4355.5,4357.2,14.0
GO1!,21/09/2026,15:12,4357.2,4359.4,4357.1,4359.2,47.0
GO1!,21/09/2026,15:13,4358.3,4358.4,4357.0,4357.0,11.0
GO1!,21/09/2026,15:14,4357.8,4357.8,4357.0,4357.2,5.0
GO1!,21/09/2026,15:15,4356.3,4357.3,4356.0,4357.1,12.0
GO1!,21/09/2026,15:16,4357.0,4359.8,4356.6,4359.5,25.0
GO1!,21/09/2026,15:17,4359.4,4360.1,4359.4,4359.9,9.0
GO1!,21/09/2026,15:18,4359.9,4359.9,4359.4,4359.5,7.0
GO1!,21/09/2026,15:19,4360.0,4361.3,4360.0,4361.3,20.0
GO1!,21/09/2026,15:20,4360.5,4360.5,4359.4,4359.5,5.0
GO1!,21/09/2026,15:21,4359.6,4359.7,4359.5,4359.7,3.0
GO1!,21/09/2026,15:22,4360.2,4360.2,4360.2,4360.2,31.0
GO1!,21/09/2026,15:23,4360.5,4361.5,4360.5,4361.5,11.0
GO1!,21/09/2026,15:24,4361.8,4362.1,4361.8,4362.1,38.0
GO1!,21/09/2026,15:25,4361.8,4362.3,4361.3,4362.3,7.0
GO1!,21/09/2026,15:26,4362.0,4362.0,4361.0,4361.5,13.0
GO1!,21/09/2026,15:27,4361.5,4361.7,4361.0,4361.0,18.0
GO1!,21/09/2026,15:28,4361.2,4361.5,4361.0,4361.0,11.0
GO1!,21/09/2026,15:29,4360.8,4361.4,4360.7,4360.7,10.0
GO1!,21/09/2026,15:30,4359.5,4360.4,4358.4,4360.4,26.0
GO1!,21/09/2026,15:31,4361.0,4361.9,4361.0,4361.9,18.0
GO1!,21/09/2026,15:32,4361.6,4362.2,4361.1,4362.2,32.0
GO1!,21/09/2026,15:33,4362.1,4362.4,4361.9,4362.4,28.0
GO1!,21/09/2026,15:34,4361.5,4361.7,4361.0,4361.3,5.0
GO1!,21/09/2026,15:35,4360.8,4363.0,4360.8,4362.8,50.0
GO1!,21/09/2026,15:36,4362.5,4362.7,4362.0,4362.1,37.0
GO1!,21/09/2026,15:37,4361.2,4361.2,4361.0,4361.0,11.0
GO1!,21/09/2026,15:38,4361.7,4362.4,4361.7,4362.0,12.0
GO1!,21/09/2026,15:39,4362.3,4363.3,4362.3,4363.0,24.0
GO1!,21/09/2026,15:40,4361.6,4361.6,4360.0,4360.8,4.0
GO1!,21/09/2026,15:41,4362.8,4363.2,4361.7,4363.2,42.0
GO1!,21/09/2026,15:42,4363.2,4363.2,4362.6,4362.6,3.0
GO1!,21/09/2026,15:43,4363.1,4363.1,4363.1,4363.1,1.0
GO1!,21/09/2026,15:44,4363.1,4363.8,4363.1,4363.8,8.0
GO1!,21/09/2026,15:45,4363.9,4364.0,4362.9,4362.9,13.0
GO1!,21/09/2026,15:46,4363.1,4363.2,4362.5,4362.7,10.0
GO1!,21/09/2026,15:47,4362.0,4362.0,4361.0,4361.3,24.0
GO1!,21/09/2026,15:48,4362.1,4362.1,4362.0,4362.0,2.0
GO1!,21/09/2026,15:49,4362.8,4363.0,4362.8,4363.0,2.0
GO1!,21/09/2026,15:50,4361.4,4361.5,4361.0,4361.0,11.0
GO1!,21/09/2026,15:51,4361.1,4361.8,4361.1,4361.8,2.0
GO1!,21/09/2026,15:52,4361.4,4361.4,4361.0,4361.0,4.0
GO1!,21/09/2026,15:53,4360.9,4360.9,4360.3,4360.3,18.0
GO1!,21/09/2026,15:54,4360.5,4360.5,4357.7,4357.7,145.0
GO1!,21/09/2026,15:55,4357.4,4357.9,4356.1,4357.8,24.0
GO1!,21/09/2026,15:56,4357.9,4358.0,4357.5,4357.5,9.0
GO1!,21/09/2026,15:57,4357.6,4358.7,4357.6,4358.7,8.0
GO1!,21/09/2026,15:58,4359.1,4359.1,4359.1,4359.1,1.0
GO1!,21/09/2026,15:59,4359.9,4359.9,4359.0,4359.0,7.0
GO1!,21/09/2026,16:00,4360.2,4360.2,4359.3,4359.3,16.0
GO1!,21/09/2026,16:01,4360.0,4360.0,4358.7,4358.7,6.0
GO1!,21/09/2026,16:02,4358.1,4358.5,4358.0,4358.0,8.0
GO1!,21/09/2026,16:03,4357.8,4358.8,4357.5,4358.8,7.0
GO1!,21/09/2026,16:04,4359.7,4359.9,4356.4,4356.7,25.0
GO1!,21/09/2026,16:05,4357.2,4357.5,4357.2,4357.2,6.0
GO1!,21/09/2026,16:06,4357.5,4358.9,4357.5,4358.9,7.0
GO1!,21/09/2026,16:07,4359.1,4359.6,4359.1,4359.6,12.0
GO1!,21/09/2026,16:08,4359.8,4360.1,4359.4,4360.1,7.0
GO1!,21/09/2026,16:09,4359.8,4359.8,4359.8,4359.8,1.0
GO1!,21/09/2026,16:12,4359.8,4359.8,4359.8,4359.8,1.0
GO1!,21/09/2026,16:14,4360.3,4360.3,4359.9,4359.9,4.0
GO1!,21/09/2026,16:15,4360.6,4361.0,4360.2,4361.0,17.0
GO1!,21/09/2026,16:16,4361.1,4361.1,4360.7,4360.7,4.0
GO1!,21/09/2026,16:17,4361.0,4361.0,4360.0,4360.8,9.0
GO1!,21/09/2026,16:18,4360.1,4360.5,4359.5,4359.5,11.0
GO1!,21/09/2026,16:19,4359.3,4359.3,4358.2,4358.7,5.0
GO1!,21/09/2026,16:20,4359.1,4360.0,4358.7,4359.7,19.0
GO1!,21/09/2026,16:21,4360.0,4360.0,4360.0,4360.0,1.0
GO1!,21/09/2026,16:22,4359.2,4359.3,4358.9,4359.3,7.0
GO1!,21/09/2026,16:23,4359.6,4359.7,4359.3,4359.3,31.0
GO1!,21/09/2026,16:24,4359.1,4359.1,4358.1,4358.2,6.0
GO1!,21/09/2026,16:25,4357.2,4357.6,4356.8,4356.8,16.0
GO1!,21/09/2026,16:26,4356.3,4357.0,4356.3,4356.5,16.0
GO1!,21/09/2026,16:27,4356.7,4356.8,4356.5,4356.5,3.0
GO1!,21/09/2026,16:28,4356.9,4357.2,4355.6,4355.6,14.0
GO1!,21/09/2026,16:29,4355.3,4355.5,4353.9,4353.9,51.0
GO1!,21/09/2026,16:30,4353.0,4353.2,4351.4,4352.7,20.0
GO1!,21/09/2026,16:31,4353.3,4353.3,4351.0,4351.2,48.0
GO1!,21/09/2026,16:32,4351.5,4351.5,4347.9,4349.9,136.0
GO1!,21/09/2026,16:33,4348.7,4350.8,4348.0,4349.8,51.0
GO1!,21/09/2026,16:34,4349.4,4349.4,4348.1,4348.3,22.0
GO1!,21/09/2026,16:35,4348.0,4348.3,4347.2,4347.8,51.0
GO1!,21/09/2026,16:36,4347.7,4350.0,4347.7,4349.5,26.0
GO1!,21/09/2026,16:37,4349.9,4351.3,4349.6,4349.6,11.0
GO1!,21/09/2026,16:38,4349.8,4349.9,4349.6,4349.9,4.0
GO1!,21/09/2026,16:39,4349.9,4350.8,4349.1,4350.8,12.0
GO1!,21/09/2026,16:40,4350.0,4350.2,4350.0,4350.2,5.0
GO1!,21/09/2026,16:41,4351.0,4351.8,4351.0,4351.8,14.0
GO1!,21/09/2026,16:42,4351.4,4351.5,4351.2,4351.5,3.0
GO1!,21/09/2026,16:43,4351.8,4352.1,4351.1,4351.7,16.0
GO1!,21/09/2026,16:44,4352.2,4354.3,4352.2,4353.8,10.0
GO1!,21/09/2026,16:45,4354.4,4355.1,4354.4,4354.6,4.0
GO1!,21/09/2026,16:46,4354.4,4354.7,4354.2,4354.2,31.0
GO1!,21/09/2026,16:47,4354.4,4354.4,4354.4,4354.4,5.0
GO1!,21/09/2026,18:50,4372.7,4374.5,4372.7,4373.8,98.0
GO1!,21/09/2026,18:51,4373.6,4374.4,4372.3,4374.4,29.0
GO1!,21/09/2026,18:52,4374.0,4376.0,4374.0,4375.9,40.0
GO1!,21/09/2026,18:53,4375.6,4376.4,4375.5,4375.5,13.0
GO1!,21/09/2026,18:54,4375.7,4378.0,4375.7,4377.5,27.0
GO1!,21/09/2026,18:55,4377.6,4378.0,4377.4,4377.4,25.0
GO1!,21/09/2026,18:56,4377.4,4377.5,4374.0,4374.0,23.0
GO1!,21/09/2026,18:57,4374.6,4374.9,4372.4,4373.7,32.0
GO1!,21/09/2026,18:58,4373.6,4375.0,4373.5,4374.4,76.0
GO1!,21/09/2026,18:59,4374.1,4376.1,4374.1,4376.0,15.0
GO1!,21/09/2026,19:00,4376.0,4376.0,4373.4,4373.5,37.0
GO1!,21/09/2026,19:01,4372.8,4372.8,4371.2,4371.2,20.0
GO1!,21/09/2026,19:02,4371.3,4372.2,4369.0,4371.0,84.0
GO1!,21/09/2026,19:03,4372.9,4374.7,4372.9,4374.5,13.0
GO1!,21/09/2026,19:04,4374.8,4376.9,4374.5,4376.9,24.0
GO1!,21/09/2026,19:05,4377.0,4381.6,4377.0,4379.7,87.0
GO1!,21/09/2026,19:06,4379.0,4379.1,4378.0,4378.1,62.0
GO1!,21/09/2026,19:07,4377.3,4377.3,4375.0,4375.0,5.0
GO1!,21/09/2026,19:08,4375.0,4376.0,4374.9,4376.0,9.0
GO1!,21/09/2026,19:09,4376.4,4376.4,4373.9,4373.9,23.0
GO1!,21/09/2026,19:10,4373.5,4374.4,4373.5,4374.4,4.0
GO1!,21/09/2026,19:11,4374.2,4375.5,4374.2,4375.4,6.0
GO1!,21/09/2026,19:12,4374.8,4375.5,4374.3,4375.2,8.0
GO1!,21/09/2026,19:13,4375.2,4375.8,4375.2,4375.5,5.0
GO1!,21/09/2026,19:14,4375.8,4376.3,4375.8,4375.8,17.0
GO1!,21/09/2026,19:15,4375.6,4376.1,4374.9,4374.9,13.0
GO1!,21/09/2026,19:16,4376.2,4376.9,4376.2,4376.9,5.0
GO1!,21/09/2026,19:17,4375.0,4376.3,4375.0,4376.0,4.0
GO1!,21/09/2026,19:18,4375.2,4375.2,4374.3,4374.3,3.0
GO1!,21/09/2026,19:19,4374.1,4374.6,4373.9,4373.9,4.0
GO1!,21/09/2026,19:20,4373.4,4373.4,4367.0,4367.0,58.0
GO1!,21/09/2026,19:21,4367.5,4367.5,4365.3,4365.3,26.0
GO1!,21/09/2026,19:22,4365.1,4367.0,4364.6,4366.9,72.0
GO1!,21/09/2026,19:23,4367.2,4367.2,4364.0,4364.6,66.0
GO1!,21/09/2026,19:24,4364.5,4365.0,4361.2,4361.3,49.0
GO1!,21/09/2026,19:25,4361.1,4362.4,4360.6,4362.4,28.0
GO1!,21/09/2026,19:26,4362.0,4362.0,4360.9,4361.5,35.0
GO1!,21/09/2026,19:27,4362.0,4362.5,4358.0,4359.0,82.0
GO1!,21/09/2026,19:28,4358.2,4360.0,4358.1,4360.0,14.0
GO1!,21/09/2026,19:29,4359.9,4362.6,4359.5,4362.6,8.0
GO1!,21/09/2026,19:30,4362.6,4365.3,4361.2,4363.8,123.0
GO1!,21/09/2026,19:31,4362.9,4364.9,4362.9,4364.3,17.0
GO1!,21/09/2026,19:32,4365.0,4366.4,4363.0,4364.6,32.0
GO1!,21/09/2026,19:33,4364.8,4364.9,4363.4,4364.9,15.0
GO1!,21/09/2026,19:34,4364.4,4364.4,4362.7,4363.7,18.0
GO1!,21/09/2026,19:35,4364.8,4364.8,4362.6,4362.9,20.0
GO1!,21/09/2026,19:36,4362.1,4362.1,4359.0,4359.0,33.0
GO1!,21/09/2026,19:37,4358.3,4359.1,4357.7,4358.6,27.0
GO1!,21/09/2026,19:38,4359.8,4360.8,4359.4,4360.8,8.0
GO1!,21/09/2026,19:39,4360.8,4363.5,4360.8,4363.5,15.0
GO1!,21/09/2026,19:40,4363.8,4364.3,4362.3,4362.3,7.0
GO1!,21/09/2026,19:41,4364.3,4365.7,4364.3,4364.9,28.0
GO1!,21/09/2026,19:42,4365.2,4366.6,4365.2,4366.6,34.0
GO1!,21/09/2026,19:43,4366.7,4367.3,4365.8,4365.8,19.0
GO1!,21/09/2026,19:44,4365.1,4369.4,4363.4,4369.4,128.0
GO1!,21/09/2026,19:45,4369.8,4370.0,4365.3,4365.4,52.0
GO1!,21/09/2026,19:46,4365.7,4365.7,4361.5,4361.5,41.0
GO1!,21/09/2026,19:47,4361.9,4362.5,4361.9,4362.5,9.0
GO1!,21/09/2026,19:48,4364.0,4364.7,4364.0,4364.7,3.0
GO1!,21/09/2026,19:49,4364.8,4364.8,4363.0,4363.3,17.0
GO1!,21/09/2026,19:50,4364.3,4364.3,4363.8,4363.8,2.0
GO1!,21/09/2026,19:51,4364.4,4364.5,4364.3,4364.5,3.0
GO1!,21/09/2026,19:52,4364.1,4365.1,4364.1,4365.1,7.0
GO1!,21/09/2026,19:53,4364.9,4364.9,4363.0,4363.1,10.0
GO1!,21/09/2026,19:54,4362.6,4363.5,4362.6,4363.5,2.0
GO1!,21/09/2026,19:55,4362.7,4362.7,4360.6,4361.0,15.0
GO1!,21/09/2026,19:56,4361.0,4361.0,4361.0,4361.0,1.0
GO1!,21/09/2026,19:57,4362.0,4365.4,4362.0,4364.8,27.0
GO1!,21/09/2026,19:58,4365.8,4367.8,4365.8,4367.8,14.0
GO1!,21/09/2026,19:59,4367.0,4367.0,4366.6,4366.8,5.0
GO1!,21/09/2026,20:00,4365.6,4367.2,4365.2,4367.2,27.0
GO1!,21/09/2026,20:01,4365.2,4365.9,4365.0,4365.0,4.0
GO1!,21/09/2026,20:02,4366.0,4366.0,4365.6,4365.6,2.0
GO1!,21/09/2026,20:03,4365.0,4365.0,4363.5,4364.6,10.0
GO1!,21/09/2026,20:04,4363.0,4364.0,4362.9,4364.0,6.0
GO1!,21/09/2026,20:05,4364.3,4366.4,4364.3,4365.8,18.0
GO1!,21/09/2026,20:06,4365.9,4365.9,4365.1,4365.1,7.0
GO1!,21/09/2026,20:07,4365.0,4366.7,4365.0,4366.7,4.0
GO1!,21/09/2026,20:08,4366.8,4368.7,4366.8,4368.6,12.0
GO1!,21/09/2026,20:09,4368.8,4370.3,4367.9,4367.9,26.0
GO1!,21/09/2026,20:10,4368.3,4369.0,4368.3,4368.5,21.0
GO1!,21/09/2026,20:11,4367.8,4368.8,4367.8,4368.8,3.0
GO1!,21/09/2026,20:12,4369.4,4369.4,4368.1,4368.5,5.0
GO1!,21/09/2026,20:13,4369.5,4370.3,4369.5,4369.6,5.0
GO1!,21/09/2026,20:14,4370.0,4370.0,4369.0,4369.0,7.0
GO1!,21/09/2026,20:15,4369.7,4369.8,4368.9,4368.9,19.0
GO1!,21/09/2026,20:16,4369.5,4369.5,4368.0,4368.0,7.0
GO1!,21/09/2026,20:17,4368.0,4369.4,4366.8,4369.4,5.0
GO1!,21/09/2026,20:18,4368.5,4368.7,4368.5,4368.7,2.0
GO1!,21/09/2026,20:19,4369.2,4370.3,4369.2,4370.3,11.0
GO1!,21/09/2026,20:20,4367.5,4368.7,4367.5,4368.0,26.0
GO1!,21/09/2026,20:21,4368.4,4369.6,4367.5,4369.6,8.0
GO1!,21/09/2026,20:22,4369.8,4369.9,4368.0,4368.0,3.0
GO1!,21/09/2026,20:23,4370.1,4371.2,4370.0,4370.0,27.0
GO1!,21/09/2026,20:24,4370.0,4372.1,4370.0,4371.3,61.0
GO1!,21/09/2026,20:25,4371.4,4372.4,4371.4,4372.3,18.0
GO1!,21/09/2026,20:26,4372.4,4375.2,4370.0,4370.0,224.0
GO1!,21/09/2026,20:27,4370.4,4371.2,4369.6,4371.2,28.0
GO1!,21/09/2026,20:28,4370.6,4370.7,4369.8,4369.8,5.0
GO1!,21/09/2026,20:29,4370.0,4370.3,4370.0,4370.2,4.0
GO1!,21/09/2026,20:30,4369.9,4370.2,4364.9,4366.2,71.0
GO1!,21/09/2026,20:31,4366.1,4368.7,4365.3,4367.2,14.0
GO1!,21/09/2026,20:32,4366.7,4366.7,4361.3,4362.0,45.0
GO1!,21/09/2026,20:33,4361.6,4361.8,4358.7,4359.5,53.0
GO1!,21/09/2026,20:34,4359.2,4360.2,4358.8,4360.2,23.0
GO1!,21/09/2026,20:35,4360.3,4361.3,4359.1,4361.3,5.0
GO1!,21/09/2026,20:36,4359.5,4362.5,4358.7,4361.7,25.0
GO1!,21/09/2026,20:37,4360.7,4363.0,4360.7,4362.2,17.0
GO1!,21/09/2026,20:38,4360.9,4361.6,4359.6,4359.7,11.0
GO1!,21/09/2026,20:39,4358.5,4359.9,4358.2,4359.8,7.0
GO1!,21/09/2026,20:40,4360.8,4361.5,4359.3,4361.5,5.0
GO1!,21/09/2026,20:41,4361.9,4361.9,4357.0,4358.1,37.0
GO1!,21/09/2026,20:42,4358.2,4358.2,4356.9,4356.9,10.0
GO1!,21/09/2026,20:43,4356.1,4357.2,4356.1,4357.2,9.0
GO1!,21/09/2026,20:44,4358.0,4359.8,4358.0,4359.7,32.0
GO1!,21/09/2026,20:45,4356.1,4358.5,4356.1,4357.5,21.0
GO1!,21/09/2026,20:46,4357.5,4361.1,4357.5,4360.7,14.0
GO1!,21/09/2026,20:47,4360.0,4360.0,4359.0,4359.0,5.0
GO1!,21/09/2026,20:48,4358.2,4358.2,4355.7,4355.7,12.0
GO1!,21/09/2026,20:49,4359.9,4362.0,4359.9,4361.7,19.0
GO1!,21/09/2026,20:50,4362.3,4362.3,4358.8,4359.6,10.0
GO1!,21/09/2026,20:51,4358.2,4358.2,4358.2,4358.2,1.0
GO1!,21/09/2026,20:52,4358.9,4360.0,4357.1,4357.1,5.0
GO1!,21/09/2026,20:53,4356.7,4356.9,4356.0,4356.9,9.0
GO1!,21/09/2026,20:54,4355.6,4355.6,4354.3,4354.3,59.0
GO1!,21/09/2026,20:55,4354.2,4354.5,4353.0,4353.8,416.0
GO1!,21/09/2026,20:56,4354.0,4354.4,4352.6,4354.1,287.0
GO1!,21/09/2026,20:57,4354.7,4356.0,4354.2,4355.5,61.0
GO1!,21/09/2026,20:58,4354.7,4354.8,4353.3,4354.1,16.0
GO1!,21/09/2026,20:59,4353.5,4353.5,4351.6,4351.6,130.0
GO1!,21/09/2026,21:00,4352.0,4352.3,4349.3,4349.3,124.0
GO1!,21/09/2026,21:01,4349.3,4350.8,4348.9,4350.0,39.0
GO1!,21/09/2026,21:02,4349.8,4349.8,4342.7,4345.4,334.0
GO1!,21/09/2026,21:03,4346.2,4346.2,4332.5,4332.5,302.0
GO1!,21/09/2026,21:04,4332.4,4338.6,4332.4,4333.0,169.0
GO1!,21/09/2026,21:05,4333.5,4335.4,4328.8,4330.3,135.0
GO1!,21/09/2026,21:06,4330.0,4333.6,4327.9,4333.6,342.0
GO1!,21/09/2026,21:07,4333.7,4339.0,4332.4,4338.0,96.0
GO1!,21/09/2026,21:08,4337.7,4338.4,4336.6,4338.4,27.0
GO1!,21/09/2026,21:09,4338.7,4342.6,4338.5,4342.3,55.0
GO1!,21/09/2026,21:10,4342.3,4344.4,4340.0,4341.6,111.0
GO1!,21/09/2026,21:11,4341.0,4344.4,4340.9,4343.7,43.0
GO1!,21/09/2026,21:12,4343.1,4345.0,4343.0,4344.2,19.0
GO1!,21/09/2026,21:13,4344.0,4346.0,4344.0,4345.3,28.0
GO1!,21/09/2026,21:14,4344.8,4346.0,4344.0,4345.3,31.0
GO1!,21/09/2026,21:15,4345.3,4346.4,4343.0,4343.2,96.0
GO1!,21/09/2026,21:16,4343.2,4344.4,4343.2,4343.9,29.0
GO1!,21/09/2026,21:17,4343.2,4343.8,4342.0,4342.3,55.0
GO1!,21/09/2026,21:18,4342.5,4343.0,4341.7,4342.3,18.0
GO1!,21/09/2026,21:19,4342.4,4343.6,4342.4,4343.0,7.0
GO1!,21/09/2026,21:20,4343.4,4344.0,4339.4,4340.3,49.0
GO1!,21/09/2026,21:21,4340.0,4343.5,4339.7,4342.5,49.0
GO1!,21/09/2026,21:22,4344.0,4344.0,4343.0,4343.4,24.0
GO1!,21/09/2026,21:23,4343.2,4343.2,4342.0,4342.2,15.0
GO1!,21/09/2026,21:24,4343.7,4343.7,4341.5,4342.9,40.0
GO1!,21/09/2026,21:25,4343.2,4345.3,4342.1,4345.3,18.0
GO1!,21/09/2026,21:26,4344.9,4346.0,4343.3,4343.4,10.0
GO1!,21/09/2026,21:27,4346.7,4347.0,4346.7,4347.0,8.0
GO1!,21/09/2026,21:28,4346.0,4347.0,4345.2,4345.5,28.0
GO1!,21/09/2026,21:29,4346.4,4348.3,4346.4,4347.4,51.0
GO1!,21/09/2026,21:30,4346.8,4349.0,4346.0,4346.4,52.0
GO1!,21/09/2026,21:31,4347.0,4348.0,4345.5,4345.5,13.0
GO1!,21/09/2026,21:32,4345.0,4345.0,4344.2,4344.3,25.0
GO1!,21/09/2026,21:33,4347.2,4348.4,4347.2,4348.4,6.0
GO1!,21/09/2026,21:34,4347.2,4347.2,4342.0,4342.0,16.0
GO1!,21/09/2026,21:35,4342.6,4345.6,4342.6,4345.6,12.0
GO1!,21/09/2026,21:36,4345.4,4345.4,4345.2,4345.2,2.0
GO1!,21/09/2026,21:37,4342.2,4343.5,4341.3,4342.0,15.0
GO1!,21/09/2026,21:38,4342.0,4343.2,4341.7,4341.7,9.0
GO1!,21/09/2026,21:39,4341.4,4342.3,4340.8,4340.8,12.0
GO1!,21/09/2026,21:40,4341.9,4342.8,4341.5,4342.8,9.0
GO1!,21/09/2026,21:41,4342.4,4346.5,4342.4,4342.5,68.0
GO1!,21/09/2026,21:42,4343.5,4343.5,4342.4,4343.2,3.0
GO1!,21/09/2026,21:43,4343.7,4343.7,4340.7,4340.7,7.0
GO1!,21/09/2026,21:44,4340.2,4340.8,4337.9,4338.2,85.0
GO1!,21/09/2026,21:45,4338.3,4342.2,4337.5,4341.4,41.0
GO1!,21/09/2026,21:46,4341.1,4342.0,4340.6,4342.0,9.0
GO1!,21/09/2026,21:47,4342.1,4345.0,4342.1,4345.0,14.0
GO1!,21/09/2026,21:48,4346.6,4346.8,4343.2,4343.2,11.0
GO1!,21/09/2026,21:49,4342.4,4342.4,4341.6,4342.0,15.0
GO1!,21/09/2026,21:50,4343.3,4343.3,4343.1,4343.1,2.0
GO1!,21/09/2026,21:51,4343.2,4346.5,4343.2,4346.0,20.0
GO1!,21/09/2026,21:52,4346.0,4346.5,4345.0,4346.5,6.0
GO1!,21/09/2026,21:53,4346.2,4348.1,4346.2,4346.2,10.0
GO1!,21/09/2026,21:54,4347.6,4347.7,4347.1,4347.7,7.0
GO1!,21/09/2026,21:55,4347.4,4347.4,4344.1,4345.4,33.0
GO1!,21/09/2026,21:56,4344.7,4345.0,4344.0,4344.4,10.0
GO1!,21/09/2026,21:57,4343.9,4343.9,4343.3,4343.3,3.0
GO1!,21/09/2026,21:58,4344.7,4344.7,4344.7,4344.7,1.0
GO1!,21/09/2026,21:59,4344.4,4344.4,4344.4,4344.4,1.0
GO1!,21/09/2026,22:00,4344.8,4347.1,4344.7,4346.5,22.0
GO1!,21/09/2026,22:01,4346.8,4348.2,4346.3,4348.1,12.0
GO1!,21/09/2026,22:02,4347.3,4349.7,4347.3,4349.6,53.0
GO1!,21/09/2026,22:03,4349.8,4350.8,4349.8,4350.1,82.0
GO1!,21/09/2026,22:04,4349.8,4351.0,4349.4,4351.0,34.0
GO1!,21/09/2026,22:05,4351.0,4352.3,4350.9,4352.2,19.0
GO1!,21/09/2026,22:06,4351.7,4353.8,4351.5,4351.8,53.0
GO1!,21/09/2026,22:07,4351.8,4353.0,4351.8,4353.0,46.0
GO1!,21/09/2026,22:08,4353.0,4353.2,4352.9,4353.0,19.0
GO1!,21/09/2026,22:09,4353.6,4355.1,4353.6,4355.0,8.0
GO1!,21/09/2026,22:10,4355.2,4355.7,4354.0,4354.0,20.0
GO1!,21/09/2026,22:11,4354.5,4355.6,4353.0,4353.3,42.0
GO1!,21/09/2026,22:12,4353.4,4354.6,4353.0,4354.5,28.0
GO1!,21/09/2026,22:13,4354.8,4355.5,4353.9,4355.0,20.0
GO1!,21/09/2026,22:14,4354.5,4355.3,4354.5,4354.7,4.0
GO1!,21/09/2026,22:15,4355.3,4355.3,4354.3,4354.3,2.0
GO1!,21/09/2026,22:16,4355.2,4356.3,4354.8,4355.8,15.0
GO1!,21/09/2026,22:17,4355.1,4356.8,4355.0,4356.8,8.0
GO1!,21/09/2026,22:18,4356.2,4356.9,4355.0,4355.0,5.0
GO1!,21/09/2026,22:19,4356.4,4356.5,4355.8,4355.8,3.0
GO1!,21/09/2026,22:20,4355.6,4356.0,4355.0,4355.0,9.0
GO1!,21/09/2026,22:21,4354.5,4356.2,4354.3,4356.2,29.0
GO1!,21/09/2026,22:22,4355.2,4355.7,4355.2,4355.7,3.0
GO1!,21/09/2026,22:23,4355.6,4355.6,4355.6,4355.6,2.0
GO1!,21/09/2026,22:24,4355.7,4357.1,4355.5,4356.7,11.0
GO1!,21/09/2026,22:25,4357.5,4359.8,4357.2,4357.2,37.0
GO1!,21/09/2026,22:26,4357.5,4357.5,4356.3,4356.3,5.0
GO1!,21/09/2026,22:27,4356.3,4356.9,4355.9,4355.9,16.0
GO1!,21/09/2026,22:28,4355.7,4357.1,4355.6,4357.1,7.0
GO1!,21/09/2026,22:29,4356.6,4357.2,4356.6,4356.8,23.0
GO1!,21/09/2026,22:30,4357.1,4357.1,4356.9,4356.9,4.0
GO1!,21/09/2026,22:31,4356.1,4356.7,4356.0,4356.7,5.0
GO1!,21/09/2026,22:32,4357.0,4358.3,4357.0,4357.1,8.0
GO1!,21/09/2026,22:33,4357.8,4360.0,4357.8,4359.7,8.0
GO1!,21/09/2026,22:34,4359.6,4360.0,4359.6,4360.0,6.0
GO1!,21/09/2026,22:35,4359.7,4360.3,4359.0,4359.0,13.0
GO1!,21/09/2026,22:36,4358.6,4361.4,4358.6,4360.0,77.0
GO1!,21/09/2026,22:37,4359.5,4359.5,4357.9,4358.3,15.0
GO1!,21/09/2026,22:38,4357.1,4357.1,4356.5,4356.5,10.0
GO1!,21/09/2026,22:39,4355.5,4356.0,4355.4,4355.9,24.0
GO1!,21/09/2026,22:40,4355.1,4355.1,4353.7,4354.2,16.0
GO1!,21/09/2026,22:41,4354.0,4355.4,4354.0,4355.4,7.0
GO1!,21/09/2026,22:42,4354.0,4355.0,4353.7,4355.0,10.0
GO1!,21/09/2026,22:43,4355.0,4355.0,4354.1,4354.1,9.0
GO1!,21/09/2026,22:44,4354.0,4355.5,4354.0,4355.0,8.0
GO1!,21/09/2026,22:45,4355.8,4356.3,4354.3,4354.3,24.0
GO1!,21/09/2026,22:46,4355.0,4356.3,4355.0,4355.9,10.0
GO1!,21/09/2026,22:47,4355.7,4355.9,4355.3,4355.9,3.0
GO1!,21/09/2026,22:48,4356.0,4356.0,4354.0,4354.2,6.0
GO1!,21/09/2026,22:49,4353.8,4353.8,4353.0,4353.0,9.0
GO1!,21/09/2026,22:50,4354.3,4359.4,4353.1,4356.1,190.0
GO1!,21/09/2026,22:51,4355.9,4356.1,4354.7,4354.7,31.0
GO1!,21/09/2026,22:52,4353.7,4353.7,4353.1,4353.4,15.0
GO1!,21/09/2026,22:53,4352.9,4352.9,4352.2,4352.3,5.0
GO1!,21/09/2026,22:54,4353.0,4354.6,4353.0,4353.3,17.0
GO1!,21/09/2026,22:55,4353.5,4353.8,4353.2,4353.8,5.0
GO1!,21/09/2026,22:56,4355.0,4355.6,4355.0,4355.6,8.0
GO1!,21/09/2026,22:58,4353.0,4353.7,4353.0,4353.7,4.0
GO1!,21/09/2026,22:59,4353.5,4353.5,4353.5,4353.5,7.0
GO1!,21/09/2026,23:00,4352.0,4352.0,4350.6,4351.3,30.0
GO1!,21/09/2026,23:01,4351.3,4352.1,4351.0,4351.6,21.0
GO1!,21/09/2026,23:02,4351.9,4352.7,4351.7,4352.7,25.0
GO1!,21/09/2026,23:03,4354.3,4354.6,4354.3,4354.6,2.0
GO1!,21/09/2026,23:04,4355.9,4355.9,4355.9,4355.9,2.0
GO1!,21/09/2026,23:05,4355.0,4356.0,4355.0,4355.6,5.0
GO1!,21/09/2026,23:06,4355.8,4355.8,4355.0,4355.1,4.0
GO1!,21/09/2026,23:07,4354.8,4361.1,4354.8,4358.0,124.0
GO1!,21/09/2026,23:08,4357.1,4357.1,4357.1,4357.1,1.0
GO1!,21/09/2026,23:09,4357.3,4359.9,4356.5,4359.8,18.0
GO1!,21/09/2026,23:10,4359.9,4361.1,4358.6,4361.1,12.0
GO1!,21/09/2026,23:11,4360.4,4360.8,4360.4,4360.8,23.0
GO1!,21/09/2026,23:12,4360.0,4360.0,4359.0,4359.0,4.0
GO1!,21/09/2026,23:13,4359.6,4360.1,4359.6,4360.0,9.0
GO1!,21/09/2026,23:14,4357.1,4357.1,4356.1,4356.2,24.0
GO1!,21/09/2026,23:15,4357.9,4358.4,4357.9,4357.9,5.0
GO1!,21/09/2026,23:16,4358.7,4358.7,4358.7,4358.7,1.0
GO1!,21/09/2026,23:17,4359.6,4359.7,4358.0,4358.0,24.0
GO1!,21/09/2026,23:18,4359.3,4360.5,4359.2,4359.9,7.0
GO1!,21/09/2026,23:19,4361.0,4362.8,4360.5,4362.0,24.0
GO1!,21/09/2026,23:20,4362.0,4362.4,4361.5,4361.5,5.0
GO1!,21/09/2026,23:21,4360.5,4360.5,4359.3,4360.1,16.0
GO1!,21/09/2026,23:22,4358.7,4358.7,4358.7,4358.7,1.0
GO1!,21/09/2026,23:23,4357.6,4357.6,4357.0,4357.0,9.0
GO1!,21/09/2026,23:24,4356.1,4356.1,4356.0,4356.0,4.0
GO1!,21/09/2026,23:25,4354.9,4354.9,4354.9,4354.9,1.0
GO1!,21/09/2026,23:26,4354.3,4355.1,4354.2,4354.8,23.0
GO1!,21/09/2026,23:27,4355.1,4356.5,4355.1,4356.5,7.0
GO1!,21/09/2026,23:28,4355.3,4355.5,4355.3,4355.5,5.0
GO1!,21/09/2026,23:29,4355.3,4355.3,4355.0,4355.0,2.0
GO1!,21/09/2026,23:30,4355.9,4355.9,4355.0,4355.0,13.0
GO1!,21/09/2026,23:32,4356.0,4356.0,4356.0,4356.0,2.0
GO1!,21/09/2026,23:33,4357.8,4358.0,4357.8,4358.0,2.0
GO1!,21/09/2026,23:34,4357.3,4357.3,4357.0,4357.2,5.0
GO1!,21/09/2026,23:35,4357.0,4357.0,4355.3,4355.3,5.0
GO1!,21/09/2026,23:36,4354.4,4354.8,4354.4,4354.8,2.0
GO1!,21/09/2026,23:39,4355.4,4355.4,4355.4,4355.4,2.0
GO1!,21/09/2026,23:41,4354.0,4354.0,4353.7,4353.7,7.0
GO1!,21/09/2026,23:42,4354.2,4354.2,4353.0,4353.0,17.0
GO1!,21/09/2026,23:43,4353.0,4353.0,4351.8,4351.8,9.0
GO1!,21/09/2026,23:44,4351.0,4351.0,4347.9,4349.4,73.0
GO1!,21/09/2026,23:45,4349.2,4349.5,4348.5,4349.0,11.0
GO1!,21/09/2026,23:46,4349.2,4349.8,4348.7,4349.8,12.0
GO1!,21/09/2026,23:47,4349.8,4350.4,4349.5,4350.4,16.0
GO1!,21/09/2026,23:48,4351.0,4351.3,4350.0,4350.0,20.0
GO1!,21/09/2026,23:49,4350.5,4350.5,4350.1,4350.1,4.0
GO1!,21/09/2026,23:50,4351.0,4351.6,4351.0,4351.1,17.0
GO1!,21/09/2026,23:51,4351.3,4351.3,4350.2,4350.3,8.0
GO1!,21/09/2026,23:52,4350.0,4350.0,4348.6,4348.6,2.0
GO1!,21/09/2026,23:53,4349.7,4349.7,4348.8,4349.4,4.0
GO1!,21/09/2026,23:54,4349.1,4349.4,4348.8,4349.4,5.0
GO1!,21/09/2026,23:55,4349.3,4349.4,4349.3,4349.4,2.0
GO1!,21/09/2026,23:58,4349.5,4349.5,4348.8,4349.1,10.0
GO1!,21/09/2026,23:59,4348.7,4348.7,4348.2,4348.4,10.0
GO1!,22/09/2026,00:00,4348.2,4348.4,4346.8,4348.4,34.0
GO1!,22/09/2026,00:01,4348.4,4348.5,4348.0,4348.0,7.0
GO1!,22/09/2026,00:02,4349.0,4349.7,4348.3,4349.7,10.0
GO1!,22/09/2026,00:03,4349.0,4349.1,4348.6,4348.6,7.0
GO1!,22/09/2026,00:04,4349.0,4349.0,4349.0,4349.0,1.0
GO1!,22/09/2026,00:05,4349.3,4349.3,4349.3,4349.3,1.0
GO1!,22/09/2026,00:06,4349.3,4350.0,4349.3,4350.0,2.0
GO1!,22/09/2026,00:08,4349.9,4350.9,4349.9,4350.9,5.0
GO1!,22/09/2026,00:09,4350.9,4350.9,4350.9,4350.9,4.0
GO1!,22/09/2026,00:10,4350.5,4350.5,4350.5,4350.5,10.0
GO1!,22/09/2026,00:11,4350.8,4350.8,4350.8,4350.8,1.0
GO1!,22/09/2026,00:12,4352.1,4352.1,4352.1,4352.1,1.0
GO1!,22/09/2026,00:13,4352.0,4352.0,4351.9,4351.9,21.0
GO1!,22/09/2026,00:14,4351.5,4351.5,4351.5,4351.5,1.0
GO1!,22/09/2026,00:15,4351.0,4351.0,4349.8,4349.9,5.0
GO1!,22/09/2026,00:17,4350.1,4350.1,4349.2,4349.2,2.0
GO1!,22/09/2026,00:18,4349.7,4349.7,4349.7,4349.7,2.0
GO1!,22/09/2026,00:19,4349.2,4349.2,4347.7,4347.7,5.0
GO1!,22/09/2026,00:20,4348.0,4348.3,4347.1,4347.7,13.0
GO1!,22/09/2026,00:21,4347.8,4349.1,4347.8,4347.9,12.0
GO1!,22/09/2026,00:22,4347.9,4348.6,4347.9,4348.2,11.0
GO1!,22/09/2026,00:23,4348.6,4348.6,4348.6,4348.6,1.0
GO1!,22/09/2026,00:24,4348.4,4348.4,4348.4,4348.4,1.0
GO1!,22/09/2026,00:25,4348.3,4348.3,4348.3,4348.3,1.0
GO1!,22/09/2026,00:27,4349.1,4349.1,4349.1,4349.1,1.0
GO1!,22/09/2026,00:28,4349.2,4349.2,4349.2,4349.2,1.0
GO1!,22/09/2026,00:29,4349.4,4352.0,4349.4,4351.3,11.0
GO1!,22/09/2026,00:30,4352.0,4352.0,4352.0,4352.0,1.0
GO1!,22/09/2026,00:31,4347.8,4347.8,4346.5,4347.4,34.0
GO1!,22/09/2026,00:32,4347.3,4347.3,4345.9,4345.9,9.0
GO1!,22/09/2026,00:33,4345.5,4345.5,4344.8,4344.8,24.0
GO1!,22/09/2026,00:34,4344.0,4345.3,4343.8,4343.9,13.0
GO1!,22/09/2026,00:35,4344.5,4344.9,4344.2,4344.7,5.0
GO1!,22/09/2026,00:36,4345.4,4345.5,4345.2,4345.5,4.0
GO1!,22/09/2026,00:37,4345.2,4345.2,4343.7,4343.7,10.0
GO1!,22/09/2026,00:38,4343.9,4343.9,4343.9,4343.9,13.0
GO1!,22/09/2026,00:39,4344.4,4345.3,4344.4,4344.4,5.0
GO1!,22/09/2026,00:40,4344.4,4345.9,4344.2,4345.9,7.0
GO1!,22/09/2026,00:41,4346.4,4346.4,4346.4,4346.4,1.0
GO1!,22/09/2026,00:42,4347.0,4347.5,4346.8,4347.5,4.0
GO1!,22/09/2026,00:43,4346.6,4346.6,4345.9,4345.9,9.0
GO1!,22/09/2026,00:44,4346.0,4346.0,4346.0,4346.0,1.0
GO1!,22/09/2026,00:45,4345.5,4345.9,4345.0,4345.9,10.0
GO1!,22/09/2026,00:48,4348.4,4348.7,4348.4,4348.7,2.0
GO1!,22/09/2026,00:49,4349.0,4349.0,4348.8,4348.8,3.0
GO1!,22/09/2026,00:50,4349.0,4349.0,4349.0,4349.0,1.0
GO1!,22/09/2026,00:51,4348.9,4349.9,4348.9,4349.1,11.0
GO1!,22/09/2026,00:52,4349.5,4349.5,4349.5,4349.5,1.0
GO1!,22/09/2026,00:53,4350.9,4351.0,4350.9,4351.0,2.0
GO1!,22/09/2026,00:54,4350.3,4350.3,4350.0,4350.0,11.0
GO1!,22/09/2026,00:55,4350.0,4351.0,4349.2,4351.0,12.0
GO1!,22/09/2026,00:56,4352.3,4352.3,4349.8,4349.8,6.0
GO1!,22/09/2026,00:57,4349.4,4350.7,4349.4,4350.7,5.0
GO1!,22/09/2026,00:58,4350.6,4350.6,4350.6,4350.6,4.0
GO1!,22/09/2026,01:00,4350.4,4350.4,4350.4,4350.4,1.0
GO1!,22/09/2026,01:01,4350.3,4350.3,4350.3,4350.3,1.0
GO1!,22/09/2026,01:02,4349.7,4350.9,4349.7,4350.9,3.0
GO1!,22/09/2026,01:03,4351.4,4351.5,4351.4,4351.5,2.0
GO1!,22/09/2026,01:04,4350.7,4351.8,4350.7,4351.7,9.0
GO1!,22/09/2026,01:05,4351.6,4351.6,4351.6,4351.6,1.0
GO1!,22/09/2026,01:06,4352.1,4353.8,4352.1,4353.8,19.0
GO1!,22/09/2026,01:07,4353.8,4355.0,4353.8,4355.0,9.0
GO1!,22/09/2026,01:08,4355.5,4355.8,4355.5,4355.8,5.0
GO1!,22/09/2026,01:09,4356.0,4356.0,4356.0,4356.0,1.0
GO1!,22/09/2026,01:10,4354.2,4354.4,4354.2,4354.4,2.0
GO1!,22/09/2026,01:11,4354.5,4355.3,4354.5,4355.3,6.0
GO1!,22/09/2026,01:12,4355.0,4355.0,4355.0,4355.0,1.0
GO1!,22/09/2026,01:13,4356.0,4356.0,4355.7,4355.7,2.0
GO1!,22/09/2026,01:14,4355.0,4355.0,4355.0,4355.0,3.0
GO1!,22/09/2026,01:15,4355.9,4355.9,4355.9,4355.9,1.0
GO1!,22/09/2026,01:16,4356.8,4356.8,4356.8,4356.8,1.0
GO1!,22/09/2026,01:17,4357.1,4357.7,4356.8,4357.0,16.0
GO1!,22/09/2026,01:18,4357.5,4357.5,4357.4,4357.4,2.0
GO1!,22/09/2026,01:19,4357.4,4357.4,4356.9,4356.9,4.0
GO1!,22/09/2026,01:20,4356.5,4356.9,4356.1,4356.8,28.0
GO1!,22/09/2026,01:21,4356.5,4356.8,4356.0,4356.7,8.0
GO1!,22/09/2026,01:22,4356.3,4356.3,4356.3,4356.3,1.0
GO1!,22/09/2026,01:24,4356.2,4356.2,4356.2,4356.2,2.0
GO1!,22/09/2026,01:26,4355.7,4355.7,4354.7,4354.7,5.0
GO1!,22/09/2026,01:27,4354.4,4354.4,4354.4,4354.4,1.0
GO1!,22/09/2026,01:28,4355.1,4356.4,4355.1,4356.4,11.0
GO1!,22/09/2026,01:30,4355.4,4355.4,4355.4,4355.4,1.0
GO1!,22/09/2026,01:32,4356.7,4356.7,4356.3,4356.3,2.0
GO1!,22/09/2026,01:33,4355.8,4355.9,4355.8,4355.9,3.0
GO1!,22/09/2026,01:34,4355.5,4355.5,4355.5,4355.5,1.0
GO1!,22/09/2026,01:35,4354.9,4354.9,4353.5,4353.5,7.0
GO1!,22/09/2026,01:36,4353.9,4354.0,4353.1,4353.1,4.0
GO1!,22/09/2026,01:37,4353.3,4353.3,4353.3,4353.3,2.0
GO1!,22/09/2026,01:40,4353.0,4353.0,4353.0,4353.0,5.0
GO1!,22/09/2026,01:41,4352.9,4353.0,4352.9,4353.0,3.0
GO1!,22/09/2026,01:42,4352.0,4352.0,4352.0,4352.0,1.0
GO1!,22/09/2026,01:44,4352.7,4352.7,4352.7,4352.7,1.0
GO1!,22/09/2026,01:45,4352.8,4353.5,4352.8,4353.5,2.0
GO1!,22/09/2026,01:46,4352.6,4352.6,4352.6,4352.6,1.0
GO1!,22/09/2026,01:47,4353.7,4353.7,4353.7,4353.7,1.0
GO1!,22/09/2026,01:50,4354.1,4354.1,4354.1,4354.1,1.0
GO1!,22/09/2026,01:52,4354.5,4354.8,4354.5,4354.8,5.0
GO1!,22/09/2026,01:53,4354.4,4354.4,4354.4,4354.4,1.0
GO1!,22/09/2026,01:54,4354.5,4354.5,4354.2,4354.2,3.0
GO1!,22/09/2026,01:57,4353.9,4353.9,4353.9,4353.9,1.0
GO1!,22/09/2026,01:58,4352.5,4352.5,4352.5,4352.5,1.0
GO1!,22/09/2026,01:59,4352.2,4352.2,4352.2,4352.2,1.0
GO1!,22/09/2026,02:00,4351.7,4351.7,4351.7,4351.7,1.0
GO1!,22/09/2026,02:01,4350.1,4350.1,4350.1,4350.1,3.0
GO1!,22/09/2026,02:03,4349.0,4349.3,4349.0,4349.3,3.0
GO1!,22/09/2026,02:06,4347.5,4347.5,4347.2,4347.2,4.0
GO1!,22/09/2026,02:07,4348.4,4348.7,4348.2,4348.7,5.0
GO1!,22/09/2026,02:08,4349.3,4349.3,4348.8,4348.8,7.0
GO1!,22/09/2026,02:10,4350.7,4350.7,4350.7,4350.7,1.0
GO1!,22/09/2026,02:12,4350.6,4350.6,4350.6,4350.6,1.0
GO1!,22/09/2026,02:13,4350.8,4351.5,4350.8,4351.2,3.0
GO1!,22/09/2026,02:15,4350.1,4350.1,4350.1,4350.1,1.0
GO1!,22/09/2026,02:17,4351.4,4351.5,4350.9,4351.2,7.0
GO1!,22/09/2026,02:20,4351.0,4351.0,4351.0,4351.0,1.0
GO1!,22/09/2026,02:25,4351.5,4351.5,4351.3,4351.3,2.0
GO1!,22/09/2026,02:26,4352.8,4352.8,4352.8,4352.8,1.0
GO1!,22/09/2026,02:30,4354.7,4355.4,4354.7,4355.4,2.0
GO1!,22/09/2026,02:31,4356.0,4356.6,4356.0,4356.6,5.0
GO1!,22/09/2026,02:32,4357.0,4357.1,4356.9,4357.1,4.0
GO1!,22/09/2026,02:34,4357.4,4357.8,4357.4,4357.8,5.0
GO1!,22/09/2026,02:35,4358.0,4358.3,4358.0,4358.3,3.0
GO1!,22/09/2026,02:37,4357.1,4357.1,4357.0,4357.0,5.0
GO1!,22/09/2026,02:40,4356.7,4356.7,4356.6,4356.6,2.0
GO1!,22/09/2026,02:41,4356.4,4356.4,4355.2,4355.2,9.0
GO1!,22/09/2026,02:42,4354.5,4354.5,4354.5,4354.5,1.0
GO1!,22/09/2026,02:43,4354.2,4354.2,4354.0,4354.0,6.0
GO1!,22/09/2026,02:44,4354.0,4354.7,4354.0,4354.7,14.0
GO1!,22/09/2026,02:45,4354.3,4354.3,4353.0,4353.0,14.0
GO1!,22/09/2026,02:47,4353.5,4353.5,4353.4,4353.4,4.0
GO1!,22/09/2026,02:48,4353.2,4353.2,4353.2,4353.2,1.0
GO1!,22/09/2026,02:50,4352.7,4352.7,4352.0,4352.0,22.0
GO1!,22/09/2026,02:51,4351.2,4351.5,4351.2,4351.5,11.0
GO1!,22/09/2026,02:52,4351.7,4351.7,4351.6,4351.6,2.0
GO1!,22/09/2026,02:53,4351.9,4351.9,4351.6,4351.6,3.0
GO1!,22/09/2026,02:54,4351.9,4351.9,4351.9,4351.9,1.0
GO1!,22/09/2026,02:55,4352.3,4352.3,4351.5,4351.5,2.0
GO1!,22/09/2026,02:56,4351.1,4351.1,4351.1,4351.1,1.0
GO1!,22/09/2026,02:57,4351.5,4351.5,4351.1,4351.1,6.0
GO1!,22/09/2026,02:58,4352.0,4352.0,4351.8,4351.8,2.0
GO1!,22/09/2026,02:59,4351.0,4351.4,4351.0,4351.0,10.0
GO1!,22/09/2026,09:45,4351.8,4352.0,4350.9,4351.3,36.0
GO1!,22/09/2026,09:46,4351.6,4352.3,4348.1,4349.6,74.0
GO1!,22/09/2026,09:47,4349.5,4350.4,4348.0,4348.9,14.0
GO1!,22/09/2026,09:48,4348.4,4350.7,4348.4,4350.7,25.0
GO1!,22/09/2026,09:49,4350.5,4351.3,4350.5,4351.3,6.0
GO1!,22/09/2026,09:50,4351.1,4351.1,4350.7,4351.0,5.0
GO1!,22/09/2026,09:51,4351.5,4351.7,4349.6,4349.8,19.0
GO1!,22/09/2026,09:52,4349.1,4349.1,4348.3,4349.0,27.0
GO1!,22/09/2026,09:53,4349.0,4349.0,4347.6,4348.5,7.0
GO1!,22/09/2026,09:54,4347.7,4347.7,4346.8,4347.1,5.0
GO1!,22/09/2026,09:55,4346.1,4347.5,4346.0,4347.5,7.0
GO1!,22/09/2026,09:56,4347.7,4349.8,4347.7,4349.1,13.0
GO1!,22/09/2026,09:57,4348.5,4348.5,4348.5,4348.5,1.0
GO1!,22/09/2026,09:58,4348.9,4349.4,4348.6,4348.9,44.0
GO1!,22/09/2026,09:59,4349.1,4350.0,4348.9,4350.0,32.0
GO1!,22/09/2026,10:00,4350.2,4350.2,4349.1,4349.1,6.0
GO1!,22/09/2026,10:01,4348.4,4349.4,4348.1,4349.4,8.0
GO1!,22/09/2026,10:02,4349.7,4350.6,4349.7,4350.6,4.0
GO1!,22/09/2026,10:03,4349.7,4349.9,4347.4,4347.5,29.0
GO1!,22/09/2026,10:04,4348.2,4348.2,4348.0,4348.0,13.0
GO1!,22/09/2026,10:05,4347.2,4347.2,4347.2,4347.2,1.0
GO1!,22/09/2026,10:06,4348.1,4348.7,4347.6,4347.6,3.0
GO1!,22/09/2026,10:07,4347.7,4347.7,4346.7,4346.8,31.0
GO1!,22/09/2026,10:08,4347.2,4347.2,4346.6,4346.6,7.0
GO1!,22/09/2026,10:09,4346.5,4346.5,4345.2,4345.7,39.0
GO1!,22/09/2026,10:10,4345.7,4346.8,4345.0,4346.8,25.0
GO1!,22/09/2026,10:11,4346.9,4347.4,4346.9,4347.4,3.0
GO1!,22/09/2026,10:12,4347.9,4347.9,4347.6,4347.6,3.0
GO1!,22/09/2026,10:14,4349.9,4350.7,4349.6,4350.6,16.0
GO1!,22/09/2026,10:15,4350.6,4351.7,4350.6,4351.0,10.0
GO1!,22/09/2026,10:16,4351.4,4351.4,4351.0,4351.1,3.0
GO1!,22/09/2026,10:17,4350.5,4350.5,4350.4,4350.4,4.0
GO1!,22/09/2026,10:18,4350.5,4350.7,4350.4,4350.7,5.0
GO1!,22/09/2026,10:19,4350.0,4350.0,4349.3,4349.3,43.0
GO1!,22/09/2026,10:20,4350.0,4350.3,4349.2,4350.0,30.0
GO1!,22/09/2026,10:21,4350.8,4350.8,4350.0,4350.5,7.0
GO1!,22/09/2026,10:22,4350.0,4350.1,4348.0,4349.8,49.0
GO1!,22/09/2026,10:23,4349.0,4349.0,4346.9,4346.9,14.0
GO1!,22/09/2026,10:25,4349.1,4349.1,4348.6,4348.6,3.0
GO1!,22/09/2026,10:26,4349.1,4349.2,4349.1,4349.2,2.0
GO1!,22/09/2026,10:27,4350.0,4350.0,4349.3,4349.3,4.0
GO1!,22/09/2026,10:28,4349.6,4351.0,4349.3,4351.0,17.0
GO1!,22/09/2026,10:29,4350.7,4351.3,4350.7,4351.3,3.0
GO1!,22/09/2026,10:30,4350.7,4350.7,4350.7,4350.7,2.0
GO1!,22/09/2026,10:32,4350.6,4352.3,4350.5,4352.0,18.0
GO1!,22/09/2026,10:33,4352.3,4352.5,4351.8,4352.0,40.0
GO1!,22/09/2026,10:34,4351.9,4351.9,4351.9,4351.9,1.0
GO1!,22/09/2026,10:35,4352.0,4352.6,4352.0,4352.2,27.0
GO1!,22/09/2026,10:36,4352.4,4352.4,4352.0,4352.0,5.0
GO1!,22/09/2026,10:37,4352.0,4352.0,4352.0,4352.0,1.0
GO1!,22/09/2026,10:38,4351.6,4351.6,4351.2,4351.2,3.0
GO1!,22/09/2026,10:39,4351.6,4354.4,4351.6,4353.0,84.0
GO1!,22/09/2026,10:40,4353.2,4353.2,4351.7,4351.7,6.0
GO1!,22/09/2026,10:41,4350.7,4351.0,4350.4,4351.0,13.0
GO1!,22/09/2026,10:43,4350.6,4350.6,4346.6,4346.8,50.0
GO1!,22/09/2026,10:44,4347.2,4348.0,4347.2,4348.0,31.0
GO1!,22/09/2026,10:45,4348.7,4349.3,4347.6,4347.6,4.0
GO1!,22/09/2026,10:46,4348.3,4348.3,4347.7,4347.7,2.0
GO1!,22/09/2026,10:47,4347.0,4347.1,4346.7,4347.0,9.0
GO1!,22/09/2026,10:48,4347.0,4347.0,4347.0,4347.0,10.0
GO1!,22/09/2026,10:49,4348.3,4348.6,4348.3,4348.6,2.0
GO1!,22/09/2026,10:50,4348.2,4348.5,4348.0,4348.0,16.0
GO1!,22/09/2026,10:51,4347.5,4347.5,4347.5,4347.5,1.0
GO1!,22/09/2026,10:52,4348.7,4348.7,4348.0,4348.0,5.0
GO1!,22/09/2026,10:53,4347.3,4347.8,4346.8,4346.8,13.0
GO1!,22/09/2026,10:54,4346.7,4346.7,4345.6,4346.0,19.0
GO1!,22/09/2026,10:55,4346.1,4346.7,4346.1,4346.6,3.0
GO1!,22/09/2026,10:56,4346.2,4347.0,4346.0,4347.0,5.0
GO1!,22/09/2026,10:57,4347.3,4347.6,4347.3,4347.5,4.0
GO1!,22/09/2026,10:58,4346.8,4347.1,4346.8,4347.1,6.0
GO1!,22/09/2026,10:59,4347.0,4347.0,4345.9,4346.4,17.0
GO1!,22/09/2026,11:00,4346.3,4346.3,4345.9,4345.9,6.0
GO1!,22/09/2026,11:01,4345.8,4345.8,4342.7,4343.1,32.0
GO1!,22/09/2026,11:02,4342.9,4343.7,4341.1,4341.6,63.0
GO1!,22/09/2026,11:03,4341.1,4342.3,4340.5,4340.5,54.0
GO1!,22/09/2026,11:04,4340.4,4342.6,4340.4,4342.3,34.0
GO1!,22/09/2026,11:05,4342.5,4342.5,4341.6,4341.6,18.0
GO1!,22/09/2026,11:06,4341.8,4342.6,4341.7,4342.2,10.0
GO1!,22/09/2026,11:07,4342.8,4342.8,4342.1,4342.8,7.0
GO1!,22/09/2026,11:08,4342.6,4343.2,4342.2,4342.8,10.0
GO1!,22/09/2026,11:09,4343.3,4343.5,4342.0,4342.0,27.0
GO1!,22/09/2026,11:10,4341.8,4342.9,4341.3,4342.5,30.0
GO1!,22/09/2026,11:11,4343.4,4344.3,4343.4,4344.3,2.0
GO1!,22/09/2026,11:12,4344.0,4344.0,4343.9,4343.9,3.0
GO1!,22/09/2026,11:13,4343.8,4343.8,4343.1,4343.5,25.0
GO1!,22/09/2026,11:14,4343.3,4344.8,4341.5,4343.9,43.0
GO1!,22/09/2026,11:15,4344.0,4344.0,4343.1,4343.6,13.0
GO1!,22/09/2026,11:16,4343.4,4344.4,4342.7,4342.7,42.0
GO1!,22/09/2026,11:17,4342.6,4342.6,4342.5,4342.6,4.0
GO1!,22/09/2026,11:18,4341.8,4342.0,4341.4,4341.7,15.0
GO1!,22/09/2026,11:19,4342.0,4342.0,4341.9,4341.9,6.0
GO1!,22/09/2026,11:20,4342.1,4342.4,4341.9,4341.9,14.0
GO1!,22/09/2026,11:21,4342.7,4342.8,4342.7,4342.8,3.0
GO1!,22/09/2026,11:22,4342.9,4344.5,4342.9,4344.0,12.0
GO1!,22/09/2026,11:23,4343.0,4343.1,4343.0,4343.1,5.0
GO1!,22/09/2026,11:24,4343.0,4344.6,4342.5,4344.5,41.0
GO1!,22/09/2026,11:25,4343.6,4343.7,4341.8,4341.8,11.0
GO1!,22/09/2026,11:27,4342.5,4342.7,4342.5,4342.7,4.0
GO1!,22/09/2026,11:28,4341.8,4341.9,4341.6,4341.7,8.0
GO1!,22/09/2026,11:29,4342.1,4342.5,4341.8,4342.5,7.0
GO1!,22/09/2026,11:31,4342.3,4342.3,4342.3,4342.3,1.0
GO1!,22/09/2026,11:33,4342.2,4342.2,4342.0,4342.1,3.0
GO1!,22/09/2026,11:34,4342.3,4342.3,4342.3,4342.3,1.0
GO1!,22/09/2026,11:35,4342.4,4343.9,4342.4,4343.9,4.0
GO1!,22/09/2026,11:36,4343.9,4345.0,4343.8,4345.0,21.0
GO1!,22/09/2026,11:37,4345.2,4345.3,4344.7,4345.1,11.0
GO1!,22/09/2026,11:38,4345.3,4346.1,4345.0,4346.0,6.0
GO1!,22/09/2026,11:39,4345.9,4345.9,4345.8,4345.8,12.0
GO1!,22/09/2026,11:40,4345.5,4345.5,4345.5,4345.5,2.0
GO1!,22/09/2026,11:41,4345.1,4345.1,4344.3,4344.8,65.0
GO1!,22/09/2026,11:42,4345.8,4346.0,4345.8,4346.0,10.0
GO1!,22/09/2026,11:43,4345.0,4345.4,4345.0,4345.4,10.0
GO1!,22/09/2026,11:45,4345.8,4345.8,4345.8,4345.8,1.0
GO1!,22/09/2026,11:47,4345.7,4345.7,4345.3,4345.3,3.0
GO1!,22/09/2026,11:49,4344.9,4345.1,4344.9,4345.1,5.0
GO1!,22/09/2026,11:50,4344.8,4345.1,4344.8,4345.1,12.0
GO1!,22/09/2026,11:51,4346.0,4346.0,4346.0,4346.0,5.0
GO1!,22/09/2026,11:52,4346.5,4347.0,4346.5,4347.0,3.0
GO1!,22/09/2026,11:53,4347.4,4347.5,4347.4,4347.5,13.0
GO1!,22/09/2026,11:54,4347.1,4348.0,4347.1,4348.0,10.0
GO1!,22/09/2026,11:55,4347.9,4348.2,4345.9,4346.2,17.0
GO1!,22/09/2026,11:56,4346.7,4347.4,4346.7,4347.4,6.0
GO1!,22/09/2026,11:57,4347.5,4347.5,4347.5,4347.5,1.0
GO1!,22/09/2026,11:58,4348.0,4349.1,4347.8,4347.8,28.0
GO1!,22/09/2026,11:59,4348.4,4348.6,4347.5,4348.0,21.0
GO1!,22/09/2026,12:00,4347.0,4347.0,4346.0,4346.3,10.0
GO1!,22/09/2026,12:01,4347.6,4348.2,4347.3,4347.3,8.0
GO1!,22/09/2026,12:02,4348.0,4348.1,4347.6,4348.1,3.0
GO1!,22/09/2026,12:03,4348.2,4349.0,4348.2,4348.9,16.0
GO1!,22/09/2026,12:04,4348.1,4348.1,4348.0,4348.1,5.0
GO1!,22/09/2026,12:05,4348.8,4349.2,4346.1,4346.1,42.0
GO1!,22/09/2026,12:06,4346.4,4347.5,4346.4,4347.4,9.0
GO1!,22/09/2026,12:07,4347.4,4350.9,4347.4,4350.6,26.0
GO1!,22/09/2026,12:08,4350.9,4351.0,4350.9,4351.0,2.0
GO1!,22/09/2026,12:09,4351.4,4351.5,4351.4,4351.5,3.0
GO1!,22/09/2026,12:10,4350.8,4350.8,4350.3,4350.3,4.0
GO1!,22/09/2026,12:11,4350.9,4352.0,4350.9,4351.8,7.0
GO1!,22/09/2026,12:12,4351.6,4351.6,4351.2,4351.2,2.0
GO1!,22/09/2026,12:13,4352.1,4352.1,4350.8,4351.1,5.0
GO1!,22/09/2026,12:14,4351.8,4352.0,4351.8,4352.0,2.0
GO1!,22/09/2026,12:15,4351.4,4351.7,4351.4,4351.7,4.0
GO1!,22/09/2026,12:16,4351.1,4351.1,4351.1,4351.1,1.0
GO1!,22/09/2026,12:17,4350.7,4350.9,4350.0,4350.0,21.0
GO1!,22/09/2026,12:18,4349.8,4349.8,4349.1,4349.1,4.0
GO1!,22/09/2026,12:19,4348.0,4348.0,4344.2,4344.2,20.0
GO1!,22/09/2026,12:20,4344.2,4344.6,4343.4,4343.9,31.0
GO1!,22/09/2026,12:21,4342.0,4342.8,4339.7,4342.0,53.0
GO1!,22/09/2026,12:22,4341.0,4341.4,4339.9,4341.4,10.0
GO1!,22/09/2026,12:23,4340.2,4340.3,4336.0,4337.9,65.0
GO1!,22/09/2026,12:24,4338.0,4338.0,4335.0,4335.6,34.0
GO1!,22/09/2026,12:25,4335.2,4335.7,4334.6,4334.7,49.0
GO1!,22/09/2026,12:26,4334.9,4334.9,4328.2,4333.8,130.0
GO1!,22/09/2026,12:27,4334.4,4336.4,4334.2,4336.4,18.0
GO1!,22/09/2026,12:28,4335.8,4338.2,4335.4,4338.0,26.0
GO1!,22/09/2026,12:29,4337.4,4338.1,4336.7,4336.7,15.0
GO1!,22/09/2026,12:30,4336.3,4338.0,4330.5,4330.6,75.0
GO1!,22/09/2026,12:31,4330.0,4331.7,4329.0,4330.7,40.0
GO1!,22/09/2026,12:32,4332.0,4334.0,4331.7,4332.5,13.0
GO1!,22/09/2026,12:33,4332.8,4335.5,4332.8,4335.5,31.0
GO1!,22/09/2026,12:34,4336.7,4336.7,4331.8,4332.5,48.0
GO1!,22/09/2026,12:35,4331.1,4331.1,4323.3,4324.3,123.0
GO1!,22/09/2026,12:36,4324.1,4327.1,4321.8,4326.2,70.0
GO1!,22/09/2026,12:37,4326.1,4328.1,4325.3,4325.8,25.0
GO1!,22/09/2026,12:38,4325.5,4325.5,4323.0,4324.2,41.0
GO1!,22/09/2026,12:39,4324.7,4328.0,4324.7,4328.0,15.0
GO1!,22/09/2026,12:40,4328.1,4328.2,4327.2,4327.3,10.0
GO1!,22/09/2026,12:41,4327.8,4329.5,4327.6,4329.3,14.0
GO1!,22/09/2026,12:42,4330.7,4331.0,4329.3,4330.9,12.0
GO1!,22/09/2026,12:43,4332.2,4332.2,4329.1,4329.1,10.0
GO1!,22/09/2026,12:44,4329.1,4329.1,4325.4,4325.4,16.0
GO1!,22/09/2026,12:45,4325.3,4329.5,4325.2,4327.0,26.0
GO1!,22/09/2026,12:46,4327.1,4330.4,4327.1,4330.4,28.0
GO1!,22/09/2026,12:47,4331.9,4333.1,4331.9,4332.4,12.0
GO1!,22/09/2026,12:48,4332.4,4334.9,4332.4,4334.1,16.0
GO1!,22/09/2026,12:49,4335.0,4336.5,4334.2,4334.2,38.0
GO1!,22/09/2026,12:50,4334.4,4335.6,4333.5,4335.0,29.0
GO1!,22/09/2026,12:51,4334.9,4337.2,4334.7,4337.2,28.0
GO1!,22/09/2026,12:52,4337.3,4337.5,4336.8,4337.5,16.0
GO1!,22/09/2026,12:53,4336.3,4336.3,4334.8,4334.8,23.0
GO1!,22/09/2026,12:54,4334.0,4334.0,4332.7,4333.3,12.0
GO1!,22/09/2026,12:55,4332.6,4334.0,4332.6,4332.9,8.0
GO1!,22/09/2026,12:56,4332.2,4332.2,4330.0,4330.9,22.0
GO1!,22/09/2026,12:57,4331.1,4331.1,4330.2,4331.0,20.0
GO1!,22/09/2026,12:58,4330.5,4330.5,4330.0,4330.0,2.0
GO1!,22/09/2026,12:59,4330.7,4330.7,4328.4,4329.0,19.0
GO1!,22/09/2026,13:00,4328.7,4329.8,4327.7,4328.0,23.0
GO1!,22/09/2026,13:01,4328.7,4328.7,4325.1,4325.1,15.0
GO1!,22/09/2026,13:02,4325.1,4327.4,4324.6,4327.4,102.0
GO1!,22/09/2026,13:03,4327.8,4327.8,4326.1,4326.1,21.0
GO1!,22/09/2026,13:04,4326.3,4326.8,4323.5,4323.5,69.0
GO1!,22/09/2026,13:05,4323.1,4324.0,4322.2,4323.6,114.0
GO1!,22/09/2026,13:06,4324.0,4324.6,4323.9,4323.9,29.0
GO1!,22/09/2026,13:07,4324.0,4324.0,4321.0,4321.0,46.0
GO1!,22/09/2026,13:08,4320.8,4322.8,4320.5,4322.4,32.0
GO1!,22/09/2026,13:09,4322.1,4323.4,4321.5,4323.4,15.0
GO1!,22/09/2026,13:10,4323.7,4325.1,4322.9,4324.1,56.0
GO1!,22/09/2026,13:11,4324.0,4324.0,4321.2,4321.2,26.0
GO1!,22/09/2026,13:12,4322.1,4322.1,4320.6,4321.6,26.0
GO1!,22/09/2026,13:13,4322.8,4323.8,4322.8,4323.7,9.0
GO1!,22/09/2026,13:14,4324.9,4325.0,4324.9,4325.0,3.0
GO1!,22/09/2026,13:15,4324.8,4325.8,4324.8,4325.4,8.0
GO1!,22/09/2026,13:16,4325.5,4325.8,4324.5,4325.0,6.0
GO1!,22/09/2026,13:17,4325.0,4325.0,4324.3,4324.3,14.0
GO1!,22/09/2026,13:18,4325.0,4325.0,4325.0,4325.0,3.0
GO1!,22/09/2026,13:19,4324.1,4324.4,4323.0,4323.0,7.0
GO1!,22/09/2026,13:20,4322.6,4322.6,4322.2,4322.2,4.0
GO1!,22/09/2026,13:21,4322.0,4323.1,4321.3,4321.8,6.0
GO1!,22/09/2026,13:22,4321.8,4323.3,4321.8,4323.3,8.0
GO1!,22/09/2026,13:23,4323.2,4325.0,4323.2,4325.0,4.0
GO1!,22/09/2026,13:24,4325.0,4325.0,4324.0,4324.1,11.0
GO1!,22/09/2026,13:25,4323.7,4325.4,4323.6,4325.4,5.0
GO1!,22/09/2026,13:26,4325.8,4325.8,4324.9,4324.9,14.0
GO1!,22/09/2026,13:27,4324.0,4324.7,4324.0,4324.0,7.0
GO1!,22/09/2026,13:28,4324.7,4324.8,4323.0,4323.1,18.0
GO1!,22/09/2026,13:29,4322.6,4323.7,4322.3,4323.0,14.0
GO1!,22/09/2026,13:30,4323.2,4325.0,4322.8,4324.7,11.0
GO1!,22/09/2026,13:31,4325.3,4325.3,4324.3,4324.5,14.0
GO1!,22/09/2026,13:33,4324.9,4324.9,4324.0,4324.0,3.0
GO1!,22/09/2026,13:34,4323.7,4323.7,4323.7,4323.7,1.0
GO1!,22/09/2026,13:35,4322.8,4324.6,4322.8,4324.6,10.0
GO1!,22/09/2026,13:37,4324.6,4324.6,4322.9,4324.3,9.0
GO1!,22/09/2026,13:38,4324.8,4324.8,4324.8,4324.8,1.0
GO1!,22/09/2026,13:39,4325.1,4325.1,4321.0,4321.0,36.0
GO1!,22/09/2026,13:40,4324.1,4324.9,4323.6,4324.2,15.0
GO1!,22/09/2026,13:41,4324.8,4325.2,4323.7,4324.7,25.0
GO1!,22/09/2026,13:42,4325.4,4325.4,4324.7,4324.8,37.0
GO1!,22/09/2026,13:43,4324.5,4324.5,4324.3,4324.3,2.0
GO1!,22/09/2026,13:44,4324.0,4325.5,4323.8,4325.5,8.0
GO1!,22/09/2026,13:45,4325.7,4325.8,4324.9,4325.3,22.0
GO1!,22/09/2026,13:46,4326.0,4326.4,4325.0,4325.0,24.0
GO1!,22/09/2026,13:47,4325.0,4325.1,4323.2,4324.1,11.0
GO1!,22/09/2026,13:48,4325.0,4325.9,4325.0,4325.9,2.0
GO1!,22/09/2026,13:49,4326.0,4326.6,4325.8,4326.1,14.0
GO1!,22/09/2026,13:50,4326.0,4326.0,4325.5,4325.8,7.0
GO1!,22/09/2026,13:51,4326.1,4326.1,4326.1,4326.1,1.0
GO1!,22/09/2026,13:52,4325.7,4325.7,4325.0,4325.0,4.0
GO1!,22/09/2026,13:53,4324.9,4324.9,4324.7,4324.7,3.0
GO1!,22/09/2026,13:54,4324.1,4324.1,4322.9,4323.0,28.0
GO1!,22/09/2026,13:55,4322.6,4322.6,4321.6,4321.6,18.0
GO1!,22/09/2026,13:56,4321.4,4323.2,4320.6,4323.2,19.0
GO1!,22/09/2026,13:57,4323.9,4323.9,4323.1,4323.1,2.0
GO1!,22/09/2026,13:58,4323.3,4324.3,4323.1,4324.2,13.0
GO1!,22/09/2026,13:59,4323.9,4324.5,4323.9,4324.5,5.0
GO1!,22/09/2026,14:00,4323.0,4325.2,4323.0,4324.1,30.0
GO1!,22/09/2026,14:01,4325.3,4325.6,4325.3,4325.6,2.0
GO1!,22/09/2026,14:02,4325.3,4325.7,4324.9,4324.9,4.0
GO1!,22/09/2026,14:03,4324.3,4324.3,4324.3,4324.3,1.0
GO1!,22/09/2026,14:04,4324.8,4326.0,4324.0,4324.0,62.0
GO1!,22/09/2026,14:05,4324.1,4324.6,4323.6,4323.6,14.0
GO1!,22/09/2026,14:06,4323.0,4323.0,4320.5,4321.7,39.0
GO1!,22/09/2026,14:08,4323.0,4323.3,4323.0,4323.3,3.0
GO1!,22/09/2026,14:09,4325.3,4325.4,4324.6,4325.4,7.0
GO1!,22/09/2026,14:10,4325.4,4326.0,4325.4,4326.0,20.0
GO1!,22/09/2026,14:11,4325.6,4326.4,4325.6,4326.3,30.0
GO1!,22/09/2026,14:12,4326.4,4327.4,4326.3,4327.4,25.0
GO1!,22/09/2026,14:13,4327.2,4327.2,4324.4,4324.4,11.0
GO1!,22/09/2026,14:14,4324.6,4325.0,4323.8,4325.0,13.0
GO1!,22/09/2026,14:15,4325.5,4326.6,4325.3,4326.6,11.0
GO1!,22/09/2026,14:16,4326.8,4327.5,4326.8,4327.5,4.0
GO1!,22/09/2026,14:17,4327.4,4327.6,4327.4,4327.5,5.0
GO1!,22/09/2026,14:18,4327.5,4328.7,4327.5,4328.5,21.0
GO1!,22/09/2026,14:19,4328.8,4329.7,4328.0,4328.2,37.0
GO1!,22/09/2026,14:20,4327.1,4327.8,4327.1,4327.8,4.0
GO1!,22/09/2026,14:21,4328.0,4328.7,4327.6,4327.9,13.0
GO1!,22/09/2026,14:22,4327.3,4327.6,4327.1,4327.6,7.0
GO1!,22/09/2026,14:23,4327.6,4327.9,4326.6,4327.0,19.0
GO1!,22/09/2026,14:24,4326.8,4328.0,4326.5,4327.2,17.0
GO1!,22/09/2026,14:25,4327.4,4327.4,4326.8,4326.8,7.0
GO1!,22/09/2026,14:26,4326.9,4326.9,4325.2,4325.8,20.0
GO1!,22/09/2026,14:27,4326.0,4326.0,4325.5,4325.5,4.0
GO1!,22/09/2026,14:28,4325.4,4325.7,4323.6,4323.6,10.0
GO1!,22/09/2026,14:29,4323.6,4323.6,4320.7,4320.9,54.0
GO1!,22/09/2026,14:30,4320.5,4320.6,4317.3,4317.4,68.0
GO1!,22/09/2026,14:31,4318.0,4318.7,4315.4,4318.7,31.0
GO1!,22/09/2026,14:32,4318.7,4318.7,4314.7,4315.4,49.0
GO1!,22/09/2026,14:33,4314.8,4316.3,4314.8,4316.3,37.0
GO1!,22/09/2026,14:34,4316.3,4317.0,4314.9,4317.0,40.0
GO1!,22/09/2026,14:35,4316.4,4318.6,4315.3,4317.4,31.0
GO1!,22/09/2026,14:36,4317.7,4319.9,4317.7,4318.7,35.0
GO1!,22/09/2026,14:37,4318.8,4319.0,4317.2,4318.6,40.0
GO1!,22/09/2026,14:38,4318.3,4319.3,4318.0,4318.0,15.0
GO1!,22/09/2026,14:39,4317.8,4318.6,4317.1,4317.1,28.0
GO1!,22/09/2026,14:40,4318.0,4318.4,4316.8,4317.3,39.0
GO1!,22/09/2026,14:41,4318.0,4318.3,4316.5,4316.6,6.0
GO1!,22/09/2026,14:42,4316.1,4316.5,4315.7,4316.1,36.0
GO1!,22/09/2026,14:43,4315.4,4315.4,4313.8,4314.5,16.0
GO1!,22/09/2026,14:44,4314.0,4315.3,4313.7,4315.3,28.0
GO1!,22/09/2026,14:45,4316.0,4316.8,4315.0,4316.7,27.0
GO1!,22/09/2026,14:46,4316.5,4320.5,4316.5,4320.1,31.0
GO1!,22/09/2026,14:47,4320.0,4320.2,4319.1,4319.3,30.0
GO1!,22/09/2026,14:48,4318.5,4318.5,4317.6,4317.6,16.0
GO1!,22/09/2026,14:49,4317.2,4317.2,4314.5,4314.5,9.0
GO1!,22/09/2026,14:50,4314.3,4314.6,4312.2,4312.4,29.0
GO1!,22/09/2026,14:51,4312.3,4312.3,4307.4,4307.5,98.0
GO1!,22/09/2026,14:52,4308.3,4309.5,4307.6,4309.2,79.0
GO1!,22/09/2026,14:53,4308.7,4308.9,4306.9,4307.1,45.0
GO1!,22/09/2026,14:54,4306.5,4308.1,4306.5,4307.3,36.0
GO1!,22/09/2026,14:55,4307.6,4307.9,4307.0,4307.3,19.0
GO1!,22/09/2026,14:56,4307.1,4308.7,4305.8,4306.0,116.0
GO1!,22/09/2026,14:57,4305.8,4306.0,4304.7,4305.4,62.0
GO1!,22/09/2026,14:58,4305.0,4306.5,4305.0,4306.5,30.0
GO1!,22/09/2026,14:59,4305.9,4308.5,4305.9,4306.4,42.0
GO1!,22/09/2026,15:00,4306.5,4306.5,4304.7,4306.1,78.0
GO1!,22/09/2026,15:01,4305.9,4308.4,4304.5,4307.8,57.0
GO1!,22/09/2026,15:02,4308.2,4309.0,4308.0,4308.5,12.0
GO1!,22/09/2026,15:03,4308.5,4308.5,4307.1,4307.7,56.0
GO1!,22/09/2026,15:04,4307.6,4310.0,4306.8,4309.9,26.0
GO1!,22/09/2026,15:05,4310.0,4310.6,4309.6,4310.6,4.0
GO1!,22/09/2026,15:06,4311.8,4312.0,4311.0,4311.0,11.0
GO1!,22/09/2026,15:07,4310.9,4313.0,4310.0,4313.0,48.0
GO1!,22/09/2026,15:08,4313.2,4316.1,4313.2,4314.6,31.0
GO1!,22/09/2026,15:09,4314.5,4315.7,4314.1,4315.7,21.0
GO1!,22/09/2026,15:10,4316.0,4316.1,4314.4,4314.4,11.0
GO1!,22/09/2026,15:11,4315.0,4315.0,4314.0,4314.0,21.0
GO1!,22/09/2026,15:12,4314.5,4315.6,4314.0,4314.0,14.0
GO1!,22/09/2026,15:13,4314.1,4314.3,4312.5,4312.5,37.0
GO1!,22/09/2026,15:14,4312.1,4312.6,4310.1,4310.2,15.0
GO1!,22/09/2026,15:15,4308.6,4309.4,4307.2,4307.9,20.0
GO1!,22/09/2026,15:16,4307.6,4307.6,4306.6,4306.6,12.0
GO1!,22/09/2026,15:17,4307.5,4307.6,4307.0,4307.1,5.0
GO1!,22/09/2026,15:18,4308.0,4308.8,4307.9,4308.0,13.0
GO1!,22/09/2026,15:19,4308.5,4309.5,4308.2,4309.0,8.0
GO1!,22/09/2026,15:20,4309.4,4309.5,4308.6,4308.8,13.0
GO1!,22/09/2026,15:21,4309.4,4310.2,4309.4,4310.2,8.0
GO1!,22/09/2026,15:22,4310.1,4310.2,4309.0,4309.3,19.0
GO1!,22/09/2026,15:23,4307.7,4308.0,4306.5,4307.6,16.0
GO1!,22/09/2026,15:24,4308.0,4310.2,4307.7,4307.9,72.0
GO1!,22/09/2026,15:25,4307.6,4311.3,4305.9,4305.9,103.0
GO1!,22/09/2026,15:26,4306.3,4307.3,4306.3,4307.1,11.0
GO1!,22/09/2026,15:27,4307.7,4307.7,4307.5,4307.5,3.0
GO1!,22/09/2026,15:28,4307.9,4307.9,4305.0,4305.0,34.0
GO1!,22/09/2026,15:29,4304.6,4306.2,4303.5,4306.2,73.0
GO1!,22/09/2026,15:30,4305.8,4306.0,4304.0,4304.0,20.0
GO1!,22/09/2026,15:31,4303.2,4303.2,4299.1,4300.2,148.0
GO1!,22/09/2026,15:32,4300.6,4304.6,4298.6,4302.0,77.0
GO1!,22/09/2026,15:33,4301.1,4301.1,4296.8,4298.2,96.0
GO1!,22/09/2026,15:34,4298.1,4302.0,4298.1,4302.0,29.0
GO1!,22/09/2026,15:35,4302.1,4305.1,4301.7,4304.9,39.0
GO1!,22/09/2026,15:36,4305.0,4309.6,4305.0,4309.3,42.0
GO1!,22/09/2026,15:37,4309.8,4311.0,4309.4,4309.8,46.0
GO1!,22/09/2026,15:38,4310.8,4313.1,4310.6,4310.6,33.0
GO1!,22/09/2026,15:39,4311.2,4316.0,4311.2,4315.3,112.0
GO1!,22/09/2026,15:40,4315.0,4316.4,4313.9,4316.0,42.0
GO1!,22/09/2026,15:41,4316.0,4323.7,4315.7,4323.0,121.0
GO1!,22/09/2026,15:42,4323.2,4326.0,4322.1,4325.8,71.0
GO1!,22/09/2026,15:43,4325.7,4326.1,4324.0,4325.0,36.0
GO1!,22/09/2026,15:44,4324.7,4325.5,4323.0,4325.0,53.0
GO1!,22/09/2026,15:45,4324.2,4324.3,4321.0,4321.3,21.0
GO1!,22/09/2026,15:46,4321.5,4322.4,4320.6,4321.5,56.0
GO1!,22/09/2026,15:47,4321.4,4324.8,4321.0,4324.1,66.0
GO1!,22/09/2026,15:48,4323.7,4326.7,4323.7,4326.1,62.0
GO1!,22/09/2026,15:49,4325.2,4329.2,4325.2,4329.2,38.0
GO1!,22/09/2026,15:50,4330.0,4332.5,4329.2,4332.0,66.0
GO1!,22/09/2026,15:51,4332.9,4336.8,4332.5,4335.8,93.0
GO1!,22/09/2026,15:52,4336.0,4338.0,4336.0,4337.5,54.0
GO1!,22/09/2026,15:53,4338.1,4338.2,4336.0,4336.4,91.0
GO1!,22/09/2026,15:54,4336.8,4338.1,4335.4,4335.5,70.0
GO1!,22/09/2026,15:55,4335.9,4337.5,4335.7,4336.7,90.0
GO1!,22/09/2026,15:56,4335.7,4340.0,4335.2,4338.5,71.0
GO1!,22/09/2026,15:57,4338.2,4338.7,4337.7,4338.0,18.0
GO1!,22/09/2026,15:58,4336.8,4336.8,4331.6,4332.1,90.0
GO1!,22/09/2026,15:59,4333.5,4335.5,4333.5,4335.3,30.0
GO1!,22/09/2026,16:00,4334.1,4335.2,4332.1,4332.5,31.0
GO1!,22/09/2026,16:01,4332.3,4333.2,4330.0,4330.2,86.0
GO1!,22/09/2026,16:02,4330.1,4333.0,4328.8,4328.8,112.0
GO1!,22/09/2026,16:03,4328.5,4329.0,4327.5,4327.7,37.0
GO1!,22/09/2026,16:04,4327.0,4327.0,4323.8,4323.8,54.0
GO1!,22/09/2026,16:05,4323.6,4324.4,4323.5,4323.5,23.0
GO1!,22/09/2026,16:06,4324.2,4327.9,4323.4,4327.9,31.0
GO1!,22/09/2026,16:07,4326.9,4326.9,4325.1,4326.5,25.0
GO1!,22/09/2026,16:08,4326.7,4327.3,4325.0,4325.0,36.0
GO1!,22/09/2026,16:09,4324.0,4327.3,4324.0,4325.1,71.0
GO1!,22/09/2026,16:10,4324.1,4324.1,4323.0,4324.1,50.0
GO1!,22/09/2026,16:11,4325.0,4327.0,4323.7,4326.3,56.0
GO1!,22/09/2026,16:12,4324.3,4324.3,4322.0,4322.0,18.0
GO1!,22/09/2026,16:13,4322.5,4324.0,4322.5,4323.0,18.0
GO1!,22/09/2026,16:14,4323.0,4323.3,4321.9,4323.1,32.0
GO1!,22/09/2026,16:15,4323.3,4327.5,4323.1,4326.9,63.0
GO1!,22/09/2026,16:16,4326.5,4326.5,4324.5,4325.9,24.0
GO1!,22/09/2026,16:17,4325.2,4326.2,4325.1,4326.2,31.0
GO1!,22/09/2026,16:18,4325.6,4326.0,4322.8,4323.2,46.0
GO1!,22/09/2026,16:19,4322.4,4323.1,4322.3,4322.4,42.0
GO1!,22/09/2026,16:20,4322.1,4322.3,4321.4,4322.2,21.0
GO1!,22/09/2026,16:21,4322.2,4323.6,4322.2,4323.6,17.0
GO1!,22/09/2026,16:22,4323.4,4323.4,4322.7,4323.3,15.0
GO1!,22/09/2026,16:23,4323.3,4323.3,4322.0,4322.2,43.0
GO1!,22/09/2026,16:24,4322.6,4323.7,4322.5,4323.3,27.0
GO1!,22/09/2026,16:25,4322.6,4322.6,4321.0,4321.2,22.0
GO1!,22/09/2026,16:26,4320.8,4321.1,4320.3,4321.1,19.0
GO1!,22/09/2026,16:27,4321.6,4321.6,4321.0,4321.1,4.0
GO1!,22/09/2026,16:28,4321.2,4321.2,4320.0,4320.0,15.0
GO1!,22/09/2026,16:29,4320.4,4321.9,4319.8,4319.9,21.0
GO1!,22/09/2026,16:30,4320.6,4320.6,4318.3,4319.5,34.0
GO1!,22/09/2026,16:31,4319.3,4320.5,4319.2,4320.5,31.0
GO1!,22/09/2026,16:32,4321.4,4321.4,4319.9,4320.7,44.0
GO1!,22/09/2026,16:33,4320.0,4322.1,4318.4,4319.5,98.0
GO1!,22/09/2026,16:34,4319.8,4320.8,4319.0,4319.5,13.0
GO1!,22/09/2026,16:35,4319.2,4319.2,4318.3,4319.0,5.0
GO1!,22/09/2026,16:36,4318.0,4319.6,4317.2,4319.6,25.0
GO1!,22/09/2026,16:37,4320.0,4321.0,4320.0,4320.0,10.0
GO1!,22/09/2026,16:38,4320.8,4320.8,4320.8,4320.8,1.0
GO1!,22/09/2026,16:40,4321.3,4322.5,4321.3,4321.6,22.0
GO1!,22/09/2026,16:41,4322.1,4323.0,4322.1,4322.7,22.0
GO1!,22/09/2026,16:42,4321.3,4322.4,4321.3,4322.4,5.0
GO1!,22/09/2026,16:43,4322.7,4324.8,4322.7,4324.8,21.0
GO1!,22/09/2026,16:44,4324.9,4324.9,4324.3,4324.3,6.0
GO1!,22/09/2026,16:45,4325.5,4325.5,4324.6,4324.6,10.0
GO1!,22/09/2026,16:46,4324.3,4325.8,4324.3,4325.8,14.0
GO1!,22/09/2026,16:47,4326.0,4328.0,4326.0,4327.5,11.0
GO1!,22/09/2026,16:48,4326.7,4326.7,4325.5,4326.0,7.0
GO1!,22/09/2026,16:49,4325.8,4327.9,4325.8,4327.9,7.0
GO1!,22/09/2026,16:50,4328.0,4328.3,4327.8,4328.3,9.0
GO1!,22/09/2026,16:51,4328.5,4328.9,4327.7,4328.9,27.0
GO1!,22/09/2026,16:52,4329.0,4334.5,4328.6,4334.2,97.0
GO1!,22/09/2026,16:53,4332.3,4338.2,4332.3,4338.2,85.0
GO1!,22/09/2026,16:54,4337.0,4337.1,4333.1,4336.0,55.0
GO1!,22/09/2026,18:50,4326.6,4326.6,4325.0,4326.0,38.0
GO1!,22/09/2026,18:51,4325.8,4325.8,4324.1,4324.4,6.0
GO1!,22/09/2026,18:52,4324.7,4325.9,4324.7,4325.9,11.0
GO1!,22/09/2026,18:53,4326.2,4326.2,4325.0,4325.0,4.0
GO1!,22/09/2026,18:54,4325.4,4325.4,4323.5,4323.8,5.0
GO1!,22/09/2026,18:55,4325.0,4327.6,4325.0,4327.6,20.0
GO1!,22/09/2026,18:56,4327.7,4328.4,4326.0,4328.4,48.0
GO1!,22/09/2026,18:57,4328.3,4329.2,4328.2,4328.6,32.0
GO1!,22/09/2026,18:58,4328.4,4328.4,4327.0,4327.1,15.0
GO1!,22/09/2026,18:59,4327.2,4328.3,4327.2,4328.0,29.0
GO1!,22/09/2026,19:00,4328.6,4329.1,4328.4,4329.0,16.0
GO1!,22/09/2026,19:01,4328.5,4328.5,4328.0,4328.5,13.0
GO1!,22/09/2026,19:02,4329.2,4330.4,4328.5,4329.9,54.0
GO1!,22/09/2026,19:03,4329.9,4331.0,4329.6,4330.4,10.0
GO1!,22/09/2026,19:04,4330.2,4330.8,4330.0,4330.8,12.0
GO1!,22/09/2026,19:05,4331.0,4331.6,4329.8,4329.8,6.0
GO1!,22/09/2026,19:06,4329.0,4329.3,4328.3,4329.2,9.0
GO1!,22/09/2026,19:07,4329.6,4329.6,4328.9,4328.9,3.0
GO1!,22/09/2026,19:08,4329.0,4329.4,4327.8,4327.9,5.0
GO1!,22/09/2026,19:09,4328.1,4329.0,4325.4,4325.9,43.0
GO1!,22/09/2026,19:10,4325.8,4327.9,4325.8,4327.9,5.0
GO1!,22/09/2026,19:11,4328.0,4328.0,4327.2,4327.2,11.0
GO1!,22/09/2026,19:12,4328.0,4328.5,4327.6,4327.6,11.0
GO1!,22/09/2026,19:13,4327.5,4328.5,4327.1,4328.5,4.0
GO1!,22/09/2026,19:14,4328.9,4328.9,4328.9,4328.9,4.0
GO1!,22/09/2026,19:15,4329.1,4329.1,4328.5,4328.5,5.0
GO1!,22/09/2026,19:16,4330.8,4330.8,4330.8,4330.8,1.0
GO1!,22/09/2026,19:17,4328.6,4329.1,4328.0,4328.0,12.0
GO1!,22/09/2026,19:18,4329.5,4329.5,4329.5,4329.5,1.0
GO1!,22/09/2026,19:19,4331.0,4331.6,4331.0,4331.6,14.0
GO1!,22/09/2026,19:20,4332.3,4339.9,4330.0,4339.3,161.0
GO1!,22/09/2026,19:21,4339.3,4340.7,4338.3,4340.7,68.0
GO1!,22/09/2026,19:22,4340.0,4344.8,4340.0,4343.0,122.0
GO1!,22/09/2026,19:23,4342.8,4345.9,4342.3,4345.9,109.0
GO1!,22/09/2026,19:24,4346.0,4347.2,4344.4,4344.4,50.0
GO1!,22/09/2026,19:25,4344.3,4347.4,4342.9,4342.9,66.0
GO1!,22/09/2026,19:26,4341.5,4341.7,4338.0,4338.0,29.0
GO1!,22/09/2026,19:27,4337.2,4339.1,4336.3,4338.3,229.0
GO1!,22/09/2026,19:28,4338.9,4339.5,4338.3,4338.3,44.0
GO1!,22/09/2026,19:29,4339.0,4341.0,4338.5,4341.0,42.0
GO1!,22/09/2026,19:30,4341.3,4345.7,4339.5,4345.6,50.0
GO1!,22/09/2026,19:31,4345.9,4348.3,4345.7,4347.5,100.0
GO1!,22/09/2026,19:32,4348.0,4348.0,4344.0,4344.0,71.0
GO1!,22/09/2026,19:33,4344.0,4346.0,4343.4,4346.0,16.0
GO1!,22/09/2026,19:34,4345.7,4345.8,4344.2,4344.7,9.0
GO1!,22/09/2026,19:35,4345.5,4346.5,4345.1,4346.3,13.0
GO1!,22/09/2026,19:36,4346.9,4347.7,4344.2,4344.5,26.0
GO1!,22/09/2026,19:37,4344.3,4344.4,4342.4,4343.0,16.0
GO1!,22/09/2026,19:38,4344.0,4344.9,4344.0,4344.6,13.0
GO1!,22/09/2026,19:39,4343.6,4344.2,4342.9,4343.5,39.0
GO1!,22/09/2026,19:40,4343.9,4343.9,4341.7,4343.2,51.0
GO1!,22/09/2026,19:41,4343.5,4345.0,4343.2,4344.7,16.0
GO1!,22/09/2026,19:42,4344.9,4344.9,4343.8,4343.8,27.0
GO1!,22/09/2026,19:43,4343.8,4343.8,4341.6,4341.6,34.0
GO1!,22/09/2026,19:44,4341.4,4341.4,4336.9,4336.9,51.0
GO1!,22/09/2026,19:45,4337.0,4338.3,4336.7,4338.0,6.0
GO1!,22/09/2026,19:46,4338.0,4338.0,4336.0,4336.8,30.0
GO1!,22/09/2026,19:47,4338.5,4338.6,4338.0,4338.0,20.0
GO1!,22/09/2026,19:48,4338.7,4340.0,4338.0,4340.0,34.0
GO1!,22/09/2026,19:49,4339.2,4339.6,4337.8,4337.8,5.0
GO1!,22/09/2026,19:50,4339.1,4340.8,4339.1,4340.0,22.0
GO1!,22/09/2026,19:51,4339.1,4339.2,4337.8,4338.0,14.0
GO1!,22/09/2026,19:52,4338.0,4338.2,4336.0,4337.2,10.0
GO1!,22/09/2026,19:53,4337.8,4338.0,4337.3,4338.0,12.0
GO1!,22/09/2026,19:54,4339.0,4340.0,4338.3,4340.0,11.0
GO1!,22/09/2026,19:55,4340.0,4342.0,4340.0,4341.4,48.0
GO1!,22/09/2026,19:56,4340.4,4340.5,4338.8,4339.0,11.0
GO1!,22/09/2026,19:57,4340.6,4341.4,4340.2,4341.0,7.0
GO1!,22/09/2026,19:58,4341.4,4342.0,4340.8,4342.0,36.0
GO1!,22/09/2026,19:59,4340.1,4340.1,4338.7,4339.6,46.0
GO1!,22/09/2026,20:00,4338.5,4339.3,4335.1,4338.4,90.0
GO1!,22/09/2026,20:01,4338.8,4341.0,4337.0,4340.9,36.0
GO1!,22/09/2026,20:02,4341.4,4342.6,4340.4,4342.6,53.0
GO1!,22/09/2026,20:03,4340.0,4340.0,4339.6,4339.6,5.0
GO1!,22/09/2026,20:04,4340.6,4341.4,4340.1,4340.3,24.0
GO1!,22/09/2026,20:05,4342.0,4342.0,4338.5,4338.9,32.0
GO1!,22/09/2026,20:06,4338.4,4340.7,4336.2,4337.7,84.0
GO1!,22/09/2026,20:07,4339.7,4341.5,4339.7,4341.2,17.0
GO1!,22/09/2026,20:08,4341.4,4345.3,4341.4,4344.0,57.0
GO1!,22/09/2026,20:09,4343.9,4346.5,4343.9,4346.5,14.0
GO1!,22/09/2026,20:10,4344.6,4346.8,4343.2,4346.8,26.0
GO1!,22/09/2026,20:11,4346.1,4347.0,4343.8,4344.0,37.0
GO1!,22/09/2026,20:12,4344.6,4346.2,4344.5,4346.2,5.0
GO1!,22/09/2026,20:13,4345.3,4345.3,4344.3,4345.0,3.0
GO1!,22/09/2026,20:14,4344.7,4346.6,4344.7,4344.8,37.0
GO1!,22/09/2026,20:15,4346.4,4346.4,4345.3,4345.3,5.0
GO1!,22/09/2026,20:16,4346.5,4347.4,4345.6,4346.1,24.0
GO1!,22/09/2026,20:17,4344.9,4344.9,4342.5,4343.2,13.0
GO1!,22/09/2026,20:18,4343.1,4344.0,4342.4,4343.4,9.0
GO1!,22/09/2026,20:19,4343.1,4343.9,4342.8,4343.3,9.0
GO1!,22/09/2026,20:20,4344.2,4344.6,4344.1,4344.1,3.0
GO1!,22/09/2026,20:21,4342.8,4342.8,4340.1,4340.3,27.0
GO1!,22/09/2026,20:22,4340.5,4341.1,4338.8,4340.5,33.0
GO1!,22/09/2026,20:23,4339.0,4339.0,4337.0,4337.0,32.0
GO1!,22/09/2026,20:24,4336.9,4338.6,4336.9,4338.1,6.0
GO1!,22/09/2026,20:25,4339.1,4339.1,4339.1,4339.1,3.0
GO1!,22/09/2026,20:26,4338.9,4339.6,4338.0,4339.4,7.0
GO1!,22/09/2026,20:27,4338.6,4338.6,4336.0,4337.4,49.0
GO1!,22/09/2026,20:28,4337.3,4337.3,4335.9,4336.5,15.0
GO1!,22/09/2026,20:29,4336.4,4336.9,4334.8,4336.9,18.0
GO1!,22/09/2026,20:30,4336.1,4338.3,4335.9,4337.3,28.0
GO1!,22/09/2026,20:31,4338.0,4338.0,4336.4,4337.2,24.0
GO1!,22/09/2026,20:32,4337.6,4338.4,4337.3,4337.5,31.0
GO1!,22/09/2026,20:33,4337.3,4339.6,4336.7,4339.6,26.0
GO1!,22/09/2026,20:34,4339.8,4341.3,4339.2,4339.6,35.0
GO1!,22/09/2026,20:35,4339.7,4340.6,4338.9,4340.6,14.0
GO1!,22/09/2026,20:36,4340.0,4342.0,4340.0,4340.1,24.0
GO1!,22/09/2026,20:37,4339.7,4339.7,4335.5,4337.0,12.0
GO1!,22/09/2026,20:38,4337.5,4338.1,4337.5,4337.5,9.0
GO1!,22/09/2026,20:39,4339.3,4340.1,4336.5,4336.5,15.0
GO1!,22/09/2026,20:40,4336.1,4336.1,4333.3,4334.5,74.0
GO1!,22/09/2026,20:41,4334.0,4337.3,4332.8,4333.5,49.0
GO1!,22/09/2026,20:42,4333.1,4340.5,4332.8,4340.5,62.0
GO1!,22/09/2026,20:43,4340.4,4346.9,4340.4,4346.0,115.0
GO1!,22/09/2026,20:44,4345.0,4347.8,4345.0,4345.8,64.0
GO1!,22/09/2026,20:45,4346.3,4348.6,4345.6,4345.8,71.0
GO1!,22/09/2026,20:46,4346.4,4346.4,4341.5,4343.0,55.0
GO1!,22/09/2026,20:47,4342.6,4342.7,4340.6,4342.7,26.0
GO1!,22/09/2026,20:48,4341.1,4343.9,4340.3,4343.6,44.0
GO1!,22/09/2026,20:49,4343.9,4346.2,4343.1,4345.0,33.0
GO1!,22/09/2026,20:50,4344.7,4344.7,4343.0,4344.0,13.0
GO1!,22/09/2026,20:51,4344.1,4344.4,4343.3,4344.4,11.0
GO1!,22/09/2026,20:52,4343.9,4345.2,4343.8,4343.9,21.0
GO1!,22/09/2026,20:53,4342.5,4342.8,4341.5,4342.2,10.0
GO1!,22/09/2026,20:54,4341.2,4341.2,4337.0,4337.0,33.0
GO1!,22/09/2026,20:55,4337.0,4337.4,4335.6,4337.4,21.0
GO1!,22/09/2026,20:56,4337.0,4337.2,4336.3,4337.0,10.0
GO1!,22/09/2026,20:57,4338.0,4342.2,4338.0,4342.2,6.0
GO1!,22/09/2026,20:58,4342.8,4343.0,4341.4,4341.4,41.0
GO1!,22/09/2026,20:59,4339.8,4339.8,4338.0,4338.0,17.0
GO1!,22/09/2026,21:00,4339.6,4339.6,4336.7,4338.4,18.0
GO1!,22/09/2026,21:01,4338.9,4339.0,4338.4,4338.8,9.0
GO1!,22/09/2026,21:02,4337.8,4338.3,4335.5,4335.8,28.0
GO1!,22/09/2026,21:03,4336.7,4339.8,4336.3,4338.5,34.0
GO1!,22/09/2026,21:04,4338.1,4339.0,4334.4,4334.4,61.0
GO1!,22/09/2026,21:05,4334.5,4335.1,4333.0,4334.2,35.0
GO1!,22/09/2026,21:06,4334.0,4335.5,4333.6,4335.5,34.0
GO1!,22/09/2026,21:07,4336.3,4336.3,4335.6,4335.6,7.0
GO1!,22/09/2026,21:08,4335.7,4336.6,4335.4,4335.4,22.0
GO1!,22/09/2026,21:09,4335.0,4335.5,4334.9,4335.5,8.0
GO1!,22/09/2026,21:10,4336.2,4336.2,4336.0,4336.0,4.0
GO1!,22/09/2026,21:11,4336.6,4337.0,4334.1,4337.0,9.0
GO1!,22/09/2026,21:12,4335.0,4335.2,4334.0,4335.2,10.0
GO1!,22/09/2026,21:13,4334.5,4343.0,4334.5,4339.2,175.0
GO1!,22/09/2026,21:14,4339.0,4339.0,4337.5,4338.8,37.0
GO1!,22/09/2026,21:15,4338.6,4338.8,4337.3,4338.7,34.0
GO1!,22/09/2026,21:16,4339.0,4339.0,4336.1,4336.1,10.0
GO1!,22/09/2026,21:17,4335.5,4335.5,4333.8,4334.9,18.0
GO1!,22/09/2026,21:18,4333.0,4333.0,4331.1,4332.3,79.0
GO1!,22/09/2026,21:19,4333.1,4336.3,4332.4,4336.0,44.0
GO1!,22/09/2026,21:20,4334.8,4335.0,4334.8,4335.0,7.0
GO1!,22/09/2026,21:21,4335.8,4336.5,4333.3,4336.5,33.0
GO1!,22/09/2026,21:22,4337.3,4337.3,4335.0,4335.3,8.0
GO1!,22/09/2026,21:23,4335.1,4337.6,4335.1,4336.9,9.0
GO1!,22/09/2026,21:24,4336.9,4337.2,4335.8,4337.2,28.0
GO1!,22/09/2026,21:25,4335.2,4335.2,4335.1,4335.2,3.0
GO1!,22/09/2026,21:26,4336.0,4336.0,4333.3,4334.2,6.0
GO1!,22/09/2026,21:27,4334.2,4334.9,4333.0,4333.2,29.0
GO1!,22/09/2026,21:28,4333.0,4333.0,4330.5,4332.0,33.0
GO1!,22/09/2026,21:29,4332.2,4334.3,4332.2,4333.0,40.0
GO1!,22/09/2026,21:30,4332.4,4334.6,4332.4,4334.6,20.0
GO1!,22/09/2026,21:31,4333.7,4334.0,4333.5,4333.5,5.0
GO1!,22/09/2026,21:32,4334.4,4334.5,4332.3,4332.6,15.0
GO1!,22/09/2026,21:33,4332.0,4332.4,4331.4,4332.1,12.0
GO1!,22/09/2026,21:34,4332.0,4332.0,4329.7,4330.5,49.0
GO1!,22/09/2026,21:35,4330.0,4330.0,4327.1,4327.6,54.0
GO1!,22/09/2026,21:36,4327.0,4330.2,4326.7,4329.8,21.0
GO1!,22/09/2026,21:37,4330.0,4333.5,4329.8,4333.5,30.0
GO1!,22/09/2026,21:38,4333.1,4333.1,4329.0,4329.4,23.0
GO1!,22/09/2026,21:39,4332.0,4337.9,4329.6,4329.6,131.0
GO1!,22/09/2026,21:40,4329.3,4329.3,4326.2,4326.2,29.0
GO1!,22/09/2026,21:41,4327.0,4327.4,4323.2,4324.0,59.0
GO1!,22/09/2026,21:42,4323.8,4323.8,4319.4,4320.0,223.0
GO1!,22/09/2026,21:43,4320.2,4324.9,4319.7,4324.9,118.0
GO1!,22/09/2026,21:44,4323.8,4325.4,4323.0,4325.3,43.0
GO1!,22/09/2026,21:45,4324.2,4326.5,4322.5,4323.1,64.0
GO1!,22/09/2026,21:46,4322.8,4323.5,4322.7,4323.4,16.0
GO1!,22/09/2026,21:47,4325.0,4328.5,4325.0,4327.0,36.0
GO1!,22/09/2026,21:48,4326.0,4326.0,4325.6,4326.0,11.0
GO1!,22/09/2026,21:49,4325.7,4326.7,4325.3,4326.7,25.0
GO1!,22/09/2026,21:50,4326.9,4327.3,4324.9,4324.9,26.0
GO1!,22/09/2026,21:51,4325.7,4326.0,4325.5,4326.0,4.0
GO1!,22/09/2026,21:52,4326.4,4326.5,4325.9,4325.9,4.0
GO1!,22/09/2026,21:53,4325.0,4327.0,4325.0,4327.0,11.0
GO1!,22/09/2026,21:54,4328.0,4330.0,4328.0,4329.4,27.0
GO1!,22/09/2026,21:55,4329.7,4330.6,4329.5,4329.7,29.0
GO1!,22/09/2026,21:56,4329.8,4330.7,4329.7,4329.7,20.0
GO1!,22/09/2026,21:57,4330.0,4331.0,4330.0,4331.0,7.0
GO1!,22/09/2026,21:58,4331.0,4331.5,4330.7,4331.5,13.0
GO1!,22/09/2026,21:59,4331.8,4333.0,4331.3,4332.8,8.0
GO1!,22/09/2026,22:00,4332.0,4332.5,4331.5,4332.5,7.0
GO1!,22/09/2026,22:01,4331.9,4333.1,4331.3,4333.1,15.0
GO1!,22/09/2026,22:02,4333.2,4333.9,4333.1,4333.4,21.0
GO1!,22/09/2026,22:03,4333.5,4335.4,4333.5,4334.4,15.0
GO1!,22/09/2026,22:04,4334.5,4336.9,4334.4,4336.0,39.0
GO1!,22/09/2026,22:05,4334.4,4334.5,4333.9,4334.1,14.0
GO1!,22/09/2026,22:06,4335.0,4339.1,4335.0,4337.7,46.0
GO1!,22/09/2026,22:07,4338.2,4340.8,4338.2,4339.9,44.0
GO1!,22/09/2026,22:08,4340.0,4342.4,4340.0,4342.1,50.0
GO1!,22/09/2026,22:09,4342.0,4343.3,4341.8,4343.2,42.0
GO1!,22/09/2026,22:10,4343.6,4345.5,4343.6,4344.0,112.0
GO1!,22/09/2026,22:11,4342.4,4343.2,4341.2,4341.9,18.0
GO1!,22/09/2026,22:12,4341.7,4342.3,4341.0,4341.1,14.0
GO1!,22/09/2026,22:13,4340.8,4342.0,4340.7,4340.7,19.0
GO1!,22/09/2026,22:14,4340.8,4343.2,4340.8,4341.5,102.0
GO1!,22/09/2026,22:15,4342.1,4345.5,4342.1,4344.8,42.0
GO1!,22/09/2026,22:16,4344.3,4345.4,4343.9,4345.0,20.0
GO1!,22/09/2026,22:17,4345.0,4345.7,4343.9,4343.9,24.0
GO1!,22/09/2026,22:18,4343.2,4345.2,4343.2,4344.0,16.0
GO1!,22/09/2026,22:19,4344.0,4344.0,4342.9,4342.9,12.0
GO1!,22/09/2026,22:20,4342.3,4342.4,4340.2,4340.2,27.0
GO1!,22/09/2026,22:21,4340.6,4341.9,4340.6,4341.9,20.0
GO1!,22/09/2026,22:22,4341.9,4341.9,4341.9,4341.9,1.0
GO1!,22/09/2026,22:23,4340.4,4341.0,4340.4,4341.0,18.0
GO1!,22/09/2026,22:24,4342.9,4342.9,4342.0,4342.0,10.0
GO1!,22/09/2026,22:25,4341.3,4341.3,4340.4,4341.3,7.0
GO1!,22/09/2026,22:26,4340.5,4340.5,4339.0,4339.0,13.0
GO1!,22/09/2026,22:27,4339.0,4339.0,4339.0,4339.0,3.0
GO1!,22/09/2026,22:28,4339.8,4340.0,4339.8,4340.0,2.0
GO1!,22/09/2026,22:29,4339.6,4339.6,4337.3,4337.3,12.0
GO1!,22/09/2026,22:30,4337.3,4337.8,4336.8,4336.8,18.0
GO1!,22/09/2026,22:31,4336.7,4336.7,4335.3,4335.3,4.0
GO1!,22/09/2026,22:32,4334.9,4335.3,4333.0,4333.0,43.0
GO1!,22/09/2026,22:33,4333.0,4334.2,4333.0,4334.0,36.0
GO1!,22/09/2026,22:34,4333.1,4335.9,4333.0,4335.9,14.0
GO1!,22/09/2026,22:35,4335.1,4335.2,4335.0,4335.0,18.0
GO1!,22/09/2026,22:36,4334.6,4335.1,4334.6,4335.0,4.0
GO1!,22/09/2026,22:37,4335.0,4335.0,4334.4,4334.4,12.0
GO1!,22/09/2026,22:38,4333.0,4333.2,4332.5,4333.1,13.0
GO1!,22/09/2026,22:39,4333.1,4334.2,4333.1,4334.2,2.0
GO1!,22/09/2026,22:40,4333.5,4333.5,4333.5,4333.5,1.0
GO1!,22/09/2026,22:41,4333.2,4334.4,4333.2,4334.4,4.0
GO1!,22/09/2026,22:42,4334.8,4335.0,4334.8,4334.8,22.0
GO1!,22/09/2026,22:43,4333.0,4333.5,4332.6,4332.6,20.0
GO1!,22/09/2026,22:44,4333.1,4333.1,4333.1,4333.1,1.0
GO1!,22/09/2026,22:45,4333.0,4333.0,4330.7,4330.7,10.0
GO1!,22/09/2026,22:46,4330.5,4331.3,4330.0,4331.3,15.0
GO1!,22/09/2026,22:47,4331.3,4332.9,4331.3,4332.9,10.0
GO1!,22/09/2026,22:48,4332.4,4333.1,4332.3,4333.1,6.0
GO1!,22/09/2026,22:49,4333.2,4333.2,4331.7,4331.7,5.0
GO1!,22/09/2026,22:50,4331.4,4332.5,4331.0,4332.5,6.0
GO1!,22/09/2026,22:51,4332.8,4332.8,4332.5,4332.7,5.0
GO1!,22/09/2026,22:52,4333.1,4333.2,4333.1,4333.2,2.0
GO1!,22/09/2026,22:53,4333.0,4333.0,4333.0,4333.0,1.0
GO1!,22/09/2026,22:54,4333.9,4335.0,4333.9,4334.5,23.0
GO1!,22/09/2026,22:55,4334.4,4334.6,4333.6,4334.2,12.0
GO1!,22/09/2026,22:56,4334.5,4334.5,4334.4,4334.4,3.0
GO1!,22/09/2026,22:57,4334.8,4337.1,4334.8,4336.6,20.0
GO1!,22/09/2026,22:58,4337.0,4337.3,4336.9,4337.3,20.0
GO1!,22/09/2026,22:59,4336.3,4336.5,4336.3,4336.5,7.0
GO1!,22/09/2026,23:00,4336.6,4337.7,4336.4,4336.4,9.0
GO1!,22/09/2026,23:01,4334.1,4334.1,4333.1,4333.6,8.0
GO1!,22/09/2026,23:02,4333.1,4333.5,4332.5,4332.5,22.0
GO1!,22/09/2026,23:03,4332.3,4332.4,4331.7,4331.7,21.0
GO1!,22/09/2026,23:04,4331.0,4331.0,4330.8,4331.0,11.0
GO1!,22/09/2026,23:05,4331.0,4331.8,4330.0,4331.5,21.0
GO1!,22/09/2026,23:06,4331.5,4332.0,4330.9,4332.0,5.0
GO1!,22/09/2026,23:07,4331.7,4331.7,4331.7,4331.7,1.0
GO1!,22/09/2026,23:08,4331.3,4331.3,4330.9,4331.1,9.0
GO1!,22/09/2026,23:09,4331.5,4331.5,4329.8,4329.9,27.0
GO1!,22/09/2026,23:10,4330.5,4330.8,4330.0,4330.2,12.0
GO1!,22/09/2026,23:11,4329.5,4329.5,4328.8,4328.8,6.0
GO1!,22/09/2026,23:12,4329.6,4330.4,4329.1,4329.1,6.0
GO1!,22/09/2026,23:13,4328.5,4328.5,4328.5,4328.5,1.0
GO1!,22/09/2026,23:14,4329.0,4329.1,4328.6,4328.6,3.0
GO1!,22/09/2026,23:15,4329.2,4329.2,4329.2,4329.2,1.0
GO1!,22/09/2026,23:16,4330.0,4330.2,4329.6,4330.2,10.0
GO1!,22/09/2026,23:17,4329.5,4329.6,4329.0,4329.6,8.0
GO1!,22/09/2026,23:18,4330.1,4330.1,4329.8,4329.8,2.0
GO1!,22/09/2026,23:19,4329.8,4332.3,4329.8,4332.0,22.0
GO1!,22/09/2026,23:20,4331.7,4331.9,4330.0,4331.9,37.0
GO1!,22/09/2026,23:21,4332.0,4332.0,4330.8,4331.6,8.0
GO1!,22/09/2026,23:22,4332.0,4332.0,4332.0,4332.0,1.0
GO1!,22/09/2026,23:23,4331.4,4331.5,4331.0,4331.0,8.0
GO1!,22/09/2026,23:24,4330.1,4330.1,4330.1,4330.1,1.0
GO1!,22/09/2026,23:25,4330.8,4332.8,4330.8,4332.2,7.0
GO1!,22/09/2026,23:26,4331.4,4331.6,4331.4,4331.6,2.0
GO1!,22/09/2026,23:27,4331.9,4332.0,4331.6,4332.0,9.0
GO1!,22/09/2026,23:28,4331.7,4331.7,4331.0,4331.1,13.0
GO1!,22/09/2026,23:29,4331.3,4332.1,4331.3,4332.0,8.0
GO1!,22/09/2026,23:30,4332.3,4333.5,4332.3,4333.5,7.0
GO1!,22/09/2026,23:32,4332.4,4332.9,4332.4,4332.9,2.0
GO1!,22/09/2026,23:33,4332.1,4332.1,4331.5,4331.5,2.0
GO1!,22/09/2026,23:34,4331.9,4333.7,4331.9,4333.7,3.0
GO1!,22/09/2026,23:35,4333.5,4333.7,4333.0,4333.7,9.0
GO1!,22/09/2026,23:36,4333.3,4333.3,4333.2,4333.2,8.0
GO1!,22/09/2026,23:37,4334.0,4334.2,4334.0,4334.2,3.0
GO1!,22/09/2026,23:38,4334.3,4334.3,4334.3,4334.3,1.0
GO1!,22/09/2026,23:39,4333.5,4334.0,4333.5,4334.0,2.0
GO1!,22/09/2026,23:40,4334.1,4334.1,4333.8,4333.8,4.0
GO1!,22/09/2026,23:41,4333.7,4334.8,4333.7,4334.8,6.0
GO1!,22/09/2026,23:42,4335.5,4336.7,4335.5,4336.6,13.0
GO1!,22/09/2026,23:43,4336.0,4336.0,4336.0,4336.0,1.0
GO1!,22/09/2026,23:44,4336.1,4337.8,4336.1,4337.8,9.0
GO1!,22/09/2026,23:45,4337.7,4338.1,4337.2,4337.2,13.0
GO1!,22/09/2026,23:46,4337.4,4337.4,4337.4,4337.4,1.0
GO1!,22/09/2026,23:48,4337.1,4341.8,4337.0,4340.7,60.0
GO1!,22/09/2026,23:49,4341.0,4346.2,4341.0,4344.7,41.0
GO1!,22/09/2026,23:50,4344.7,4345.4,4343.1,4345.3,25.0
GO1!,22/09/2026,23:51,4345.3,4346.7,4345.3,4346.1,9.0
GO1!,22/09/2026,23:52,4344.5,4344.5,4342.2,4343.0,15.0
GO1!,22/09/2026,23:53,4342.7,4342.7,4341.7,4341.8,5.0
GO1!,22/09/2026,23:54,4342.8,4343.0,4342.0,4342.0,7.0
GO1!,22/09/2026,23:55,4342.9,4344.0,4341.0,4341.1,20.0
GO1!,22/09/2026,23:56,4341.2,4341.2,4339.9,4340.9,17.0
GO1!,22/09/2026,23:57,4341.2,4341.2,4339.8,4340.6,16.0
GO1!,22/09/2026,23:58,4341.0,4342.0,4341.0,4342.0,2.0
GO1!,22/09/2026,23:59,4341.5,4342.2,4341.3,4342.2,27.0
GO1!,23/09/2026,00:00,4340.0,4341.2,4340.0,4341.2,6.0
GO1!,23/09/2026,00:01,4342.3,4342.3,4342.3,4342.3,1.0
GO1!,23/09/2026,00:02,4341.8,4342.5,4341.2,4341.6,17.0
GO1!,23/09/2026,00:03,4341.9,4342.5,4341.9,4342.5,26.0
GO1!,23/09/2026,00:05,4342.0,4343.0,4341.9,4343.0,14.0
GO1!,23/09/2026,00:06,4343.5,4345.2,4343.2,4345.2,9.0
GO1!,23/09/2026,00:07,4345.3,4345.5,4344.5,4344.5,52.0
GO1!,23/09/2026,00:08,4343.8,4343.9,4342.6,4342.6,29.0
GO1!,23/09/2026,00:09,4343.0,4343.2,4342.6,4342.6,5.0
GO1!,23/09/2026,00:12,4344.2,4344.9,4344.1,4344.1,10.0
GO1!,23/09/2026,00:13,4343.5,4343.5,4343.5,4343.5,1.0
GO1!,23/09/2026,00:14,4344.0,4344.0,4342.9,4343.0,10.0
GO1!,23/09/2026,00:15,4343.0,4343.0,4343.0,4343.0,1.0
GO1!,23/09/2026,00:16,4344.5,4344.5,4343.6,4343.6,5.0
GO1!,23/09/2026,00:17,4343.5,4343.5,4342.9,4342.9,9.0
GO1!,23/09/2026,00:18,4342.6,4343.0,4342.6,4343.0,7.0
GO1!,23/09/2026,00:19,4342.0,4342.8,4342.0,4342.3,5.0
GO1!,23/09/2026,00:20,4344.0,4344.0,4344.0,4344.0,3.0
GO1!,23/09/2026,00:21,4344.3,4344.4,4344.0,4344.0,5.0
GO1!,23/09/2026,00:22,4343.1,4343.4,4342.7,4343.4,7.0
GO1!,23/09/2026,00:23,4342.4,4342.4,4341.4,4341.4,4.0
GO1!,23/09/2026,00:24,4341.8,4341.8,4341.2,4341.3,7.0
GO1!,23/09/2026,00:25,4341.2,4341.4,4341.0,4341.4,5.0
GO1!,23/09/2026,00:26,4341.0,4342.2,4340.3,4342.0,9.0
GO1!,23/09/2026,00:27,4342.2,4342.7,4342.2,4342.7,2.0
GO1!,23/09/2026,00:28,4342.9,4342.9,4342.0,4342.8,7.0
GO1!,23/09/2026,00:29,4342.7,4344.0,4342.2,4344.0,10.0
GO1!,23/09/2026,00:30,4344.9,4344.9,4343.1,4343.4,7.0
GO1!,23/09/2026,00:31,4343.1,4343.1,4343.1,4343.1,1.0
GO1!,23/09/2026,00:32,4342.4,4342.6,4341.8,4341.8,7.0
GO1!,23/09/2026,00:33,4341.8,4341.9,4341.8,4341.9,3.0
GO1!,23/09/2026,00:34,4340.6,4340.6,4339.9,4340.6,11.0
GO1!,23/09/2026,00:35,4341.6,4341.7,4341.6,4341.7,2.0
GO1!,23/09/2026,00:36,4341.7,4341.7,4341.7,4341.7,1.0
GO1!,23/09/2026,00:37,4342.0,4342.0,4342.0,4342.0,1.0
GO1!,23/09/2026,00:38,4341.9,4341.9,4341.9,4341.9,1.0
GO1!,23/09/2026,00:39,4341.4,4341.4,4341.4,4341.4,1.0
GO1!,23/09/2026,00:41,4342.0,4342.0,4341.4,4341.4,3.0
GO1!,23/09/2026,00:42,4341.2,4341.7,4341.2,4341.7,3.0
GO1!,23/09/2026,00:45,4342.9,4344.0,4342.9,4344.0,4.0
GO1!,23/09/2026,00:46,4343.7,4343.7,4343.7,4343.7,1.0
GO1!,23/09/2026,00:47,4344.4,4344.9,4344.4,4344.9,2.0
GO1!,23/09/2026,00:48,4344.5,4344.8,4344.5,4344.8,8.0
GO1!,23/09/2026,00:49,4344.4,4344.4,4344.4,4344.4,1.0
GO1!,23/09/2026,00:50,4344.6,4344.6,4344.0,4344.2,7.0
GO1!,23/09/2026,00:51,4344.1,4345.0,4344.1,4344.6,10.0
GO1!,23/09/2026,00:52,4344.5,4353.0,4344.5,4352.3,283.0
GO1!,23/09/2026,00:53,4351.6,4352.8,4350.3,4351.3,48.0
GO1!,23/09/2026,00:54,4351.7,4357.3,4351.7,4353.8,87.0
GO1!,23/09/2026,00:55,4353.3,4355.1,4353.1,4354.0,35.0
GO1!,23/09/2026,00:56,4354.9,4355.0,4353.3,4353.4,18.0
GO1!,23/09/2026,00:57,4354.5,4355.5,4353.5,4353.7,63.0
GO1!,23/09/2026,00:58,4353.3,4355.5,4353.3,4355.5,4.0
GO1!,23/09/2026,00:59,4355.5,4357.3,4354.7,4355.5,20.0
GO1!,23/09/2026,01:00,4355.4,4355.9,4353.9,4355.6,17.0
GO1!,23/09/2026,01:01,4353.5,4353.7,4353.3,4353.7,5.0
GO1!,23/09/2026,01:02,4353.1,4353.1,4352.5,4353.0,22.0
GO1!,23/09/2026,01:03,4353.0,4355.0,4353.0,4354.7,5.0
GO1!,23/09/2026,01:04,4354.9,4357.8,4354.9,4357.2,93.0
GO1!,23/09/2026,01:05,4356.7,4360.3,4356.7,4359.9,53.0
GO1!,23/09/2026,01:06,4360.1,4362.3,4359.8,4361.9,41.0
GO1!,23/09/2026,01:07,4360.8,4360.8,4359.1,4360.0,22.0
GO1!,23/09/2026,01:08,4359.8,4363.8,4359.7,4363.6,54.0
GO1!,23/09/2026,01:09,4363.0,4363.0,4362.3,4362.4,16.0
GO1!,23/09/2026,01:10,4362.3,4362.5,4360.0,4361.5,43.0
GO1!,23/09/2026,01:11,4362.0,4363.7,4361.6,4361.7,13.0
GO1!,23/09/2026,01:12,4361.9,4364.3,4361.9,4363.6,26.0
GO1!,23/09/2026,01:13,4362.0,4362.0,4362.0,4362.0,5.0
GO1!,23/09/2026,01:14,4361.7,4362.9,4361.2,4362.4,30.0
GO1!,23/09/2026,01:15,4362.8,4364.6,4362.8,4363.6,26.0
GO1!,23/09/2026,01:16,4363.9,4364.8,4362.6,4363.7,26.0
GO1!,23/09/2026,01:17,4364.2,4365.3,4363.4,4364.6,46.0
GO1!,23/09/2026,01:18,4363.5,4364.7,4363.2,4363.2,58.0
GO1!,23/09/2026,01:19,4363.2,4364.3,4363.0,4364.3,6.0
GO1!,23/09/2026,01:20,4362.7,4365.0,4362.7,4365.0,10.0
GO1!,23/09/2026,01:21,4364.2,4364.2,4362.5,4362.5,11.0
GO1!,23/09/2026,01:22,4363.4,4363.5,4361.5,4361.5,28.0
GO1!,23/09/2026,01:23,4361.6,4361.6,4359.9,4360.3,14.0
GO1!,23/09/2026,01:24,4360.0,4360.2,4359.7,4359.8,9.0
GO1!,23/09/2026,01:25,4359.8,4360.1,4359.4,4359.4,11.0
GO1!,23/09/2026,01:26,4360.1,4361.8,4360.1,4361.1,61.0
GO1!,23/09/2026,01:27,4361.0,4361.2,4361.0,4361.0,6.0
GO1!,23/09/2026,01:28,4360.6,4361.0,4360.0,4360.0,5.0
GO1!,23/09/2026,01:29,4360.2,4360.2,4360.2,4360.2,1.0
GO1!,23/09/2026,01:30,4360.4,4360.8,4360.4,4360.4,11.0
GO1!,23/09/2026,01:31,4360.1,4360.1,4360.0,4360.0,3.0
GO1!,23/09/2026,01:32,4359.9,4359.9,4358.7,4358.7,4.0
GO1!,23/09/2026,01:33,4358.0,4358.2,4358.0,4358.2,2.0
GO1!,23/09/2026,01:34,4357.4,4357.7,4356.9,4356.9,21.0
GO1!,23/09/2026,01:35,4356.3,4357.2,4356.2,4356.4,8.0
GO1!,23/09/2026,01:36,4356.5,4357.7,4355.0,4357.7,30.0
GO1!,23/09/2026,01:37,4357.1,4357.6,4357.1,4357.3,3.0
GO1!,23/09/2026,01:38,4356.8,4356.8,4355.2,4355.2,21.0
GO1!,23/09/2026,01:39,4355.8,4355.8,4355.8,4355.8,1.0
GO1!,23/09/2026,01:40,4356.0,4356.2,4355.2,4355.2,22.0
GO1!,23/09/2026,01:41,4355.2,4355.2,4353.3,4354.8,48.0
GO1!,23/09/2026,01:42,4354.9,4355.8,4354.9,4355.6,8.0
GO1!,23/09/2026,01:43,4355.0,4355.0,4354.4,4354.4,4.0
GO1!,23/09/2026,01:44,4354.9,4354.9,4354.7,4354.7,4.0
GO1!,23/09/2026,01:45,4355.8,4356.9,4355.8,4356.9,26.0
GO1!,23/09/2026,01:46,4357.3,4357.6,4357.3,4357.6,2.0
GO1!,23/09/2026,01:47,4357.6,4358.1,4357.5,4357.9,13.0
GO1!,23/09/2026,01:48,4357.5,4357.5,4357.0,4357.0,16.0
GO1!,23/09/2026,01:49,4358.0,4358.2,4357.8,4358.0,12.0
GO1!,23/09/2026,01:50,4357.7,4357.7,4357.4,4357.4,3.0
GO1!,23/09/2026,01:51,4357.2,4358.0,4356.9,4358.0,22.0
GO1!,23/09/2026,01:52,4358.0,4358.2,4357.6,4357.8,13.0
GO1!,23/09/2026,01:53,4357.8,4357.8,4357.5,4357.5,3.0
GO1!,23/09/2026,01:54,4357.2,4357.2,4356.4,4356.4,3.0
GO1!,23/09/2026,01:55,4356.0,4356.1,4355.2,4356.1,9.0
GO1!,23/09/2026,01:58,4356.3,4356.6,4356.3,4356.6,10.0
GO1!,23/09/2026,02:00,4357.4,4358.8,4357.0,4358.8,37.0
GO1!,23/09/2026,02:01,4358.8,4359.5,4358.5,4358.9,12.0
GO1!,23/09/2026,02:02,4358.4,4358.4,4358.3,4358.3,2.0
GO1!,23/09/2026,02:04,4358.0,4358.6,4358.0,4358.6,14.0
GO1!,23/09/2026,02:05,4358.6,4358.6,4357.5,4357.5,10.0
GO1!,23/09/2026,02:06,4358.7,4360.4,4358.7,4360.4,26.0
GO1!,23/09/2026,02:07,4360.5,4360.6,4360.3,4360.6,7.0
GO1!,23/09/2026,02:08,4360.8,4360.8,4360.5,4360.5,7.0
GO1!,23/09/2026,02:09,4361.3,4361.3,4361.2,4361.2,6.0
GO1!,23/09/2026,02:10,4361.2,4361.7,4361.0,4361.7,9.0
GO1!,23/09/2026,02:11,4361.7,4361.7,4361.7,4361.7,1.0
GO1!,23/09/2026,02:12,4362.6,4362.7,4362.0,4362.2,6.0
GO1!,23/09/2026,02:14,4361.8,4361.9,4361.8,4361.8,7.0
GO1!,23/09/2026,02:15,4362.4,4362.5,4362.2,4362.5,18.0
GO1!,23/09/2026,02:16,4362.8,4362.8,4362.6,4362.6,5.0
GO1!,23/09/2026,02:17,4361.0,4361.8,4359.6,4361.5,44.0
GO1!,23/09/2026,02:18,4361.8,4361.8,4361.8,4361.8,1.0
GO1!,23/09/2026,02:21,4361.1,4361.9,4361.1,4361.9,6.0
GO1!,23/09/2026,02:22,4361.2,4362.2,4361.2,4362.2,4.0
GO1!,23/09/2026,02:24,4362.0,4363.2,4362.0,4362.3,37.0
GO1!,23/09/2026,02:25,4362.5,4365.0,4362.2,4364.6,51.0
GO1!,23/09/2026,02:26,4364.0,4364.0,4362.8,4362.8,9.0
GO1!,23/09/2026,02:27,4362.5,4362.5,4361.9,4361.9,2.0
GO1!,23/09/2026,02:28,4362.8,4363.1,4362.8,4363.1,7.0
GO1!,23/09/2026,02:29,4363.6,4363.8,4363.6,4363.8,6.0
GO1!,23/09/2026,02:30,4364.8,4366.0,4364.7,4366.0,30.0
GO1!,23/09/2026,02:31,4366.2,4368.7,4366.0,4368.7,33.0
GO1!,23/09/2026,02:32,4369.4,4371.9,4369.4,4371.1,185.0
GO1!,23/09/2026,02:33,4371.9,4373.7,4371.2,4373.3,269.0
GO1!,23/09/2026,02:34,4373.0,4375.0,4373.0,4375.0,45.0
GO1!,23/09/2026,02:35,4375.0,4375.1,4374.7,4374.7,13.0
GO1!,23/09/2026,02:36,4374.4,4374.4,4372.7,4372.7,3.0
GO1!,23/09/2026,02:37,4372.4,4375.8,4372.3,4375.0,41.0
GO1!,23/09/2026,02:38,4374.1,4374.7,4372.6,4374.4,136.0
GO1!,23/09/2026,02:39,4375.0,4375.8,4373.1,4375.3,72.0
GO1!,23/09/2026,02:40,4375.7,4376.5,4375.2,4376.3,89.0
GO1!,23/09/2026,02:41,4374.1,4375.2,4373.8,4374.1,14.0
GO1!,23/09/2026,02:42,4374.6,4374.7,4373.6,4374.7,102.0
GO1!,23/09/2026,02:43,4374.6,4374.6,4374.5,4374.5,2.0
GO1!,23/09/2026,02:44,4374.4,4375.4,4373.1,4375.4,75.0
GO1!,23/09/2026,02:45,4375.5,4376.0,4375.5,4375.8,24.0
GO1!,23/09/2026,02:46,4374.6,4375.1,4374.5,4375.1,3.0
GO1!,23/09/2026,02:47,4374.2,4375.7,4374.2,4375.5,8.0
GO1!,23/09/2026,02:50,4374.5,4375.3,4374.1,4374.1,15.0
GO1!,23/09/2026,02:51,4373.9,4375.4,4373.9,4374.5,8.0
GO1!,23/09/2026,02:52,4374.5,4374.5,4374.5,4374.5,1.0
GO1!,23/09/2026,02:53,4373.5,4374.3,4373.5,4374.3,5.0
GO1!,23/09/2026,02:54,4373.9,4374.2,4373.0,4373.0,23.0
GO1!,23/09/2026,02:55,4372.7,4372.7,4372.0,4372.3,9.0
GO1!,23/09/2026,02:56,4372.4,4372.4,4371.6,4371.6,7.0
GO1!,23/09/2026,02:57,4371.9,4372.5,4371.9,4372.5,7.0
GO1!,23/09/2026,02:58,4371.8,4372.0,4370.4,4371.6,52.0
GO1!,23/09/2026,02:59,4371.5,4371.8,4370.0,4370.0,30.0
GO1!,23/09/2026,09:45,4343.2,4343.2,4340.5,4342.3,99.0
GO1!,23/09/2026,09:46,4341.6,4343.3,4341.2,4341.6,33.0
GO1!,23/09/2026,09:47,4342.6,4342.6,4340.7,4340.8,33.0
GO1!,23/09/2026,09:48,4341.0,4341.5,4340.7,4340.7,47.0
GO1!,23/09/2026,09:49,4341.6,4341.8,4339.2,4339.3,29.0
GO1!,23/09/2026,09:50,4340.5,4340.5,4339.0,4340.2,37.0
GO1!,23/09/2026,09:51,4340.7,4340.7,4339.9,4340.1,18.0
GO1!,23/09/2026,09:52,4340.5,4340.9,4340.4,4340.8,8.0
GO1!,23/09/2026,09:53,4341.0,4341.0,4340.5,4340.5,12.0
GO1!,23/09/2026,09:55,4340.4,4340.4,4338.6,4338.6,18.0
GO1!,23/09/2026,09:56,4338.5,4339.0,4337.3,4338.0,75.0
GO1!,23/09/2026,09:57,4338.0,4339.0,4338.0,4338.4,15.0
GO1!,23/09/2026,09:58,4339.6,4339.6,4339.0,4339.0,5.0
GO1!,23/09/2026,09:59,4338.5,4338.5,4338.0,4338.1,10.0
GO1!,23/09/2026,10:00,4338.5,4338.6,4337.6,4338.3,11.0
GO1!,23/09/2026,10:01,4338.3,4338.8,4337.6,4338.8,14.0
GO1!,23/09/2026,10:02,4338.5,4338.5,4338.5,4338.5,1.0
GO1!,23/09/2026,10:03,4338.0,4339.0,4338.0,4338.5,25.0
GO1!,23/09/2026,10:04,4339.1,4339.4,4339.1,4339.4,2.0
GO1!,23/09/2026,10:05,4339.5,4340.0,4339.3,4339.8,36.0
GO1!,23/09/2026,10:06,4339.2,4340.0,4339.2,4340.0,4.0
GO1!,23/09/2026,10:07,4339.6,4340.0,4339.5,4339.9,7.0
GO1!,23/09/2026,10:08,4339.8,4340.5,4339.8,4340.1,21.0
GO1!,23/09/2026,10:09,4340.3,4341.6,4340.3,4340.7,15.0
GO1!,23/09/2026,10:10,4340.7,4340.9,4340.7,4340.9,4.0
GO1!,23/09/2026,10:11,4341.3,4342.8,4341.3,4342.5,10.0
GO1!,23/09/2026,10:12,4342.9,4343.6,4342.9,4343.6,9.0
GO1!,23/09/2026,10:13,4343.6,4344.7,4343.6,4344.7,8.0
GO1!,23/09/2026,10:14,4344.5,4344.8,4344.2,4344.2,13.0
GO1!,23/09/2026,10:15,4344.2,4344.3,4342.9,4342.9,20.0
GO1!,23/09/2026,10:16,4342.5,4342.6,4342.5,4342.5,3.0
GO1!,23/09/2026,10:17,4343.1,4343.3,4342.5,4342.5,12.0
GO1!,23/09/2026,10:18,4342.4,4342.4,4340.9,4340.9,4.0
GO1!,23/09/2026,10:19,4341.4,4341.6,4341.4,4341.5,3.0
GO1!,23/09/2026,10:20,4341.3,4341.3,4341.2,4341.2,2.0
GO1!,23/09/2026,10:22,4343.3,4343.3,4342.7,4342.7,11.0
GO1!,23/09/2026,10:23,4343.1,4343.5,4343.1,4343.5,4.0
GO1!,23/09/2026,10:24,4343.9,4343.9,4343.9,4343.9,1.0
GO1!,23/09/2026,10:25,4343.5,4344.6,4343.5,4344.6,8.0
GO1!,23/09/2026,10:26,4344.2,4344.2,4344.0,4344.0,3.0
GO1!,23/09/2026,10:27,4343.6,4343.9,4343.4,4343.4,14.0
GO1!,23/09/2026,10:30,4342.7,4343.6,4342.7,4343.6,4.0
GO1!,23/09/2026,10:32,4344.1,4344.1,4344.0,4344.1,3.0
GO1!,23/09/2026,10:33,4343.8,4344.4,4343.8,4344.2,5.0
GO1!,23/09/2026,10:34,4344.8,4344.8,4343.4,4344.1,6.0
GO1!,23/09/2026,10:35,4344.1,4344.3,4344.1,4344.3,2.0
GO1!,23/09/2026,10:36,4344.5,4344.5,4344.5,4344.5,1.0
GO1!,23/09/2026,10:38,4344.2,4344.3,4344.2,4344.2,3.0
GO1!,23/09/2026,10:39,4344.2,4344.2,4343.8,4343.8,3.0
GO1!,23/09/2026,10:40,4344.8,4345.3,4344.8,4345.1,6.0
GO1!,23/09/2026,10:41,4346.2,4346.2,4345.7,4345.7,5.0
GO1!,23/09/2026,10:42,4345.6,4345.6,4345.3,4345.5,24.0
GO1!,23/09/2026,10:43,4345.6,4345.6,4345.6,4345.6,2.0
GO1!,23/09/2026,10:44,4345.6,4346.0,4345.5,4346.0,11.0
GO1!,23/09/2026,10:45,4346.0,4347.1,4346.0,4347.1,6.0
GO1!,23/09/2026,10:46,4346.9,4346.9,4346.9,4346.9,1.0
GO1!,23/09/2026,10:47,4346.9,4347.0,4346.9,4347.0,2.0
GO1!,23/09/2026,10:48,4347.1,4347.2,4346.8,4346.8,16.0
GO1!,23/09/2026,10:49,4346.9,4347.2,4346.9,4347.2,2.0
GO1!,23/09/2026,10:50,4347.5,4347.5,4347.5,4347.5,1.0
GO1!,23/09/2026,10:51,4347.6,4347.8,4347.6,4347.8,3.0
GO1!,23/09/2026,10:52,4348.2,4348.6,4348.2,4348.6,5.0
GO1!,23/09/2026,10:53,4348.5,4349.3,4348.4,4349.1,12.0
GO1!,23/09/2026,10:54,4348.7,4349.0,4348.7,4349.0,4.0
GO1!,23/09/2026,10:55,4349.3,4349.7,4349.0,4349.2,14.0
GO1!,23/09/2026,10:56,4349.0,4350.0,4348.4,4348.4,29.0
GO1!,23/09/2026,10:57,4348.7,4349.0,4348.0,4348.3,25.0
GO1!,23/09/2026,10:58,4348.8,4349.1,4347.8,4347.8,14.0
GO1!,23/09/2026,10:59,4347.9,4348.0,4347.4,4347.4,11.0
GO1!,23/09/2026,11:00,4347.3,4348.1,4347.3,4347.8,16.0
GO1!,23/09/2026,11:01,4348.2,4348.5,4348.2,4348.3,6.0
GO1!,23/09/2026,11:02,4348.5,4348.5,4348.5,4348.5,1.0
GO1!,23/09/2026,11:03,4348.3,4348.7,4348.2,4348.6,6.0
GO1!,23/09/2026,11:04,4349.2,4349.3,4348.9,4348.9,9.0
GO1!,23/09/2026,11:05,4349.3,4349.3,4349.3,4349.3,1.0
GO1!,23/09/2026,11:06,4349.2,4350.0,4349.1,4350.0,10.0
GO1!,23/09/2026,11:07,4349.8,4349.8,4349.5,4349.5,7.0
GO1!,23/09/2026,11:09,4349.4,4349.8,4349.4,4349.8,2.0
GO1!,23/09/2026,11:10,4349.1,4349.1,4349.0,4349.0,2.0
GO1!,23/09/2026,11:11,4349.3,4349.8,4349.0,4349.8,6.0
GO1!,23/09/2026,11:12,4350.0,4351.0,4350.0,4351.0,9.0
GO1!,23/09/2026,11:13,4350.8,4350.8,4350.5,4350.5,3.0
GO1!,23/09/2026,11:14,4351.0,4351.1,4350.5,4350.7,6.0
GO1!,23/09/2026,11:15,4350.7,4350.7,4349.7,4350.1,8.0
GO1!,23/09/2026,11:16,4350.7,4350.7,4350.7,4350.7,1.0
GO1!,23/09/2026,11:17,4350.1,4350.1,4350.0,4350.0,9.0
GO1!,23/09/2026,11:18,4350.0,4351.0,4350.0,4351.0,19.0
GO1!,23/09/2026,11:19,4351.5,4351.7,4351.5,4351.7,4.0
GO1!,23/09/2026,11:20,4351.3,4351.6,4351.3,4351.6,7.0
GO1!,23/09/2026,11:21,4351.4,4351.4,4350.6,4350.6,3.0
GO1!,23/09/2026,11:22,4350.5,4350.5,4350.3,4350.3,7.0
GO1!,23/09/2026,11:23,4349.9,4350.0,4349.6,4349.6,8.0
GO1!,23/09/2026,11:24,4349.2,4349.3,4349.1,4349.3,4.0
GO1!,23/09/2026,11:25,4349.8,4350.0,4349.4,4350.0,5.0
GO1!,23/09/2026,11:26,4350.0,4350.0,4349.6,4349.6,4.0
GO1!,23/09/2026,11:27,4349.7,4349.7,4349.7,4349.7,1.0
GO1!,23/09/2026,11:28,4349.4,4349.7,4349.2,4349.2,3.0
GO1!,23/09/2026,11:29,4350.0,4350.0,4350.0,4350.0,8.0
GO1!,23/09/2026,11:30,4350.2,4350.2,4349.7,4349.7,8.0
GO1!,23/09/2026,11:33,4349.7,4349.9,4349.1,4349.5,8.0
GO1!,23/09/2026,11:34,4349.5,4349.5,4349.1,4349.5,13.0
GO1!,23/09/2026,11:35,4350.0,4350.9,4350.0,4350.6,6.0
GO1!,23/09/2026,11:36,4350.3,4350.3,4350.3,4350.3,3.0
GO1!,23/09/2026,11:39,4349.5,4349.5,4348.5,4348.5,2.0
GO1!,23/09/2026,11:40,4348.4,4348.5,4348.4,4348.4,3.0
GO1!,23/09/2026,11:42,4348.6,4348.6,4348.6,4348.6,2.0
GO1!,23/09/2026,11:45,4349.5,4349.5,4349.5,4349.5,1.0
GO1!,23/09/2026,11:46,4349.1,4349.1,4348.6,4348.6,8.0
GO1!,23/09/2026,11:47,4349.5,4350.0,4349.5,4350.0,35.0
GO1!,23/09/2026,11:48,4350.1,4350.3,4350.1,4350.2,6.0
GO1!,23/09/2026,11:49,4350.5,4350.6,4350.5,4350.6,3.0
GO1!,23/09/2026,11:50,4350.7,4350.7,4350.4,4350.5,7.0
GO1!,23/09/2026,11:51,4350.3,4350.3,4349.9,4350.0,3.0
GO1!,23/09/2026,11:53,4348.5,4348.6,4348.3,4348.3,4.0
GO1!,23/09/2026,11:54,4348.6,4349.6,4348.5,4349.6,11.0
GO1!,23/09/2026,11:55,4349.2,4349.2,4348.7,4349.0,3.0
GO1!,23/09/2026,11:56,4349.1,4349.3,4349.1,4349.3,3.0
GO1!,23/09/2026,12:00,4348.6,4348.6,4348.5,4348.5,2.0
GO1!,23/09/2026,12:01,4348.0,4348.0,4347.8,4348.0,6.0
GO1!,23/09/2026,12:02,4348.0,4348.0,4348.0,4348.0,3.0
GO1!,23/09/2026,12:03,4347.5,4348.0,4347.4,4348.0,10.0
GO1!,23/09/2026,12:04,4349.2,4349.2,4348.9,4349.0,29.0
GO1!,23/09/2026,12:05,4350.3,4350.3,4350.3,4350.3,1.0
GO1!,23/09/2026,12:06,4350.1,4350.1,4350.1,4350.1,1.0
GO1!,23/09/2026,12:10,4348.1,4348.3,4348.0,4348.3,10.0
GO1!,23/09/2026,12:11,4347.8,4347.8,4347.3,4347.3,19.0
GO1!,23/09/2026,12:12,4347.5,4347.5,4347.1,4347.1,8.0
GO1!,23/09/2026,12:13,4347.2,4347.3,4347.2,4347.3,5.0
GO1!,23/09/2026,12:14,4347.0,4347.0,4347.0,4347.0,5.0
GO1!,23/09/2026,12:16,4347.0,4347.0,4347.0,4347.0,3.0
GO1!,23/09/2026,12:17,4347.3,4347.4,4347.3,4347.4,4.0
GO1!,23/09/2026,12:19,4346.8,4346.8,4345.8,4346.6,26.0
GO1!,23/09/2026,12:20,4346.4,4346.5,4346.4,4346.5,2.0
GO1!,23/09/2026,12:22,4346.5,4346.5,4346.5,4346.5,1.0
GO1!,23/09/2026,12:24,4346.0,4346.0,4346.0,4346.0,1.0
GO1!,23/09/2026,12:25,4346.6,4347.7,4346.3,4347.7,36.0
GO1!,23/09/2026,12:26,4347.7,4347.7,4346.9,4346.9,39.0
GO1!,23/09/2026,12:27,4346.8,4346.8,4346.2,4346.2,7.0
GO1!,23/09/2026,12:28,4345.7,4345.7,4345.7,4345.7,1.0
GO1!,23/09/2026,12:29,4345.3,4345.6,4345.3,4345.5,6.0
GO1!,23/09/2026,12:30,4346.4,4346.4,4345.4,4345.4,4.0
GO1!,23/09/2026,12:31,4345.3,4345.3,4343.3,4343.3,20.0
GO1!,23/09/2026,12:32,4343.5,4343.5,4342.4,4342.6,9.0
GO1!,23/09/2026,12:33,4343.0,4343.0,4342.1,4342.1,34.0
GO1!,23/09/2026,12:34,4342.2,4342.2,4342.0,4342.0,6.0
GO1!,23/09/2026,12:35,4342.1,4342.1,4341.8,4342.1,3.0
GO1!,23/09/2026,12:36,4341.6,4341.6,4341.6,4341.6,2.0
GO1!,23/09/2026,12:37,4341.1,4341.1,4340.5,4340.5,8.0
GO1!,23/09/2026,12:38,4340.3,4340.3,4339.6,4340.0,29.0
GO1!,23/09/2026,12:39,4339.7,4339.7,4339.2,4339.4,7.0
GO1!,23/09/2026,12:40,4339.2,4339.7,4338.9,4339.3,9.0
GO1!,23/09/2026,12:41,4339.3,4340.7,4339.3,4340.7,6.0
GO1!,23/09/2026,12:42,4340.5,4340.5,4339.2,4339.3,14.0
GO1!,23/09/2026,12:43,4339.5,4339.6,4334.4,4334.4,46.0
GO1!,23/09/2026,12:44,4334.8,4335.4,4330.9,4334.0,91.0
GO1!,23/09/2026,12:45,4335.0,4359.8,4334.9,4335.6,63.0
GO1!,23/09/2026,12:46,4336.0,4336.3,4335.5,4335.9,37.0
GO1!,23/09/2026,12:47,4335.8,4336.0,4335.5,4335.5,11.0
GO1!,23/09/2026,12:48,4335.8,4336.0,4335.8,4335.9,12.0
GO1!,23/09/2026,12:49,4335.9,4336.3,4334.2,4334.2,34.0
GO1!,23/09/2026,12:50,4334.5,4335.2,4332.9,4335.2,61.0
GO1!,23/09/2026,12:51,4334.9,4335.1,4334.6,4335.0,33.0
GO1!,23/09/2026,12:52,4335.0,4335.8,4335.0,4335.4,38.0
GO1!,23/09/2026,12:53,4335.4,4336.6,4335.4,4336.6,11.0
GO1!,23/09/2026,12:54,4336.9,4337.7,4336.9,4337.4,16.0
GO1!,23/09/2026,12:55,4337.8,4338.2,4337.2,4338.0,19.0
GO1!,23/09/2026,12:56,4338.9,4339.7,4338.9,4339.7,8.0
GO1!,23/09/2026,12:57,4339.8,4340.0,4339.6,4339.6,38.0
GO1!,23/09/2026,12:58,4339.2,4339.5,4339.1,4339.5,4.0
GO1!,23/09/2026,12:59,4339.0,4340.2,4339.0,4340.2,7.0
GO1!,23/09/2026,13:00,4340.3,4341.0,4339.8,4341.0,23.0
GO1!,23/09/2026,13:01,4339.9,4340.0,4339.8,4340.0,8.0
GO1!,23/09/2026,13:02,4340.6,4340.6,4339.8,4339.8,7.0
GO1!,23/09/2026,13:03,4341.0,4341.0,4340.6,4340.6,3.0
GO1!,23/09/2026,13:04,4339.1,4339.4,4338.6,4339.2,15.0
GO1!,23/09/2026,13:05,4339.6,4339.8,4339.5,4339.5,5.0
GO1!,23/09/2026,13:06,4339.1,4339.6,4338.6,4339.6,6.0
GO1!,23/09/2026,13:07,4339.2,4339.2,4339.2,4339.2,1.0
GO1!,23/09/2026,13:08,4338.1,4338.1,4337.1,4337.1,11.0
GO1!,23/09/2026,13:09,4336.6,4336.6,4336.0,4336.0,5.0
GO1!,23/09/2026,13:10,4335.8,4336.7,4335.0,4335.5,38.0
GO1!,23/09/2026,13:11,4335.1,4335.1,4334.5,4334.6,13.0
GO1!,23/09/2026,13:12,4334.7,4334.7,4334.3,4334.5,35.0
GO1!,23/09/2026,13:13,4334.0,4334.0,4333.6,4334.0,21.0
GO1!,23/09/2026,13:14,4334.0,4334.7,4334.0,4334.6,4.0
GO1!,23/09/2026,13:15,4335.1,4335.1,4332.0,4332.0,16.0
GO1!,23/09/2026,13:16,4332.0,4332.4,4331.8,4331.8,8.0
GO1!,23/09/2026,13:17,4332.3,4333.0,4332.3,4332.9,6.0
GO1!,23/09/2026,13:18,4333.4,4333.8,4333.4,4333.8,3.0
GO1!,23/09/2026,13:19,4334.1,4334.5,4334.1,4334.5,3.0
GO1!,23/09/2026,13:20,4335.2,4335.3,4334.2,4334.2,34.0
GO1!,23/09/2026,13:21,4333.6,4333.6,4331.3,4332.0,18.0
GO1!,23/09/2026,13:22,4331.5,4332.2,4331.4,4332.1,12.0
GO1!,23/09/2026,13:23,4334.8,4334.9,4333.3,4333.3,5.0
GO1!,23/09/2026,13:25,4335.0,4336.0,4335.0,4335.9,16.0
GO1!,23/09/2026,13:26,4335.0,4335.5,4334.0,4335.0,7.0
GO1!,23/09/2026,13:27,4334.7,4334.8,4334.7,4334.8,2.0
GO1!,23/09/2026,13:28,4335.0,4335.0,4335.0,4335.0,1.0
GO1!,23/09/2026,13:30,4334.1,4334.7,4334.1,4334.7,7.0
GO1!,23/09/2026,13:31,4334.5,4335.8,4334.4,4335.2,12.0
GO1!,23/09/2026,13:32,4335.6,4335.6,4335.6,4335.6,1.0
GO1!,23/09/2026,13:33,4336.3,4336.3,4335.1,4335.1,2.0
GO1!,23/09/2026,13:34,4335.6,4336.3,4335.6,4336.3,4.0
GO1!,23/09/2026,13:35,4336.8,4337.5,4336.8,4337.0,26.0
GO1!,23/09/2026,13:36,4337.5,4337.9,4337.5,4337.9,4.0
GO1!,23/09/2026,13:37,4337.8,4337.8,4337.8,4337.8,1.0
GO1!,23/09/2026,13:38,4337.2,4337.5,4336.7,4337.0,5.0
GO1!,23/09/2026,13:39,4337.4,4337.4,4337.2,4337.2,4.0
GO1!,23/09/2026,13:40,4338.0,4338.8,4337.5,4338.8,24.0
GO1!,23/09/2026,13:43,4338.3,4338.3,4338.3,4338.3,1.0
GO1!,23/09/2026,13:44,4338.9,4338.9,4338.9,4338.9,2.0
GO1!,23/09/2026,13:45,4337.6,4337.6,4336.1,4336.1,12.0
GO1!,23/09/2026,13:46,4336.0,4336.2,4335.8,4335.9,13.0
GO1!,23/09/2026,13:47,4337.1,4338.5,4336.8,4338.5,24.0
GO1!,23/09/2026,13:48,4339.0,4340.6,4339.0,4340.5,19.0
GO1!,23/09/2026,13:49,4340.4,4341.4,4340.4,4341.4,14.0
GO1!,23/09/2026,13:50,4339.5,4339.5,4339.5,4339.5,3.0
GO1!,23/09/2026,13:51,4339.8,4340.3,4339.4,4339.4,8.0
GO1!,23/09/2026,13:52,4339.0,4339.0,4339.0,4339.0,2.0
GO1!,23/09/2026,13:53,4337.9,4337.9,4337.4,4337.4,8.0
GO1!,23/09/2026,13:54,4337.7,4337.7,4337.7,4337.7,1.0
GO1!,23/09/2026,13:55,4337.5,4337.7,4337.0,4337.7,7.0
GO1!,23/09/2026,13:56,4336.7,4337.3,4336.7,4337.3,3.0
GO1!,23/09/2026,13:57,4337.2,4337.3,4336.0,4336.8,13.0
GO1!,23/09/2026,13:58,4336.0,4336.0,4335.5,4335.5,3.0
GO1!,23/09/2026,13:59,4335.2,4335.7,4330.0,4335.7,54.0
GO1!,23/09/2026,14:00,4337.0,4337.0,4334.1,4334.2,8.0
GO1!,23/09/2026,14:01,4333.7,4335.8,4333.3,4335.8,25.0
GO1!,23/09/2026,14:02,4334.8,4335.0,4334.8,4335.0,2.0
GO1!,23/09/2026,14:03,4334.9,4337.0,4334.9,4337.0,3.0
GO1!,23/09/2026,14:04,4335.5,4335.5,4335.5,4335.5,1.0
GO1!,23/09/2026,14:05,4335.4,4335.5,4334.0,4334.0,28.0
GO1!,23/09/2026,14:06,4333.6,4335.3,4333.0,4333.1,34.0
GO1!,23/09/2026,14:07,4333.0,4333.0,4332.7,4333.0,4.0
GO1!,23/09/2026,14:08,4332.5,4333.0,4332.5,4332.6,4.0
GO1!,23/09/2026,14:09,4332.1,4332.4,4331.7,4332.3,17.0
GO1!,23/09/2026,14:10,4332.2,4332.2,4331.1,4331.9,6.0
GO1!,23/09/2026,14:11,4331.6,4332.5,4331.6,4332.5,7.0
GO1!,23/09/2026,14:12,4331.8,4331.8,4330.0,4330.1,37.0
GO1!,23/09/2026,14:13,4330.1,4331.7,4329.2,4331.7,42.0
GO1!,23/09/2026,14:14,4330.1,4330.4,4329.0,4329.6,22.0
GO1!,23/09/2026,14:15,4329.6,4332.0,4329.6,4331.8,21.0
GO1!,23/09/2026,14:16,4331.8,4332.7,4331.8,4332.7,3.0
GO1!,23/09/2026,14:17,4332.0,4332.0,4332.0,4332.0,2.0
GO1!,23/09/2026,14:18,4331.9,4332.2,4331.2,4331.2,12.0
GO1!,23/09/2026,14:19,4331.3,4331.3,4330.5,4330.5,5.0
GO1!,23/09/2026,14:20,4330.2,4331.0,4330.2,4331.0,2.0
GO1!,23/09/2026,14:21,4331.0,4331.1,4331.0,4331.1,2.0
GO1!,23/09/2026,14:22,4331.1,4331.4,4331.0,4331.4,5.0
GO1!,23/09/2026,14:23,4330.6,4330.6,4330.2,4330.4,8.0
GO1!,23/09/2026,14:24,4330.6,4331.1,4330.5,4331.1,3.0
GO1!,23/09/2026,14:25,4330.2,4330.2,4329.1,4329.1,13.0
GO1!,23/09/2026,14:26,4328.7,4328.7,4328.0,4328.0,18.0
GO1!,23/09/2026,14:27,4327.4,4328.0,4326.4,4328.0,43.0
GO1!,23/09/2026,14:28,4328.8,4329.3,4328.5,4328.9,13.0
GO1!,23/09/2026,14:29,4328.6,4329.0,4328.1,4328.2,33.0
GO1!,23/09/2026,14:30,4328.5,4329.6,4326.6,4326.6,51.0
GO1!,23/09/2026,14:31,4327.1,4327.7,4325.9,4325.9,9.0
GO1!,23/09/2026,14:32,4326.0,4326.9,4325.8,4326.9,27.0
GO1!,23/09/2026,14:33,4326.1,4326.4,4324.5,4324.5,41.0
GO1!,23/09/2026,14:34,4324.7,4325.1,4324.7,4325.0,7.0
GO1!,23/09/2026,14:35,4325.0,4325.0,4324.2,4324.4,7.0
GO1!,23/09/2026,14:36,4324.6,4324.7,4324.6,4324.7,2.0
GO1!,23/09/2026,14:37,4324.4,4327.2,4324.4,4327.0,14.0
GO1!,23/09/2026,14:38,4327.1,4327.3,4326.7,4327.0,8.0
GO1!,23/09/2026,14:39,4327.3,4327.4,4326.7,4326.7,10.0
GO1!,23/09/2026,14:40,4326.5,4327.0,4326.4,4326.6,11.0
GO1!,23/09/2026,14:41,4326.2,4326.2,4325.9,4325.9,2.0
GO1!,23/09/2026,14:42,4326.6,4326.9,4326.4,4326.9,8.0
GO1!,23/09/2026,14:43,4327.4,4327.5,4327.3,4327.3,4.0
GO1!,23/09/2026,14:44,4326.1,4326.4,4325.9,4326.0,12.0
GO1!,23/09/2026,14:47,4326.3,4326.3,4325.6,4325.6,6.0
GO1!,23/09/2026,14:48,4325.2,4326.1,4325.2,4326.1,2.0
GO1!,23/09/2026,14:49,4326.5,4327.0,4326.0,4327.0,24.0
GO1!,23/09/2026,14:50,4327.8,4327.8,4327.5,4327.5,6.0
GO1!,23/09/2026,14:51,4327.6,4329.4,4327.5,4329.4,11.0
GO1!,23/09/2026,14:52,4328.8,4329.1,4328.8,4329.0,31.0
GO1!,23/09/2026,14:53,4328.0,4328.0,4327.5,4327.5,7.0
GO1!,23/09/2026,14:56,4328.4,4329.6,4328.4,4329.3,8.0
GO1!,23/09/2026,14:57,4329.3,4329.3,4326.6,4326.6,42.0
GO1!,23/09/2026,14:58,4326.3,4326.3,4324.8,4324.9,30.0
GO1!,23/09/2026,14:59,4325.1,4325.1,4324.0,4324.0,8.0
GO1!,23/09/2026,15:00,4324.6,4325.5,4324.2,4325.1,40.0
GO1!,23/09/2026,15:01,4324.9,4325.0,4323.0,4324.1,42.0
GO1!,23/09/2026,15:02,4324.5,4325.6,4324.5,4324.9,6.0
GO1!,23/09/2026,15:03,4325.0,4325.0,4324.4,4325.0,3.0
GO1!,23/09/2026,15:04,4325.0,4325.0,4324.5,4324.5,3.0
GO1!,23/09/2026,15:05,4324.9,4324.9,4323.9,4323.9,11.0
GO1!,23/09/2026,15:06,4325.2,4325.2,4325.2,4325.2,1.0
GO1!,23/09/2026,15:07,4325.3,4325.8,4325.3,4325.3,10.0
GO1!,23/09/2026,15:08,4324.3,4325.0,4324.1,4325.0,4.0
GO1!,23/09/2026,15:09,4324.9,4324.9,4322.8,4323.6,20.0
GO1!,23/09/2026,15:10,4323.4,4323.4,4323.0,4323.2,8.0
GO1!,23/09/2026,15:11,4323.0,4323.4,4322.4,4322.4,8.0
GO1!,23/09/2026,15:12,4322.3,4323.8,4322.2,4323.8,18.0
GO1!,23/09/2026,15:13,4324.3,4324.5,4324.3,4324.5,2.0
GO1!,23/09/2026,15:14,4324.2,4324.2,4324.0,4324.1,11.0
GO1!,23/09/2026,15:15,4324.7,4324.8,4324.4,4324.5,6.0
GO1!,23/09/2026,15:16,4324.9,4325.1,4324.4,4324.6,13.0
GO1!,23/09/2026,15:17,4324.5,4324.5,4322.4,4322.8,31.0
GO1!,23/09/2026,15:18,4322.6,4323.2,4322.4,4323.0,9.0
GO1!,23/09/2026,15:19,4322.9,4322.9,4322.7,4322.7,2.0
GO1!,23/09/2026,15:20,4324.3,4324.4,4324.3,4324.4,2.0
GO1!,23/09/2026,15:21,4324.9,4325.0,4324.6,4324.9,11.0
GO1!,23/09/2026,15:22,4324.8,4325.0,4324.3,4325.0,7.0
GO1!,23/09/2026,15:23,4325.5,4325.9,4325.1,4325.2,14.0
GO1!,23/09/2026,15:24,4325.2,4326.3,4325.2,4326.3,8.0
GO1!,23/09/2026,15:25,4327.0,4327.0,4325.3,4325.5,43.0
GO1!,23/09/2026,15:26,4325.0,4325.0,4324.1,4324.1,6.0
GO1!,23/09/2026,15:27,4325.1,4325.1,4325.0,4325.0,2.0
GO1!,23/09/2026,15:28,4324.7,4324.7,4324.7,4324.7,1.0
GO1!,23/09/2026,15:29,4324.1,4324.3,4324.1,4324.3,2.0
GO1!,23/09/2026,15:30,4324.0,4324.8,4323.7,4324.8,12.0
GO1!,23/09/2026,15:31,4324.5,4324.5,4322.6,4322.6,9.0
GO1!,23/09/2026,15:32,4322.5,4322.5,4321.9,4322.1,11.0
GO1!,23/09/2026,15:33,4322.0,4322.0,4321.5,4321.7,7.0
GO1!,23/09/2026,15:35,4323.5,4323.5,4323.4,4323.4,14.0
GO1!,23/09/2026,15:36,4323.8,4324.3,4323.8,4324.3,4.0
GO1!,23/09/2026,15:37,4324.8,4324.8,4323.7,4323.7,4.0
GO1!,23/09/2026,15:38,4323.0,4323.0,4321.1,4322.0,21.0
GO1!,23/09/2026,15:39,4322.1,4322.3,4322.1,4322.3,2.0
GO1!,23/09/2026,15:40,4321.6,4322.2,4321.3,4322.2,8.0
GO1!,23/09/2026,15:41,4322.4,4323.1,4322.4,4323.0,9.0
GO1!,23/09/2026,15:42,4322.1,4322.5,4321.3,4321.3,11.0
GO1!,23/09/2026,15:43,4321.1,4321.1,4321.0,4321.0,3.0
GO1!,23/09/2026,15:44,4321.1,4321.5,4321.1,4321.5,4.0
GO1!,23/09/2026,15:45,4321.2,4322.1,4320.7,4322.1,19.0
GO1!,23/09/2026,15:46,4322.0,4322.5,4322.0,4322.5,3.0
GO1!,23/09/2026,15:47,4322.3,4322.3,4320.6,4320.8,6.0
GO1!,23/09/2026,15:48,4321.5,4322.2,4321.5,4322.2,2.0
GO1!,23/09/2026,15:49,4322.9,4323.5,4322.9,4323.5,5.0
GO1!,23/09/2026,15:50,4323.4,4323.4,4323.0,4323.3,7.0
GO1!,23/09/2026,15:51,4322.6,4322.6,4322.2,4322.2,5.0
GO1!,23/09/2026,15:52,4321.9,4322.0,4321.7,4321.7,12.0
GO1!,23/09/2026,15:53,4322.7,4323.1,4322.1,4322.1,18.0
GO1!,23/09/2026,15:54,4322.0,4322.2,4322.0,4322.2,3.0
GO1!,23/09/2026,15:55,4322.2,4322.2,4322.2,4322.2,1.0
GO1!,23/09/2026,15:56,4321.9,4321.9,4321.9,4321.9,1.0
GO1!,23/09/2026,15:57,4322.1,4323.7,4322.1,4323.7,3.0
GO1!,23/09/2026,15:58,4323.8,4323.8,4323.4,4323.4,3.0
GO1!,23/09/2026,15:59,4323.2,4323.8,4323.2,4323.3,11.0
GO1!,23/09/2026,16:00,4323.2,4323.7,4323.2,4323.7,5.0
GO1!,23/09/2026,16:01,4324.5,4324.9,4324.0,4324.2,7.0
GO1!,23/09/2026,16:02,4323.4,4324.7,4323.2,4324.7,25.0
GO1!,23/09/2026,16:03,4325.0,4325.1,4325.0,4325.0,14.0
GO1!,23/09/2026,16:04,4323.6,4324.5,4323.0,4323.0,34.0
GO1!,23/09/2026,16:05,4322.8,4323.4,4322.5,4322.9,14.0
GO1!,23/09/2026,16:07,4322.8,4322.8,4322.8,4322.8,2.0
GO1!,23/09/2026,16:08,4323.3,4323.4,4323.3,4323.4,2.0
GO1!,23/09/2026,16:09,4324.0,4324.4,4324.0,4324.4,6.0
GO1!,23/09/2026,16:10,4323.9,4324.0,4323.9,4324.0,4.0
GO1!,23/09/2026,16:11,4324.3,4324.7,4323.8,4323.8,27.0
GO1!,23/09/2026,16:12,4325.0,4325.0,4325.0,4325.0,1.0
GO1!,23/09/2026,16:13,4324.2,4324.2,4324.2,4324.2,1.0
GO1!,23/09/2026,16:14,4324.2,4324.5,4324.2,4324.5,4.0
GO1!,23/09/2026,16:15,4324.8,4324.8,4324.0,4324.5,12.0
GO1!,23/09/2026,16:16,4323.9,4324.0,4323.7,4323.7,3.0
GO1!,23/09/2026,16:17,4323.3,4323.3,4322.9,4323.1,8.0
GO1!,23/09/2026,16:18,4322.9,4322.9,4321.7,4321.9,19.0
GO1!,23/09/2026,16:19,4321.8,4322.1,4320.8,4322.1,17.0
GO1!,23/09/2026,16:20,4322.5,4323.1,4322.1,4323.0,7.0
GO1!,23/09/2026,16:21,4322.8,4322.8,4321.3,4321.3,3.0
GO1!,23/09/2026,16:22,4321.4,4322.8,4321.4,4322.8,23.0
GO1!,23/09/2026,16:23,4323.6,4323.7,4323.3,4323.7,5.0
GO1!,23/09/2026,16:24,4323.3,4323.3,4323.3,4323.3,1.0
GO1!,23/09/2026,16:25,4324.0,4324.0,4324.0,4324.0,2.0
GO1!,23/09/2026,16:27,4324.4,4324.4,4324.0,4324.0,4.0
GO1!,23/09/2026,16:28,4323.4,4323.4,4321.8,4321.9,4.0
GO1!,23/09/2026,16:29,4321.8,4321.8,4320.9,4320.9,32.0
GO1!,23/09/2026,16:30,4321.2,4323.0,4321.2,4323.0,4.0
GO1!,23/09/2026,16:31,4323.3,4323.3,4321.7,4321.8,14.0
GO1!,23/09/2026,16:32,4320.7,4321.0,4320.2,4320.5,7.0
GO1!,23/09/2026,16:33,4321.0,4321.0,4318.5,4318.5,48.0
GO1!,23/09/2026,16:34,4319.3,4319.3,4318.5,4318.5,26.0
GO1!,23/09/2026,16:35,4319.0,4320.3,4319.0,4320.3,4.0
GO1!,23/09/2026,16:36,4320.0,4320.0,4320.0,4320.0,2.0
GO1!,23/09/2026,16:37,4319.3,4319.4,4319.3,4319.4,17.0
GO1!,23/09/2026,16:38,4319.3,4319.8,4319.3,4319.8,16.0
GO1!,23/09/2026,16:39,4319.8,4320.0,4318.7,4318.7,33.0
GO1!,23/09/2026,16:40,4319.1,4319.1,4319.1,4319.1,1.0
GO1!,23/09/2026,16:41,4319.1,4319.1,4319.1,4319.1,1.0
GO1!,23/09/2026,16:42,4319.7,4319.7,4319.5,4319.5,2.0
GO1!,23/09/2026,16:43,4319.6,4319.6,4319.6,4319.6,1.0
GO1!,23/09/2026,16:44,4319.9,4320.4,4319.9,4320.4,4.0
GO1!,23/09/2026,16:45,4320.1,4320.5,4320.1,4320.4,13.0
GO1!,23/09/2026,16:46,4319.1,4319.2,4316.7,4317.0,45.0
GO1!,23/09/2026,16:47,4317.0,4317.7,4316.6,4317.7,28.0
GO1!,23/09/2026,16:48,4317.1,4317.1,4315.0,4315.3,96.0
GO1!,23/09/2026,16:49,4315.2,4315.3,4313.7,4314.4,50.0
GO1!,23/09/2026,16:50,4314.5,4316.0,4313.0,4315.7,18.0
GO1!,23/09/2026,16:51,4315.5,4316.9,4315.5,4316.9,5.0
GO1!,23/09/2026,16:52,4317.2,4317.7,4316.5,4316.5,8.0
GO1!,23/09/2026,16:53,4317.6,4317.8,4317.0,4317.3,7.0
GO1!,23/09/2026,16:54,4316.0,4317.5,4316.0,4317.5,42.0
GO1!,23/09/2026,18:50,4312.7,4312.7,4311.0,4311.5,79.0
GO1!,23/09/2026,18:51,4311.9,4312.9,4311.9,4312.9,11.0
GO1!,23/09/2026,18:52,4313.1,4315.3,4313.1,4314.0,87.0
GO1!,23/09/2026,18:53,4314.3,4315.0,4314.0,4314.3,33.0
GO1!,23/09/2026,18:54,4314.0,4314.8,4314.0,4314.8,20.0
GO1!,23/09/2026,18:55,4314.7,4314.7,4314.2,4314.6,7.0
GO1!,23/09/2026,18:56,4314.0,4314.5,4313.7,4313.7,71.0
GO1!,23/09/2026,18:57,4314.0,4314.8,4314.0,4314.8,10.0
GO1!,23/09/2026,18:58,4314.8,4315.0,4314.0,4314.0,14.0
GO1!,23/09/2026,18:59,4314.0,4314.8,4314.0,4314.8,11.0
GO1!,23/09/2026,19:00,4314.7,4318.0,4314.5,4317.1,46.0
GO1!,23/09/2026,19:01,4316.5,4318.5,4316.5,4318.5,25.0
GO1!,23/09/2026,19:02,4318.0,4318.2,4317.8,4318.0,12.0
GO1!,23/09/2026,19:03,4317.5,4318.3,4317.5,4318.0,8.0
GO1!,23/09/2026,19:04,4318.0,4318.7,4317.9,4317.9,12.0
GO1!,23/09/2026,19:05,4317.9,4319.0,4317.9,4318.4,39.0
GO1!,23/09/2026,19:06,4320.0,4320.1,4319.0,4319.0,4.0
GO1!,23/09/2026,19:07,4319.4,4319.7,4319.0,4319.0,9.0
GO1!,23/09/2026,19:08,4318.8,4319.9,4318.8,4319.0,16.0
GO1!,23/09/2026,19:09,4318.5,4318.5,4317.5,4317.9,21.0
GO1!,23/09/2026,19:10,4318.7,4320.3,4318.2,4320.3,60.0
GO1!,23/09/2026,19:11,4321.0,4321.3,4320.7,4320.7,4.0
GO1!,23/09/2026,19:12,4321.4,4322.8,4321.2,4322.8,47.0
GO1!,23/09/2026,19:13,4322.1,4322.1,4320.5,4321.9,6.0
GO1!,23/09/2026,19:14,4321.9,4323.5,4321.9,4323.5,22.0
GO1!,23/09/2026,19:15,4323.2,4323.2,4322.4,4322.5,13.0
GO1!,23/09/2026,19:16,4322.3,4322.3,4320.8,4320.8,11.0
GO1!,23/09/2026,19:17,4320.0,4321.5,4319.7,4319.7,11.0
GO1!,23/09/2026,19:18,4319.5,4319.5,4318.8,4319.0,48.0
GO1!,23/09/2026,19:19,4320.0,4320.6,4319.2,4319.2,27.0
GO1!,23/09/2026,19:20,4319.0,4319.0,4317.6,4317.8,25.0
GO1!,23/09/2026,19:21,4317.1,4317.1,4314.9,4315.6,42.0
GO1!,23/09/2026,19:22,4316.0,4317.5,4316.0,4317.0,12.0
GO1!,23/09/2026,19:23,4317.1,4317.1,4315.8,4316.0,17.0
GO1!,23/09/2026,19:24,4317.8,4318.7,4317.6,4318.7,8.0
GO1!,23/09/2026,19:25,4319.4,4319.4,4318.0,4318.8,15.0
GO1!,23/09/2026,19:26,4318.4,4318.7,4316.8,4316.8,27.0
GO1!,23/09/2026,19:27,4316.9,4317.5,4316.3,4316.3,8.0
GO1!,23/09/2026,19:28,4316.8,4317.1,4315.6,4317.0,31.0
GO1!,23/09/2026,19:29,4316.0,4316.0,4315.9,4315.9,4.0
GO1!,23/09/2026,19:30,4315.5,4315.5,4313.5,4314.0,43.0
GO1!,23/09/2026,19:31,4314.7,4314.7,4313.9,4314.2,8.0
GO1!,23/09/2026,19:32,4314.6,4315.2,4313.0,4313.4,22.0
GO1!,23/09/2026,19:33,4313.5,4313.5,4312.6,4313.3,15.0
GO1!,23/09/2026,19:35,4313.3,4313.3,4312.2,4312.2,5.0
GO1!,23/09/2026,19:36,4312.0,4312.8,4312.0,4312.2,9.0
GO1!,23/09/2026,19:37,4312.3,4312.3,4309.5,4309.6,65.0
GO1!,23/09/2026,19:38,4309.3,4310.6,4308.8,4308.8,39.0
GO1!,23/09/2026,19:39,4309.0,4309.4,4308.3,4308.7,58.0
GO1!,23/09/2026,19:40,4309.3,4309.3,4307.2,4307.2,58.0
GO1!,23/09/2026,19:41,4307.0,4308.5,4307.0,4308.5,22.0
GO1!,23/09/2026,19:42,4307.9,4308.9,4307.6,4308.8,24.0
GO1!,23/09/2026,19:43,4308.5,4310.8,4308.0,4310.8,35.0
GO1!,23/09/2026,19:44,4310.8,4310.8,4309.0,4309.0,25.0
GO1!,23/09/2026,19:45,4308.7,4308.7,4307.0,4308.0,11.0
GO1!,23/09/2026,19:46,4308.9,4309.4,4308.8,4308.8,10.0
GO1!,23/09/2026,19:47,4309.0,4311.4,4308.8,4311.3,31.0
GO1!,23/09/2026,19:48,4311.3,4311.5,4310.0,4310.2,11.0
GO1!,23/09/2026,19:49,4309.0,4309.4,4308.2,4308.9,17.0
GO1!,23/09/2026,19:50,4309.0,4309.1,4308.4,4308.4,17.0
GO1!,23/09/2026,19:51,4308.4,4308.4,4306.7,4307.3,36.0
GO1!,23/09/2026,19:52,4307.0,4307.0,4306.3,4306.6,39.0
GO1!,23/09/2026,19:53,4306.1,4308.3,4306.0,4307.0,33.0
GO1!,23/09/2026,19:54,4306.9,4308.2,4306.9,4308.2,17.0
GO1!,23/09/2026,19:55,4308.5,4310.1,4307.0,4309.5,25.0
GO1!,23/09/2026,19:56,4310.0,4312.5,4309.8,4311.4,32.0
GO1!,23/09/2026,19:57,4312.4,4312.7,4312.0,4312.7,16.0
GO1!,23/09/2026,19:58,4312.0,4313.2,4311.7,4312.7,68.0
GO1!,23/09/2026,19:59,4313.2,4315.0,4313.2,4315.0,38.0
GO1!,23/09/2026,20:00,4315.0,4315.1,4311.0,4312.0,111.0
GO1!,23/09/2026,20:01,4312.0,4314.0,4311.5,4313.4,45.0
GO1!,23/09/2026,20:02,4313.3,4315.4,4313.1,4315.4,21.0
GO1!,23/09/2026,20:03,4314.5,4314.7,4312.0,4313.4,11.0
GO1!,23/09/2026,20:04,4311.8,4311.8,4310.0,4310.9,62.0
GO1!,23/09/2026,20:05,4310.7,4311.0,4309.7,4310.0,65.0
GO1!,23/09/2026,20:06,4310.9,4310.9,4310.0,4310.2,4.0
GO1!,23/09/2026,20:07,4310.4,4310.4,4309.0,4309.0,16.0
GO1!,23/09/2026,20:08,4308.5,4308.5,4306.4,4306.4,41.0
GO1!,23/09/2026,20:09,4307.4,4307.5,4306.8,4306.9,47.0
GO1!,23/09/2026,20:10,4306.8,4307.3,4304.3,4304.4,100.0
GO1!,23/09/2026,20:11,4304.1,4306.3,4303.4,4306.0,55.0
GO1!,23/09/2026,20:12,4306.0,4307.0,4304.7,4306.0,28.0
GO1!,23/09/2026,20:13,4306.0,4307.4,4306.0,4307.0,21.0
GO1!,23/09/2026,20:14,4307.4,4307.7,4306.5,4307.7,9.0
GO1!,23/09/2026,20:15,4307.6,4310.7,4307.6,4310.7,29.0
GO1!,23/09/2026,20:16,4310.5,4310.6,4308.5,4308.7,6.0
GO1!,23/09/2026,20:18,4308.1,4308.6,4307.1,4307.1,17.0
GO1!,23/09/2026,20:19,4307.3,4308.0,4307.3,4307.9,18.0
GO1!,23/09/2026,20:20,4308.0,4309.6,4308.0,4309.6,18.0
GO1!,23/09/2026,20:21,4309.3,4310.4,4308.8,4309.1,28.0
GO1!,23/09/2026,20:22,4309.9,4310.0,4309.6,4309.6,6.0
GO1!,23/09/2026,20:23,4310.0,4310.6,4309.4,4309.4,10.0
GO1!,23/09/2026,20:24,4311.0,4311.6,4310.2,4310.2,26.0
GO1!,23/09/2026,20:25,4309.6,4313.1,4309.6,4312.5,40.0
GO1!,23/09/2026,20:26,4313.0,4313.0,4312.8,4312.8,6.0
GO1!,23/09/2026,20:27,4313.3,4315.7,4313.3,4315.1,21.0
GO1!,23/09/2026,20:28,4315.1,4316.0,4315.0,4316.0,13.0
GO1!,23/09/2026,20:29,4316.3,4317.1,4316.0,4317.0,39.0
GO1!,23/09/2026,20:30,4317.6,4318.2,4313.2,4313.2,63.0
GO1!,23/09/2026,20:31,4312.8,4313.0,4309.4,4309.4,19.0
GO1!,23/09/2026,20:32,4309.4,4310.3,4308.0,4308.1,39.0
GO1!,23/09/2026,20:33,4309.0,4309.0,4307.5,4307.7,13.0
GO1!,23/09/2026,20:34,4307.5,4307.7,4305.9,4305.9,33.0
GO1!,23/09/2026,20:35,4306.1,4307.0,4303.8,4304.7,75.0
GO1!,23/09/2026,20:36,4305.3,4309.5,4305.2,4309.5,74.0
GO1!,23/09/2026,20:37,4308.5,4308.6,4306.3,4306.3,20.0
GO1!,23/09/2026,20:38,4307.2,4309.7,4306.6,4308.7,23.0
GO1!,23/09/2026,20:39,4308.0,4308.1,4307.6,4308.1,21.0
GO1!,23/09/2026,20:40,4307.4,4309.0,4307.3,4307.3,17.0
GO1!,23/09/2026,20:41,4307.1,4307.1,4303.7,4303.7,36.0
GO1!,23/09/2026,20:42,4304.3,4304.3,4292.2,4292.6,488.0
GO1!,23/09/2026,20:43,4292.9,4296.3,4292.0,4294.7,66.0
GO1!,23/09/2026,20:44,4294.2,4298.1,4294.2,4298.1,10.0
GO1!,23/09/2026,20:45,4297.7,4297.7,4289.4,4289.5,198.0
GO1!,23/09/2026,20:46,4289.1,4290.8,4287.7,4289.0,117.0
GO1!,23/09/2026,20:47,4289.6,4290.0,4286.0,4289.1,134.0
GO1!,23/09/2026,20:48,4288.8,4291.4,4288.8,4289.1,82.0
GO1!,23/09/2026,20:49,4289.0,4290.0,4287.3,4289.2,55.0
GO1!,23/09/2026,20:50,4289.9,4294.0,4289.5,4292.0,84.0
GO1!,23/09/2026,20:51,4291.6,4292.4,4289.8,4290.9,39.0
GO1!,23/09/2026,20:52,4290.4,4291.5,4288.0,4291.5,40.0
GO1!,23/09/2026,20:53,4290.5,4291.3,4287.7,4287.7,41.0
GO1!,23/09/2026,20:54,4287.6,4288.8,4287.5,4287.9,41.0
GO1!,23/09/2026,20:55,4288.1,4290.0,4286.6,4287.1,48.0
GO1!,23/09/2026,20:56,4287.0,4289.6,4286.9,4288.3,33.0
GO1!,23/09/2026,20:57,4289.4,4291.5,4288.8,4291.3,52.0
GO1!,23/09/2026,20:58,4292.0,4292.0,4290.0,4290.9,39.0
GO1!,23/09/2026,20:59,4291.2,4291.2,4288.8,4288.9,42.0
GO1!,23/09/2026,21:00,4289.3,4295.0,4288.8,4294.1,75.0
GO1!,23/09/2026,21:01,4293.4,4295.5,4292.4,4295.2,198.0
GO1!,23/09/2026,21:02,4294.6,4296.1,4293.0,4294.3,101.0
GO1!,23/09/2026,21:03,4293.7,4295.3,4293.6,4293.6,26.0
GO1!,23/09/2026,21:04,4293.8,4297.0,4293.8,4295.1,156.0
GO1!,23/09/2026,21:05,4295.0,4295.0,4291.8,4292.3,50.0
GO1!,23/09/2026,21:06,4292.6,4293.7,4291.8,4293.7,14.0
GO1!,23/09/2026,21:07,4292.8,4293.7,4292.1,4293.4,13.0
GO1!,23/09/2026,21:08,4294.0,4297.9,4293.7,4297.5,19.0
GO1!,23/09/2026,21:09,4297.9,4298.5,4296.8,4296.8,9.0
GO1!,23/09/2026,21:10,4296.9,4296.9,4292.0,4292.5,30.0
GO1!,23/09/2026,21:11,4293.0,4293.4,4289.8,4291.0,66.0
GO1!,23/09/2026,21:12,4291.5,4293.0,4290.5,4290.5,23.0
GO1!,23/09/2026,21:13,4290.1,4290.8,4288.8,4290.6,29.0
GO1!,23/09/2026,21:14,4289.0,4290.2,4287.4,4290.2,29.0
GO1!,23/09/2026,21:15,4288.6,4292.7,4287.9,4290.3,48.0
GO1!,23/09/2026,21:16,4290.7,4292.0,4289.8,4291.1,42.0
GO1!,23/09/2026,21:17,4290.7,4290.7,4285.5,4285.6,45.0
GO1!,23/09/2026,21:18,4285.6,4287.0,4285.0,4285.1,58.0
GO1!,23/09/2026,21:19,4285.4,4286.5,4283.2,4283.2,30.0
GO1!,23/09/2026,21:20,4284.5,4286.8,4284.5,4286.7,34.0
GO1!,23/09/2026,21:21,4286.1,4287.3,4284.5,4287.2,35.0
GO1!,23/09/2026,21:22,4287.0,4288.0,4283.9,4287.7,22.0
GO1!,23/09/2026,21:23,4287.4,4288.6,4286.3,4287.6,23.0
GO1!,23/09/2026,21:24,4287.7,4289.4,4287.0,4289.4,12.0
GO1!,23/09/2026,21:25,4289.9,4290.0,4286.8,4287.5,62.0
GO1!,23/09/2026,21:26,4284.8,4286.3,4284.2,4284.6,15.0
GO1!,23/09/2026,21:27,4285.0,4285.6,4282.9,4282.9,20.0
GO1!,23/09/2026,21:28,4283.4,4285.8,4282.6,4285.8,22.0
GO1!,23/09/2026,21:29,4285.0,4285.1,4283.7,4284.7,10.0
GO1!,23/09/2026,21:30,4285.1,4290.3,4285.1,4287.8,52.0
GO1!,23/09/2026,21:31,4287.4,4289.7,4287.0,4287.5,13.0
GO1!,23/09/2026,21:32,4289.2,4291.2,4288.3,4290.0,23.0
GO1!,23/09/2026,21:33,4291.4,4294.6,4291.0,4294.4,17.0
GO1!,23/09/2026,21:34,4293.6,4295.5,4293.6,4294.0,20.0
GO1!,23/09/2026,21:35,4294.4,4295.1,4294.4,4295.1,5.0
GO1!,23/09/2026,21:36,4294.7,4295.5,4292.9,4293.2,28.0
GO1!,23/09/2026,21:37,4294.0,4296.9,4291.7,4293.0,86.0
GO1!,23/09/2026,21:38,4291.6,4293.0,4291.0,4291.3,17.0
GO1!,23/09/2026,21:39,4291.7,4291.7,4288.2,4288.2,9.0
GO1!,23/09/2026,21:40,4287.8,4288.5,4287.8,4288.5,5.0
GO1!,23/09/2026,21:41,4290.5,4291.8,4290.0,4290.7,18.0
GO1!,23/09/2026,21:42,4292.3,4292.6,4290.9,4292.0,5.0
GO1!,23/09/2026,21:43,4291.2,4292.7,4290.8,4292.7,12.0
GO1!,23/09/2026,21:44,4292.2,4292.2,4291.7,4291.7,4.0
GO1!,23/09/2026,21:45,4290.8,4291.3,4290.6,4291.1,9.0
GO1!,23/09/2026,21:46,4290.7,4291.5,4290.0,4290.6,22.0
GO1!,23/09/2026,21:47,4291.1,4293.1,4291.1,4291.6,31.0
GO1!,23/09/2026,21:48,4293.0,4293.0,4290.0,4290.5,12.0
GO1!,23/09/2026,21:49,4289.8,4292.0,4289.8,4291.2,10.0
GO1!,23/09/2026,21:50,4290.8,4291.2,4289.3,4289.3,10.0
GO1!,23/09/2026,21:51,4290.5,4296.7,4290.5,4294.3,113.0
GO1!,23/09/2026,21:52,4294.5,4298.0,4294.5,4297.6,47.0
GO1!,23/09/2026,21:53,4298.0,4302.8,4297.9,4301.9,183.0
GO1!,23/09/2026,21:54,4302.0,4302.9,4300.2,4301.6,66.0
GO1!,23/09/2026,21:55,4301.3,4301.4,4297.8,4301.0,64.0
GO1!,23/09/2026,21:56,4300.4,4300.5,4297.0,4297.3,19.0
GO1!,23/09/2026,21:57,4297.8,4299.8,4297.2,4299.8,13.0
GO1!,23/09/2026,21:58,4297.0,4297.2,4295.9,4296.4,27.0
GO1!,23/09/2026,21:59,4296.5,4298.2,4296.1,4298.1,8.0
GO1!,23/09/2026,22:00,4299.3,4299.3,4296.0,4296.0,34.0
GO1!,23/09/2026,22:01,4298.1,4300.0,4297.0,4297.0,30.0
GO1!,23/09/2026,22:02,4297.5,4298.3,4297.1,4298.3,5.0
GO1!,23/09/2026,22:03,4297.8,4298.2,4297.0,4297.3,22.0
GO1!,23/09/2026,22:04,4297.5,4297.5,4294.8,4295.4,37.0
GO1!,23/09/2026,22:05,4295.0,4296.1,4295.0,4296.1,18.0
GO1!,23/09/2026,22:06,4296.7,4296.7,4296.7,4296.7,1.0
GO1!,23/09/2026,22:07,4295.4,4297.7,4295.4,4297.7,12.0
GO1!,23/09/2026,22:08,4298.1,4300.0,4298.1,4299.4,13.0
GO1!,23/09/2026,22:09,4299.0,4299.5,4299.0,4299.5,9.0
GO1!,23/09/2026,22:10,4299.5,4302.3,4299.5,4302.3,26.0
GO1!,23/09/2026,22:11,4300.2,4300.3,4299.4,4300.0,5.0
GO1!,23/09/2026,22:12,4300.7,4301.4,4300.7,4301.4,8.0
GO1!,23/09/2026,22:13,4300.0,4300.1,4299.4,4299.6,7.0
GO1!,23/09/2026,22:14,4299.9,4300.4,4299.2,4299.2,29.0
GO1!,23/09/2026,22:15,4299.2,4299.7,4297.9,4297.9,12.0
GO1!,23/09/2026,22:16,4297.8,4297.8,4297.5,4297.5,3.0
GO1!,23/09/2026,22:17,4297.1,4297.1,4294.8,4295.7,15.0
GO1!,23/09/2026,22:18,4295.3,4296.3,4295.2,4296.3,35.0
GO1!,23/09/2026,22:19,4295.9,4297.4,4295.9,4297.3,11.0
GO1!,23/09/2026,22:20,4297.5,4298.2,4297.0,4297.0,15.0
GO1!,23/09/2026,22:21,4296.7,4297.1,4295.5,4295.5,29.0
GO1!,23/09/2026,22:22,4296.0,4297.4,4295.7,4297.4,15.0
GO1!,23/09/2026,22:23,4298.5,4298.6,4296.3,4296.3,12.0
GO1!,23/09/2026,22:24,4296.0,4296.3,4295.9,4296.3,31.0
GO1!,23/09/2026,22:25,4297.8,4298.3,4297.3,4297.3,5.0
GO1!,23/09/2026,22:26,4297.8,4298.6,4294.6,4295.2,27.0
GO1!,23/09/2026,22:27,4295.4,4295.6,4294.3,4294.3,7.0
GO1!,23/09/2026,22:28,4294.0,4294.0,4290.8,4290.8,21.0
GO1!,23/09/2026,22:29,4291.1,4291.1,4288.0,4288.9,16.0
GO1!,23/09/2026,22:30,4288.3,4289.0,4287.0,4289.0,21.0
GO1!,23/09/2026,22:31,4288.6,4288.6,4286.8,4287.0,57.0
GO1!,23/09/2026,22:32,4287.3,4287.4,4287.0,4287.0,4.0
GO1!,23/09/2026,22:33,4287.6,4288.1,4286.0,4286.0,9.0
GO1!,23/09/2026,22:34,4285.5,4288.7,4285.0,4288.7,29.0
GO1!,23/09/2026,22:35,4287.3,4290.0,4287.3,4289.7,14.0
GO1!,23/09/2026,22:36,4289.0,4289.9,4287.7,4287.7,31.0
GO1!,23/09/2026,22:37,4287.0,4287.2,4286.0,4286.2,16.0
GO1!,23/09/2026,22:38,4287.0,4287.1,4286.0,4286.0,21.0
GO1!,23/09/2026,22:39,4286.0,4286.6,4283.6,4283.8,23.0
GO1!,23/09/2026,22:40,4283.6,4285.0,4283.6,4284.0,23.0
GO1!,23/09/2026,22:41,4285.0,4285.0,4284.0,4284.1,42.0
GO1!,23/09/2026,22:42,4284.4,4287.2,4284.4,4287.2,15.0
GO1!,23/09/2026,22:43,4287.5,4287.5,4287.5,4287.5,1.0
GO1!,23/09/2026,22:44,4288.0,4289.5,4287.7,4288.8,32.0
GO1!,23/09/2026,22:45,4288.5,4289.6,4288.5,4289.6,25.0
GO1!,23/09/2026,22:47,4289.0,4289.0,4287.1,4287.1,12.0
GO1!,23/09/2026,22:48,4287.3,4287.9,4285.8,4285.8,27.0
GO1!,23/09/2026,22:49,4284.9,4284.9,4281.7,4283.0,81.0
GO1!,23/09/2026,22:50,4282.5,4284.5,4282.5,4283.7,7.0
GO1!,23/09/2026,22:51,4284.5,4285.2,4283.0,4285.1,47.0
GO1!,23/09/2026,22:52,4284.8,4285.8,4284.8,4285.3,7.0
GO1!,23/09/2026,22:53,4285.0,4285.4,4284.9,4285.2,15.0
GO1!,23/09/2026,22:55,4286.2,4286.4,4285.8,4286.4,7.0
GO1!,23/09/2026,22:56,4286.2,4286.2,4286.2,4286.2,1.0
GO1!,23/09/2026,22:58,4286.8,4287.4,4286.8,4287.4,39.0
GO1!,23/09/2026,22:59,4287.4,4287.4,4286.3,4286.7,26.0
GO1!,23/09/2026,23:00,4287.0,4287.8,4287.0,4287.8,14.0
GO1!,23/09/2026,23:01,4286.8,4287.2,4286.2,4286.2,5.0
GO1!,23/09/2026,23:02,4286.0,4286.0,4285.0,4285.0,14.0
GO1!,23/09/2026,23:04,4284.9,4285.0,4284.0,4284.8,23.0
GO1!,23/09/2026,23:05,4284.0,4285.8,4283.7,4285.8,14.0
GO1!,23/09/2026,23:06,4284.7,4285.5,4284.7,4285.5,3.0
GO1!,23/09/2026,23:07,4285.6,4287.9,4285.6,4287.9,7.0
GO1!,23/09/2026,23:08,4288.8,4289.2,4288.8,4289.2,5.0
GO1!,23/09/2026,23:10,4287.2,4287.2,4287.0,4287.0,4.0
GO1!,23/09/2026,23:12,4288.3,4288.6,4287.9,4288.6,5.0
GO1!,23/09/2026,23:13,4288.4,4288.4,4288.4,4288.4,1.0
GO1!,23/09/2026,23:14,4288.0,4288.0,4288.0,4288.0,1.0
GO1!,23/09/2026,23:15,4288.8,4288.8,4288.8,4288.8,1.0
GO1!,23/09/2026,23:16,4289.2,4290.1,4289.2,4290.1,7.0
GO1!,23/09/2026,23:19,4288.0,4288.4,4288.0,4288.4,6.0
GO1!,23/09/2026,23:20,4289.0,4289.0,4289.0,4289.0,1.0
GO1!,23/09/2026,23:21,4289.2,4289.2,4289.0,4289.1,13.0
GO1!,23/09/2026,23:22,4289.2,4289.2,4289.2,4289.2,1.0
GO1!,23/09/2026,23:25,4288.0,4289.8,4288.0,4289.8,15.0
GO1!,23/09/2026,23:26,4290.3,4290.5,4290.1,4290.2,4.0
GO1!,23/09/2026,23:27,4289.9,4290.0,4289.9,4290.0,3.0
GO1!,23/09/2026,23:28,4289.5,4290.5,4289.5,4290.5,17.0
GO1!,23/09/2026,23:29,4290.0,4290.3,4289.6,4290.2,8.0
GO1!,23/09/2026,23:30,4291.0,4292.0,4291.0,4291.3,8.0
GO1!,23/09/2026,23:31,4291.0,4291.0,4291.0,4291.0,1.0
GO1!,23/09/2026,23:32,4291.0,4291.0,4291.0,4291.0,1.0
GO1!,23/09/2026,23:33,4291.8,4292.1,4291.8,4292.1,14.0
GO1!,23/09/2026,23:34,4292.6,4293.0,4292.0,4292.0,13.0
GO1!,23/09/2026,23:35,4292.2,4292.2,4291.8,4291.8,3.0
GO1!,23/09/2026,23:36,4291.9,4293.2,4291.9,4292.8,10.0
GO1!,23/09/2026,23:37,4293.3,4294.0,4293.2,4293.2,24.0
GO1!,23/09/2026,23:38,4294.0,4294.6,4294.0,4294.6,8.0
GO1!,23/09/2026,23:39,4294.1,4294.1,4293.0,4293.0,5.0
GO1!,23/09/2026,23:40,4292.1,4293.0,4292.0,4293.0,5.0
GO1!,23/09/2026,23:41,4292.6,4292.6,4292.5,4292.5,4.0
GO1!,23/09/2026,23:42,4292.0,4292.3,4292.0,4292.3,5.0
GO1!,23/09/2026,23:43,4292.0,4292.5,4292.0,4292.5,3.0
GO1!,23/09/2026,23:45,4291.6,4291.6,4289.1,4290.0,37.0
GO1!,23/09/2026,23:46,4290.9,4290.9,4290.9,4290.9,1.0
GO1!,23/09/2026,23:47,4291.1,4291.1,4291.1,4291.1,1.0
GO1!,23/09/2026,23:48,4289.0,4289.0,4289.0,4289.0,1.0
GO1!,23/09/2026,23:49,4289.1,4289.1,4286.7,4286.8,9.0
GO1!,23/09/2026,23:50,4288.3,4289.0,4287.7,4288.8,9.0
GO1!,23/09/2026,23:51,4287.9,4287.9,4286.3,4286.3,16.0
GO1!,23/09/2026,23:52,4286.0,4286.6,4285.1,4285.1,10.0
GO1!,23/09/2026,23:53,4284.6,4286.4,4284.0,4286.4,9.0
GO1!,23/09/2026,23:54,4287.3,4288.5,4287.3,4288.1,11.0
GO1!,23/09/2026,23:55,4289.0,4289.0,4289.0,4289.0,1.0
GO1!,23/09/2026,23:56,4288.6,4289.8,4288.6,4289.8,4.0
GO1!,23/09/2026,23:57,4289.8,4289.8,4289.4,4289.4,4.0
GO1!,23/09/2026,23:58,4289.3,4290.5,4289.3,4290.5,46.0
GO1!,23/09/2026,23:59,4290.6,4291.2,4290.3,4290.3,30.0
GO1!,24/09/2026,00:00,4290.4,4290.4,4289.8,4289.8,6.0
GO1!,24/09/2026,00:01,4290.1,4290.3,4289.9,4289.9,4.0
GO1!,24/09/2026,00:02,4289.2,4289.7,4280.5,4281.4,145.0
GO1!,24/09/2026,00:03,4282.3,4285.3,4281.5,4281.8,28.0
GO1!,24/09/2026,00:04,4282.6,4283.9,4282.6,4282.9,14.0
GO1!,24/09/2026,00:05,4283.6,4285.7,4283.6,4285.2,18.0
GO1!,24/09/2026,00:06,4284.6,4285.5,4284.2,4285.5,4.0
GO1!,24/09/2026,00:07,4285.7,4286.0,4284.8,4286.0,21.0
GO1!,24/09/2026,00:08,4286.0,4287.8,4286.0,4287.8,5.0
GO1!,24/09/2026,00:09,4286.7,4286.9,4286.7,4286.9,2.0
GO1!,24/09/2026,00:11,4289.0,4289.7,4289.0,4289.7,2.0
GO1!,24/09/2026,00:12,4284.1,4284.1,4284.1,4284.1,1.0
GO1!,24/09/2026,00:13,4283.8,4283.8,4283.3,4283.3,3.0
GO1!,24/09/2026,00:15,4283.6,4284.0,4282.0,4282.0,11.0
GO1!,24/09/2026,00:16,4282.3,4283.9,4282.1,4283.7,22.0
GO1!,24/09/2026,00:17,4283.3,4285.1,4283.3,4285.1,6.0
GO1!,24/09/2026,00:18,4285.1,4285.2,4285.0,4285.2,12.0
GO1!,24/09/2026,00:19,4285.1,4285.5,4285.1,4285.5,2.0
GO1!,24/09/2026,00:20,4285.5,4287.5,4285.5,4287.4,5.0
GO1!,24/09/2026,00:21,4287.1,4288.0,4287.0,4288.0,14.0
GO1!,24/09/2026,00:22,4287.8,4287.8,4287.5,4287.5,3.0
GO1!,24/09/2026,00:23,4288.2,4289.1,4288.2,4289.1,8.0
GO1!,24/09/2026,00:24,4288.6,4288.6,4287.3,4287.3,11.0
GO1!,24/09/2026,00:26,4286.8,4286.8,4286.8,4286.8,1.0
GO1!,24/09/2026,00:27,4287.0,4287.0,4286.0,4286.0,3.0
GO1!,24/09/2026,00:28,4286.5,4287.7,4286.0,4286.6,9.0
GO1!,24/09/2026,00:29,4287.2,4287.3,4286.5,4287.3,9.0
GO1!,24/09/2026,00:30,4287.1,4287.1,4286.9,4286.9,3.0
GO1!,24/09/2026,00:31,4286.6,4286.6,4284.2,4284.2,7.0
GO1!,24/09/2026,00:32,4282.5,4282.5,4282.5,4282.5,1.0
GO1!,24/09/2026,00:33,4283.1,4283.9,4283.0,4283.9,8.0
GO1!,24/09/2026,00:34,4284.5,4285.1,4284.5,4285.0,3.0
GO1!,24/09/2026,00:35,4285.1,4285.1,4284.6,4284.6,3.0
GO1!,24/09/2026,00:36,4283.2,4283.2,4283.2,4283.2,1.0
GO1!,24/09/2026,00:37,4283.8,4285.5,4283.8,4285.2,4.0
GO1!,24/09/2026,00:39,4284.7,4284.7,4281.0,4281.2,11.0
GO1!,24/09/2026,00:40,4281.3,4284.5,4279.3,4284.2,154.0
GO1!,24/09/2026,00:41,4284.4,4288.5,4284.4,4288.0,68.0
GO1!,24/09/2026,00:42,4289.0,4291.1,4288.0,4291.1,46.0
GO1!,24/09/2026,00:43,4291.2,4292.1,4290.7,4292.0,17.0
GO1!,24/09/2026,00:44,4292.0,4294.3,4290.3,4293.0,19.0
GO1!,24/09/2026,00:45,4292.7,4294.0,4292.7,4293.0,11.0
GO1!,24/09/2026,00:46,4294.1,4294.3,4294.1,4294.3,4.0
GO1!,24/09/2026,00:47,4292.8,4295.5,4292.8,4295.5,32.0
GO1!,24/09/2026,00:48,4294.3,4294.3,4293.8,4293.8,2.0
GO1!,24/09/2026,00:49,4294.0,4295.4,4294.0,4295.4,9.0
GO1!,24/09/2026,00:50,4296.0,4296.4,4295.0,4295.1,11.0
GO1!,24/09/2026,00:51,4293.6,4294.3,4293.5,4294.3,7.0
GO1!,24/09/2026,00:53,4295.1,4296.4,4295.1,4296.0,9.0
GO1!,24/09/2026,00:54,4296.1,4296.1,4295.7,4296.0,7.0
GO1!,24/09/2026,00:55,4296.0,4296.2,4293.7,4293.7,4.0
GO1!,24/09/2026,00:56,4293.5,4294.2,4293.5,4294.2,4.0
GO1!,24/09/2026,00:57,4295.8,4296.0,4295.8,4296.0,2.0
GO1!,24/09/2026,00:58,4296.8,4297.3,4296.7,4297.1,30.0
GO1!,24/09/2026,00:59,4297.0,4297.0,4297.0,4297.0,1.0
GO1!,24/09/2026,01:00,4297.5,4297.5,4297.5,4297.5,1.0
GO1!,24/09/2026,01:01,4297.9,4299.0,4297.9,4298.7,18.0
GO1!,24/09/2026,01:02,4298.9,4298.9,4298.0,4298.0,6.0
GO1!,24/09/2026,01:04,4295.9,4295.9,4294.9,4295.1,15.0
GO1!,24/09/2026,01:05,4294.0,4294.0,4294.0,4294.0,1.0
GO1!,24/09/2026,01:06,4295.0,4295.0,4295.0,4295.0,1.0
GO1!,24/09/2026,01:07,4294.7,4294.7,4294.6,4294.6,2.0
GO1!,24/09/2026,01:09,4295.0,4295.0,4295.0,4295.0,1.0
GO1!,24/09/2026,01:10,4294.2,4294.2,4294.1,4294.1,2.0
GO1!,24/09/2026,01:11,4294.2,4294.2,4294.2,4294.2,1.0
GO1!,24/09/2026,01:12,4293.2,4293.2,4293.2,4293.2,2.0
GO1!,24/09/2026,01:13,4293.3,4293.6,4293.0,4293.6,9.0
GO1!,24/09/2026,01:15,4293.5,4293.5,4293.5,4293.5,1.0
GO1!,24/09/2026,01:16,4294.4,4294.4,4293.3,4293.3,8.0
GO1!,24/09/2026,01:17,4294.9,4295.0,4294.9,4295.0,2.0
GO1!,24/09/2026,01:18,4294.9,4295.5,4294.9,4295.3,7.0
GO1!,24/09/2026,01:19,4295.6,4295.6,4294.9,4295.1,13.0
GO1!,24/09/2026,01:20,4294.7,4294.7,4294.6,4294.6,8.0
GO1!,24/09/2026,01:21,4294.6,4294.6,4292.3,4292.3,2.0
GO1!,24/09/2026,01:22,4293.2,4293.3,4292.9,4293.1,7.0
GO1!,24/09/2026,01:25,4292.1,4292.3,4291.6,4291.6,4.0
GO1!,24/09/2026,01:26,4291.9,4292.0,4291.0,4291.0,14.0
GO1!,24/09/2026,01:27,4290.3,4290.3,4290.1,4290.1,3.0
GO1!,24/09/2026,01:28,4290.0,4290.1,4289.0,4289.0,7.0
GO1!,24/09/2026,01:29,4288.8,4290.8,4288.2,4290.6,4.0
GO1!,24/09/2026,01:32,4290.6,4290.6,4290.6,4290.6,2.0
GO1!,24/09/2026,01:34,4291.0,4291.0,4291.0,4291.0,1.0
GO1!,24/09/2026,01:35,4291.6,4291.6,4291.6,4291.6,2.0
GO1!,24/09/2026,01:38,4290.2,4290.2,4290.2,4290.2,1.0
GO1!,24/09/2026,01:41,4289.9,4289.9,4289.9,4289.9,1.0
GO1!,24/09/2026,01:43,4290.1,4290.1,4290.0,4290.0,2.0
GO1!,24/09/2026,01:44,4289.6,4289.6,4289.6,4289.6,1.0
GO1!,24/09/2026,01:45,4289.0,4289.2,4287.9,4289.0,8.0
GO1!,24/09/2026,01:46,4289.0,4289.0,4289.0,4289.0,1.0
GO1!,24/09/2026,01:49,4291.4,4291.4,4291.4,4291.4,1.0
GO1!,24/09/2026,01:50,4292.0,4292.6,4292.0,4292.6,12.0
GO1!,24/09/2026,01:51,4292.5,4292.5,4292.5,4292.5,1.0
GO1!,24/09/2026,01:53,4292.6,4292.6,4292.1,4292.1,4.0
GO1!,24/09/2026,01:54,4292.8,4292.8,4292.8,4292.8,1.0
GO1!,24/09/2026,01:55,4294.1,4294.1,4294.1,4294.1,1.0
GO1!,24/09/2026,01:57,4293.9,4294.6,4293.9,4294.6,2.0
GO1!,24/09/2026,01:58,4294.0,4294.0,4294.0,4294.0,1.0
GO1!,24/09/2026,01:59,4294.7,4295.6,4294.7,4295.6,4.0
GO1!,24/09/2026,02:00,4294.2,4294.2,4294.2,4294.2,1.0
GO1!,24/09/2026,02:02,4295.3,4295.3,4295.3,4295.3,1.0
GO1!,24/09/2026,02:03,4294.9,4294.9,4294.9,4294.9,1.0
GO1!,24/09/2026,02:04,4293.3,4293.3,4293.3,4293.3,1.0
GO1!,24/09/2026,02:06,4295.0,4295.0,4294.9,4294.9,2.0
GO1!,24/09/2026,02:07,4295.5,4297.0,4295.5,4297.0,4.0
GO1!,24/09/2026,02:09,4295.7,4295.7,4295.7,4295.7,1.0
GO1!,24/09/2026,02:12,4293.6,4294.0,4292.4,4292.4,6.0
GO1!,24/09/2026,02:13,4292.2,4292.2,4290.6,4290.6,6.0
GO1!,24/09/2026,02:14,4290.4,4290.4,4290.4,4290.4,1.0
GO1!,24/09/2026,02:15,4289.8,4290.4,4289.3,4289.3,6.0
GO1!,24/09/2026,02:16,4288.1,4288.6,4288.1,4288.6,2.0
GO1!,24/09/2026,02:17,4289.9,4289.9,4289.9,4289.9,2.0
GO1!,24/09/2026,02:18,4290.1,4290.1,4290.1,4290.1,1.0
GO1!,24/09/2026,02:19,4289.4,4289.4,4289.1,4289.1,3.0
GO1!,24/09/2026,02:21,4288.7,4288.7,4288.5,4288.7,6.0
GO1!,24/09/2026,02:22,4288.7,4288.7,4288.7,4288.7,1.0
GO1!,24/09/2026,02:23,4289.3,4290.0,4289.3,4289.7,3.0
GO1!,24/09/2026,02:25,4290.7,4290.7,4290.7,4290.7,2.0
GO1!,24/09/2026,02:26,4289.6,4289.6,4289.5,4289.5,2.0
GO1!,24/09/2026,02:27,4291.1,4291.1,4291.1,4291.1,1.0
GO1!,24/09/2026,02:29,4292.0,4292.0,4291.6,4291.6,2.0
GO1!,24/09/2026,02:31,4291.2,4291.2,4291.2,4291.2,1.0
GO1!,24/09/2026,02:33,4289.4,4289.4,4289.4,4289.4,1.0
GO1!,24/09/2026,02:34,4290.7,4290.8,4290.7,4290.8,3.0
GO1!,24/09/2026,02:36,4290.4,4290.4,4288.9,4288.9,7.0
GO1!,24/09/2026,02:37,4289.1,4289.1,4288.0,4288.0,3.0
GO1!,24/09/2026,02:38,4287.1,4287.1,4286.4,4286.4,7.0
GO1!,24/09/2026,02:39,4286.6,4286.6,4286.6,4286.6,1.0
GO1!,24/09/2026,02:40,4287.6,4287.6,4287.4,4287.4,2.0
GO1!,24/09/2026,02:41,4288.9,4289.7,4288.9,4289.7,2.0
GO1!,24/09/2026,02:42,4288.0,4288.0,4288.0,4288.0,1.0
GO1!,24/09/2026,02:43,4287.4,4287.7,4287.4,4287.5,3.0
GO1!,24/09/2026,02:44,4287.5,4287.5,4287.1,4287.3,4.0
GO1!,24/09/2026,02:45,4289.2,4289.2,4288.5,4288.5,2.0
GO1!,24/09/2026,02:48,4290.5,4291.6,4290.5,4291.6,3.0
GO1!,24/09/2026,02:49,4291.9,4291.9,4291.9,4291.9,1.0
GO1!,24/09/2026,02:50,4292.0,4292.0,4290.5,4290.5,7.0
GO1!,24/09/2026,02:52,4290.0,4290.0,4290.0,4290.0,1.0
GO1!,24/09/2026,02:53,4290.0,4290.0,4290.0,4290.0,13.0
GO1!,24/09/2026,02:54,4289.6,4290.2,4289.0,4289.0,21.0
GO1!,24/09/2026,02:55,4288.8,4288.8,4288.0,4288.8,20.0
GO1!,24/09/2026,02:56,4288.0,4288.8,4287.5,4288.8,6.0
GO1!,24/09/2026,02:57,4288.8,4289.0,4287.7,4287.7,6.0
GO1!,24/09/2026,02:58,4288.3,4288.9,4288.0,4288.0,6.0
GO1!,24/09/2026,02:59,4287.9,4288.9,4287.3,4288.9,5.0
GO1!,24/09/2026,09:45,4297.7,4298.8,4296.7,4296.7,60.0
GO1!,24/09/2026,09:46,4296.9,4297.2,4296.2,4296.7,17.0
GO1!,24/09/2026,09:47,4297.2,4297.2,4296.2,4296.2,8.0
GO1!,24/09/2026,09:48,4297.2,4297.7,4295.2,4295.2,40.0
GO1!,24/09/2026,09:49,4295.0,4295.3,4294.3,4295.3,6.0
GO1!,24/09/2026,09:50,4295.1,4295.1,4292.5,4292.5,21.0
GO1!,24/09/2026,09:51,4293.0,4293.5,4292.0,4292.0,29.0
GO1!,24/09/2026,09:52,4291.4,4292.0,4290.4,4291.0,15.0
GO1!,24/09/2026,09:53,4290.8,4291.6,4290.6,4291.2,47.0
GO1!,24/09/2026,09:54,4291.5,4292.9,4291.5,4292.7,21.0
GO1!,24/09/2026,09:55,4293.7,4295.5,4293.7,4295.5,19.0
GO1!,24/09/2026,09:56,4294.8,4295.3,4294.5,4294.8,33.0
GO1!,24/09/2026,09:57,4295.4,4295.4,4294.4,4294.5,16.0
GO1!,24/09/2026,09:58,4294.4,4294.4,4293.9,4293.9,6.0
GO1!,24/09/2026,09:59,4294.2,4294.5,4293.2,4293.3,24.0
GO1!,24/09/2026,10:00,4293.2,4295.5,4293.2,4294.7,20.0
GO1!,24/09/2026,10:01,4295.0,4296.5,4295.0,4295.6,17.0
GO1!,24/09/2026,10:02,4295.6,4296.4,4292.9,4292.9,17.0
GO1!,24/09/2026,10:03,4293.4,4294.3,4293.4,4294.2,21.0
GO1!,24/09/2026,10:04,4294.5,4294.5,4293.0,4293.0,21.0
GO1!,24/09/2026,10:05,4292.6,4293.0,4290.5,4291.3,13.0
GO1!,24/09/2026,10:06,4291.0,4291.0,4289.0,4289.1,15.0
GO1!,24/09/2026,10:07,4289.1,4289.1,4288.6,4289.0,10.0
GO1!,24/09/2026,10:08,4289.0,4290.0,4289.0,4289.6,14.0
GO1!,24/09/2026,10:09,4290.0,4290.2,4289.5,4289.8,14.0
GO1!,24/09/2026,10:10,4289.4,4289.7,4289.2,4289.6,10.0
GO1!,24/09/2026,10:11,4289.1,4289.4,4289.0,4289.1,10.0
GO1!,24/09/2026,10:12,4289.4,4289.4,4289.0,4289.0,2.0
GO1!,24/09/2026,10:13,4289.5,4291.1,4289.5,4291.1,7.0
GO1!,24/09/2026,10:14,4291.0,4291.0,4290.5,4290.5,7.0
GO1!,24/09/2026,10:15,4290.6,4290.6,4290.6,4290.6,2.0
GO1!,24/09/2026,10:16,4291.0,4291.3,4290.5,4290.7,8.0
GO1!,24/09/2026,10:17,4291.3,4291.7,4291.3,4291.7,7.0
GO1!,24/09/2026,10:18,4292.2,4292.8,4292.0,4292.8,13.0
GO1!,24/09/2026,10:19,4293.0,4293.1,4291.3,4291.5,32.0
GO1!,24/09/2026,10:20,4291.2,4291.7,4290.5,4290.6,9.0
GO1!,24/09/2026,10:21,4290.0,4290.3,4290.0,4290.3,2.0
GO1!,24/09/2026,10:22,4291.0,4291.0,4291.0,4291.0,2.0
GO1!,24/09/2026,10:23,4291.4,4291.4,4290.2,4290.2,7.0
GO1!,24/09/2026,10:24,4291.0,4291.0,4291.0,4291.0,6.0
GO1!,24/09/2026,10:25,4290.9,4290.9,4290.4,4290.4,2.0
GO1!,24/09/2026,10:26,4291.1,4291.1,4290.0,4290.4,6.0
GO1!,24/09/2026,10:27,4289.7,4289.7,4289.5,4289.5,4.0
GO1!,24/09/2026,10:28,4289.2,4289.2,4289.1,4289.1,2.0
GO1!,24/09/2026,10:29,4289.4,4289.4,4289.4,4289.4,1.0
GO1!,24/09/2026,10:30,4289.2,4290.0,4289.2,4289.7,17.0
GO1!,24/09/2026,10:31,4289.0,4289.0,4288.5,4288.5,13.0
GO1!,24/09/2026,10:32,4289.2,4289.2,4289.2,4289.2,2.0
GO1!,24/09/2026,10:33,4289.2,4289.2,4289.2,4289.2,2.0
GO1!,24/09/2026,10:34,4289.0,4289.0,4287.9,4287.9,37.0
GO1!,24/09/2026,10:35,4287.3,4287.3,4286.5,4286.7,6.0
GO1!,24/09/2026,10:36,4286.3,4287.4,4286.1,4286.2,22.0
GO1!,24/09/2026,10:37,4285.9,4286.5,4285.5,4286.4,15.0
GO1!,24/09/2026,10:38,4286.0,4286.4,4286.0,4286.4,18.0
GO1!,24/09/2026,10:39,4287.5,4288.2,4287.5,4288.2,8.0
GO1!,24/09/2026,10:40,4288.2,4288.2,4288.2,4288.2,1.0
GO1!,24/09/2026,10:41,4287.6,4287.7,4287.4,4287.5,10.0
GO1!,24/09/2026,10:42,4286.0,4286.0,4286.0,4286.0,1.0
GO1!,24/09/2026,10:43,4285.6,4285.6,4284.8,4285.4,19.0
GO1!,24/09/2026,10:45,4284.2,4285.2,4284.0,4285.2,12.0
GO1!,24/09/2026,10:46,4286.0,4286.8,4285.9,4286.8,4.0
GO1!,24/09/2026,10:47,4286.6,4286.8,4286.5,4286.8,8.0
GO1!,24/09/2026,10:49,4287.0,4287.0,4287.0,4287.0,1.0
GO1!,24/09/2026,10:50,4286.0,4286.5,4285.6,4286.5,8.0
GO1!,24/09/2026,10:51,4286.9,4287.1,4285.7,4285.7,9.0
GO1!,24/09/2026,10:52,4285.7,4285.7,4284.8,4284.8,17.0
GO1!,24/09/2026,10:53,4284.7,4285.3,4284.6,4285.1,11.0
GO1!,24/09/2026,10:54,4287.2,4287.2,4286.6,4286.7,6.0
GO1!,24/09/2026,10:55,4286.9,4286.9,4286.3,4286.4,6.0
GO1!,24/09/2026,10:56,4286.8,4287.5,4286.8,4287.1,30.0
GO1!,24/09/2026,10:57,4287.2,4287.2,4286.4,4286.6,9.0
GO1!,24/09/2026,10:58,4286.4,4286.9,4286.0,4286.9,26.0
GO1!,24/09/2026,10:59,4287.6,4288.0,4287.6,4288.0,5.0
GO1!,24/09/2026,11:00,4287.6,4289.0,4287.4,4287.6,44.0
GO1!,24/09/2026,11:01,4287.8,4287.8,4285.8,4285.8,4.0
GO1!,24/09/2026,11:02,4286.0,4286.0,4286.0,4286.0,1.0
GO1!,24/09/2026,11:03,4286.3,4286.3,4285.0,4285.0,7.0
GO1!,24/09/2026,11:04,4286.0,4287.6,4286.0,4287.4,7.0
GO1!,24/09/2026,11:05,4287.3,4287.3,4287.2,4287.2,2.0
GO1!,24/09/2026,11:06,4286.6,4286.6,4286.3,4286.3,9.0
GO1!,24/09/2026,11:07,4286.4,4286.5,4286.4,4286.5,2.0
GO1!,24/09/2026,11:08,4286.7,4286.7,4286.7,4286.7,1.0
GO1!,24/09/2026,11:09,4287.2,4287.3,4287.2,4287.3,2.0
GO1!,24/09/2026,11:10,4286.8,4286.8,4286.8,4286.8,2.0
GO1!,24/09/2026,11:11,4287.2,4287.6,4287.0,4287.6,4.0
GO1!,24/09/2026,11:12,4287.0,4287.0,4287.0,4287.0,9.0
GO1!,24/09/2026,11:13,4287.0,4287.4,4286.6,4287.4,11.0
GO1!,24/09/2026,11:14,4287.6,4288.5,4287.4,4288.1,13.0
GO1!,24/09/2026,11:15,4287.7,4288.1,4287.7,4288.0,4.0
GO1!,24/09/2026,11:16,4288.2,4289.0,4288.2,4289.0,6.0
GO1!,24/09/2026,11:17,4289.0,4289.1,4289.0,4289.1,2.0
GO1!,24/09/2026,11:18,4289.3,4290.1,4289.1,4289.1,6.0
GO1!,24/09/2026,11:19,4289.0,4289.1,4289.0,4289.1,2.0
GO1!,24/09/2026,11:20,4289.2,4289.2,4289.2,4289.2,1.0
GO1!,24/09/2026,11:21,4288.9,4289.2,4288.9,4289.2,5.0
GO1!,24/09/2026,11:22,4289.0,4289.1,4288.8,4288.8,5.0
GO1!,24/09/2026,11:23,4288.5,4288.5,4288.0,4288.0,6.0
GO1!,24/09/2026,11:26,4287.7,4287.7,4287.6,4287.6,4.0
GO1!,24/09/2026,11:27,4287.5,4287.7,4287.4,4287.7,5.0
GO1!,24/09/2026,11:28,4287.5,4287.7,4287.3,4287.4,8.0
GO1!,24/09/2026,11:29,4289.0,4289.3,4289.0,4289.3,5.0
GO1!,24/09/2026,11:31,4289.3,4289.6,4289.3,4289.6,4.0
GO1!,24/09/2026,11:33,4290.6,4290.8,4290.4,4290.6,18.0
GO1!,24/09/2026,11:34,4290.4,4291.5,4290.0,4291.5,45.0
GO1!,24/09/2026,11:35,4290.8,4291.6,4290.8,4291.4,7.0
GO1!,24/09/2026,11:36,4291.2,4291.3,4291.0,4291.0,12.0
GO1!,24/09/2026,11:37,4291.0,4291.0,4290.5,4290.5,2.0
GO1!,24/09/2026,11:39,4290.2,4290.7,4290.1,4290.1,4.0
GO1!,24/09/2026,11:40,4290.0,4290.1,4289.8,4289.8,10.0
GO1!,24/09/2026,11:41,4290.2,4290.2,4289.6,4289.6,2.0
GO1!,24/09/2026,11:42,4289.0,4289.0,4289.0,4289.0,1.0
GO1!,24/09/2026,11:43,4289.1,4289.1,4289.1,4289.1,1.0
GO1!,24/09/2026,11:44,4289.8,4289.8,4289.5,4289.5,2.0
GO1!,24/09/2026,11:46,4290.0,4290.0,4290.0,4290.0,1.0
GO1!,24/09/2026,11:48,4291.1,4291.4,4290.7,4290.9,11.0
GO1!,24/09/2026,11:49,4290.9,4290.9,4290.9,4290.9,2.0
GO1!,24/09/2026,11:50,4291.3,4291.3,4291.3,4291.3,1.0
GO1!,24/09/2026,11:52,4291.8,4291.8,4291.7,4291.7,11.0
GO1!,24/09/2026,11:53,4291.6,4291.8,4290.5,4291.8,16.0
GO1!,24/09/2026,11:54,4291.8,4292.0,4291.8,4291.9,14.0
GO1!,24/09/2026,11:55,4292.0,4292.0,4291.9,4291.9,5.0
GO1!,24/09/2026,11:56,4292.3,4292.4,4291.9,4291.9,27.0
GO1!,24/09/2026,11:57,4292.0,4292.1,4292.0,4292.1,2.0
GO1!,24/09/2026,11:58,4291.9,4292.2,4291.9,4292.1,3.0
GO1!,24/09/2026,12:00,4292.3,4293.7,4292.3,4293.7,128.0
GO1!,24/09/2026,12:01,4293.4,4294.1,4293.2,4294.1,26.0
GO1!,24/09/2026,12:02,4294.1,4294.6,4293.9,4294.6,15.0
GO1!,24/09/2026,12:03,4295.0,4296.2,4294.8,4296.2,20.0
GO1!,24/09/2026,12:04,4296.4,4297.9,4296.4,4297.9,27.0
GO1!,24/09/2026,12:05,4297.4,4298.1,4297.1,4297.2,18.0
GO1!,24/09/2026,12:06,4297.1,4297.1,4295.5,4295.6,13.0
GO1!,24/09/2026,12:07,4295.7,4296.7,4295.2,4295.8,34.0
GO1!,24/09/2026,12:08,4296.7,4297.6,4296.7,4297.6,6.0
GO1!,24/09/2026,12:09,4296.0,4297.0,4296.0,4296.3,10.0
GO1!,24/09/2026,12:10,4295.5,4295.8,4295.0,4295.0,6.0
GO1!,24/09/2026,12:11,4294.7,4294.7,4294.7,4294.7,1.0
GO1!,24/09/2026,12:12,4294.3,4294.3,4293.8,4293.9,17.0
GO1!,24/09/2026,12:13,4294.0,4294.0,4293.2,4293.2,8.0
GO1!,24/09/2026,12:14,4292.4,4292.8,4292.3,4292.8,11.0
GO1!,24/09/2026,12:15,4292.6,4292.6,4291.0,4291.0,19.0
GO1!,24/09/2026,12:16,4290.4,4290.4,4288.7,4288.7,17.0
GO1!,24/09/2026,12:17,4290.0,4290.0,4290.0,4290.0,2.0
GO1!,24/09/2026,12:18,4291.3,4291.3,4291.3,4291.3,1.0
GO1!,24/09/2026,12:19,4290.8,4291.8,4290.8,4291.8,4.0
GO1!,24/09/2026,12:20,4292.0,4292.4,4292.0,4292.4,12.0
GO1!,24/09/2026,12:21,4291.0,4291.0,4290.7,4290.7,2.0
GO1!,24/09/2026,12:22,4291.2,4291.2,4291.0,4291.0,4.0
GO1!,24/09/2026,12:23,4291.2,4291.8,4291.1,4291.8,5.0
GO1!,24/09/2026,12:24,4291.8,4291.8,4291.8,4291.8,1.0
GO1!,24/09/2026,12:25,4293.0,4293.0,4293.0,4293.0,1.0
GO1!,24/09/2026,12:26,4291.8,4291.8,4291.2,4291.2,4.0
GO1!,24/09/2026,12:27,4291.2,4291.2,4291.0,4291.2,22.0
GO1!,24/09/2026,12:28,4292.4,4292.4,4292.4,4292.4,2.0
GO1!,24/09/2026,12:29,4292.4,4292.7,4292.4,4292.7,3.0
GO1!,24/09/2026,12:30,4292.9,4292.9,4291.4,4292.6,14.0
GO1!,24/09/2026,12:31,4290.1,4290.1,4288.7,4288.7,36.0
GO1!,24/09/2026,12:32,4288.5,4289.1,4287.4,4289.1,19.0
GO1!,24/09/2026,12:33,4290.0,4292.7,4290.0,4292.7,14.0
GO1!,24/09/2026,12:34,4289.1,4289.1,4288.2,4288.2,3.0
GO1!,24/09/2026,12:35,4288.0,4288.2,4288.0,4288.2,3.0
GO1!,24/09/2026,12:36,4288.2,4289.1,4288.1,4289.0,39.0
GO1!,24/09/2026,12:37,4289.7,4289.7,4288.9,4288.9,4.0
GO1!,24/09/2026,12:38,4288.6,4288.6,4288.6,4288.6,1.0
GO1!,24/09/2026,12:39,4288.0,4288.0,4286.6,4286.6,7.0
GO1!,24/09/2026,12:40,4288.0,4289.5,4287.2,4287.2,14.0
GO1!,24/09/2026,12:41,4287.2,4287.2,4285.3,4285.3,12.0
GO1!,24/09/2026,12:42,4285.9,4285.9,4284.5,4285.1,22.0
GO1!,24/09/2026,12:43,4285.3,4285.3,4285.2,4285.2,2.0
GO1!,24/09/2026,12:44,4284.3,4284.3,4283.9,4284.0,10.0
GO1!,24/09/2026,12:45,4283.5,4285.4,4283.1,4285.4,12.0
GO1!,24/09/2026,12:46,4285.6,4288.4,4285.6,4287.8,22.0
GO1!,24/09/2026,12:47,4287.7,4288.1,4287.5,4287.5,10.0
GO1!,24/09/2026,12:48,4287.5,4287.5,4287.4,4287.4,4.0
GO1!,24/09/2026,12:49,4286.6,4286.9,4286.0,4286.0,14.0
GO1!,24/09/2026,12:51,4285.5,4285.7,4285.2,4285.2,12.0
GO1!,24/09/2026,12:52,4284.8,4285.2,4284.8,4285.0,8.0
GO1!,24/09/2026,12:53,4286.5,4286.7,4284.2,4284.2,8.0
GO1!,24/09/2026,12:54,4283.0,4283.0,4283.0,4283.0,2.0
GO1!,24/09/2026,12:55,4283.0,4283.0,4283.0,4283.0,1.0
GO1!,24/09/2026,12:56,4282.4,4282.4,4281.0,4281.2,22.0
GO1!,24/09/2026,12:57,4281.0,4282.0,4280.5,4282.0,25.0
GO1!,24/09/2026,12:58,4281.8,4281.8,4280.8,4280.8,28.0
GO1!,24/09/2026,12:59,4280.5,4282.2,4280.5,4282.0,19.0
GO1!,24/09/2026,13:00,4281.9,4284.4,4281.4,4283.5,15.0
GO1!,24/09/2026,13:01,4283.7,4285.4,4283.7,4285.0,5.0
GO1!,24/09/2026,13:02,4286.0,4286.0,4284.7,4284.7,23.0
GO1!,24/09/2026,13:03,4285.0,4285.0,4284.7,4284.7,3.0
GO1!,24/09/2026,13:04,4283.7,4284.4,4281.9,4282.4,10.0
GO1!,24/09/2026,13:05,4283.9,4283.9,4283.9,4283.9,1.0
GO1!,24/09/2026,13:06,4285.1,4285.4,4284.7,4284.7,3.0
GO1!,24/09/2026,13:07,4285.8,4288.5,4285.8,4288.5,3.0
GO1!,24/09/2026,13:08,4287.6,4288.1,4287.0,4287.2,15.0
GO1!,24/09/2026,13:09,4286.1,4288.5,4286.1,4288.0,7.0
GO1!,24/09/2026,13:10,4287.4,4288.8,4287.4,4288.8,2.0
GO1!,24/09/2026,13:11,4287.4,4287.4,4287.4,4287.4,1.0
GO1!,24/09/2026,13:12,4287.0,4287.3,4286.9,4287.3,5.0
GO1!,24/09/2026,13:13,4285.6,4285.6,4285.6,4285.6,1.0
GO1!,24/09/2026,13:14,4285.2,4285.2,4284.1,4284.1,6.0
GO1!,24/09/2026,13:15,4283.8,4283.8,4283.2,4283.2,4.0
GO1!,24/09/2026,13:16,4283.2,4283.2,4283.2,4283.2,2.0
GO1!,24/09/2026,13:17,4284.5,4285.4,4284.5,4285.3,5.0
GO1!,24/09/2026,13:18,4284.1,4285.1,4283.3,4285.1,6.0
GO1!,24/09/2026,13:19,4285.4,4285.4,4285.4,4285.4,5.0
GO1!,24/09/2026,13:20,4286.2,4286.3,4285.6,4285.6,7.0
GO1!,24/09/2026,13:22,4286.7,4288.8,4286.7,4288.8,10.0
GO1!,24/09/2026,13:23,4287.7,4287.7,4287.7,4287.7,1.0
GO1!,24/09/2026,13:24,4286.9,4286.9,4286.9,4286.9,1.0
GO1!,24/09/2026,13:25,4286.1,4286.1,4286.1,4286.1,1.0
GO1!,24/09/2026,13:26,4286.0,4286.0,4286.0,4286.0,21.0
GO1!,24/09/2026,13:27,4286.4,4286.6,4286.1,4286.6,6.0
GO1!,24/09/2026,13:28,4284.5,4284.5,4284.1,4284.1,4.0
GO1!,24/09/2026,13:30,4283.3,4285.3,4283.3,4284.8,43.0
GO1!,24/09/2026,13:31,4285.5,4285.9,4285.5,4285.9,2.0
GO1!,24/09/2026,13:33,4285.0,4285.0,4284.0,4284.0,22.0
GO1!,24/09/2026,13:34,4283.3,4284.4,4282.8,4283.5,23.0
GO1!,24/09/2026,13:35,4283.1,4283.3,4282.0,4282.0,16.0
GO1!,24/09/2026,13:36,4282.0,4282.5,4281.0,4281.0,9.0
GO1!,24/09/2026,13:37,4280.5,4280.6,4278.6,4280.5,46.0
GO1!,24/09/2026,13:38,4281.0,4281.1,4281.0,4281.1,2.0
GO1!,24/09/2026,13:39,4282.0,4282.8,4282.0,4282.8,10.0
GO1!,24/09/2026,13:40,4282.3,4282.3,4282.3,4282.3,1.0
GO1!,24/09/2026,13:41,4282.2,4282.2,4280.6,4280.6,4.0
GO1!,24/09/2026,13:42,4281.1,4281.2,4280.8,4280.8,5.0
GO1!,24/09/2026,13:43,4280.5,4281.8,4280.5,4281.8,5.0
GO1!,24/09/2026,13:44,4281.9,4282.3,4280.4,4280.9,39.0
GO1!,24/09/2026,13:45,4280.2,4280.4,4279.5,4279.5,14.0
GO1!,24/09/2026,13:46,4279.5,4280.0,4277.9,4277.9,13.0
GO1!,24/09/2026,13:47,4277.8,4278.1,4277.0,4277.8,62.0
GO1!,24/09/2026,13:48,4278.0,4278.2,4278.0,4278.2,32.0
GO1!,24/09/2026,13:49,4277.7,4277.7,4277.5,4277.5,3.0
GO1!,24/09/2026,13:50,4279.3,4280.0,4279.1,4279.9,7.0
GO1!,24/09/2026,13:51,4280.2,4280.2,4278.7,4278.8,5.0
GO1!,24/09/2026,13:52,4279.0,4279.0,4278.5,4278.5,4.0
GO1!,24/09/2026,13:53,4280.0,4280.8,4280.0,4280.8,2.0
GO1!,24/09/2026,13:54,4280.9,4280.9,4280.0,4280.0,3.0
GO1!,24/09/2026,13:57,4280.4,4280.7,4280.0,4280.6,5.0
GO1!,24/09/2026,13:58,4280.5,4280.5,4280.4,4280.4,2.0
GO1!,24/09/2026,13:59,4279.5,4279.5,4278.0,4278.3,32.0
GO1!,24/09/2026,14:00,4278.8,4279.6,4277.5,4278.1,15.0
GO1!,24/09/2026,14:01,4278.3,4279.0,4278.1,4278.5,6.0
GO1!,24/09/2026,14:02,4278.0,4278.0,4276.4,4277.6,16.0
GO1!,24/09/2026,14:03,4277.7,4281.5,4277.3,4281.5,43.0
GO1!,24/09/2026,14:04,4281.0,4282.5,4281.0,4282.1,7.0
GO1!,24/09/2026,14:05,4282.0,4285.0,4282.0,4285.0,25.0
GO1!,24/09/2026,14:06,4285.0,4287.0,4284.8,4284.8,33.0
GO1!,24/09/2026,14:07,4285.6,4285.7,4283.0,4283.5,11.0
GO1!,24/09/2026,14:08,4285.0,4285.0,4284.7,4284.8,4.0
GO1!,24/09/2026,14:09,4284.6,4285.7,4284.6,4285.7,4.0
GO1!,24/09/2026,14:10,4285.3,4285.5,4284.0,4284.0,11.0
GO1!,24/09/2026,14:11,4285.4,4285.6,4284.2,4284.4,17.0
GO1!,24/09/2026,14:12,4284.0,4284.3,4284.0,4284.0,22.0
GO1!,24/09/2026,14:13,4286.0,4286.7,4286.0,4286.1,12.0
GO1!,24/09/2026,14:14,4286.5,4287.2,4286.3,4286.3,5.0
GO1!,24/09/2026,14:15,4287.0,4287.2,4285.7,4287.0,16.0
GO1!,24/09/2026,14:16,4288.0,4289.9,4287.6,4288.2,50.0
GO1!,24/09/2026,14:17,4288.5,4288.6,4288.2,4288.2,9.0
GO1!,24/09/2026,14:18,4287.5,4288.6,4286.9,4288.6,19.0
GO1!,24/09/2026,14:19,4289.0,4289.7,4288.2,4288.8,41.0
GO1!,24/09/2026,14:20,4288.6,4288.6,4287.7,4287.9,4.0
GO1!,24/09/2026,14:21,4287.0,4287.0,4286.3,4286.3,8.0
GO1!,24/09/2026,14:22,4286.5,4286.5,4283.5,4283.5,7.0
GO1!,24/09/2026,14:23,4284.1,4285.0,4283.2,4284.7,41.0
GO1!,24/09/2026,14:24,4284.2,4284.2,4284.0,4284.0,7.0
GO1!,24/09/2026,14:25,4286.0,4286.0,4286.0,4286.0,1.0
GO1!,24/09/2026,14:26,4284.7,4284.7,4284.7,4284.7,2.0
GO1!,24/09/2026,14:27,4285.3,4285.3,4285.3,4285.3,1.0
GO1!,24/09/2026,14:29,4287.0,4287.0,4287.0,4287.0,1.0
GO1!,24/09/2026,14:30,4287.6,4288.0,4286.7,4286.9,21.0
GO1!,24/09/2026,14:31,4287.6,4288.0,4286.6,4286.6,6.0
GO1!,24/09/2026,14:32,4286.8,4289.0,4286.8,4289.0,17.0
GO1!,24/09/2026,14:33,4289.0,4289.7,4288.4,4288.7,20.0
GO1!,24/09/2026,14:34,4288.4,4288.6,4285.3,4285.3,31.0
GO1!,24/09/2026,14:35,4285.3,4287.0,4285.3,4287.0,2.0
GO1!,24/09/2026,14:36,4288.3,4288.6,4288.3,4288.6,15.0
GO1!,24/09/2026,14:37,4287.9,4288.4,4287.9,4288.4,2.0
GO1!,24/09/2026,14:38,4288.3,4288.3,4288.2,4288.3,5.0
GO1!,24/09/2026,14:40,4287.1,4287.1,4287.1,4287.1,1.0
GO1!,24/09/2026,14:41,4284.8,4284.8,4283.6,4284.0,9.0
GO1!,24/09/2026,14:42,4283.8,4283.8,4283.3,4283.3,9.0
GO1!,24/09/2026,14:43,4285.1,4285.1,4284.9,4284.9,3.0
GO1!,24/09/2026,14:44,4285.2,4285.9,4285.0,4285.9,8.0
GO1!,24/09/2026,14:45,4285.9,4287.6,4285.9,4287.6,7.0
GO1!,24/09/2026,14:46,4287.6,4287.8,4287.2,4287.8,10.0
GO1!,24/09/2026,14:47,4286.3,4286.4,4284.7,4284.8,13.0
GO1!,24/09/2026,14:48,4283.8,4283.9,4283.4,4283.6,8.0
GO1!,24/09/2026,14:49,4284.4,4285.0,4283.0,4283.1,9.0
GO1!,24/09/2026,14:50,4282.3,4283.4,4282.3,4283.4,7.0
GO1!,24/09/2026,14:51,4284.3,4284.6,4284.3,4284.6,2.0
GO1!,24/09/2026,14:52,4285.6,4285.6,4285.2,4285.2,4.0
GO1!,24/09/2026,14:54,4285.4,4286.0,4285.4,4285.7,9.0
GO1!,24/09/2026,14:55,4284.4,4284.4,4281.9,4282.3,16.0
GO1!,24/09/2026,14:56,4282.2,4282.8,4281.9,4281.9,6.0
GO1!,24/09/2026,14:58,4281.2,4281.7,4281.2,4281.5,7.0
GO1!,24/09/2026,14:59,4281.5,4281.6,4279.4,4281.0,49.0
GO1!,24/09/2026,15:00,4282.5,4284.9,4280.2,4284.9,58.0
GO1!,24/09/2026,15:01,4283.2,4286.0,4283.0,4286.0,13.0
GO1!,24/09/2026,15:02,4286.0,4286.5,4284.6,4285.7,25.0
GO1!,24/09/2026,15:03,4285.9,4286.6,4285.9,4286.0,6.0
GO1!,24/09/2026,15:04,4286.1,4286.1,4283.9,4285.1,18.0
GO1!,24/09/2026,15:05,4287.0,4287.3,4285.0,4285.0,18.0
GO1!,24/09/2026,15:07,4285.8,4285.8,4285.3,4285.3,2.0
GO1!,24/09/2026,15:08,4285.4,4285.4,4284.0,4284.3,15.0
GO1!,24/09/2026,15:09,4285.1,4285.1,4285.1,4285.1,1.0
GO1!,24/09/2026,15:10,4284.7,4284.7,4284.0,4284.0,3.0
GO1!,24/09/2026,15:11,4283.3,4283.3,4282.9,4282.9,6.0
GO1!,24/09/2026,15:12,4283.0,4283.0,4281.3,4281.3,3.0
GO1!,24/09/2026,15:13,4283.0,4283.0,4282.8,4282.9,7.0
GO1!,24/09/2026,15:14,4281.8,4281.8,4279.7,4279.7,31.0
GO1!,24/09/2026,15:15,4280.3,4280.3,4273.1,4273.6,83.0
GO1!,24/09/2026,15:16,4273.0,4274.5,4272.1,4273.6,62.0
GO1!,24/09/2026,15:17,4273.7,4276.0,4273.1,4273.1,66.0
GO1!,24/09/2026,15:18,4273.0,4273.0,4270.6,4271.2,70.0
GO1!,24/09/2026,15:19,4270.8,4273.5,4270.2,4273.5,31.0
GO1!,24/09/2026,15:20,4273.1,4275.8,4273.1,4273.1,30.0
GO1!,24/09/2026,15:21,4272.2,4273.3,4271.0,4271.0,17.0
GO1!,24/09/2026,15:22,4270.7,4272.4,4270.3,4272.4,23.0
GO1!,24/09/2026,15:23,4271.4,4271.6,4270.7,4271.3,12.0
GO1!,24/09/2026,15:24,4270.6,4270.9,4267.0,4267.6,86.0
GO1!,24/09/2026,15:25,4267.9,4269.5,4265.6,4266.0,44.0
GO1!,24/09/2026,15:26,4266.0,4266.4,4264.3,4265.5,111.0
GO1!,24/09/2026,15:27,4265.6,4268.3,4265.5,4268.3,38.0
GO1!,24/09/2026,15:28,4267.3,4267.7,4265.0,4265.1,49.0
GO1!,24/09/2026,15:29,4265.6,4268.3,4265.2,4266.0,89.0
GO1!,24/09/2026,15:30,4266.9,4270.3,4265.8,4270.3,40.0
GO1!,24/09/2026,15:31,4270.1,4274.5,4270.1,4274.3,47.0
GO1!,24/09/2026,15:32,4274.7,4276.0,4274.1,4275.2,52.0
GO1!,24/09/2026,15:33,4275.3,4275.3,4272.6,4272.6,11.0
GO1!,24/09/2026,15:34,4273.0,4273.7,4269.0,4269.0,40.0
GO1!,24/09/2026,15:35,4270.2,4270.4,4268.5,4270.4,7.0
GO1!,24/09/2026,15:36,4269.9,4270.0,4269.1,4269.5,7.0
GO1!,24/09/2026,15:37,4268.2,4269.3,4267.8,4268.9,13.0
GO1!,24/09/2026,15:38,4270.1,4270.8,4269.1,4270.7,23.0
GO1!,24/09/2026,15:39,4271.0,4271.1,4270.0,4271.0,42.0
GO1!,24/09/2026,15:40,4270.0,4270.0,4269.0,4269.0,8.0
GO1!,24/09/2026,15:41,4270.2,4270.2,4270.2,4270.2,6.0
GO1!,24/09/2026,15:42,4270.2,4270.2,4269.0,4270.1,6.0
GO1!,24/09/2026,15:43,4270.2,4271.8,4270.2,4271.8,4.0
GO1!,24/09/2026,15:44,4270.3,4270.3,4270.2,4270.2,2.0
GO1!,24/09/2026,15:45,4271.3,4271.3,4271.3,4271.3,1.0
GO1!,24/09/2026,15:46,4271.0,4272.3,4270.7,4272.3,8.0
GO1!,24/09/2026,15:47,4271.0,4271.5,4271.0,4271.5,3.0
GO1!,24/09/2026,15:49,4271.0,4271.0,4270.0,4270.0,9.0
GO1!,24/09/2026,15:50,4269.7,4269.7,4269.2,4269.2,6.0
GO1!,24/09/2026,15:51,4268.6,4270.4,4268.5,4270.4,4.0
GO1!,24/09/2026,15:52,4269.9,4269.9,4268.3,4269.5,7.0
GO1!,24/09/2026,15:53,4268.5,4268.5,4265.3,4265.5,17.0
GO1!,24/09/2026,15:54,4265.3,4265.4,4264.1,4265.0,59.0
GO1!,24/09/2026,15:55,4264.1,4265.0,4263.2,4264.6,24.0
GO1!,24/09/2026,15:56,4265.0,4265.8,4263.9,4263.9,19.0
GO1!,24/09/2026,15:57,4264.2,4264.2,4263.7,4263.9,4.0
GO1!,24/09/2026,15:58,4264.0,4264.0,4263.6,4263.7,5.0
GO1!,24/09/2026,15:59,4263.5,4264.2,4263.3,4264.2,6.0
GO1!,24/09/2026,16:00,4263.6,4265.6,4262.0,4265.6,55.0
GO1!,24/09/2026,16:01,4265.2,4268.9,4264.9,4267.4,25.0
GO1!,24/09/2026,16:02,4267.0,4267.0,4265.0,4265.0,7.0
GO1!,24/09/2026,16:03,4264.7,4264.7,4263.2,4263.2,7.0
GO1!,24/09/2026,16:04,4262.8,4263.0,4261.8,4261.8,14.0
GO1!,24/09/2026,16:05,4262.0,4263.0,4261.5,4262.5,14.0
GO1!,24/09/2026,16:06,4261.6,4264.0,4261.6,4264.0,10.0
GO1!,24/09/2026,16:07,4263.8,4263.8,4263.8,4263.8,2.0
GO1!,24/09/2026,16:08,4264.6,4267.2,4264.6,4266.3,24.0
GO1!,24/09/2026,16:09,4267.2,4267.2,4264.9,4264.9,27.0
GO1!,24/09/2026,16:10,4265.6,4267.3,4265.6,4267.3,16.0
GO1!,24/09/2026,16:11,4266.7,4266.7,4266.0,4266.0,18.0
GO1!,24/09/2026,16:12,4264.8,4265.0,4263.4,4263.4,26.0
GO1!,24/09/2026,16:13,4263.8,4264.6,4263.6,4264.6,6.0
GO1!,24/09/2026,16:14,4264.9,4264.9,4264.9,4264.9,2.0
GO1!,24/09/2026,16:15,4265.8,4267.1,4265.8,4267.1,12.0
GO1!,24/09/2026,16:16,4266.7,4266.7,4265.6,4265.6,27.0
GO1!,24/09/2026,16:17,4264.6,4266.1,4264.6,4265.8,6.0
GO1!,24/09/2026,16:19,4264.5,4265.5,4264.5,4265.2,6.0
GO1!,24/09/2026,16:20,4265.6,4266.4,4265.6,4266.4,5.0
GO1!,24/09/2026,16:21,4266.8,4266.8,4265.1,4265.1,12.0
GO1!,24/09/2026,16:22,4265.6,4265.7,4264.4,4264.4,7.0
GO1!,24/09/2026,16:23,4264.0,4266.1,4264.0,4265.7,18.0
GO1!,24/09/2026,16:24,4265.3,4267.0,4265.3,4265.8,20.0
GO1!,24/09/2026,16:25,4266.0,4266.0,4265.9,4265.9,2.0
GO1!,24/09/2026,16:26,4265.0,4265.1,4265.0,4265.1,14.0
GO1!,24/09/2026,16:27,4264.6,4264.6,4261.0,4261.0,38.0
GO1!,24/09/2026,16:28,4261.7,4261.7,4260.2,4260.2,11.0
GO1!,24/09/2026,16:29,4260.2,4260.2,4258.2,4258.4,40.0
GO1!,24/09/2026,16:30,4258.6,4260.0,4257.4,4259.4,59.0
GO1!,24/09/2026,16:31,4259.5,4261.3,4257.9,4261.3,28.0
GO1!,24/09/2026,16:32,4261.6,4263.0,4261.5,4262.8,35.0
GO1!,24/09/2026,16:33,4262.5,4262.5,4260.9,4261.7,65.0
GO1!,24/09/2026,16:34,4261.8,4261.9,4261.2,4261.2,39.0
GO1!,24/09/2026,16:35,4261.0,4262.0,4260.8,4261.0,54.0
GO1!,24/09/2026,16:36,4262.0,4262.0,4260.8,4260.9,8.0
GO1!,24/09/2026,16:37,4260.9,4261.0,4260.6,4261.0,39.0
GO1!,24/09/2026,16:38,4259.6,4259.6,4258.8,4259.4,12.0
GO1!,24/09/2026,16:39,4259.8,4260.8,4259.8,4260.7,9.0
GO1!,24/09/2026,16:40,4260.2,4260.5,4260.0,4260.5,5.0
GO1!,24/09/2026,16:41,4259.4,4259.4,4257.5,4258.0,20.0
GO1!,24/09/2026,16:42,4257.5,4257.5,4255.9,4256.4,67.0
GO1!,24/09/2026,16:43,4256.8,4256.9,4254.5,4254.6,36.0
GO1!,24/09/2026,16:44,4254.5,4254.9,4253.8,4254.9,59.0
GO1!,24/09/2026,16:45,4255.0,4256.3,4255.0,4256.0,15.0
GO1!,24/09/2026,16:46,4255.8,4256.5,4255.5,4256.5,4.0
GO1!,24/09/2026,16:47,4256.9,4257.5,4256.9,4257.0,4.0
GO1!,24/09/2026,16:48,4257.0,4258.6,4256.9,4257.1,20.0
GO1!,24/09/2026,16:49,4256.4,4256.4,4256.2,4256.2,8.0
GO1!,24/09/2026,16:50,4256.2,4257.5,4255.7,4257.4,30.0
GO1!,24/09/2026,16:51,4258.7,4258.7,4257.5,4257.5,3.0
GO1!,24/09/2026,16:52,4258.5,4258.5,4257.2,4258.0,6.0
GO1!,24/09/2026,16:53,4257.8,4258.0,4257.1,4257.6,32.0
GO1!,24/09/2026,16:54,4257.1,4257.4,4255.1,4257.4,55.0
GO1!,24/09/2026,18:50,4262.2,4263.6,4262.2,4262.6,45.0
GO1!,24/09/2026,18:51,4262.6,4263.0,4262.5,4262.8,37.0
GO1!,24/09/2026,18:52,4263.0,4263.0,4262.9,4263.0,7.0
GO1!,24/09/2026,18:53,4263.0,4263.1,4262.5,4262.7,16.0
GO1!,24/09/2026,18:54,4262.0,4263.5,4262.0,4263.2,18.0
GO1!,24/09/2026,18:55,4263.5,4263.6,4262.6,4262.6,6.0
GO1!,24/09/2026,18:56,4263.0,4263.7,4262.9,4263.7,6.0
GO1!,24/09/2026,18:57,4263.6,4264.5,4263.5,4263.8,12.0
GO1!,24/09/2026,18:58,4264.4,4266.8,4264.2,4266.6,12.0
GO1!,24/09/2026,18:59,4266.8,4269.0,4266.8,4268.7,34.0
GO1!,24/09/2026,19:00,4268.0,4268.0,4266.0,4266.0,11.0
GO1!,24/09/2026,19:01,4267.5,4267.5,4265.0,4265.0,9.0
GO1!,24/09/2026,19:02,4266.0,4269.9,4265.2,4268.2,121.0
GO1!,24/09/2026,19:03,4264.0,4264.3,4264.0,4264.3,4.0
GO1!,24/09/2026,19:04,4263.6,4265.2,4263.6,4264.6,9.0
GO1!,24/09/2026,19:05,4264.5,4264.5,4264.0,4264.5,7.0
GO1!,24/09/2026,19:06,4265.2,4265.2,4265.2,4265.2,2.0
GO1!,24/09/2026,19:07,4265.1,4265.1,4265.1,4265.1,1.0
GO1!,24/09/2026,19:08,4265.5,4268.3,4265.5,4268.3,23.0
GO1!,24/09/2026,19:09,4268.6,4268.9,4267.0,4268.2,15.0
GO1!,24/09/2026,19:10,4267.6,4268.4,4267.5,4268.4,6.0
GO1!,24/09/2026,19:12,4269.0,4270.2,4269.0,4269.9,25.0
GO1!,24/09/2026,19:13,4270.0,4271.9,4269.9,4271.0,54.0
GO1!,24/09/2026,19:14,4271.3,4272.8,4271.3,4272.4,23.0
GO1!,24/09/2026,19:15,4271.6,4272.0,4271.0,4272.0,14.0
GO1!,24/09/2026,19:16,4272.4,4273.6,4272.4,4273.0,26.0
GO1!,24/09/2026,19:17,4273.0,4273.0,4271.7,4272.0,41.0
GO1!,24/09/2026,19:18,4272.8,4272.9,4272.4,4272.9,7.0
GO1!,24/09/2026,19:19,4272.0,4273.0,4272.0,4272.9,11.0
GO1!,24/09/2026,19:20,4272.2,4274.5,4271.6,4273.0,30.0
GO1!,24/09/2026,19:21,4272.6,4275.0,4272.6,4274.1,26.0
GO1!,24/09/2026,19:22,4273.3,4273.6,4272.8,4272.8,23.0
GO1!,24/09/2026,19:23,4273.5,4274.7,4272.3,4274.6,21.0
GO1!,24/09/2026,19:24,4272.3,4273.6,4269.8,4273.5,43.0
GO1!,24/09/2026,19:25,4272.5,4273.0,4270.1,4272.7,37.0
GO1!,24/09/2026,19:26,4272.0,4272.1,4270.7,4271.0,9.0
GO1!,24/09/2026,19:27,4271.6,4271.8,4271.6,4271.8,4.0
GO1!,24/09/2026,19:28,4273.0,4273.0,4272.4,4272.4,8.0
GO1!,24/09/2026,19:29,4273.5,4274.4,4273.5,4274.3,5.0
GO1!,24/09/2026,19:30,4274.6,4275.9,4273.0,4275.2,19.0
GO1!,24/09/2026,19:31,4274.0,4274.3,4271.7,4271.7,30.0
GO1!,24/09/2026,19:32,4271.8,4273.5,4271.6,4273.5,16.0
GO1!,24/09/2026,19:33,4272.8,4272.8,4268.9,4268.9,34.0
GO1!,24/09/2026,19:34,4269.4,4270.0,4268.8,4269.1,27.0
GO1!,24/09/2026,19:35,4269.4,4269.4,4267.7,4268.6,18.0
GO1!,24/09/2026,19:36,4268.0,4269.5,4268.0,4268.9,7.0
GO1!,24/09/2026,19:37,4269.5,4271.1,4269.5,4271.1,4.0
GO1!,24/09/2026,19:38,4269.3,4269.3,4268.2,4268.2,6.0
GO1!,24/09/2026,19:39,4269.5,4271.0,4269.5,4271.0,3.0
GO1!,24/09/2026,19:40,4271.1,4273.0,4271.1,4273.0,10.0
GO1!,24/09/2026,19:41,4273.4,4275.4,4273.4,4275.4,17.0
GO1!,24/09/2026,19:42,4276.0,4276.3,4275.0,4275.0,18.0
GO1!,24/09/2026,19:43,4273.6,4274.0,4273.0,4273.0,5.0
GO1!,24/09/2026,19:44,4274.4,4274.5,4274.4,4274.5,16.0
GO1!,24/09/2026,19:45,4274.5,4277.0,4274.5,4276.0,13.0
GO1!,24/09/2026,19:46,4276.4,4276.4,4276.0,4276.0,8.0
GO1!,24/09/2026,19:47,4276.0,4276.0,4276.0,4276.0,7.0
GO1!,24/09/2026,19:48,4276.7,4277.0,4276.2,4276.3,7.0
GO1!,24/09/2026,19:49,4276.3,4276.7,4275.6,4276.6,15.0
GO1!,24/09/2026,19:50,4277.0,4278.6,4275.4,4276.7,27.0
GO1!,24/09/2026,19:51,4277.6,4278.3,4277.6,4277.9,4.0
GO1!,24/09/2026,19:52,4278.0,4282.0,4277.6,4281.8,38.0
GO1!,24/09/2026,19:53,4281.6,4281.6,4278.6,4278.7,21.0
GO1!,24/09/2026,19:54,4280.0,4282.6,4280.0,4282.6,33.0
GO1!,24/09/2026,19:55,4282.3,4283.2,4281.8,4283.2,24.0
GO1!,24/09/2026,19:56,4284.0,4285.1,4283.5,4284.0,38.0
GO1!,24/09/2026,19:57,4284.5,4285.6,4284.2,4285.1,57.0
GO1!,24/09/2026,19:58,4285.0,4285.0,4284.0,4285.0,17.0
GO1!,24/09/2026,19:59,4284.7,4285.0,4283.6,4283.6,21.0
GO1!,24/09/2026,20:00,4283.3,4285.5,4283.3,4284.9,25.0
GO1!,24/09/2026,20:01,4286.0,4287.3,4286.0,4286.2,49.0
GO1!,24/09/2026,20:02,4286.4,4287.3,4286.0,4286.2,23.0
GO1!,24/09/2026,20:03,4286.0,4286.0,4282.3,4282.3,38.0
GO1!,24/09/2026,20:04,4283.7,4284.9,4282.7,4283.6,52.0
GO1!,24/09/2026,20:05,4283.8,4284.6,4283.0,4283.1,19.0
GO1!,24/09/2026,20:06,4283.0,4283.0,4281.7,4282.4,45.0
GO1!,24/09/2026,20:07,4282.7,4282.8,4280.4,4280.4,8.0
GO1!,24/09/2026,20:08,4280.3,4282.4,4279.6,4281.8,11.0
GO1!,24/09/2026,20:09,4282.1,4282.1,4282.0,4282.0,2.0
GO1!,24/09/2026,20:10,4283.0,4284.0,4283.0,4283.9,10.0
GO1!,24/09/2026,20:11,4284.9,4285.2,4284.6,4285.2,3.0
GO1!,24/09/2026,20:12,4283.6,4283.6,4283.6,4283.6,1.0
GO1!,24/09/2026,20:13,4283.1,4283.9,4282.4,4282.4,8.0
GO1!,24/09/2026,20:14,4282.1,4282.1,4280.4,4280.4,7.0
GO1!,24/09/2026,20:15,4280.4,4280.4,4279.0,4279.0,14.0
GO1!,24/09/2026,20:16,4280.0,4280.0,4279.8,4280.0,5.0
GO1!,24/09/2026,20:17,4279.1,4279.1,4279.1,4279.1,1.0
GO1!,24/09/2026,20:18,4279.8,4281.0,4279.2,4281.0,28.0
GO1!,24/09/2026,20:19,4280.0,4280.5,4279.1,4280.5,20.0
GO1!,24/09/2026,20:20,4280.3,4281.3,4280.3,4281.2,6.0
GO1!,24/09/2026,20:21,4280.0,4280.2,4279.0,4279.0,25.0
GO1!,24/09/2026,20:22,4278.9,4280.2,4278.6,4280.2,7.0
GO1!,24/09/2026,20:23,4279.5,4279.7,4279.3,4279.7,3.0
GO1!,24/09/2026,20:24,4279.5,4279.5,4279.5,4279.5,1.0
GO1!,24/09/2026,20:25,4279.0,4279.0,4278.0,4278.4,6.0
GO1!,24/09/2026,20:26,4278.1,4280.3,4278.0,4280.0,12.0
GO1!,24/09/2026,20:27,4279.0,4279.1,4278.5,4279.1,8.0
GO1!,24/09/2026,20:28,4278.6,4279.1,4277.7,4277.7,12.0
GO1!,24/09/2026,20:29,4278.1,4279.3,4278.1,4278.8,6.0
GO1!,24/09/2026,20:30,4278.2,4280.1,4277.2,4280.0,35.0
GO1!,24/09/2026,20:31,4279.4,4279.4,4277.6,4277.8,22.0
GO1!,24/09/2026,20:32,4277.1,4277.3,4276.3,4276.6,15.0
GO1!,24/09/2026,20:33,4276.3,4278.0,4275.1,4275.1,27.0
GO1!,24/09/2026,20:34,4275.2,4277.1,4274.8,4274.8,51.0
GO1!,24/09/2026,20:35,4275.2,4275.2,4273.6,4273.6,34.0
GO1!,24/09/2026,20:36,4273.6,4275.3,4273.2,4273.3,48.0
GO1!,24/09/2026,20:37,4274.3,4275.4,4272.9,4273.0,48.0
GO1!,24/09/2026,20:38,4273.6,4275.9,4273.3,4275.0,26.0
GO1!,24/09/2026,20:39,4277.0,4278.3,4274.0,4274.0,13.0
GO1!,24/09/2026,20:40,4273.9,4274.1,4272.1,4272.7,38.0
GO1!,24/09/2026,20:41,4272.0,4272.5,4270.6,4271.6,46.0
GO1!,24/09/2026,20:42,4272.0,4274.6,4272.0,4274.2,27.0
GO1!,24/09/2026,20:43,4274.0,4277.0,4273.9,4275.2,42.0
GO1!,24/09/2026,20:44,4275.3,4276.1,4274.7,4276.1,23.0
GO1!,24/09/2026,20:45,4275.9,4279.3,4274.6,4276.5,36.0
GO1!,24/09/2026,20:46,4277.9,4279.0,4277.9,4278.1,8.0
GO1!,24/09/2026,20:47,4278.0,4278.0,4275.2,4275.6,30.0
GO1!,24/09/2026,20:48,4274.9,4275.4,4274.6,4275.0,7.0
GO1!,24/09/2026,20:49,4274.8,4274.8,4274.8,4274.8,1.0
GO1!,24/09/2026,20:50,4274.1,4274.1,4272.8,4273.5,15.0
GO1!,24/09/2026,20:51,4273.4,4273.4,4271.1,4271.4,7.0
GO1!,24/09/2026,20:52,4271.1,4273.6,4271.1,4273.6,8.0
GO1!,24/09/2026,20:53,4272.6,4272.6,4269.7,4269.7,71.0
GO1!,24/09/2026,20:54,4271.2,4272.5,4270.0,4270.0,32.0
GO1!,24/09/2026,20:55,4269.3,4271.5,4269.3,4270.7,20.0
GO1!,24/09/2026,20:56,4270.1,4270.3,4268.7,4269.8,36.0
GO1!,24/09/2026,20:57,4269.4,4269.4,4268.1,4268.3,14.0
GO1!,24/09/2026,20:58,4269.6,4270.1,4268.4,4270.1,26.0
GO1!,24/09/2026,20:59,4269.7,4271.0,4269.7,4270.6,16.0
GO1!,24/09/2026,21:00,4270.3,4270.3,4268.9,4269.6,24.0
GO1!,24/09/2026,21:01,4270.1,4270.3,4268.8,4269.7,15.0
GO1!,24/09/2026,21:02,4269.2,4271.1,4269.2,4270.0,12.0
GO1!,24/09/2026,21:03,4270.3,4271.7,4269.9,4271.7,9.0
GO1!,24/09/2026,21:04,4272.8,4274.2,4272.8,4274.2,7.0
GO1!,24/09/2026,21:05,4274.0,4274.0,4272.8,4273.0,12.0
GO1!,24/09/2026,21:06,4272.7,4272.8,4271.2,4272.0,29.0
GO1!,24/09/2026,21:07,4272.8,4276.3,4272.8,4276.3,20.0
GO1!,24/09/2026,21:08,4275.0,4275.5,4274.0,4275.1,25.0
GO1!,24/09/2026,21:09,4274.5,4274.5,4272.0,4273.2,14.0
GO1!,24/09/2026,21:10,4273.6,4273.9,4273.5,4273.5,4.0
GO1!,24/09/2026,21:11,4271.9,4271.9,4270.8,4271.4,7.0
GO1!,24/09/2026,21:12,4270.2,4271.7,4270.1,4271.7,12.0
GO1!,24/09/2026,21:13,4271.7,4271.7,4271.7,4271.7,1.0
GO1!,24/09/2026,21:14,4273.8,4274.5,4272.6,4272.6,11.0
GO1!,24/09/2026,21:15,4272.9,4273.7,4269.1,4269.8,18.0
GO1!,24/09/2026,21:16,4269.1,4269.5,4267.3,4269.0,36.0
GO1!,24/09/2026,21:17,4269.7,4272.0,4267.9,4270.6,100.0
GO1!,24/09/2026,21:18,4270.6,4271.9,4270.0,4271.5,23.0
GO1!,24/09/2026,21:19,4271.0,4271.0,4267.5,4267.5,10.0
GO1!,24/09/2026,21:20,4266.4,4266.9,4266.2,4266.5,8.0
GO1!,24/09/2026,21:21,4266.1,4266.1,4263.9,4265.5,46.0
GO1!,24/09/2026,21:22,4265.6,4266.1,4265.4,4265.5,22.0
GO1!,24/09/2026,21:23,4265.9,4266.1,4265.0,4265.0,29.0
GO1!,24/09/2026,21:24,4265.7,4266.0,4265.7,4265.7,5.0
GO1!,24/09/2026,21:25,4266.5,4266.5,4265.0,4265.0,4.0
GO1!,24/09/2026,21:26,4264.8,4266.7,4264.8,4266.7,2.0
GO1!,24/09/2026,21:27,4268.1,4270.7,4268.1,4270.7,7.0
GO1!,24/09/2026,21:28,4270.9,4270.9,4269.9,4270.0,11.0
GO1!,24/09/2026,21:29,4269.9,4269.9,4269.9,4269.9,2.0
GO1!,24/09/2026,21:30,4269.8,4269.8,4264.8,4265.0,33.0
GO1!,24/09/2026,21:31,4265.0,4265.4,4263.5,4264.0,9.0
GO1!,24/09/2026,21:32,4263.6,4263.6,4262.6,4262.6,8.0
GO1!,24/09/2026,21:33,4262.6,4262.6,4259.4,4260.1,22.0
GO1!,24/09/2026,21:34,4261.5,4263.9,4261.5,4263.9,35.0
GO1!,24/09/2026,21:35,4264.2,4264.2,4263.0,4263.0,17.0
GO1!,24/09/2026,21:36,4264.7,4264.7,4262.9,4264.0,6.0
GO1!,24/09/2026,21:37,4263.5,4264.2,4263.0,4263.0,6.0
GO1!,24/09/2026,21:38,4262.5,4262.5,4259.4,4259.9,17.0
GO1!,24/09/2026,21:39,4259.5,4259.5,4258.4,4259.0,36.0
GO1!,24/09/2026,21:40,4259.9,4259.9,4258.0,4258.0,12.0
GO1!,24/09/2026,21:41,4258.0,4258.0,4257.8,4257.9,5.0
GO1!,24/09/2026,21:42,4257.5,4259.8,4257.2,4257.2,30.0
GO1!,24/09/2026,21:43,4257.1,4258.3,4257.0,4258.3,12.0
GO1!,24/09/2026,21:44,4258.8,4259.1,4258.7,4259.1,9.0
GO1!,24/09/2026,21:45,4258.1,4258.2,4257.5,4258.0,20.0
GO1!,24/09/2026,21:46,4259.3,4260.0,4258.8,4258.8,17.0
GO1!,24/09/2026,21:47,4259.0,4260.4,4259.0,4259.8,7.0
GO1!,24/09/2026,21:48,4260.5,4260.7,4260.2,4260.7,10.0
GO1!,24/09/2026,21:49,4260.2,4260.2,4260.0,4260.0,10.0
GO1!,24/09/2026,21:50,4260.8,4263.6,4260.8,4261.1,83.0
GO1!,24/09/2026,21:51,4261.1,4261.1,4261.1,4261.1,1.0
GO1!,24/09/2026,21:52,4262.1,4264.0,4262.1,4263.5,34.0
GO1!,24/09/2026,21:53,4263.3,4264.4,4262.7,4262.9,44.0
GO1!,24/09/2026,21:54,4264.0,4264.1,4263.0,4263.0,6.0
GO1!,24/09/2026,21:55,4262.5,4262.5,4259.3,4260.0,28.0
GO1!,24/09/2026,21:56,4260.2,4260.2,4258.2,4258.2,31.0
GO1!,24/09/2026,21:57,4256.7,4256.8,4256.1,4256.1,16.0
GO1!,24/09/2026,21:58,4256.0,4257.7,4255.9,4257.7,23.0
GO1!,24/09/2026,21:59,4256.7,4256.7,4255.9,4256.0,14.0
GO1!,24/09/2026,22:00,4256.0,4256.5,4255.8,4255.8,12.0
GO1!,24/09/2026,22:01,4256.2,4256.3,4252.8,4254.6,98.0
GO1!,24/09/2026,22:02,4254.9,4255.4,4253.5,4253.5,34.0
GO1!,24/09/2026,22:03,4253.0,4255.8,4252.8,4254.8,28.0
GO1!,24/09/2026,22:04,4255.6,4255.6,4254.0,4254.0,32.0
GO1!,24/09/2026,22:05,4253.5,4254.1,4253.3,4253.5,11.0
GO1!,24/09/2026,22:06,4254.0,4254.1,4253.0,4253.0,38.0
GO1!,24/09/2026,22:07,4252.0,4253.3,4251.8,4253.3,20.0
GO1!,24/09/2026,22:08,4253.6,4253.6,4253.6,4253.6,1.0
GO1!,24/09/2026,22:09,4253.0,4253.5,4252.8,4252.8,10.0
GO1!,24/09/2026,22:10,4252.9,4252.9,4252.4,4252.4,2.0
GO1!,24/09/2026,22:11,4253.1,4253.1,4253.1,4253.1,1.0
GO1!,24/09/2026,22:12,4252.0,4252.4,4250.8,4251.8,29.0
GO1!,24/09/2026,22:13,4250.0,4250.0,4247.9,4247.9,81.0
GO1!,24/09/2026,22:14,4248.3,4249.9,4248.0,4249.9,49.0
GO1!,24/09/2026,22:15,4249.6,4252.7,4249.4,4252.0,16.0
GO1!,24/09/2026,22:16,4252.0,4255.7,4252.0,4253.7,116.0
GO1!,24/09/2026,22:17,4254.0,4254.0,4253.7,4254.0,6.0
GO1!,24/09/2026,22:18,4252.9,4254.0,4252.9,4254.0,10.0
GO1!,24/09/2026,22:19,4254.1,4256.0,4254.0,4254.0,26.0
GO1!,24/09/2026,22:20,4253.3,4254.3,4253.3,4254.3,2.0
GO1!,24/09/2026,22:21,4254.3,4256.8,4254.0,4256.8,19.0
GO1!,24/09/2026,22:22,4256.0,4257.3,4256.0,4257.2,27.0
GO1!,24/09/2026,22:23,4257.5,4258.0,4257.0,4257.6,9.0
GO1!,24/09/2026,22:24,4257.8,4257.9,4256.7,4257.9,10.0
GO1!,24/09/2026,22:25,4257.7,4257.7,4255.0,4255.0,13.0
GO1!,24/09/2026,22:26,4254.5,4254.8,4254.0,4254.8,8.0
GO1!,24/09/2026,22:27,4253.0,4253.0,4252.0,4252.0,13.0
GO1!,24/09/2026,22:28,4252.3,4253.6,4252.3,4252.8,12.0
GO1!,24/09/2026,22:29,4252.5,4253.2,4252.5,4253.2,21.0
GO1!,24/09/2026,22:30,4253.0,4253.3,4252.0,4252.0,41.0
GO1!,24/09/2026,22:31,4251.8,4252.2,4250.3,4250.3,12.0
GO1!,24/09/2026,22:32,4250.0,4252.4,4250.0,4251.7,32.0
GO1!,24/09/2026,22:33,4252.0,4252.4,4251.4,4252.1,19.0
GO1!,24/09/2026,22:34,4251.0,4251.0,4251.0,4251.0,1.0
GO1!,24/09/2026,22:35,4249.7,4251.6,4249.7,4250.8,14.0
GO1!,24/09/2026,22:36,4252.9,4253.1,4252.0,4252.0,5.0
GO1!,24/09/2026,22:37,4252.5,4254.0,4252.5,4254.0,8.0
GO1!,24/09/2026,22:38,4254.2,4254.8,4254.1,4254.5,11.0
GO1!,24/09/2026,22:39,4254.6,4256.0,4254.0,4256.0,14.0
GO1!,24/09/2026,22:40,4255.9,4256.0,4255.2,4255.2,7.0
GO1!,24/09/2026,22:41,4254.9,4256.0,4254.9,4255.6,6.0
GO1!,24/09/2026,22:42,4255.7,4256.0,4255.7,4256.0,3.0
GO1!,24/09/2026,22:43,4255.3,4256.3,4255.3,4256.0,8.0
GO1!,24/09/2026,22:44,4256.5,4257.9,4256.5,4257.9,6.0
GO1!,24/09/2026,22:45,4257.6,4258.7,4257.6,4258.2,13.0
GO1!,24/09/2026,22:46,4257.3,4257.3,4255.9,4256.9,9.0
GO1!,24/09/2026,22:47,4259.1,4259.1,4258.7,4258.8,4.0
GO1!,24/09/2026,22:48,4258.2,4258.2,4258.2,4258.2,1.0
GO1!,24/09/2026,22:49,4257.0,4258.1,4257.0,4258.1,4.0
GO1!,24/09/2026,22:50,4258.5,4259.6,4258.5,4259.2,5.0
GO1!,24/09/2026,22:51,4260.1,4262.3,4260.1,4261.9,43.0
GO1!,24/09/2026,22:52,4262.3,4262.3,4261.0,4261.0,27.0
GO1!,24/09/2026,22:53,4261.1,4262.8,4260.1,4260.1,15.0
GO1!,24/09/2026,22:54,4260.0,4260.2,4259.2,4260.0,24.0
GO1!,24/09/2026,22:55,4259.9,4259.9,4257.9,4258.5,20.0
GO1!,24/09/2026,22:56,4257.6,4259.5,4257.6,4259.5,14.0
GO1!,24/09/2026,22:57,4259.6,4260.6,4259.6,4259.7,14.0
GO1!,24/09/2026,22:58,4260.0,4260.0,4259.6,4259.9,9.0
GO1!,24/09/2026,22:59,4259.3,4260.7,4259.2,4260.1,30.0
GO1!,24/09/2026,23:00,4260.4,4260.4,4258.8,4258.8,16.0
GO1!,24/09/2026,23:01,4258.7,4260.0,4257.7,4260.0,8.0
GO1!,24/09/2026,23:02,4259.1,4259.1,4259.1,4259.1,1.0
GO1!,24/09/2026,23:03,4259.4,4260.2,4259.4,4260.2,4.0
GO1!,24/09/2026,23:04,4260.5,4260.9,4260.5,4260.9,2.0
GO1!,24/09/2026,23:05,4260.8,4261.5,4260.8,4261.0,5.0
GO1!,24/09/2026,23:06,4261.1,4261.1,4257.8,4257.8,6.0
GO1!,24/09/2026,23:07,4257.0,4257.3,4256.2,4256.2,7.0
GO1!,24/09/2026,23:08,4256.3,4257.0,4256.3,4257.0,4.0
GO1!,24/09/2026,23:09,4257.1,4257.1,4255.3,4255.3,13.0
GO1!,24/09/2026,23:10,4257.5,4257.5,4257.5,4257.5,7.0
GO1!,24/09/2026,23:11,4256.2,4256.2,4256.0,4256.0,5.0
GO1!,24/09/2026,23:12,4257.2,4257.6,4257.2,4257.6,2.0
GO1!,24/09/2026,23:13,4257.3,4257.3,4257.3,4257.3,1.0
GO1!,24/09/2026,23:14,4257.9,4260.7,4257.9,4260.7,23.0
GO1!,24/09/2026,23:15,4260.2,4272.4,4260.2,4270.9,342.0
GO1!,24/09/2026,23:16,4271.0,4289.0,4270.7,4285.3,209.0
GO1!,24/09/2026,23:17,4283.8,4290.6,4282.0,4283.9,203.0
GO1!,24/09/2026,23:18,4283.8,4291.2,4280.0,4280.7,134.0
GO1!,24/09/2026,23:19,4279.6,4282.5,4274.4,4276.2,98.0
GO1!,24/09/2026,23:20,4278.1,4283.4,4277.8,4278.0,61.0
GO1!,24/09/2026,23:21,4278.1,4282.0,4277.5,4278.0,77.0
GO1!,24/09/2026,23:22,4278.0,4280.0,4276.5,4277.0,21.0
GO1!,24/09/2026,23:23,4278.3,4278.8,4275.6,4275.6,20.0
GO1!,24/09/2026,23:24,4275.0,4278.2,4275.0,4278.2,37.0
GO1!,24/09/2026,23:25,4279.9,4281.0,4275.5,4276.8,43.0
GO1!,24/09/2026,23:26,4276.7,4279.5,4276.7,4279.5,6.0
GO1!,24/09/2026,23:27,4276.2,4279.5,4275.3,4278.7,30.0
GO1!,24/09/2026,23:28,4278.4,4278.8,4277.3,4277.7,15.0
GO1!,24/09/2026,23:29,4278.0,4279.0,4276.9,4279.0,13.0
GO1!,24/09/2026,23:30,4279.0,4279.5,4278.5,4278.9,24.0
GO1!,24/09/2026,23:31,4279.0,4280.2,4275.0,4275.1,13.0
GO1!,24/09/2026,23:32,4275.0,4275.3,4273.3,4275.3,19.0
GO1!,24/09/2026,23:33,4275.1,4278.8,4274.4,4278.8,15.0
GO1!,24/09/2026,23:34,4278.1,4278.6,4275.0,4275.1,14.0
GO1!,24/09/2026,23:35,4277.1,4279.8,4276.0,4278.2,10.0
GO1!,24/09/2026,23:36,4279.7,4279.7,4279.4,4279.7,3.0
GO1!,24/09/2026,23:37,4280.6,4281.0,4279.2,4280.0,15.0
GO1!,24/09/2026,23:38,4279.7,4280.0,4279.0,4280.0,6.0
GO1!,24/09/2026,23:39,4277.7,4279.0,4277.7,4279.0,5.0
GO1!,24/09/2026,23:40,4279.7,4280.0,4279.7,4280.0,8.0
GO1!,24/09/2026,23:41,4281.3,4282.6,4281.3,4282.5,11.0
GO1!,24/09/2026,23:42,4283.0,4287.0,4283.0,4287.0,41.0
GO1!,24/09/2026,23:43,4286.3,4286.3,4282.9,4282.9,15.0
GO1!,24/09/2026,23:44,4282.3,4282.3,4277.2,4277.3,18.0
GO1!,24/09/2026,23:45,4276.0,4277.2,4275.6,4277.0,11.0
GO1!,24/09/2026,23:46,4277.2,4279.8,4277.2,4279.2,25.0
GO1!,24/09/2026,23:47,4278.0,4278.5,4277.2,4277.2,11.0
GO1!,24/09/2026,23:48,4278.7,4278.7,4278.7,4278.7,1.0
GO1!,24/09/2026,23:49,4278.3,4278.3,4278.1,4278.1,2.0
GO1!,24/09/2026,23:50,4278.5,4279.3,4276.6,4276.6,10.0
GO1!,24/09/2026,23:51,4276.8,4280.5,4276.8,4280.5,19.0
GO1!,24/09/2026,23:52,4280.1,4280.2,4280.1,4280.2,2.0
GO1!,24/09/2026,23:53,4275.0,4275.0,4273.2,4274.5,8.0
GO1!,24/09/2026,23:54,4274.6,4276.0,4274.5,4276.0,3.0
GO1!,24/09/2026,23:55,4275.3,4277.2,4275.3,4277.2,16.0
GO1!,24/09/2026,23:56,4276.9,4277.7,4276.9,4277.7,3.0
GO1!,24/09/2026,23:57,4278.6,4278.6,4278.4,4278.4,3.0
GO1!,24/09/2026,23:58,4277.1,4277.1,4277.1,4277.1,1.0
GO1!,24/09/2026,23:59,4276.9,4276.9,4276.2,4276.2,2.0
GO1!,25/09/2026,00:00,4275.3,4275.3,4273.0,4274.1,16.0
GO1!,25/09/2026,00:01,4274.4,4276.4,4274.4,4275.4,15.0
GO1!,25/09/2026,00:02,4274.6,4276.5,4272.0,4276.5,56.0
GO1!,25/09/2026,00:03,4276.6,4280.5,4276.6,4277.7,19.0
GO1!,25/09/2026,00:04,4277.2,4277.2,4272.4,4274.0,11.0
GO1!,25/09/2026,00:05,4275.0,4276.4,4274.8,4274.8,11.0
GO1!,25/09/2026,00:06,4274.6,4275.9,4273.4,4275.9,8.0
GO1!,25/09/2026,00:07,4275.0,4276.2,4274.0,4274.0,12.0
GO1!,25/09/2026,00:08,4274.0,4274.2,4273.0,4274.2,9.0
GO1!,25/09/2026,00:10,4272.4,4272.7,4269.6,4271.5,62.0
GO1!,25/09/2026,00:11,4271.0,4272.7,4270.4,4272.7,12.0
GO1!,25/09/2026,00:12,4271.4,4272.0,4271.4,4272.0,2.0
GO1!,25/09/2026,00:13,4272.5,4272.5,4272.5,4272.5,2.0
GO1!,25/09/2026,00:14,4273.4,4274.0,4273.4,4274.0,2.0
GO1!,25/09/2026,00:15,4273.4,4273.5,4270.0,4270.0,9.0
GO1!,25/09/2026,00:16,4271.0,4271.4,4270.4,4270.9,5.0
GO1!,25/09/2026,00:17,4270.7,4270.7,4269.0,4269.5,23.0
GO1!,25/09/2026,00:18,4268.6,4270.1,4268.6,4269.9,9.0
GO1!,25/09/2026,00:19,4270.0,4270.3,4265.9,4265.9,14.0
GO1!,25/09/2026,00:20,4265.0,4268.2,4265.0,4267.3,16.0
GO1!,25/09/2026,00:21,4267.0,4267.2,4267.0,4267.1,3.0
GO1!,25/09/2026,00:22,4267.0,4267.7,4266.8,4267.0,10.0
GO1!,25/09/2026,00:23,4266.7,4266.7,4265.8,4266.0,3.0
GO1!,25/09/2026,00:24,4266.1,4266.2,4264.0,4264.0,13.0
GO1!,25/09/2026,00:25,4264.0,4264.0,4264.0,4264.0,5.0
GO1!,25/09/2026,00:26,4263.8,4263.8,4261.9,4262.7,28.0
GO1!,25/09/2026,00:27,4263.2,4263.2,4263.0,4263.1,3.0
GO1!,25/09/2026,00:28,4262.9,4265.1,4262.9,4265.1,8.0
GO1!,25/09/2026,00:29,4264.2,4265.9,4263.4,4265.9,23.0
GO1!,25/09/2026,00:30,4267.0,4267.1,4267.0,4267.1,2.0
GO1!,25/09/2026,00:31,4266.9,4268.2,4266.5,4268.2,14.0
GO1!,25/09/2026,00:32,4267.0,4267.8,4266.4,4267.8,11.0
GO1!,25/09/2026,00:33,4267.6,4269.2,4267.6,4269.2,17.0
GO1!,25/09/2026,00:34,4269.5,4269.6,4266.9,4266.9,7.0
GO1!,25/09/2026,00:35,4265.9,4265.9,4265.9,4265.9,1.0
GO1!,25/09/2026,00:36,4265.7,4266.1,4265.2,4265.8,7.0
GO1!,25/09/2026,00:37,4265.1,4265.1,4264.6,4264.7,5.0
GO1!,25/09/2026,00:38,4264.3,4264.4,4264.0,4264.3,7.0
GO1!,25/09/2026,00:39,4264.5,4265.0,4264.5,4264.8,4.0
GO1!,25/09/2026,00:40,4264.8,4265.5,4264.8,4265.0,3.0
GO1!,25/09/2026,00:41,4264.6,4264.9,4263.4,4264.5,16.0
GO1!,25/09/2026,00:42,4264.1,4264.2,4263.4,4263.4,3.0
GO1!,25/09/2026,00:43,4263.4,4263.4,4261.6,4262.1,12.0
GO1!,25/09/2026,00:44,4261.9,4261.9,4261.2,4261.6,8.0
GO1!,25/09/2026,00:45,4261.0,4261.5,4261.0,4261.5,4.0
GO1!,25/09/2026,00:46,4262.0,4263.0,4262.0,4263.0,5.0
GO1!,25/09/2026,00:48,4261.9,4261.9,4261.0,4261.0,3.0
GO1!,25/09/2026,00:49,4261.0,4261.0,4261.0,4261.0,2.0
GO1!,25/09/2026,00:51,4262.5,4262.5,4261.8,4262.1,4.0
GO1!,25/09/2026,00:52,4262.4,4263.5,4262.4,4263.5,4.0
GO1!,25/09/2026,00:53,4264.1,4264.1,4264.0,4264.0,2.0
GO1!,25/09/2026,00:54,4263.9,4263.9,4263.6,4263.6,4.0
GO1!,25/09/2026,00:55,4264.2,4264.6,4264.2,4264.6,4.0
GO1!,25/09/2026,00:56,4265.0,4265.6,4265.0,4265.6,2.0
GO1!,25/09/2026,00:57,4264.5,4266.6,4264.5,4266.3,18.0
GO1!,25/09/2026,00:58,4267.0,4267.0,4266.5,4266.9,6.0
GO1!,25/09/2026,00:59,4268.0,4268.0,4268.0,4268.0,1.0
GO1!,25/09/2026,01:00,4268.1,4268.1,4266.6,4267.9,23.0
GO1!,25/09/2026,01:01,4268.2,4268.2,4263.3,4263.6,20.0
GO1!,25/09/2026,01:02,4263.9,4263.9,4261.2,4261.8,27.0
GO1!,25/09/2026,01:03,4261.5,4261.8,4259.2,4259.2,23.0
GO1!,25/09/2026,01:04,4259.8,4260.5,4259.8,4260.0,18.0
GO1!,25/09/2026,01:05,4261.0,4262.3,4260.9,4260.9,66.0
GO1!,25/09/2026,01:06,4261.6,4265.1,4261.2,4264.4,27.0
GO1!,25/09/2026,01:07,4264.3,4264.9,4264.3,4264.7,6.0
GO1!,25/09/2026,01:08,4265.5,4265.5,4265.5,4265.5,2.0
GO1!,25/09/2026,01:10,4265.6,4267.8,4265.6,4267.8,6.0
GO1!,25/09/2026,01:11,4268.8,4270.7,4267.7,4270.5,43.0
GO1!,25/09/2026,01:12,4271.3,4272.3,4271.3,4271.6,28.0
GO1!,25/09/2026,01:13,4270.9,4273.6,4270.9,4272.9,58.0
GO1!,25/09/2026,01:14,4272.2,4272.8,4272.2,4272.5,5.0
GO1!,25/09/2026,01:15,4271.5,4271.6,4271.5,4271.6,2.0
GO1!,25/09/2026,01:16,4273.0,4275.1,4273.0,4275.1,6.0
GO1!,25/09/2026,01:18,4274.1,4274.1,4272.5,4272.5,10.0
GO1!,25/09/2026,01:19,4272.1,4272.1,4272.1,4272.1,1.0
GO1!,25/09/2026,01:20,4272.2,4272.2,4270.0,4270.0,11.0
GO1!,25/09/2026,01:21,4270.8,4271.3,4270.7,4271.3,5.0
GO1!,25/09/2026,01:22,4271.3,4271.5,4271.3,4271.5,3.0
GO1!,25/09/2026,01:23,4271.4,4272.0,4271.2,4272.0,5.0
GO1!,25/09/2026,01:25,4273.6,4277.0,4273.6,4275.1,41.0
GO1!,25/09/2026,01:26,4275.0,4277.8,4275.0,4277.4,6.0
GO1!,25/09/2026,01:27,4276.9,4277.0,4276.3,4277.0,17.0
GO1!,25/09/2026,01:28,4277.0,4278.1,4277.0,4277.8,11.0
GO1!,25/09/2026,01:29,4277.8,4278.1,4277.8,4278.1,4.0
GO1!,25/09/2026,01:30,4278.3,4280.4,4278.3,4280.0,31.0
GO1!,25/09/2026,01:33,4276.6,4277.3,4276.6,4277.3,2.0
GO1!,25/09/2026,01:34,4275.0,4275.0,4275.0,4275.0,1.0
GO1!,25/09/2026,01:35,4271.7,4271.8,4271.7,4271.8,3.0
GO1!,25/09/2026,01:37,4271.4,4271.4,4271.2,4271.2,3.0
GO1!,25/09/2026,01:38,4272.4,4280.4,4272.4,4280.4,87.0
GO1!,25/09/2026,01:39,4281.2,4284.0,4281.2,4282.2,36.0
GO1!,25/09/2026,01:40,4280.0,4280.6,4276.4,4276.4,11.0
GO1!,25/09/2026,01:41,4277.7,4277.7,4277.7,4277.7,1.0
GO1!,25/09/2026,01:42,4277.2,4277.2,4274.9,4274.9,3.0
GO1!,25/09/2026,01:43,4275.1,4275.1,4273.1,4273.1,16.0
GO1!,25/09/2026,01:44,4274.8,4274.9,4274.8,4274.9,2.0
GO1!,25/09/2026,01:45,4275.0,4275.0,4274.0,4274.0,3.0
GO1!,25/09/2026,01:46,4274.9,4274.9,4274.9,4274.9,3.0
GO1!,25/09/2026,01:50,4277.6,4279.9,4277.6,4279.8,63.0
GO1!,25/09/2026,01:51,4278.5,4278.5,4276.1,4276.1,8.0
GO1!,25/09/2026,01:53,4276.7,4277.5,4276.7,4277.2,10.0
GO1!,25/09/2026,01:54,4276.6,4276.6,4276.6,4276.6,1.0
GO1!,25/09/2026,01:56,4276.8,4277.1,4276.8,4277.1,2.0
GO1!,25/09/2026,01:57,4276.6,4276.6,4276.6,4276.6,2.0
GO1!,25/09/2026,01:58,4276.7,4276.7,4276.7,4276.7,2.0
GO1!,25/09/2026,01:59,4275.8,4275.8,4274.8,4275.1,15.0
GO1!,25/09/2026,02:00,4275.5,4275.5,4275.0,4275.0,2.0
GO1!,25/09/2026,02:01,4274.5,4275.8,4271.9,4272.0,26.0
GO1!,25/09/2026,02:03,4271.7,4271.7,4270.6,4270.6,2.0
GO1!,25/09/2026,02:04,4270.6,4270.6,4270.6,4270.6,1.0
GO1!,25/09/2026,02:07,4271.6,4272.9,4271.6,4272.9,3.0
GO1!,25/09/2026,02:08,4272.3,4272.3,4272.3,4272.3,2.0
GO1!,25/09/2026,02:09,4272.2,4272.3,4272.0,4272.3,4.0
GO1!,25/09/2026,02:10,4272.3,4272.3,4272.3,4272.3,1.0
GO1!,25/09/2026,02:11,4271.1,4271.1,4270.1,4270.1,3.0
GO1!,25/09/2026,02:15,4271.5,4271.5,4271.5,4271.5,4.0
GO1!,25/09/2026,02:17,4272.8,4272.8,4271.9,4272.7,16.0
GO1!,25/09/2026,02:20,4273.7,4273.7,4273.3,4273.4,5.0
GO1!,25/09/2026,02:21,4272.7,4272.7,4272.7,4272.7,1.0
GO1!,25/09/2026,02:22,4273.6,4274.1,4273.6,4274.1,2.0
GO1!,25/09/2026,02:24,4276.5,4276.5,4276.5,4276.5,1.0
GO1!,25/09/2026,02:25,4278.0,4278.0,4278.0,4278.0,1.0
GO1!,25/09/2026,02:27,4276.3,4276.4,4276.3,4276.4,4.0
GO1!,25/09/2026,02:30,4275.9,4275.9,4275.9,4275.9,1.0
GO1!,25/09/2026,02:34,4275.1,4275.1,4275.1,4275.1,1.0
GO1!,25/09/2026,02:35,4275.0,4275.0,4275.0,4275.0,1.0
GO1!,25/09/2026,02:36,4275.7,4275.7,4275.7,4275.7,1.0
GO1!,25/09/2026,02:37,4274.7,4274.9,4274.7,4274.9,3.0
GO1!,25/09/2026,02:39,4276.8,4278.0,4276.8,4278.0,4.0
GO1!,25/09/2026,02:40,4278.0,4278.0,4277.3,4277.3,4.0
GO1!,25/09/2026,02:41,4277.0,4277.0,4277.0,4277.0,2.0
GO1!,25/09/2026,02:42,4277.4,4277.4,4277.4,4277.4,1.0
GO1!,25/09/2026,02:44,4277.1,4277.1,4277.1,4277.1,1.0
GO1!,25/09/2026,02:46,4276.8,4277.3,4276.8,4277.3,2.0
GO1!,25/09/2026,02:47,4277.3,4277.3,4277.3,4277.3,1.0
GO1!,25/09/2026,02:48,4276.1,4276.1,4276.1,4276.1,6.0
GO1!,25/09/2026,02:50,4276.9,4276.9,4276.0,4276.0,2.0
GO1!,25/09/2026,02:51,4276.0,4276.0,4276.0,4276.0,1.0
GO1!,25/09/2026,02:53,4276.1,4276.1,4276.1,4276.1,1.0
GO1!,25/09/2026,02:54,4276.7,4277.1,4276.6,4277.0,38.0
GO1!,25/09/2026,02:56,4276.8,4276.8,4276.8,4276.8,1.0
GO1!,25/09/2026,02:57,4276.3,4276.3,4276.3,4276.3,1.0
GO1!,25/09/2026,02:58,4276.0,4276.0,4273.9,4274.5,8.0
GO1!,25/09/2026,02:59,4274.6,4277.6,4272.7,4275.0,17.0
GO1!,25/09/2026,09:45,4288.3,4289.0,4286.6,4287.0,50.0
GO1!,25/09/2026,09:46,4287.3,4287.3,4285.0,4285.0,20.0
GO1!,25/09/2026,09:47,4285.1,4286.9,4284.5,4285.5,35.0
GO1!,25/09/2026,09:48,4284.8,4285.0,4283.6,4283.8,9.0
GO1!,25/09/2026,09:49,4283.7,4283.7,4283.7,4283.7,1.0
GO1!,25/09/2026,09:50,4281.9,4282.6,4280.8,4282.0,27.0
GO1!,25/09/2026,09:51,4281.5,4281.8,4279.6,4281.0,31.0
GO1!,25/09/2026,09:52,4281.3,4281.8,4280.8,4281.8,8.0
GO1!,25/09/2026,09:53,4281.8,4283.3,4281.2,4282.8,15.0
GO1!,25/09/2026,09:54,4282.6,4283.9,4282.4,4283.9,7.0
GO1!,25/09/2026,09:55,4284.3,4284.6,4284.3,4284.6,4.0
GO1!,25/09/2026,09:56,4284.6,4285.4,4284.6,4285.4,18.0
GO1!,25/09/2026,09:58,4285.6,4285.6,4285.0,4285.0,5.0
GO1!,25/09/2026,10:00,4285.4,4287.3,4285.3,4287.3,33.0
GO1!,25/09/2026,10:01,4286.0,4286.0,4286.0,4286.0,3.0
GO1!,25/09/2026,10:02,4285.1,4285.1,4284.9,4284.9,4.0
GO1!,25/09/2026,10:03,4285.3,4285.3,4284.9,4284.9,5.0
GO1!,25/09/2026,10:04,4284.9,4285.5,4284.9,4285.5,7.0
GO1!,25/09/2026,10:05,4285.7,4287.3,4285.5,4286.5,12.0
GO1!,25/09/2026,10:06,4286.6,4288.0,4286.2,4287.9,13.0
GO1!,25/09/2026,10:07,4287.5,4287.5,4287.4,4287.4,2.0
GO1!,25/09/2026,10:08,4288.3,4288.4,4287.0,4287.0,12.0
GO1!,25/09/2026,10:09,4286.8,4287.0,4286.8,4287.0,5.0
GO1!,25/09/2026,10:10,4286.6,4286.6,4286.0,4286.5,10.0
GO1!,25/09/2026,10:11,4286.3,4286.3,4286.3,4286.3,2.0
GO1!,25/09/2026,10:13,4286.0,4286.0,4285.6,4285.9,10.0
GO1!,25/09/2026,10:14,4285.9,4285.9,4285.1,4285.1,4.0
GO1!,25/09/2026,10:15,4285.4,4286.0,4285.0,4286.0,20.0
GO1!,25/09/2026,10:16,4287.1,4287.1,4286.7,4286.7,5.0
GO1!,25/09/2026,10:17,4286.1,4286.1,4286.1,4286.1,1.0
GO1!,25/09/2026,10:18,4285.6,4286.0,4285.6,4286.0,6.0
GO1!,25/09/2026,10:20,4286.4,4286.4,4285.5,4285.5,16.0
GO1!,25/09/2026,10:21,4286.2,4286.2,4285.9,4286.1,8.0
GO1!,25/09/2026,10:22,4285.5,4285.5,4285.5,4285.5,2.0
GO1!,25/09/2026,10:23,4285.6,4285.6,4285.4,4285.4,5.0
GO1!,25/09/2026,10:24,4285.4,4285.4,4284.7,4284.7,15.0
GO1!,25/09/2026,10:25,4285.3,4285.4,4284.1,4284.1,23.0
GO1!,25/09/2026,10:26,4284.1,4284.1,4281.4,4281.4,14.0
GO1!,25/09/2026,10:27,4281.5,4281.9,4281.0,4281.0,9.0
GO1!,25/09/2026,10:28,4281.5,4281.5,4281.2,4281.2,2.0
GO1!,25/09/2026,10:29,4280.6,4280.6,4280.1,4280.2,4.0
GO1!,25/09/2026,10:30,4280.1,4280.4,4279.5,4280.0,16.0
GO1!,25/09/2026,10:31,4279.4,4279.4,4279.3,4279.3,6.0
GO1!,25/09/2026,10:32,4279.1,4280.0,4279.1,4279.3,5.0
GO1!,25/09/2026,10:33,4280.0,4280.0,4279.7,4279.7,27.0
GO1!,25/09/2026,10:34,4279.7,4279.9,4278.5,4278.5,14.0
GO1!,25/09/2026,10:35,4278.3,4278.5,4278.1,4278.5,11.0
GO1!,25/09/2026,10:36,4278.2,4278.2,4276.8,4277.1,33.0
GO1!,25/09/2026,10:37,4277.0,4277.1,4276.3,4277.0,12.0
GO1!,25/09/2026,10:38,4277.0,4277.8,4276.7,4277.4,8.0
GO1!,25/09/2026,10:39,4277.5,4277.5,4277.1,4277.1,2.0
GO1!,25/09/2026,10:40,4277.1,4277.3,4277.0,4277.2,5.0
GO1!,25/09/2026,10:41,4277.2,4277.2,4277.2,4277.2,1.0
GO1!,25/09/2026,10:42,4277.9,4278.6,4277.9,4278.6,2.0
GO1!,25/09/2026,10:43,4277.1,4278.0,4277.1,4278.0,8.0
GO1!,25/09/2026,10:44,4277.6,4277.6,4277.0,4277.0,2.0
GO1!,25/09/2026,10:45,4276.3,4276.3,4276.0,4276.0,11.0
GO1!,25/09/2026,10:46,4275.6,4275.6,4274.6,4275.0,35.0
GO1!,25/09/2026,10:47,4275.3,4275.3,4275.0,4275.0,18.0
GO1!,25/09/2026,10:48,4274.6,4275.0,4274.6,4275.0,6.0
GO1!,25/09/2026,10:49,4274.9,4275.0,4274.5,4274.6,6.0
GO1!,25/09/2026,10:50,4274.3,4274.3,4274.2,4274.3,21.0
GO1!,25/09/2026,10:51,4274.3,4275.3,4274.3,4274.3,6.0
GO1!,25/09/2026,10:52,4275.2,4275.2,4275.1,4275.1,3.0
GO1!,25/09/2026,10:53,4274.2,4274.2,4274.2,4274.2,1.0
GO1!,25/09/2026,10:54,4274.5,4274.6,4274.2,4274.4,5.0
GO1!,25/09/2026,10:55,4274.1,4274.1,4273.8,4274.0,9.0
GO1!,25/09/2026,10:56,4274.1,4274.1,4274.1,4274.1,1.0
GO1!,25/09/2026,10:57,4274.0,4274.0,4273.4,4273.4,6.0
GO1!,25/09/2026,10:58,4273.2,4273.2,4273.2,4273.2,3.0
GO1!,25/09/2026,10:59,4273.3,4273.3,4271.9,4272.8,35.0
GO1!,25/09/2026,11:00,4272.2,4272.8,4272.2,4272.8,5.0
GO1!,25/09/2026,11:01,4272.5,4272.9,4272.3,4272.9,24.0
GO1!,25/09/2026,11:02,4272.5,4273.1,4272.5,4272.7,6.0
GO1!,25/09/2026,11:03,4272.0,4272.6,4269.5,4271.9,29.0
GO1!,25/09/2026,11:04,4273.0,4273.1,4273.0,4273.0,3.0
GO1!,25/09/2026,11:05,4273.0,4273.0,4273.0,4273.0,10.0
GO1!,25/09/2026,11:06,4273.5,4273.5,4272.0,4272.4,35.0
GO1!,25/09/2026,11:07,4272.5,4272.9,4272.0,4272.0,4.0
GO1!,25/09/2026,11:08,4272.5,4272.9,4272.5,4272.9,6.0
GO1!,25/09/2026,11:09,4273.2,4273.2,4273.2,4273.2,1.0
GO1!,25/09/2026,11:10,4272.5,4272.6,4272.5,4272.6,2.0
GO1!,25/09/2026,11:11,4272.1,4272.1,4271.5,4272.1,3.0
GO1!,25/09/2026,11:12,4272.1,4272.1,4272.0,4272.0,3.0
GO1!,25/09/2026,11:13,4272.0,4272.1,4271.6,4271.6,6.0
GO1!,25/09/2026,11:14,4271.2,4271.2,4270.7,4270.7,10.0
GO1!,25/09/2026,11:15,4270.4,4270.4,4270.4,4270.4,2.0
GO1!,25/09/2026,11:17,4271.0,4271.0,4270.9,4270.9,4.0
GO1!,25/09/2026,11:18,4271.2,4271.7,4269.8,4270.1,40.0
GO1!,25/09/2026,11:19,4270.1,4270.1,4270.1,4270.1,3.0
GO1!,25/09/2026,11:20,4269.9,4270.5,4269.9,4270.5,5.0
GO1!,25/09/2026,11:21,4270.8,4271.0,4270.8,4271.0,3.0
GO1!,25/09/2026,11:22,4271.2,4271.2,4271.2,4271.2,1.0
GO1!,25/09/2026,11:23,4271.6,4271.6,4271.5,4271.5,2.0
GO1!,25/09/2026,11:24,4272.6,4272.6,4272.6,4272.6,1.0
GO1!,25/09/2026,11:25,4272.8,4272.9,4272.2,4272.3,7.0
GO1!,25/09/2026,11:26,4272.6,4272.6,4272.6,4272.6,24.0
GO1!,25/09/2026,11:27,4272.8,4273.6,4272.8,4273.6,21.0
GO1!,25/09/2026,11:28,4273.4,4273.8,4273.4,4273.7,7.0
GO1!,25/09/2026,11:29,4274.2,4274.5,4274.2,4274.5,15.0
GO1!,25/09/2026,11:30,4274.0,4274.0,4274.0,4274.0,1.0
GO1!,25/09/2026,11:31,4274.0,4274.1,4274.0,4274.1,9.0
GO1!,25/09/2026,11:32,4274.2,4274.2,4274.0,4274.0,2.0
GO1!,25/09/2026,11:33,4273.4,4273.6,4272.9,4273.5,14.0
GO1!,25/09/2026,11:35,4273.8,4274.0,4273.8,4274.0,4.0
GO1!,25/09/2026,11:37,4273.3,4273.3,4273.3,4273.3,1.0
GO1!,25/09/2026,11:38,4274.5,4274.8,4274.2,4274.2,10.0
GO1!,25/09/2026,11:39,4273.8,4273.8,4273.3,4273.3,3.0
GO1!,25/09/2026,11:40,4273.8,4275.0,4273.7,4274.8,15.0
GO1!,25/09/2026,11:41,4275.1,4275.4,4274.9,4274.9,6.0
GO1!,25/09/2026,11:42,4274.8,4274.8,4274.7,4274.7,5.0
GO1!,25/09/2026,11:43,4275.5,4275.5,4275.1,4275.1,2.0
GO1!,25/09/2026,11:44,4275.0,4275.1,4274.6,4275.1,5.0
GO1!,25/09/2026,11:46,4275.5,4275.6,4275.2,4275.2,5.0
GO1!,25/09/2026,11:47,4275.0,4275.1,4274.0,4274.0,10.0
GO1!,25/09/2026,11:48,4274.2,4274.2,4273.9,4274.0,17.0
GO1!,25/09/2026,11:49,4274.1,4274.1,4273.0,4273.0,10.0
GO1!,25/09/2026,11:50,4272.2,4272.2,4271.0,4271.0,5.0
GO1!,25/09/2026,11:51,4271.8,4271.8,4271.8,4271.8,1.0
GO1!,25/09/2026,11:52,4270.6,4271.8,4269.9,4270.6,34.0
GO1!,25/09/2026,11:53,4269.9,4270.5,4269.2,4270.0,13.0
GO1!,25/09/2026,11:54,4269.8,4270.0,4269.2,4269.8,9.0
GO1!,25/09/2026,11:55,4270.2,4270.2,4269.2,4269.2,25.0
GO1!,25/09/2026,11:56,4269.1,4269.1,4266.0,4266.2,44.0
GO1!,25/09/2026,11:57,4267.0,4267.0,4265.4,4265.4,15.0
GO1!,25/09/2026,11:58,4265.3,4265.7,4264.6,4265.0,22.0
GO1!,25/09/2026,11:59,4264.6,4265.5,4264.6,4265.0,16.0
GO1!,25/09/2026,12:00,4264.5,4264.5,4262.7,4264.0,40.0
GO1!,25/09/2026,12:01,4264.8,4265.4,4264.1,4264.1,10.0
GO1!,25/09/2026,12:02,4263.8,4263.9,4263.0,4263.0,10.0
GO1!,25/09/2026,12:03,4262.9,4263.0,4262.4,4262.4,6.0
GO1!,25/09/2026,12:04,4262.4,4262.9,4262.2,4262.2,3.0
GO1!,25/09/2026,12:05,4261.9,4264.0,4261.9,4263.7,23.0
GO1!,25/09/2026,12:06,4263.8,4263.8,4262.5,4262.7,5.0
GO1!,25/09/2026,12:07,4262.4,4262.4,4261.8,4261.8,6.0
GO1!,25/09/2026,12:08,4261.3,4262.6,4261.0,4262.6,7.0
GO1!,25/09/2026,12:09,4263.0,4263.1,4261.4,4261.6,16.0
GO1!,25/09/2026,12:10,4261.9,4262.0,4259.7,4259.7,53.0
GO1!,25/09/2026,12:11,4260.0,4261.6,4260.0,4261.6,7.0
GO1!,25/09/2026,12:12,4262.0,4262.2,4260.1,4260.5,26.0
GO1!,25/09/2026,12:13,4260.4,4260.4,4260.0,4260.3,44.0
GO1!,25/09/2026,12:14,4259.5,4260.4,4259.0,4259.4,20.0
GO1!,25/09/2026,12:15,4260.4,4261.0,4260.3,4260.8,18.0
GO1!,25/09/2026,12:16,4261.2,4261.7,4260.6,4261.3,6.0
GO1!,25/09/2026,12:17,4262.3,4262.5,4261.9,4262.5,5.0
GO1!,25/09/2026,12:18,4262.4,4263.7,4262.4,4263.7,13.0
GO1!,25/09/2026,12:19,4262.5,4263.1,4262.0,4263.1,4.0
GO1!,25/09/2026,12:20,4263.6,4263.6,4263.3,4263.6,3.0
GO1!,25/09/2026,12:21,4263.6,4263.6,4263.6,4263.6,1.0
GO1!,25/09/2026,12:23,4264.0,4264.0,4263.6,4263.9,31.0
GO1!,25/09/2026,12:24,4263.4,4263.4,4262.0,4262.0,13.0
GO1!,25/09/2026,12:25,4262.9,4262.9,4262.9,4262.9,1.0
GO1!,25/09/2026,12:27,4264.5,4265.0,4264.5,4265.0,6.0
GO1!,25/09/2026,12:28,4266.0,4266.2,4265.8,4266.2,5.0
GO1!,25/09/2026,12:29,4266.3,4266.6,4266.0,4266.0,10.0
GO1!,25/09/2026,12:30,4266.3,4267.1,4266.0,4267.1,12.0
GO1!,25/09/2026,12:31,4269.8,4270.4,4269.8,4269.8,11.0
GO1!,25/09/2026,12:32,4270.9,4272.9,4270.9,4271.5,17.0
GO1!,25/09/2026,12:33,4271.5,4274.7,4271.5,4274.4,48.0
GO1!,25/09/2026,12:34,4273.7,4274.2,4271.0,4271.0,21.0
GO1!,25/09/2026,12:35,4271.8,4271.8,4269.4,4270.0,41.0
GO1!,25/09/2026,12:36,4268.7,4271.0,4268.0,4269.7,38.0
GO1!,25/09/2026,12:37,4269.7,4271.0,4269.4,4270.1,15.0
GO1!,25/09/2026,12:38,4270.0,4272.8,4270.0,4272.8,15.0
GO1!,25/09/2026,12:39,4272.6,4277.0,4272.6,4275.9,48.0
GO1!,25/09/2026,12:40,4276.0,4276.8,4275.4,4276.8,21.0
GO1!,25/09/2026,12:41,4276.8,4277.4,4276.2,4276.2,14.0
GO1!,25/09/2026,12:42,4276.9,4276.9,4275.6,4275.6,5.0
GO1!,25/09/2026,12:43,4274.8,4275.0,4274.8,4275.0,2.0
GO1!,25/09/2026,12:44,4276.4,4277.0,4275.8,4276.9,15.0
GO1!,25/09/2026,12:45,4276.9,4277.0,4276.0,4276.0,15.0
GO1!,25/09/2026,12:46,4276.0,4276.5,4275.6,4276.5,13.0
GO1!,25/09/2026,12:47,4276.9,4276.9,4275.3,4275.4,7.0
GO1!,25/09/2026,12:48,4274.4,4274.6,4273.9,4274.0,31.0
GO1!,25/09/2026,12:49,4273.6,4273.6,4273.0,4273.0,6.0
GO1!,25/09/2026,12:50,4272.9,4273.1,4271.9,4273.1,44.0
GO1!,25/09/2026,12:51,4273.3,4273.7,4272.5,4273.6,28.0
GO1!,25/09/2026,12:52,4273.4,4274.2,4272.1,4272.1,15.0
GO1!,25/09/2026,12:53,4272.0,4272.0,4271.0,4271.0,17.0
GO1!,25/09/2026,12:54,4270.7,4271.1,4270.7,4271.1,4.0
GO1!,25/09/2026,12:55,4270.0,4270.0,4269.8,4269.8,3.0
GO1!,25/09/2026,12:56,4270.1,4270.1,4269.3,4269.4,6.0
GO1!,25/09/2026,12:57,4268.2,4268.6,4268.0,4268.2,10.0
GO1!,25/09/2026,12:58,4268.2,4269.7,4268.2,4269.7,3.0
GO1!,25/09/2026,12:59,4269.0,4269.0,4269.0,4269.0,1.0
GO1!,25/09/2026,13:00,4269.0,4273.1,4268.7,4272.5,18.0
GO1!,25/09/2026,13:01,4270.2,4273.0,4269.9,4272.5,26.0
GO1!,25/09/2026,13:02,4273.3,4273.3,4272.3,4272.3,9.0
GO1!,25/09/2026,13:03,4272.1,4272.1,4272.1,4272.1,6.0
GO1!,25/09/2026,13:04,4271.3,4273.3,4271.3,4272.8,16.0
GO1!,25/09/2026,13:05,4273.5,4273.5,4270.5,4270.5,5.0
GO1!,25/09/2026,13:06,4270.5,4270.5,4269.0,4269.1,11.0
GO1!,25/09/2026,13:08,4269.5,4269.9,4268.9,4269.0,42.0
GO1!,25/09/2026,13:09,4269.3,4270.0,4269.3,4269.6,12.0
GO1!,25/09/2026,13:10,4270.0,4272.0,4270.0,4272.0,23.0
GO1!,25/09/2026,13:11,4273.0,4275.0,4273.0,4275.0,17.0
GO1!,25/09/2026,13:12,4276.0,4276.8,4275.8,4276.4,28.0
GO1!,25/09/2026,13:13,4276.1,4276.1,4275.4,4276.0,12.0
GO1!,25/09/2026,13:14,4275.9,4277.5,4275.5,4276.1,10.0
GO1!,25/09/2026,13:15,4277.1,4278.7,4277.1,4278.0,45.0
GO1!,25/09/2026,13:16,4278.4,4282.5,4278.4,4282.3,47.0
GO1!,25/09/2026,13:17,4282.0,4283.2,4280.6,4280.6,69.0
GO1!,25/09/2026,13:18,4281.0,4281.0,4281.0,4281.0,2.0
GO1!,25/09/2026,13:19,4280.0,4280.5,4280.0,4280.0,5.0
GO1!,25/09/2026,13:20,4281.3,4282.1,4281.3,4282.1,15.0
GO1!,25/09/2026,13:21,4282.2,4283.1,4282.2,4282.3,10.0
GO1!,25/09/2026,13:22,4281.9,4283.4,4280.0,4280.0,29.0
GO1!,25/09/2026,13:23,4279.8,4280.1,4279.0,4279.2,12.0
GO1!,25/09/2026,13:24,4279.0,4280.2,4279.0,4280.2,8.0
GO1!,25/09/2026,13:25,4280.6,4280.6,4280.1,4280.1,3.0
GO1!,25/09/2026,13:26,4278.7,4279.2,4278.7,4279.2,4.0
GO1!,25/09/2026,13:27,4279.2,4280.0,4279.2,4279.4,9.0
GO1!,25/09/2026,13:28,4279.8,4279.8,4277.5,4277.5,16.0
GO1!,25/09/2026,13:29,4277.9,4278.0,4277.0,4277.2,14.0
GO1!,25/09/2026,13:30,4277.6,4277.6,4277.6,4277.6,1.0
GO1!,25/09/2026,13:31,4277.6,4278.0,4277.6,4277.8,6.0
GO1!,25/09/2026,13:32,4277.8,4277.8,4277.5,4277.5,2.0
GO1!,25/09/2026,13:33,4278.4,4278.4,4277.5,4277.5,3.0
GO1!,25/09/2026,13:35,4279.8,4279.9,4278.4,4278.9,20.0
GO1!,25/09/2026,13:36,4279.1,4279.2,4278.0,4278.0,6.0
GO1!,25/09/2026,13:37,4277.1,4278.5,4277.0,4277.7,7.0
GO1!,25/09/2026,13:38,4277.9,4279.1,4277.9,4279.1,4.0
GO1!,25/09/2026,13:39,4278.2,4278.3,4278.2,4278.3,2.0
GO1!,25/09/2026,13:40,4278.1,4278.1,4277.7,4277.7,20.0
GO1!,25/09/2026,13:41,4278.4,4279.1,4278.4,4278.7,4.0
GO1!,25/09/2026,13:42,4279.1,4279.5,4278.6,4279.5,7.0
GO1!,25/09/2026,13:43,4279.6,4279.6,4278.6,4278.6,2.0
GO1!,25/09/2026,13:44,4279.5,4280.0,4279.5,4280.0,17.0
GO1!,25/09/2026,13:45,4279.0,4279.7,4279.0,4279.7,20.0
GO1!,25/09/2026,13:46,4279.1,4279.8,4279.1,4279.8,3.0
GO1!,25/09/2026,13:47,4279.0,4279.4,4279.0,4279.4,3.0
GO1!,25/09/2026,13:48,4277.8,4278.2,4277.7,4278.2,9.0
GO1!,25/09/2026,13:49,4278.8,4278.8,4278.8,4278.8,1.0
GO1!,25/09/2026,13:50,4278.7,4278.7,4278.7,4278.7,5.0
GO1!,25/09/2026,13:51,4277.0,4277.0,4277.0,4277.0,1.0
GO1!,25/09/2026,13:52,4277.1,4277.8,4277.1,4277.7,8.0
GO1!,25/09/2026,13:53,4278.0,4278.0,4276.8,4277.0,55.0
GO1!,25/09/2026,13:54,4277.7,4277.7,4277.7,4277.7,28.0
GO1!,25/09/2026,13:55,4277.5,4278.0,4277.4,4278.0,14.0
GO1!,25/09/2026,13:57,4278.9,4280.1,4278.9,4280.1,5.0
GO1!,25/09/2026,13:58,4280.2,4280.4,4278.9,4279.1,37.0
GO1!,25/09/2026,13:59,4277.6,4278.2,4277.5,4278.2,5.0
GO1!,25/09/2026,14:00,4278.8,4282.5,4278.8,4281.5,20.0
GO1!,25/09/2026,14:01,4281.1,4281.1,4279.8,4279.9,4.0
GO1!,25/09/2026,14:02,4279.5,4279.5,4278.0,4278.0,7.0
GO1!,25/09/2026,14:03,4278.0,4278.5,4276.3,4278.5,17.0
GO1!,25/09/2026,14:04,4278.0,4278.0,4275.5,4275.5,16.0
GO1!,25/09/2026,14:05,4276.2,4279.0,4276.2,4278.9,5.0
GO1!,25/09/2026,14:06,4279.2,4279.2,4279.2,4279.2,8.0
GO1!,25/09/2026,14:07,4279.5,4282.3,4279.5,4280.7,18.0
GO1!,25/09/2026,14:08,4279.0,4279.0,4279.0,4279.0,1.0
GO1!,25/09/2026,14:09,4279.3,4279.3,4279.3,4279.3,1.0
GO1!,25/09/2026,14:11,4279.0,4279.1,4278.9,4278.9,5.0
GO1!,25/09/2026,14:12,4276.6,4276.6,4276.6,4276.6,3.0
GO1!,25/09/2026,14:13,4278.3,4278.4,4278.1,4278.3,10.0
GO1!,25/09/2026,14:14,4277.3,4277.3,4276.7,4276.7,2.0
GO1!,25/09/2026,14:15,4278.0,4278.0,4278.0,4278.0,1.0
GO1!,25/09/2026,14:16,4278.8,4278.8,4277.6,4277.6,6.0
GO1!,25/09/2026,14:17,4277.2,4277.2,4276.5,4277.0,8.0
GO1!,25/09/2026,14:18,4277.0,4277.0,4276.0,4276.0,3.0
GO1!,25/09/2026,14:19,4276.8,4276.8,4275.0,4275.0,10.0
GO1!,25/09/2026,14:20,4275.4,4276.0,4275.4,4276.0,4.0
GO1!,25/09/2026,14:21,4276.0,4276.5,4276.0,4276.5,7.0
GO1!,25/09/2026,14:22,4276.6,4276.6,4275.7,4275.7,3.0
GO1!,25/09/2026,14:23,4276.3,4276.6,4275.9,4276.0,12.0
GO1!,25/09/2026,14:24,4277.5,4277.6,4276.5,4276.5,11.0
GO1!,25/09/2026,14:25,4276.9,4277.1,4276.8,4277.0,10.0
GO1!,25/09/2026,14:26,4275.8,4275.8,4275.0,4275.1,8.0
GO1!,25/09/2026,14:27,4274.0,4274.0,4274.0,4274.0,3.0
GO1!,25/09/2026,14:28,4275.4,4275.5,4275.4,4275.5,2.0
GO1!,25/09/2026,14:29,4274.9,4275.3,4274.4,4274.8,24.0
GO1!,25/09/2026,14:30,4276.9,4277.2,4276.8,4277.2,6.0
GO1!,25/09/2026,14:31,4279.8,4279.8,4278.4,4278.4,3.0
GO1!,25/09/2026,14:32,4278.7,4278.9,4276.0,4276.0,6.0
GO1!,25/09/2026,14:33,4275.7,4276.0,4274.4,4274.4,7.0
GO1!,25/09/2026,14:34,4273.9,4277.0,4273.5,4277.0,14.0
GO1!,25/09/2026,14:35,4277.4,4281.2,4277.4,4280.4,33.0
GO1!,25/09/2026,14:36,4279.6,4279.9,4279.5,4279.8,5.0
GO1!,25/09/2026,14:37,4280.0,4280.8,4280.0,4280.4,7.0
GO1!,25/09/2026,14:38,4281.1,4281.1,4280.5,4280.5,2.0
GO1!,25/09/2026,14:39,4280.2,4280.2,4278.1,4278.1,12.0
GO1!,25/09/2026,14:40,4278.4,4278.4,4276.1,4276.1,13.0
GO1!,25/09/2026,14:41,4277.5,4277.5,4277.1,4277.4,3.0
GO1!,25/09/2026,14:42,4278.5,4278.5,4278.5,4278.5,3.0
GO1!,25/09/2026,14:43,4278.7,4278.9,4278.6,4278.6,5.0
GO1!,25/09/2026,14:44,4278.0,4278.2,4278.0,4278.2,6.0
GO1!,25/09/2026,14:45,4279.2,4279.5,4279.2,4279.5,3.0
GO1!,25/09/2026,14:46,4280.4,4281.4,4279.9,4281.4,8.0
GO1!,25/09/2026,14:47,4282.3,4282.3,4281.3,4281.3,16.0
GO1!,25/09/2026,14:48,4280.6,4280.8,4279.2,4279.2,5.0
GO1!,25/09/2026,14:51,4279.8,4279.8,4279.8,4279.8,1.0
GO1!,25/09/2026,14:52,4280.8,4280.8,4280.8,4280.8,1.0
GO1!,25/09/2026,14:53,4282.0,4282.0,4281.8,4281.9,5.0
GO1!,25/09/2026,14:54,4281.3,4281.3,4281.3,4281.3,1.0
GO1!,25/09/2026,14:56,4282.1,4282.1,4282.1,4282.1,10.0
GO1!,25/09/2026,14:57,4283.0,4283.4,4282.5,4282.5,5.0
GO1!,25/09/2026,15:00,4281.9,4282.8,4281.9,4282.8,9.0
GO1!,25/09/2026,15:01,4282.4,4282.4,4282.4,4282.4,8.0
GO1!,25/09/2026,15:02,4279.1,4279.5,4278.1,4278.1,9.0
GO1!,25/09/2026,15:03,4278.9,4278.9,4278.0,4278.0,2.0
GO1!,25/09/2026,15:04,4278.1,4278.1,4277.7,4277.9,5.0
GO1!,25/09/2026,15:05,4277.6,4278.0,4277.6,4278.0,12.0
GO1!,25/09/2026,15:06,4277.9,4278.7,4277.9,4278.7,12.0
GO1!,25/09/2026,15:07,4278.4,4279.1,4278.4,4278.7,9.0
GO1!,25/09/2026,15:08,4279.0,4280.1,4279.0,4279.9,17.0
GO1!,25/09/2026,15:09,4280.5,4280.5,4280.0,4280.0,9.0
GO1!,25/09/2026,15:10,4280.6,4280.6,4280.5,4280.5,2.0
GO1!,25/09/2026,15:11,4280.9,4281.5,4280.9,4281.2,10.0
GO1!,25/09/2026,15:12,4281.4,4283.0,4281.4,4283.0,7.0
GO1!,25/09/2026,15:13,4282.4,4283.5,4282.3,4283.0,21.0
GO1!,25/09/2026,15:14,4282.7,4284.0,4282.7,4284.0,15.0
GO1!,25/09/2026,15:15,4283.2,4285.2,4283.2,4285.1,58.0
GO1!,25/09/2026,15:16,4285.1,4285.2,4284.4,4285.0,14.0
GO1!,25/09/2026,15:17,4284.7,4284.7,4283.4,4283.4,4.0
GO1!,25/09/2026,15:18,4283.0,4283.4,4283.0,4283.0,3.0
GO1!,25/09/2026,15:19,4282.9,4283.4,4282.9,4283.0,14.0
GO1!,25/09/2026,15:20,4283.5,4283.5,4282.5,4283.0,7.0
GO1!,25/09/2026,15:21,4282.6,4282.6,4282.6,4282.6,1.0
GO1!,25/09/2026,15:22,4281.9,4282.7,4281.9,4282.7,6.0
GO1!,25/09/2026,15:24,4281.7,4283.2,4281.7,4283.2,3.0
GO1!,25/09/2026,15:25,4282.0,4282.0,4281.2,4281.2,2.0
GO1!,25/09/2026,15:26,4281.6,4281.6,4281.1,4281.1,3.0
GO1!,25/09/2026,15:28,4283.0,4285.7,4282.9,4285.0,8.0
GO1!,25/09/2026,15:29,4286.0,4286.0,4285.8,4285.9,7.0
GO1!,25/09/2026,15:30,4285.5,4286.3,4285.5,4286.0,9.0
GO1!,25/09/2026,15:31,4286.3,4288.2,4286.3,4287.9,31.0
GO1!,25/09/2026,15:32,4287.6,4287.9,4287.6,4287.7,13.0
GO1!,25/09/2026,15:33,4288.7,4290.7,4288.7,4290.7,67.0
GO1!,25/09/2026,15:34,4290.5,4290.5,4289.2,4289.8,46.0
GO1!,25/09/2026,15:35,4289.9,4290.7,4289.9,4290.0,16.0
GO1!,25/09/2026,15:36,4290.4,4290.7,4288.4,4288.4,7.0
GO1!,25/09/2026,15:37,4288.9,4289.1,4288.6,4288.6,36.0
GO1!,25/09/2026,15:38,4288.0,4289.0,4288.0,4289.0,11.0
GO1!,25/09/2026,15:39,4288.7,4289.1,4287.9,4289.1,5.0
GO1!,25/09/2026,15:40,4288.8,4289.6,4288.8,4289.6,5.0
GO1!,25/09/2026,15:41,4289.7,4290.0,4289.4,4289.8,33.0
GO1!,25/09/2026,15:42,4290.0,4292.3,4290.0,4291.5,40.0
GO1!,25/09/2026,15:43,4290.7,4292.6,4290.7,4292.6,5.0
GO1!,25/09/2026,15:44,4292.5,4295.0,4291.8,4294.6,54.0
GO1!,25/09/2026,15:45,4294.8,4296.1,4294.3,4295.3,37.0
GO1!,25/09/2026,15:46,4296.0,4299.7,4296.0,4298.4,78.0
GO1!,25/09/2026,15:47,4297.4,4297.8,4294.1,4294.1,73.0
GO1!,25/09/2026,15:48,4293.7,4294.1,4292.0,4292.6,19.0
GO1!,25/09/2026,15:49,4293.0,4293.4,4292.5,4293.2,11.0
GO1!,25/09/2026,15:50,4293.0,4293.0,4291.8,4291.8,11.0
GO1!,25/09/2026,15:51,4292.6,4293.4,4292.6,4293.4,8.0
GO1!,25/09/2026,15:52,4294.0,4295.4,4293.9,4295.1,38.0
GO1!,25/09/2026,15:53,4294.3,4294.3,4293.8,4293.8,2.0
GO1!,25/09/2026,15:54,4294.3,4294.5,4293.9,4294.5,6.0
GO1!,25/09/2026,15:55,4294.5,4295.0,4294.0,4294.6,91.0
GO1!,25/09/2026,15:56,4294.7,4295.6,4294.2,4295.4,42.0
GO1!,25/09/2026,15:57,4295.3,4295.4,4294.8,4295.2,8.0
GO1!,25/09/2026,15:58,4295.5,4296.0,4295.5,4296.0,18.0
GO1!,25/09/2026,15:59,4296.0,4296.0,4295.2,4295.2,3.0
GO1!,25/09/2026,16:00,4294.9,4298.0,4294.8,4298.0,22.0
GO1!,25/09/2026,16:01,4298.3,4298.9,4296.5,4297.1,66.0
GO1!,25/09/2026,16:02,4298.0,4299.0,4298.0,4298.7,47.0
GO1!,25/09/2026,16:03,4298.3,4299.8,4298.3,4299.6,30.0
GO1!,25/09/2026,16:04,4299.4,4299.4,4297.4,4297.4,10.0
GO1!,25/09/2026,16:05,4296.5,4297.0,4296.5,4297.0,29.0
GO1!,25/09/2026,16:06,4296.2,4296.2,4295.7,4296.0,5.0
GO1!,25/09/2026,16:07,4296.1,4298.1,4296.1,4298.1,15.0
GO1!,25/09/2026,16:08,4297.0,4298.3,4297.0,4298.0,31.0
GO1!,25/09/2026,16:09,4299.0,4299.2,4297.5,4298.9,93.0
GO1!,25/09/2026,16:10,4298.0,4298.5,4297.6,4297.9,8.0
GO1!,25/09/2026,16:11,4298.4,4298.8,4297.5,4297.5,6.0
GO1!,25/09/2026,16:12,4296.7,4298.0,4296.7,4298.0,12.0
GO1!,25/09/2026,16:13,4298.2,4298.3,4297.0,4297.2,12.0
GO1!,25/09/2026,16:14,4296.6,4296.7,4295.5,4295.6,31.0
GO1!,25/09/2026,16:15,4295.5,4297.0,4295.0,4295.1,31.0
GO1!,25/09/2026,16:16,4295.2,4295.2,4294.2,4294.4,22.0
GO1!,25/09/2026,16:17,4294.1,4294.1,4294.1,4294.1,1.0
GO1!,25/09/2026,16:18,4293.0,4295.7,4292.5,4295.3,38.0
GO1!,25/09/2026,16:19,4294.9,4296.1,4294.9,4295.3,30.0
GO1!,25/09/2026,16:20,4294.8,4295.4,4294.5,4294.8,25.0
GO1!,25/09/2026,16:21,4295.2,4296.0,4293.9,4294.5,16.0
GO1!,25/09/2026,16:22,4294.8,4297.7,4294.8,4296.8,46.0
GO1!,25/09/2026,16:23,4297.7,4298.0,4296.0,4296.1,43.0
GO1!,25/09/2026,16:24,4296.9,4298.2,4296.9,4298.2,16.0
GO1!,25/09/2026,16:25,4297.7,4297.9,4293.7,4293.7,13.0
GO1!,25/09/2026,16:26,4293.7,4293.7,4293.0,4293.0,8.0
GO1!,25/09/2026,16:27,4293.0,4293.0,4292.4,4292.7,5.0
GO1!,25/09/2026,16:28,4292.4,4292.4,4291.9,4292.0,4.0
GO1!,25/09/2026,16:29,4292.0,4292.5,4291.9,4292.5,8.0
GO1!,25/09/2026,16:30,4292.6,4295.4,4292.2,4295.2,35.0
GO1!,25/09/2026,16:31,4295.0,4296.2,4294.5,4296.2,16.0
GO1!,25/09/2026,16:32,4297.1,4297.3,4297.0,4297.1,9.0
GO1!,25/09/2026,16:33,4298.0,4298.3,4297.0,4297.0,17.0
GO1!,25/09/2026,16:34,4297.6,4299.5,4297.4,4298.2,26.0
GO1!,25/09/2026,16:35,4298.8,4299.0,4298.2,4299.0,9.0
GO1!,25/09/2026,16:36,4298.9,4298.9,4296.9,4297.0,10.0
GO1!,25/09/2026,16:37,4297.1,4297.9,4296.9,4297.6,12.0
GO1!,25/09/2026,16:38,4297.4,4297.4,4296.3,4296.3,17.0
GO1!,25/09/2026,16:39,4295.2,4296.0,4294.8,4296.0,5.0
GO1!,25/09/2026,16:40,4296.0,4296.0,4295.7,4295.7,7.0
GO1!,25/09/2026,16:42,4295.8,4295.8,4294.1,4294.1,20.0
GO1!,25/09/2026,16:43,4294.8,4296.5,4294.1,4296.5,15.0
GO1!,25/09/2026,16:44,4297.0,4297.7,4296.1,4297.1,34.0
GO1!,25/09/2026,16:45,4297.7,4297.7,4296.4,4296.8,19.0
GO1!,25/09/2026,16:46,4296.9,4297.3,4295.9,4295.9,24.0
GO1!,25/09/2026,16:47,4295.9,4295.9,4295.2,4295.2,5.0
GO1!,25/09/2026,16:48,4294.8,4295.0,4294.0,4295.0,7.0
GO1!,25/09/2026,16:49,4295.0,4295.0,4294.8,4294.8,3.0
GO1!,25/09/2026,16:50,4294.8,4294.9,4294.8,4294.9,5.0
GO1!,25/09/2026,16:51,4294.3,4294.9,4293.9,4294.0,13.0
GO1!,25/09/2026,16:52,4294.4,4294.4,4294.3,4294.3,2.0
GO1!,25/09/2026,16:53,4294.5,4296.6,4294.5,4296.6,6.0
GO1!,25/09/2026,16:54,4296.2,4297.0,4294.7,4295.2,20.0
GO1!,25/09/2026,18:50,4303.0,4305.9,4302.5,4304.7,152.0
GO1!,25/09/2026,18:51,4305.2,4305.8,4304.5,4305.8,16.0
GO1!,25/09/2026,18:52,4305.8,4306.9,4305.0,4306.6,23.0
GO1!,25/09/2026,18:53,4305.9,4306.9,4305.8,4306.4,33.0
GO1!,25/09/2026,18:54,4306.2,4306.2,4305.5,4305.8,15.0
GO1!,25/09/2026,18:55,4305.6,4307.1,4305.6,4306.6,22.0
GO1!,25/09/2026,18:56,4306.8,4306.8,4306.4,4306.7,5.0
GO1!,25/09/2026,18:57,4306.5,4307.8,4306.5,4306.8,11.0
GO1!,25/09/2026,18:58,4306.0,4307.0,4306.0,4307.0,10.0
GO1!,25/09/2026,18:59,4307.1,4307.1,4305.0,4305.0,14.0
GO1!,25/09/2026,19:00,4305.3,4306.0,4304.2,4305.1,47.0
GO1!,25/09/2026,19:01,4305.3,4306.5,4305.3,4306.5,3.0
GO1!,25/09/2026,19:02,4306.5,4306.5,4306.0,4306.0,6.0
GO1!,25/09/2026,19:04,4306.1,4306.1,4306.1,4306.1,3.0
GO1!,25/09/2026,19:05,4306.1,4306.1,4305.0,4305.0,35.0
GO1!,25/09/2026,19:06,4303.8,4305.1,4303.8,4305.1,15.0
GO1!,25/09/2026,19:07,4306.7,4307.0,4306.7,4307.0,10.0
GO1!,25/09/2026,19:08,4305.7,4306.0,4304.9,4304.9,38.0
GO1!,25/09/2026,19:09,4304.8,4305.4,4304.8,4305.3,7.0
GO1!,25/09/2026,19:10,4306.0,4306.0,4303.0,4303.1,26.0
GO1!,25/09/2026,19:11,4303.6,4305.5,4303.0,4305.4,59.0
GO1!,25/09/2026,19:12,4305.3,4305.3,4305.2,4305.3,19.0
GO1!,25/09/2026,19:13,4302.7,4303.3,4301.6,4301.6,14.0
GO1!,25/09/2026,19:14,4300.0,4301.0,4299.4,4300.9,11.0
GO1!,25/09/2026,19:15,4301.5,4302.7,4301.5,4302.7,14.0
GO1!,25/09/2026,19:16,4302.8,4302.9,4301.8,4301.8,5.0
GO1!,25/09/2026,19:17,4300.6,4301.9,4300.4,4300.4,28.0
GO1!,25/09/2026,19:18,4300.0,4300.0,4299.6,4299.6,2.0
GO1!,25/09/2026,19:19,4300.1,4300.5,4300.1,4300.5,3.0
GO1!,25/09/2026,19:20,4301.4,4303.3,4299.9,4303.3,58.0
GO1!,25/09/2026,19:21,4303.5,4308.2,4303.5,4307.1,25.0
GO1!,25/09/2026,19:22,4308.0,4309.3,4307.5,4308.5,22.0
GO1!,25/09/2026,19:23,4307.8,4307.8,4305.8,4305.8,21.0
GO1!,25/09/2026,19:24,4307.3,4307.3,4306.9,4306.9,12.0
GO1!,25/09/2026,19:25,4306.3,4309.0,4304.6,4309.0,45.0
GO1!,25/09/2026,19:26,4309.3,4310.0,4309.3,4309.7,32.0
GO1!,25/09/2026,19:27,4309.9,4310.9,4309.8,4310.4,9.0
GO1!,25/09/2026,19:28,4310.0,4311.0,4310.0,4310.1,12.0
GO1!,25/09/2026,19:29,4310.4,4310.4,4308.2,4309.2,9.0
GO1!,25/09/2026,19:30,4308.0,4309.0,4304.6,4304.6,25.0
GO1!,25/09/2026,19:31,4305.7,4305.8,4303.4,4304.0,7.0
GO1!,25/09/2026,19:32,4303.6,4303.6,4301.4,4302.1,10.0
GO1!,25/09/2026,19:33,4302.5,4303.3,4302.5,4303.3,10.0
GO1!,25/09/2026,19:34,4303.8,4304.6,4303.8,4304.6,4.0
GO1!,25/09/2026,19:35,4304.1,4304.5,4302.0,4302.0,18.0
GO1!,25/09/2026,19:36,4301.5,4301.5,4301.5,4301.5,3.0
GO1!,25/09/2026,19:37,4301.9,4302.1,4301.9,4302.0,8.0
GO1!,25/09/2026,19:38,4302.5,4303.0,4302.5,4303.0,6.0
GO1!,25/09/2026,19:39,4303.7,4303.9,4303.7,4303.9,2.0
GO1!,25/09/2026,19:40,4304.0,4304.0,4301.2,4301.2,5.0
GO1!,25/09/2026,19:42,4301.3,4301.3,4301.3,4301.3,1.0
GO1!,25/09/2026,19:43,4300.9,4300.9,4299.3,4300.0,31.0
GO1!,25/09/2026,19:44,4300.2,4304.4,4300.2,4303.7,103.0
GO1!,25/09/2026,19:45,4302.1,4304.6,4301.9,4304.0,27.0
GO1!,25/09/2026,19:46,4305.0,4309.1,4304.4,4308.0,88.0
GO1!,25/09/2026,19:47,4306.0,4310.5,4304.5,4310.0,64.0
GO1!,25/09/2026,19:48,4309.4,4309.4,4305.0,4305.0,16.0
GO1!,25/09/2026,19:49,4304.0,4304.8,4303.0,4303.2,9.0
GO1!,25/09/2026,19:50,4304.2,4304.2,4303.8,4303.8,8.0
GO1!,25/09/2026,19:51,4304.3,4304.3,4301.5,4302.0,9.0
GO1!,25/09/2026,19:52,4301.3,4301.3,4299.3,4299.3,27.0
GO1!,25/09/2026,19:53,4298.9,4302.0,4298.7,4302.0,7.0
GO1!,25/09/2026,19:54,4302.1,4302.1,4301.0,4301.0,14.0
GO1!,25/09/2026,19:55,4301.0,4301.2,4301.0,4301.2,4.0
GO1!,25/09/2026,19:56,4301.1,4301.5,4301.1,4301.5,2.0
GO1!,25/09/2026,19:57,4301.2,4301.2,4301.0,4301.0,6.0
GO1!,25/09/2026,19:58,4300.7,4301.3,4300.7,4301.2,6.0
GO1!,25/09/2026,19:59,4300.7,4300.7,4300.0,4300.1,15.0
GO1!,25/09/2026,20:00,4301.2,4301.3,4297.9,4298.4,33.0
GO1!,25/09/2026,20:01,4297.6,4297.6,4296.4,4297.0,12.0
GO1!,25/09/2026,20:02,4296.2,4296.2,4293.8,4295.0,52.0
GO1!,25/09/2026,20:03,4295.6,4295.6,4294.6,4294.7,10.0
GO1!,25/09/2026,20:04,4295.1,4296.4,4294.0,4294.0,10.0
GO1!,25/09/2026,20:05,4294.8,4296.0,4294.8,4296.0,6.0
GO1!,25/09/2026,20:06,4296.4,4297.6,4296.1,4297.6,9.0
GO1!,25/09/2026,20:07,4298.0,4298.4,4298.0,4298.4,4.0
GO1!,25/09/2026,20:08,4299.0,4299.2,4298.0,4298.0,5.0
GO1!,25/09/2026,20:09,4298.4,4298.4,4298.3,4298.3,3.0
GO1!,25/09/2026,20:10,4298.5,4299.1,4298.4,4298.4,12.0
GO1!,25/09/2026,20:11,4298.0,4298.5,4297.3,4298.5,4.0
GO1!,25/09/2026,20:12,4298.2,4299.0,4298.2,4298.9,4.0
GO1!,25/09/2026,20:13,4298.0,4298.0,4298.0,4298.0,2.0
GO1!,25/09/2026,20:14,4296.7,4296.7,4294.2,4294.2,29.0
GO1!,25/09/2026,20:15,4294.0,4294.9,4293.0,4293.8,12.0
GO1!,25/09/2026,20:16,4294.4,4294.6,4294.0,4294.6,32.0
GO1!,25/09/2026,20:17,4295.0,4295.1,4295.0,4295.1,2.0
GO1!,25/09/2026,20:18,4294.2,4294.2,4294.2,4294.2,1.0
GO1!,25/09/2026,20:19,4294.1,4294.1,4291.0,4291.8,50.0
GO1!,25/09/2026,20:20,4291.1,4291.1,4290.9,4291.0,4.0
GO1!,25/09/2026,20:21,4291.0,4292.0,4289.7,4289.8,23.0
GO1!,25/09/2026,20:22,4290.5,4290.5,4290.4,4290.4,4.0
GO1!,25/09/2026,20:23,4289.5,4289.5,4287.5,4288.2,14.0
GO1!,25/09/2026,20:24,4287.9,4287.9,4287.2,4287.2,16.0
GO1!,25/09/2026,20:25,4287.8,4287.8,4284.0,4284.0,83.0
GO1!,25/09/2026,20:26,4284.2,4284.2,4281.8,4283.0,28.0
GO1!,25/09/2026,20:27,4283.0,4283.1,4281.9,4283.0,40.0
GO1!,25/09/2026,20:28,4282.9,4283.0,4282.4,4282.7,23.0
GO1!,25/09/2026,20:29,4282.0,4282.4,4279.9,4280.3,42.0
GO1!,25/09/2026,20:30,4279.9,4280.0,4275.3,4277.8,89.0
GO1!,25/09/2026,20:31,4277.7,4279.3,4276.4,4279.3,87.0
GO1!,25/09/2026,20:32,4279.3,4282.0,4277.7,4281.5,63.0
GO1!,25/09/2026,20:33,4281.5,4282.4,4280.5,4282.4,25.0
GO1!,25/09/2026,20:34,4283.0,4284.0,4280.7,4282.1,23.0
GO1!,25/09/2026,20:35,4281.2,4281.8,4281.0,4281.0,10.0
GO1!,25/09/2026,20:36,4282.0,4286.1,4282.0,4285.0,13.0
GO1!,25/09/2026,20:37,4283.4,4286.2,4283.4,4286.2,25.0
GO1!,25/09/2026,20:38,4286.4,4286.4,4284.9,4285.0,12.0
GO1!,25/09/2026,20:39,4284.0,4284.0,4282.0,4283.0,16.0
GO1!,25/09/2026,20:40,4283.6,4283.8,4281.9,4281.9,14.0
GO1!,25/09/2026,20:41,4282.1,4284.0,4282.1,4283.5,9.0
GO1!,25/09/2026,20:42,4283.6,4283.6,4281.9,4282.4,12.0
GO1!,25/09/2026,20:43,4282.4,4282.4,4279.1,4279.1,10.0
GO1!,25/09/2026,20:44,4281.5,4282.3,4281.5,4281.8,4.0
GO1!,25/09/2026,20:45,4280.0,4282.2,4280.0,4282.2,8.0
GO1!,25/09/2026,20:46,4281.0,4281.0,4277.4,4279.2,12.0
GO1!,25/09/2026,20:47,4278.3,4278.3,4276.2,4276.3,7.0
GO1!,25/09/2026,20:48,4278.1,4278.8,4278.1,4278.6,9.0
GO1!,25/09/2026,20:49,4278.4,4280.3,4278.4,4280.3,12.0
GO1!,25/09/2026,20:50,4281.4,4282.0,4281.3,4281.3,9.0
GO1!,25/09/2026,20:51,4282.0,4285.3,4280.5,4284.5,32.0
GO1!,25/09/2026,20:52,4284.0,4285.0,4284.0,4285.0,22.0
GO1!,25/09/2026,20:53,4284.9,4284.9,4283.1,4283.9,32.0
GO1!,25/09/2026,20:54,4284.0,4284.0,4283.4,4283.7,6.0
GO1!,25/09/2026,20:55,4282.5,4282.9,4282.0,4282.0,5.0
GO1!,25/09/2026,20:56,4282.1,4282.1,4279.5,4279.6,13.0
GO1!,25/09/2026,20:57,4278.7,4279.0,4278.0,4279.0,7.0
GO1!,25/09/2026,20:58,4280.0,4280.0,4279.7,4279.8,6.0
GO1!,25/09/2026,20:59,4279.0,4279.0,4277.6,4277.6,14.0
GO1!,25/09/2026,21:00,4277.5,4279.4,4275.0,4275.9,52.0
GO1!,25/09/2026,21:01,4275.0,4275.0,4270.0,4270.6,75.0
GO1!,25/09/2026,21:02,4270.9,4272.0,4270.0,4271.0,16.0
GO1!,25/09/2026,21:03,4269.1,4269.1,4266.9,4268.0,103.0
GO1!,25/09/2026,21:04,4268.2,4268.5,4259.7,4261.6,66.0
GO1!,25/09/2026,21:05,4261.0,4261.0,4257.2,4258.0,121.0
GO1!,25/09/2026,21:06,4258.1,4262.1,4257.5,4261.9,41.0
GO1!,25/09/2026,21:07,4261.5,4266.5,4261.4,4266.5,92.0
GO1!,25/09/2026,21:08,4265.6,4268.5,4264.6,4268.0,120.0
GO1!,25/09/2026,21:09,4268.7,4270.0,4267.5,4267.5,21.0
GO1!,25/09/2026,21:10,4269.0,4269.1,4267.6,4267.8,73.0
GO1!,25/09/2026,21:11,4267.2,4267.8,4265.9,4267.0,14.0
GO1!,25/09/2026,21:12,4266.1,4268.5,4266.1,4266.9,27.0
GO1!,25/09/2026,21:13,4267.8,4269.0,4265.8,4266.2,19.0
GO1!,25/09/2026,21:14,4267.6,4268.2,4266.4,4268.2,7.0
GO1!,25/09/2026,21:15,4269.1,4269.3,4267.4,4267.6,14.0
GO1!,25/09/2026,21:16,4266.4,4266.4,4263.1,4263.1,21.0
GO1!,25/09/2026,21:17,4263.0,4265.0,4262.3,4264.9,12.0
GO1!,25/09/2026,21:18,4264.0,4265.3,4264.0,4264.4,11.0
GO1!,25/09/2026,21:19,4266.3,4268.0,4265.9,4267.8,19.0
GO1!,25/09/2026,21:20,4268.3,4270.2,4267.9,4270.2,23.0
GO1!,25/09/2026,21:21,4270.6,4270.6,4268.8,4268.8,14.0
GO1!,25/09/2026,21:22,4269.4,4270.4,4269.1,4269.1,10.0
GO1!,25/09/2026,21:23,4269.0,4270.0,4268.0,4270.0,10.0
GO1!,25/09/2026,21:24,4270.2,4271.4,4269.8,4269.8,13.0
GO1!,25/09/2026,21:25,4270.6,4272.0,4269.8,4271.2,23.0
GO1!,25/09/2026,21:26,4272.0,4272.3,4271.0,4271.0,30.0
GO1!,25/09/2026,21:27,4271.8,4271.9,4270.5,4270.5,4.0
GO1!,25/09/2026,21:28,4270.0,4270.4,4269.8,4270.0,9.0
GO1!,25/09/2026,21:29,4270.1,4270.1,4268.7,4268.9,6.0
GO1!,25/09/2026,21:30,4268.1,4268.1,4265.6,4266.0,17.0
GO1!,25/09/2026,21:31,4266.0,4266.6,4265.6,4265.6,11.0
GO1!,25/09/2026,21:32,4265.6,4265.6,4265.0,4265.1,6.0
GO1!,25/09/2026,21:33,4267.2,4267.6,4267.0,4267.6,6.0
GO1!,25/09/2026,21:35,4267.0,4268.7,4266.1,4268.7,18.0
GO1!,25/09/2026,21:36,4268.5,4268.9,4268.0,4268.6,11.0
GO1!,25/09/2026,21:37,4269.6,4270.0,4269.6,4270.0,4.0
GO1!,25/09/2026,21:38,4271.1,4274.4,4271.1,4274.2,25.0
GO1!,25/09/2026,21:39,4274.5,4274.5,4273.6,4274.0,14.0
GO1!,25/09/2026,21:40,4274.2,4274.2,4271.9,4272.7,12.0
GO1!,25/09/2026,21:41,4272.1,4272.1,4271.0,4272.0,5.0
GO1!,25/09/2026,21:42,4273.0,4273.3,4273.0,4273.3,2.0
GO1!,25/09/2026,21:43,4274.0,4274.0,4271.5,4271.5,26.0
GO1!,25/09/2026,21:44,4271.0,4275.2,4270.9,4275.2,17.0
GO1!,25/09/2026,21:45,4275.0,4275.0,4273.9,4274.8,12.0
GO1!,25/09/2026,21:46,4274.2,4278.9,4272.3,4277.1,195.0
GO1!,25/09/2026,21:47,4276.8,4277.0,4276.3,4277.0,13.0
GO1!,25/09/2026,21:48,4277.1,4278.0,4276.1,4277.2,41.0
GO1!,25/09/2026,21:49,4276.9,4281.2,4276.9,4279.7,5.0
GO1!,25/09/2026,21:50,4279.9,4279.9,4278.0,4278.0,16.0
GO1!,25/09/2026,21:51,4278.5,4280.5,4276.2,4276.2,36.0
GO1!,25/09/2026,21:52,4275.3,4275.9,4275.3,4275.9,10.0
GO1!,25/09/2026,21:53,4278.3,4279.3,4278.0,4278.0,4.0
GO1!,25/09/2026,21:54,4278.1,4279.4,4278.1,4279.4,6.0
GO1!,25/09/2026,21:55,4278.7,4280.3,4278.3,4279.1,22.0
GO1!,25/09/2026,21:56,4281.2,4282.6,4281.2,4282.0,14.0
GO1!,25/09/2026,21:57,4280.8,4282.1,4280.7,4280.7,5.0
GO1!,25/09/2026,21:58,4280.0,4280.0,4279.3,4280.0,7.0
GO1!,25/09/2026,21:59,4280.4,4280.5,4280.4,4280.5,2.0
GO1!,25/09/2026,22:00,4281.0,4281.4,4281.0,4281.4,4.0
GO1!,25/09/2026,22:01,4281.9,4283.0,4281.9,4282.0,27.0
GO1!,25/09/2026,22:02,4282.5,4282.5,4282.1,4282.1,2.0
GO1!,25/09/2026,22:03,4281.2,4282.2,4280.2,4282.0,24.0
GO1!,25/09/2026,22:04,4283.3,4284.0,4283.3,4284.0,11.0
GO1!,25/09/2026,22:05,4284.0,4284.1,4283.8,4283.8,7.0
GO1!,25/09/2026,22:06,4282.0,4283.3,4282.0,4282.0,7.0
GO1!,25/09/2026,22:07,4281.3,4281.3,4280.0,4280.0,9.0
GO1!,25/09/2026,22:08,4280.5,4280.5,4279.3,4279.8,15.0
GO1!,25/09/2026,22:09,4278.2,4278.8,4277.3,4277.3,7.0
GO1!,25/09/2026,22:10,4276.9,4277.8,4276.7,4276.7,6.0
GO1!,25/09/2026,22:11,4276.8,4277.5,4276.8,4277.5,4.0
GO1!,25/09/2026,22:12,4277.2,4277.2,4277.2,4277.2,1.0
GO1!,25/09/2026,22:13,4279.0,4279.5,4278.7,4278.7,13.0
GO1!,25/09/2026,22:14,4280.0,4282.6,4279.4,4282.6,23.0
GO1!,25/09/2026,22:15,4282.2,4282.3,4280.4,4282.0,33.0
GO1!,25/09/2026,22:16,4282.0,4282.3,4282.0,4282.3,34.0
GO1!,25/09/2026,22:17,4281.9,4283.0,4281.9,4283.0,36.0
GO1!,25/09/2026,22:18,4282.2,4282.2,4282.1,4282.1,2.0
GO1!,25/09/2026,22:19,4281.4,4281.4,4277.0,4277.0,18.0
GO1!,25/09/2026,22:20,4276.0,4276.5,4275.0,4276.5,76.0
GO1!,25/09/2026,22:21,4277.0,4281.8,4276.6,4281.4,101.0
GO1!,25/09/2026,22:22,4278.7,4279.1,4278.0,4279.1,3.0
GO1!,25/09/2026,22:23,4279.5,4280.0,4278.7,4280.0,11.0
GO1!,25/09/2026,22:24,4279.0,4279.0,4278.0,4278.0,3.0
GO1!,25/09/2026,22:25,4277.0,4277.1,4277.0,4277.1,2.0
GO1!,25/09/2026,22:26,4278.0,4278.0,4278.0,4278.0,1.0
GO1!,25/09/2026,22:27,4283.0,4283.0,4282.0,4282.0,5.0
GO1!,25/09/2026,22:28,4282.0,4282.0,4281.7,4281.7,2.0
GO1!,25/09/2026,22:29,4281.8,4281.8,4281.8,4281.8,3.0
GO1!,25/09/2026,22:30,4281.0,4287.0,4281.0,4283.7,185.0
GO1!,25/09/2026,22:31,4283.3,4286.1,4283.3,4286.0,12.0
GO1!,25/09/2026,22:32,4285.8,4286.6,4284.8,4286.6,17.0
GO1!,25/09/2026,22:33,4285.7,4287.0,4285.0,4285.5,9.0
GO1!,25/09/2026,22:34,4287.0,4287.0,4284.6,4284.6,18.0
GO1!,25/09/2026,22:35,4284.5,4285.0,4284.4,4285.0,5.0
GO1!,25/09/2026,22:36,4284.0,4284.0,4283.0,4283.0,2.0
GO1!,25/09/2026,22:37,4281.1,4281.5,4281.1,4281.5,3.0
GO1!,25/09/2026,22:38,4281.0,4281.0,4280.0,4280.0,8.0
GO1!,25/09/2026,22:39,4279.1,4279.4,4278.7,4278.7,11.0
GO1!,25/09/2026,22:40,4279.1,4280.5,4278.7,4280.5,7.0
GO1!,25/09/2026,22:41,4280.7,4281.0,4280.7,4281.0,4.0
GO1!,25/09/2026,22:42,4280.7,4280.7,4280.7,4280.7,1.0
GO1!,25/09/2026,22:43,4279.4,4279.4,4278.8,4278.8,5.0
GO1!,25/09/2026,22:44,4278.5,4278.5,4277.3,4277.3,17.0
GO1!,25/09/2026,22:45,4277.2,4277.7,4277.1,4277.7,8.0
GO1!,25/09/2026,22:46,4277.0,4277.1,4274.5,4276.2,25.0
GO1!,25/09/2026,22:47,4276.6,4277.0,4276.3,4277.0,17.0
GO1!,25/09/2026,22:48,4276.3,4276.6,4276.3,4276.6,14.0
GO1!,25/09/2026,22:49,4276.6,4276.7,4273.6,4273.7,30.0
GO1!,25/09/2026,22:50,4274.8,4274.8,4273.9,4273.9,21.0
GO1!,25/09/2026,22:51,4274.1,4274.1,4272.4,4272.7,8.0
GO1!,25/09/2026,22:52,4272.5,4275.0,4272.5,4275.0,10.0
GO1!,25/09/2026,22:53,4275.2,4275.2,4274.7,4274.7,8.0
GO1!,25/09/2026,22:54,4275.9,4280.8,4275.9,4280.8,86.0
GO1!,25/09/2026,22:55,4281.1,4281.1,4279.6,4280.0,11.0
GO1!,25/09/2026,22:56,4279.7,4279.7,4278.6,4278.9,24.0
GO1!,25/09/2026,22:57,4280.9,4281.7,4280.9,4281.7,4.0
GO1!,25/09/2026,22:58,4282.0,4288.0,4282.0,4288.0,27.0
GO1!,25/09/2026,22:59,4287.0,4292.1,4287.0,4292.1,32.0
GO1!,25/09/2026,23:00,4293.0,4295.5,4291.4,4295.2,84.0
GO1!,25/09/2026,23:01,4295.6,4297.3,4293.0,4293.6,70.0
GO1!,25/09/2026,23:02,4292.9,4296.4,4292.8,4295.6,30.0
GO1!,25/09/2026,23:03,4294.8,4300.5,4294.8,4300.3,70.0
GO1!,25/09/2026,23:04,4300.2,4300.2,4293.5,4296.2,51.0
GO1!,25/09/2026,23:05,4296.3,4297.3,4295.0,4295.9,17.0
GO1!,25/09/2026,23:06,4294.6,4302.0,4293.3,4301.5,55.0
GO1!,25/09/2026,23:07,4301.8,4302.0,4295.6,4295.8,53.0
GO1!,25/09/2026,23:08,4295.9,4297.7,4294.0,4295.1,53.0
GO1!,25/09/2026,23:09,4294.0,4296.3,4294.0,4296.0,7.0
GO1!,25/09/2026,23:10,4296.3,4297.7,4295.3,4295.3,12.0
GO1!,25/09/2026,23:11,4295.0,4295.0,4293.2,4294.7,12.0
GO1!,25/09/2026,23:12,4294.7,4294.8,4293.5,4293.9,12.0
GO1!,25/09/2026,23:13,4293.4,4293.4,4293.0,4293.2,3.0
GO1!,25/09/2026,23:14,4292.1,4292.1,4289.0,4292.0,39.0
GO1!,25/09/2026,23:15,4291.1,4292.4,4290.6,4291.7,30.0
GO1!,25/09/2026,23:16,4291.0,4292.7,4290.3,4292.7,33.0
GO1!,25/09/2026,23:17,4293.9,4293.9,4292.0,4292.0,5.0
GO1!,25/09/2026,23:18,4292.0,4292.2,4290.4,4290.4,17.0
GO1!,25/09/2026,23:19,4290.1,4290.5,4289.5,4289.5,6.0
GO1!,25/09/2026,23:20,4290.8,4292.0,4289.9,4290.2,19.0
GO1!,25/09/2026,23:21,4289.8,4290.0,4289.7,4290.0,5.0
GO1!,25/09/2026,23:22,4289.7,4289.7,4289.7,4289.7,1.0
GO1!,25/09/2026,23:23,4289.0,4289.7,4287.3,4288.4,37.0
GO1!,25/09/2026,23:24,4288.4,4290.0,4288.0,4290.0,13.0
GO1!,25/09/2026,23:25,4290.7,4292.0,4290.7,4290.9,50.0
GO1!,25/09/2026,23:26,4291.9,4294.1,4291.9,4294.1,27.0
GO1!,25/09/2026,23:27,4294.6,4295.0,4294.0,4294.6,14.0
GO1!,25/09/2026,23:28,4293.6,4294.0,4293.2,4293.6,14.0
GO1!,25/09/2026,23:29,4294.1,4295.0,4294.1,4295.0,8.0
GO1!,25/09/2026,23:30,4294.6,4295.0,4294.0,4295.0,20.0
GO1!,25/09/2026,23:31,4294.0,4295.0,4293.9,4294.8,16.0
GO1!,25/09/2026,23:32,4295.0,4295.0,4293.0,4293.0,21.0
GO1!,25/09/2026,23:33,4293.1,4293.1,4291.0,4291.0,19.0
GO1!,25/09/2026,23:34,4290.6,4290.6,4281.2,4286.1,212.0
GO1!,25/09/2026,23:35,4286.4,4288.4,4286.3,4288.4,11.0
GO1!,25/09/2026,23:36,4288.0,4288.3,4285.5,4288.1,19.0
GO1!,25/09/2026,23:37,4290.0,4290.0,4289.2,4289.2,2.0
GO1!,25/09/2026,23:38,4288.2,4288.4,4287.2,4288.4,7.0
GO1!,25/09/2026,23:39,4290.0,4290.2,4289.4,4289.4,8.0
GO1!,25/09/2026,23:40,4289.6,4289.6,4286.9,4286.9,5.0
GO1!,25/09/2026,23:42,4288.2,4290.5,4288.2,4289.6,48.0
GO1!,25/09/2026,23:43,4289.2,4290.4,4289.2,4290.4,2.0
GO1!,25/09/2026,23:44,4290.5,4291.0,4289.3,4289.3,5.0
GO1!,25/09/2026,23:45,4289.1,4289.1,4289.1,4289.1,2.0
GO1!,25/09/2026,23:46,4287.5,4287.5,4287.0,4287.0,2.0
GO1!,25/09/2026,23:47,4287.7,4287.7,4287.0,4287.0,2.0
GO1!,25/09/2026,23:48,4286.9,4287.8,4285.4,4285.5,30.0
GO1!,25/09/2026,23:49,4285.0,4285.0,4284.4,4284.7,7.0
GO1!,25/09/2026,23:50,4285.2,4286.5,4285.2,4286.5,5.0
GO1!,25/09/2026,23:51,4286.0,4287.0,4286.0,4287.0,11.0
GO1!,25/09/2026,23:52,4286.7,4288.0,4286.7,4287.2,6.0
GO1!,25/09/2026,23:55,4287.3,4288.6,4287.3,4288.6,5.0
GO1!,25/09/2026,23:56,4289.5,4289.5,4289.1,4289.3,6.0
GO1!,25/09/2026,23:57,4288.0,4289.0,4288.0,4288.8,5.0
GO1!,25/09/2026,23:59,4287.5,4289.9,4286.6,4288.5,88.0
GO1!,26/09/2026,00:00,4288.9,4290.3,4288.9,4290.3,6.0
GO1!,26/09/2026,00:01,4291.0,4293.1,4290.9,4293.1,52.0
GO1!,26/09/2026,00:02,4292.3,4292.6,4292.0,4292.0,5.0
GO1!,26/09/2026,00:03,4292.6,4292.8,4292.6,4292.8,2.0
GO1!,26/09/2026,00:04,4293.3,4294.0,4293.3,4293.6,8.0
GO1!,26/09/2026,00:06,4293.3,4293.7,4293.3,4293.4,5.0
GO1!,26/09/2026,00:07,4292.0,4293.7,4292.0,4293.7,14.0
GO1!,26/09/2026,00:08,4292.9,4292.9,4291.8,4291.8,4.0
GO1!,26/09/2026,00:09,4292.5,4294.0,4292.5,4293.7,9.0
GO1!,26/09/2026,00:10,4294.0,4294.0,4293.9,4293.9,3.0
GO1!,26/09/2026,00:11,4293.6,4293.6,4293.0,4293.1,13.0
GO1!,26/09/2026,00:12,4294.0,4294.0,4292.7,4292.7,4.0
GO1!,26/09/2026,00:13,4293.6,4293.6,4293.5,4293.6,7.0
GO1!,26/09/2026,00:14,4292.8,4292.8,4292.8,4292.8,1.0
GO1!,26/09/2026,00:15,4292.5,4292.5,4291.4,4291.4,3.0
GO1!,26/09/2026,00:16,4292.0,4292.0,4292.0,4292.0,1.0
GO1!,26/09/2026,00:17,4293.1,4293.1,4292.5,4292.6,5.0
GO1!,26/09/2026,00:18,4292.3,4292.4,4291.0,4291.0,4.0
GO1!,26/09/2026,00:19,4291.3,4291.3,4291.3,4291.3,1.0
GO1!,26/09/2026,00:20,4292.0,4293.1,4291.9,4293.1,10.0
GO1!,26/09/2026,00:21,4292.4,4292.5,4290.9,4291.0,68.0
GO1!,26/09/2026,00:22,4290.8,4291.7,4290.8,4291.4,20.0
GO1!,26/09/2026,00:23,4291.6,4292.0,4291.4,4292.0,26.0
GO1!,26/09/2026,00:25,4293.5,4294.8,4293.4,4293.6,13.0
GO1!,26/09/2026,00:26,4293.1,4293.9,4293.1,4293.9,9.0
GO1!,26/09/2026,00:27,4292.5,4292.5,4290.3,4290.3,7.0
GO1!,26/09/2026,00:28,4290.3,4290.3,4290.0,4290.0,2.0
GO1!,26/09/2026,00:29,4286.8,4288.3,4286.8,4288.3,12.0
GO1!,26/09/2026,00:30,4288.0,4288.4,4287.7,4287.7,30.0
GO1!,26/09/2026,00:31,4288.0,4288.0,4288.0,4288.0,2.0
GO1!,26/09/2026,00:32,4288.1,4288.1,4288.1,4288.1,1.0
GO1!,26/09/2026,00:33,4288.6,4289.0,4287.5,4287.5,14.0
GO1!,26/09/2026,00:34,4287.5,4287.5,4286.5,4287.0,11.0
GO1!,26/09/2026,00:35,4286.3,4286.3,4285.4,4285.4,8.0
GO1!,26/09/2026,00:36,4285.1,4285.1,4284.1,4284.2,10.0
GO1!,26/09/2026,00:37,4283.1,4283.8,4281.9,4283.8,31.0
GO1!,26/09/2026,00:38,4283.6,4284.0,4283.6,4283.7,9.0
GO1!,26/09/2026,00:39,4284.0,4287.2,4283.4,4286.3,93.0
GO1!,26/09/2026,00:40,4287.0,4288.4,4287.0,4287.2,30.0
GO1!,26/09/2026,00:41,4287.8,4289.5,4287.8,4289.2,17.0
GO1!,26/09/2026,00:42,4289.3,4290.0,4289.3,4289.9,9.0
GO1!,26/09/2026,00:43,4288.0,4288.0,4288.0,4288.0,1.0
GO1!,26/09/2026,00:44,4288.0,4288.9,4287.9,4287.9,7.0
GO1!,26/09/2026,00:45,4288.0,4288.1,4287.5,4287.5,8.0
GO1!,26/09/2026,00:46,4286.8,4286.8,4283.6,4283.6,21.0
GO1!,26/09/2026,00:47,4284.2,4284.4,4283.4,4283.8,35.0
GO1!,26/09/2026,00:48,4284.5,4284.8,4284.5,4284.8,4.0
GO1!,26/09/2026,00:49,4285.8,4286.3,4285.0,4285.3,12.0
GO1!,26/09/2026,00:50,4285.0,4285.0,4285.0,4285.0,2.0
GO1!,26/09/2026,00:51,4285.3,4285.4,4285.3,4285.4,4.0
GO1!,26/09/2026,00:52,4285.0,4285.4,4285.0,4285.4,5.0
GO1!,26/09/2026,00:54,4284.8,4284.8,4284.8,4284.8,1.0
GO1!,26/09/2026,00:55,4285.8,4286.0,4285.8,4285.8,13.0
GO1!,26/09/2026,00:56,4286.0,4286.3,4285.3,4285.3,30.0
GO1!,26/09/2026,00:57,4285.0,4285.0,4283.8,4283.8,4.0
GO1!,26/09/2026,00:58,4284.0,4284.0,4283.5,4283.5,11.0
GO1!,26/09/2026,00:59,4284.0,4284.2,4283.7,4284.2,34.0
GO1!,26/09/2026,01:00,4284.6,4285.6,4284.6,4285.2,31.0
GO1!,26/09/2026,01:01,4285.6,4285.6,4285.0,4285.0,13.0
GO1!,26/09/2026,01:02,4284.8,4284.8,4284.8,4284.8,1.0
GO1!,26/09/2026,01:03,4284.7,4284.7,4284.7,4284.7,1.0
GO1!,26/09/2026,01:04,4284.5,4285.0,4284.3,4284.6,14.0
GO1!,26/09/2026,01:05,4285.2,4285.5,4284.5,4284.5,16.0
GO1!,26/09/2026,01:06,4284.8,4284.9,4284.8,4284.9,4.0
GO1!,26/09/2026,01:07,4284.8,4284.8,4284.8,4284.8,1.0
GO1!,26/09/2026,01:08,4285.6,4286.0,4285.6,4286.0,5.0
GO1!,26/09/2026,01:09,4286.1,4286.9,4286.1,4286.9,3.0
GO1!,26/09/2026,01:10,4287.1,4287.1,4286.6,4286.6,2.0
GO1!,26/09/2026,01:11,4286.3,4286.3,4285.4,4285.4,4.0
GO1!,26/09/2026,01:12,4285.9,4285.9,4285.3,4285.3,8.0
GO1!,26/09/2026,01:13,4286.0,4286.1,4286.0,4286.0,5.0
GO1!,26/09/2026,01:16,4286.9,4288.2,4285.9,4287.5,33.0
GO1!,26/09/2026,01:17,4288.0,4288.0,4287.0,4287.2,12.0
GO1!,26/09/2026,01:18,4287.4,4289.5,4287.4,4289.1,15.0
GO1!,26/09/2026,01:19,4288.8,4290.0,4288.8,4290.0,24.0
GO1!,26/09/2026,01:20,4289.9,4289.9,4288.8,4288.8,22.0
GO1!,26/09/2026,01:21,4289.4,4289.4,4288.5,4288.5,9.0
GO1!,26/09/2026,01:22,4288.4,4288.4,4288.4,4288.4,4.0
GO1!,26/09/2026,01:23,4289.4,4289.4,4289.4,4289.4,1.0
GO1!,26/09/2026,01:24,4290.7,4291.0,4290.6,4290.6,8.0
GO1!,26/09/2026,01:25,4291.3,4291.3,4291.3,4291.3,1.0
GO1!,26/09/2026,01:26,4291.0,4291.3,4288.6,4289.0,17.0
GO1!,26/09/2026,01:27,4288.9,4289.1,4286.7,4286.7,15.0
GO1!,26/09/2026,01:28,4286.2,4286.2,4285.8,4285.8,3.0
GO1!,26/09/2026,01:30,4289.0,4290.0,4289.0,4290.0,8.0
GO1!,26/09/2026,01:31,4291.5,4291.5,4291.5,4291.5,11.0
GO1!,26/09/2026,01:32,4291.7,4291.7,4291.7,4291.7,5.0
GO1!,26/09/2026,01:34,4293.0,4293.1,4293.0,4293.1,2.0
GO1!,26/09/2026,01:35,4293.8,4295.1,4293.6,4294.5,17.0
GO1!,26/09/2026,01:36,4294.4,4294.4,4294.0,4294.0,7.0
GO1!,26/09/2026,01:37,4294.0,4294.0,4290.4,4290.4,11.0
GO1!,26/09/2026,01:39,4291.6,4291.6,4289.6,4289.6,7.0
GO1!,26/09/2026,01:40,4289.8,4290.3,4289.8,4290.3,2.0
GO1!,26/09/2026,01:41,4290.4,4291.1,4289.2,4291.0,12.0
GO1!,26/09/2026,01:42,4291.9,4291.9,4291.9,4291.9,1.0
GO1!,26/09/2026,01:43,4292.0,4292.0,4291.8,4291.8,3.0
GO1!,26/09/2026,01:45,4293.5,4293.9,4292.9,4293.0,12.0
GO1!,26/09/2026,01:46,4292.7,4293.0,4292.6,4293.0,5.0
GO1!,26/09/2026,01:47,4292.7,4292.7,4292.7,4292.7,2.0
GO1!,26/09/2026,01:48,4293.0,4295.6,4293.0,4295.5,16.0
GO1!,26/09/2026,01:49,4296.0,4297.0,4296.0,4297.0,13.0
GO1!,26/09/2026,01:50,4296.3,4296.9,4295.5,4296.8,17.0
GO1!,26/09/2026,01:51,4296.5,4297.1,4296.5,4296.6,35.0
GO1!,26/09/2026,01:52,4297.0,4297.0,4296.7,4296.7,5.0
GO1!,26/09/2026,01:53,4297.0,4297.7,4297.0,4297.6,24.0
GO1!,26/09/2026,01:54,4295.9,4296.9,4295.9,4296.3,8.0
GO1!,26/09/2026,01:55,4296.3,4296.4,4296.3,4296.4,4.0
GO1!,26/09/2026,01:56,4296.3,4296.3,4296.3,4296.3,1.0
GO1!,26/09/2026,01:59,4295.2,4296.3,4295.2,4296.3,8.0
GO1!,26/09/2026,02:00,4296.4,4296.9,4294.7,4295.2,37.0
GO1!,26/09/2026,02:01,4295.0,4296.9,4294.4,4295.9,42.0
GO1!,26/09/2026,02:02,4295.0,4295.0,4294.2,4294.2,2.0
GO1!,26/09/2026,02:03,4293.5,4293.6,4293.0,4293.6,8.0
GO1!,26/09/2026,02:04,4293.8,4293.8,4291.4,4291.4,35.0
GO1!,26/09/2026,02:05,4291.0,4292.3,4290.8,4291.9,19.0
GO1!,26/09/2026,02:06,4293.1,4293.1,4293.1,4293.1,1.0
GO1!,26/09/2026,02:07,4294.6,4296.0,4294.6,4295.3,3.0
GO1!,26/09/2026,02:09,4295.6,4295.6,4295.6,4295.6,2.0
GO1!,26/09/2026,02:11,4295.5,4295.5,4295.5,4295.5,6.0
GO1!,26/09/2026,02:14,4295.5,4299.3,4295.5,4298.5,72.0
GO1!,26/09/2026,02:15,4298.6,4298.6,4297.8,4297.8,34.0
GO1!,26/09/2026,02:16,4297.6,4297.6,4297.0,4297.2,12.0
GO1!,26/09/2026,02:17,4296.8,4296.9,4296.5,4296.5,4.0
GO1!,26/09/2026,02:18,4296.4,4296.4,4296.3,4296.3,2.0
GO1!,26/09/2026,02:19,4296.1,4296.1,4295.4,4295.4,2.0
GO1!,26/09/2026,02:20,4295.3,4295.3,4294.5,4294.5,9.0
GO1!,26/09/2026,02:21,4294.3,4294.3,4293.7,4293.7,5.0
GO1!,26/09/2026,02:22,4293.2,4293.2,4292.2,4292.2,6.0
GO1!,26/09/2026,02:23,4292.7,4292.7,4291.9,4291.9,5.0
GO1!,26/09/2026,02:24,4292.0,4292.2,4291.8,4292.2,3.0
GO1!,26/09/2026,02:25,4291.4,4291.8,4291.4,4291.8,6.0
GO1!,26/09/2026,02:26,4291.0,4291.0,4289.2,4290.6,82.0
GO1!,26/09/2026,02:27,4290.8,4291.1,4290.1,4290.1,5.0
GO1!,26/09/2026,02:28,4289.6,4290.1,4289.6,4290.1,10.0
GO1!,26/09/2026,02:29,4289.7,4289.7,4289.7,4289.7,2.0
GO1!,26/09/2026,02:30,4290.4,4290.5,4290.4,4290.5,4.0
GO1!,26/09/2026,02:31,4290.9,4291.0,4289.8,4289.8,28.0
GO1!,26/09/2026,02:32,4290.6,4290.6,4290.6,4290.6,1.0
GO1!,26/09/2026,02:33,4289.7,4289.7,4289.7,4289.7,1.0
GO1!,26/09/2026,02:35,4290.5,4292.7,4290.5,4292.7,28.0
GO1!,26/09/2026,02:37,4293.0,4295.9,4293.0,4295.9,22.0
GO1!,26/09/2026,02:38,4295.6,4296.2,4295.6,4295.7,6.0
GO1!,26/09/2026,02:39,4295.0,4295.8,4295.0,4295.8,5.0
GO1!,26/09/2026,02:40,4295.0,4295.4,4294.9,4295.1,35.0
GO1!,26/09/2026,02:41,4295.1,4295.6,4294.3,4295.2,20.0
GO1!,26/09/2026,02:42,4295.4,4295.4,4295.4,4295.4,2.0
GO1!,26/09/2026,02:43,4295.4,4296.0,4295.1,4296.0,10.0
GO1!,26/09/2026,02:44,4295.1,4295.2,4295.1,4295.1,6.0
GO1!,26/09/2026,02:45,4296.0,4296.0,4296.0,4296.0,1.0
GO1!,26/09/2026,02:46,4296.1,4296.1,4296.1,4296.1,3.0
GO1!,26/09/2026,02:47,4296.1,4296.4,4296.1,4296.1,5.0
GO1!,26/09/2026,02:48,4295.4,4295.4,4292.1,4295.1,95.0
GO1!,26/09/2026,02:50,4295.2,4295.2,4295.2,4295.2,1.0
GO1!,26/09/2026,02:52,4293.2,4293.2,4293.0,4293.1,4.0
GO1!,26/09/2026,02:54,4293.0,4293.9,4293.0,4293.9,5.0
GO1!,26/09/2026,02:56,4292.4,4292.5,4292.4,4292.5,2.0
GO1!,26/09/2026,02:57,4292.5,4292.5,4292.5,4292.5,1.0
GO1!,26/09/2026,02:58,4292.5,4292.5,4292.0,4292.1,15.0
GO1!,26/09/2026,02:59,4293.0,4295.1,4292.0,4294.8,48.0
GO1!,28/09/2026,09:45,4207.0,4209.9,4205.6,4207.1,109.0
GO1!,28/09/2026,09:46,4206.8,4208.0,4206.7,4207.2,36.0
GO1!,28/09/2026,09:47,4207.4,4207.4,4205.7,4205.7,24.0
GO1!,28/09/2026,09:48,4206.5,4206.5,4204.3,4204.6,83.0
GO1!,28/09/2026,09:49,4205.8,4206.2,4204.7,4205.0,29.0
GO1!,28/09/2026,09:50,4204.6,4206.5,4204.2,4204.2,45.0
GO1!,28/09/2026,09:51,4204.3,4204.3,4203.0,4203.0,57.0
GO1!,28/09/2026,09:52,4202.5,4202.8,4202.1,4202.1,31.0
GO1!,28/09/2026,09:53,4202.0,4204.0,4201.7,4203.6,52.0
GO1!,28/09/2026,09:54,4202.6,4203.0,4202.4,4202.4,13.0
GO1!,28/09/2026,09:55,4202.7,4202.7,4197.2,4197.2,153.0
GO1!,28/09/2026,09:56,4197.2,4198.8,4196.6,4198.1,64.0
GO1!,28/09/2026,09:57,4197.8,4198.8,4195.3,4196.0,126.0
GO1!,28/09/2026,09:58,4196.2,4197.3,4195.0,4197.3,49.0
GO1!,28/09/2026,09:59,4197.7,4198.0,4197.1,4197.1,8.0
GO1!,28/09/2026,10:00,4197.5,4197.5,4195.9,4196.7,57.0
GO1!,28/09/2026,10:01,4197.0,4199.8,4196.8,4199.5,38.0
GO1!,28/09/2026,10:02,4200.0,4202.3,4199.2,4199.2,33.0
GO1!,28/09/2026,10:03,4199.2,4199.2,4198.5,4199.1,20.0
GO1!,28/09/2026,10:04,4198.6,4201.3,4198.5,4200.5,32.0
GO1!,28/09/2026,10:05,4200.8,4201.9,4200.3,4200.3,17.0
GO1!,28/09/2026,10:06,4200.7,4202.0,4200.7,4201.8,38.0
GO1!,28/09/2026,10:07,4201.9,4203.2,4201.5,4202.5,26.0
GO1!,28/09/2026,10:08,4202.2,4203.6,4202.2,4203.5,12.0
GO1!,28/09/2026,10:09,4204.0,4204.2,4203.3,4204.0,19.0
GO1!,28/09/2026,10:10,4204.2,4204.2,4203.9,4203.9,9.0
GO1!,28/09/2026,10:11,4203.6,4203.6,4202.0,4202.5,30.0
GO1!,28/09/2026,10:12,4202.4,4203.0,4202.2,4203.0,23.0
GO1!,28/09/2026,10:13,4203.6,4204.4,4203.1,4203.1,17.0
GO1!,28/09/2026,10:14,4203.0,4203.0,4202.0,4202.4,18.0
GO1!,28/09/2026,10:15,4201.8,4202.7,4201.7,4202.0,22.0
GO1!,28/09/2026,10:16,4201.7,4201.7,4201.4,4201.5,9.0
GO1!,28/09/2026,10:17,4201.2,4201.9,4201.0,4201.0,19.0
GO1!,28/09/2026,10:18,4201.6,4201.6,4201.0,4201.0,5.0
GO1!,28/09/2026,10:19,4201.0,4201.4,4200.0,4200.0,30.0
GO1!,28/09/2026,10:20,4200.0,4200.0,4198.8,4200.0,37.0
GO1!,28/09/2026,10:21,4198.7,4198.7,4198.0,4198.1,25.0
GO1!,28/09/2026,10:22,4197.5,4197.5,4195.0,4195.6,22.0
GO1!,28/09/2026,10:23,4197.0,4197.2,4196.6,4196.6,8.0
GO1!,28/09/2026,10:24,4197.0,4197.4,4196.5,4196.5,9.0
GO1!,28/09/2026,10:25,4196.4,4196.4,4195.9,4196.0,8.0
GO1!,28/09/2026,10:26,4195.6,4196.4,4195.1,4196.4,6.0
GO1!,28/09/2026,10:27,4195.9,4197.2,4195.9,4197.0,9.0
GO1!,28/09/2026,10:28,4196.5,4198.0,4196.5,4197.0,13.0
GO1!,28/09/2026,10:29,4197.1,4197.1,4197.0,4197.0,22.0
GO1!,28/09/2026,10:30,4197.0,4197.0,4197.0,4197.0,3.0
GO1!,28/09/2026,10:31,4197.0,4197.8,4197.0,4197.2,36.0
GO1!,28/09/2026,10:32,4198.0,4198.0,4196.0,4196.0,25.0
GO1!,28/09/2026,10:33,4195.2,4196.6,4195.2,4195.5,11.0
GO1!,28/09/2026,10:34,4195.0,4195.0,4193.2,4194.5,38.0
GO1!,28/09/2026,10:35,4194.0,4194.0,4193.7,4194.0,5.0
GO1!,28/09/2026,10:36,4195.0,4195.6,4194.9,4195.6,5.0
GO1!,28/09/2026,10:37,4195.6,4195.9,4194.4,4194.6,26.0
GO1!,28/09/2026,10:38,4194.9,4196.0,4194.8,4196.0,4.0
GO1!,28/09/2026,10:39,4196.3,4196.7,4196.0,4196.7,7.0
GO1!,28/09/2026,10:40,4196.0,4196.0,4196.0,4196.0,1.0
GO1!,28/09/2026,10:41,4196.1,4197.0,4196.1,4197.0,11.0
GO1!,28/09/2026,10:42,4196.1,4196.3,4196.1,4196.3,4.0
GO1!,28/09/2026,10:43,4195.2,4195.2,4194.6,4194.6,3.0
GO1!,28/09/2026,10:44,4194.5,4195.0,4193.8,4193.8,19.0
GO1!,28/09/2026,10:45,4194.3,4194.3,4194.3,4194.3,1.0
GO1!,28/09/2026,10:46,4193.5,4193.8,4193.3,4193.7,26.0
GO1!,28/09/2026,10:47,4194.3,4195.5,4194.0,4195.5,4.0
GO1!,28/09/2026,10:48,4193.7,4194.5,4193.7,4194.2,11.0
GO1!,28/09/2026,10:49,4194.6,4197.0,4194.5,4197.0,11.0
GO1!,28/09/2026,10:50,4197.3,4198.4,4197.3,4198.4,11.0
GO1!,28/09/2026,10:51,4197.5,4198.0,4197.5,4198.0,5.0
GO1!,28/09/2026,10:52,4198.8,4199.0,4198.8,4198.9,4.0
GO1!,28/09/2026,10:53,4198.5,4199.4,4198.5,4199.4,6.0
GO1!,28/09/2026,10:54,4199.0,4200.5,4199.0,4200.5,27.0
GO1!,28/09/2026,10:55,4200.0,4200.1,4199.4,4199.8,35.0
GO1!,28/09/2026,10:56,4199.6,4199.7,4199.5,4199.7,4.0
GO1!,28/09/2026,10:57,4199.3,4199.3,4199.3,4199.3,1.0
GO1!,28/09/2026,10:58,4199.3,4199.3,4198.5,4198.5,6.0
GO1!,28/09/2026,10:59,4198.4,4198.7,4198.3,4198.7,6.0
GO1!,28/09/2026,11:00,4198.0,4198.0,4197.9,4198.0,14.0
GO1!,28/09/2026,11:01,4197.5,4197.5,4196.5,4196.9,37.0
GO1!,28/09/2026,11:02,4197.3,4198.2,4197.3,4198.2,8.0
GO1!,28/09/2026,11:03,4197.8,4197.8,4197.8,4197.8,4.0
GO1!,28/09/2026,11:04,4196.8,4197.0,4196.8,4197.0,2.0
GO1!,28/09/2026,11:06,4197.1,4197.4,4197.0,4197.3,27.0
GO1!,28/09/2026,11:07,4197.9,4198.0,4197.2,4197.8,23.0
GO1!,28/09/2026,11:08,4197.8,4198.1,4197.1,4197.8,56.0
GO1!,28/09/2026,11:10,4198.7,4198.8,4198.3,4198.3,5.0
GO1!,28/09/2026,11:11,4199.0,4199.3,4199.0,4199.2,5.0
GO1!,28/09/2026,11:12,4199.7,4200.0,4199.7,4199.8,18.0
GO1!,28/09/2026,11:13,4199.9,4200.0,4199.9,4200.0,10.0
GO1!,28/09/2026,11:15,4200.1,4200.4,4200.0,4200.0,6.0
GO1!,28/09/2026,11:16,4199.9,4199.9,4198.8,4198.8,12.0
GO1!,28/09/2026,11:17,4199.8,4199.8,4199.8,4199.8,2.0
GO1!,28/09/2026,11:18,4199.0,4199.2,4199.0,4199.2,2.0
GO1!,28/09/2026,11:19,4198.4,4198.4,4198.0,4198.0,9.0
GO1!,28/09/2026,11:20,4198.0,4198.7,4198.0,4198.7,10.0
GO1!,28/09/2026,11:21,4198.3,4198.4,4198.3,4198.4,2.0
GO1!,28/09/2026,11:22,4198.0,4198.0,4198.0,4198.0,1.0
GO1!,28/09/2026,11:23,4198.0,4198.0,4197.6,4197.8,3.0
GO1!,28/09/2026,11:24,4197.5,4198.0,4197.5,4198.0,9.0
GO1!,28/09/2026,11:26,4196.8,4196.8,4196.8,4196.8,1.0
GO1!,28/09/2026,11:27,4197.7,4197.7,4197.7,4197.7,1.0
GO1!,28/09/2026,11:28,4198.3,4198.3,4198.3,4198.3,1.0
GO1!,28/09/2026,11:29,4199.0,4200.6,4199.0,4200.5,22.0
GO1!,28/09/2026,11:30,4199.6,4199.6,4199.6,4199.6,2.0
GO1!,28/09/2026,11:31,4200.0,4200.6,4200.0,4200.6,5.0
GO1!,28/09/2026,11:32,4200.1,4200.1,4199.5,4199.6,3.0
GO1!,28/09/2026,11:33,4199.4,4199.4,4198.9,4198.9,2.0
GO1!,28/09/2026,11:34,4198.8,4198.8,4198.0,4198.0,4.0
GO1!,28/09/2026,11:35,4198.7,4198.9,4198.6,4198.9,3.0
GO1!,28/09/2026,11:37,4198.2,4198.2,4198.2,4198.2,2.0
GO1!,28/09/2026,11:38,4198.2,4198.2,4198.2,4198.2,2.0
GO1!,28/09/2026,11:40,4197.7,4198.5,4197.7,4198.5,6.0
GO1!,28/09/2026,11:41,4199.0,4199.4,4199.0,4199.4,3.0
GO1!,28/09/2026,11:43,4200.1,4200.1,4199.8,4199.8,2.0
GO1!,28/09/2026,11:45,4199.3,4199.3,4199.3,4199.3,1.0
GO1!,28/09/2026,11:46,4199.4,4199.4,4199.1,4199.1,3.0
GO1!,28/09/2026,11:49,4198.5,4198.5,4198.5,4198.5,1.0
GO1!,28/09/2026,11:50,4198.7,4198.7,4198.5,4198.5,2.0
GO1!,28/09/2026,11:52,4197.4,4197.4,4197.4,4197.4,4.0
GO1!,28/09/2026,11:54,4197.0,4197.1,4196.8,4197.1,4.0
GO1!,28/09/2026,11:55,4197.0,4197.5,4196.9,4197.4,8.0
GO1!,28/09/2026,11:56,4197.4,4197.4,4197.4,4197.4,1.0
GO1!,28/09/2026,11:57,4196.8,4196.8,4196.8,4196.8,1.0
GO1!,28/09/2026,11:58,4197.7,4197.7,4197.3,4197.3,6.0
GO1!,28/09/2026,11:59,4196.4,4196.4,4195.7,4195.7,4.0
GO1!,28/09/2026,12:00,4196.2,4197.3,4195.8,4196.8,10.0
GO1!,28/09/2026,12:01,4196.5,4197.5,4196.5,4197.5,4.0
GO1!,28/09/2026,12:02,4196.8,4196.8,4196.8,4196.8,1.0
GO1!,28/09/2026,12:03,4198.0,4198.2,4197.2,4197.2,10.0
GO1!,28/09/2026,12:05,4196.0,4196.0,4194.2,4194.2,23.0
GO1!,28/09/2026,12:06,4193.3,4193.3,4193.0,4193.0,13.0
GO1!,28/09/2026,12:07,4192.8,4192.8,4191.8,4192.5,9.0
GO1!,28/09/2026,12:08,4191.7,4191.7,4191.7,4191.7,5.0
GO1!,28/09/2026,12:09,4192.8,4192.9,4192.8,4192.9,6.0
GO1!,28/09/2026,12:10,4193.2,4193.2,4192.7,4192.7,3.0
GO1!,28/09/2026,12:11,4192.4,4192.7,4192.1,4192.2,9.0
GO1!,28/09/2026,12:12,4191.8,4192.1,4191.6,4192.0,14.0
GO1!,28/09/2026,12:13,4192.3,4193.0,4191.5,4191.5,9.0
GO1!,28/09/2026,12:14,4191.9,4192.9,4191.9,4192.9,4.0
GO1!,28/09/2026,12:15,4192.2,4193.1,4192.2,4193.0,7.0
GO1!,28/09/2026,12:16,4193.2,4194.7,4193.2,4194.3,17.0
GO1!,28/09/2026,12:17,4194.0,4194.5,4193.2,4194.1,8.0
GO1!,28/09/2026,12:18,4193.5,4193.5,4191.8,4192.3,9.0
GO1!,28/09/2026,12:19,4192.1,4192.1,4189.8,4190.3,17.0
GO1!,28/09/2026,12:20,4190.0,4190.3,4189.8,4190.2,13.0
GO1!,28/09/2026,12:21,4190.2,4190.2,4189.0,4189.0,17.0
GO1!,28/09/2026,12:22,4188.5,4188.5,4187.0,4187.5,37.0
GO1!,28/09/2026,12:23,4188.0,4188.2,4187.2,4187.2,5.0
GO1!,28/09/2026,12:24,4187.4,4187.4,4187.4,4187.4,1.0
GO1!,28/09/2026,12:25,4188.8,4189.9,4188.8,4189.9,5.0
GO1!,28/09/2026,12:26,4189.1,4189.1,4188.9,4189.0,3.0
GO1!,28/09/2026,12:27,4189.1,4190.0,4189.0,4190.0,18.0
GO1!,28/09/2026,12:28,4191.1,4192.0,4191.1,4192.0,2.0
GO1!,28/09/2026,12:29,4192.6,4192.6,4190.3,4190.3,8.0
GO1!,28/09/2026,12:30,4190.4,4190.4,4189.3,4189.3,11.0
GO1!,28/09/2026,12:31,4188.0,4188.0,4187.4,4187.6,5.0
GO1!,28/09/2026,12:32,4188.1,4188.1,4186.9,4187.9,25.0
GO1!,28/09/2026,12:33,4187.2,4187.2,4186.0,4186.0,10.0
GO1!,28/09/2026,12:34,4185.4,4185.4,4185.0,4185.0,10.0
GO1!,28/09/2026,12:35,4184.5,4187.0,4184.5,4187.0,7.0
GO1!,28/09/2026,12:36,4187.8,4187.8,4187.8,4187.8,1.0
GO1!,28/09/2026,12:37,4185.5,4186.4,4185.0,4185.1,4.0
GO1!,28/09/2026,12:38,4185.0,4185.0,4185.0,4185.0,3.0
GO1!,28/09/2026,12:39,4185.0,4185.0,4182.2,4182.2,13.0
GO1!,28/09/2026,12:40,4182.4,4182.4,4181.8,4181.8,4.0
GO1!,28/09/2026,12:41,4183.0,4183.2,4181.3,4181.3,6.0
GO1!,28/09/2026,12:42,4181.9,4184.2,4181.9,4184.2,10.0
GO1!,28/09/2026,12:43,4183.8,4183.8,4183.8,4183.8,1.0
GO1!,28/09/2026,12:45,4184.1,4184.1,4183.0,4183.0,4.0
GO1!,28/09/2026,12:46,4183.0,4183.2,4183.0,4183.2,2.0
GO1!,28/09/2026,12:47,4183.0,4183.0,4183.0,4183.0,3.0
GO1!,28/09/2026,12:48,4182.0,4182.0,4180.7,4180.7,14.0
GO1!,28/09/2026,12:49,4181.3,4181.3,4181.3,4181.3,1.0
GO1!,28/09/2026,12:50,4182.0,4182.0,4181.8,4181.8,2.0
GO1!,28/09/2026,12:51,4182.0,4182.0,4181.3,4181.5,4.0
GO1!,28/09/2026,12:52,4180.9,4180.9,4180.9,4180.9,4.0
GO1!,28/09/2026,12:53,4180.9,4180.9,4180.9,4180.9,1.0
GO1!,28/09/2026,12:54,4182.0,4182.0,4182.0,4182.0,1.0
GO1!,28/09/2026,12:56,4183.0,4185.9,4183.0,4184.6,14.0
GO1!,28/09/2026,12:57,4183.2,4183.2,4182.5,4182.5,4.0
GO1!,28/09/2026,12:59,4181.3,4181.3,4180.7,4181.0,6.0
GO1!,28/09/2026,13:00,4180.6,4180.6,4176.0,4176.0,64.0
GO1!,28/09/2026,13:01,4176.5,4176.5,4176.5,4176.5,2.0
GO1!,28/09/2026,13:02,4176.6,4176.6,4176.6,4176.6,1.0
GO1!,28/09/2026,13:03,4177.0,4178.4,4176.9,4177.1,15.0
GO1!,28/09/2026,13:04,4177.6,4177.6,4177.6,4177.6,1.0
GO1!,28/09/2026,13:05,4176.5,4176.8,4176.0,4176.0,7.0
GO1!,28/09/2026,13:06,4180.0,4181.9,4179.8,4181.9,5.0
GO1!,28/09/2026,13:07,4181.4,4181.4,4181.4,4181.4,1.0
GO1!,28/09/2026,13:09,4181.8,4181.9,4180.6,4181.9,11.0
GO1!,28/09/2026,13:10,4180.0,4181.5,4180.0,4180.6,8.0
GO1!,28/09/2026,13:11,4180.6,4181.2,4180.6,4181.2,3.0
GO1!,28/09/2026,13:12,4180.5,4180.5,4180.0,4180.0,6.0
GO1!,28/09/2026,13:14,4179.0,4179.4,4179.0,4179.4,4.0
GO1!,28/09/2026,13:15,4180.5,4180.5,4178.8,4178.8,11.0
GO1!,28/09/2026,13:16,4179.2,4179.2,4178.7,4178.7,5.0
GO1!,28/09/2026,13:17,4179.7,4180.0,4179.0,4179.0,8.0
GO1!,28/09/2026,13:18,4178.0,4178.0,4178.0,4178.0,1.0
GO1!,28/09/2026,13:19,4176.3,4176.3,4175.0,4175.7,31.0
GO1!,28/09/2026,13:20,4177.0,4177.0,4176.5,4176.5,16.0
GO1!,28/09/2026,13:21,4176.0,4178.4,4175.8,4178.4,10.0
GO1!,28/09/2026,13:22,4175.1,4175.2,4174.5,4174.5,20.0
GO1!,28/09/2026,13:23,4174.0,4174.6,4173.4,4174.6,7.0
GO1!,28/09/2026,13:24,4173.9,4173.9,4173.2,4173.3,6.0
GO1!,28/09/2026,13:25,4173.7,4173.7,4173.3,4173.3,2.0
GO1!,28/09/2026,13:26,4174.3,4174.3,4173.6,4173.6,4.0
GO1!,28/09/2026,13:27,4173.0,4174.0,4171.6,4171.6,21.0
GO1!,28/09/2026,13:28,4172.4,4172.4,4170.9,4170.9,11.0
GO1!,28/09/2026,13:29,4170.8,4171.5,4170.8,4170.8,5.0
GO1!,28/09/2026,13:30,4170.8,4171.0,4169.8,4169.9,17.0
GO1!,28/09/2026,13:31,4172.0,4172.4,4171.7,4172.1,5.0
GO1!,28/09/2026,13:32,4173.2,4174.7,4173.2,4174.7,3.0
GO1!,28/09/2026,13:33,4175.0,4176.0,4175.0,4175.4,13.0
GO1!,28/09/2026,13:34,4175.4,4175.5,4175.4,4175.5,2.0
GO1!,28/09/2026,13:35,4177.3,4178.0,4177.3,4178.0,5.0
GO1!,28/09/2026,13:36,4178.1,4178.1,4177.6,4178.1,9.0
GO1!,28/09/2026,13:37,4175.0,4175.1,4175.0,4175.0,7.0
GO1!,28/09/2026,13:38,4177.4,4177.4,4177.4,4177.4,1.0
GO1!,28/09/2026,13:39,4177.6,4177.6,4177.6,4177.6,1.0
GO1!,28/09/2026,13:40,4178.2,4178.5,4178.0,4178.3,17.0
GO1!,28/09/2026,13:41,4178.3,4178.3,4177.1,4178.1,8.0
GO1!,28/09/2026,13:42,4178.0,4178.0,4177.0,4177.0,5.0
GO1!,28/09/2026,13:43,4176.5,4176.5,4175.1,4175.1,3.0
GO1!,28/09/2026,13:44,4175.6,4175.6,4175.0,4175.0,9.0
GO1!,28/09/2026,13:46,4174.9,4175.0,4174.9,4175.0,3.0
GO1!,28/09/2026,13:47,4175.1,4175.9,4174.9,4175.0,6.0
GO1!,28/09/2026,13:48,4175.0,4175.0,4175.0,4175.0,1.0
GO1!,28/09/2026,13:50,4176.4,4176.4,4175.0,4175.0,8.0
GO1!,28/09/2026,13:51,4173.3,4174.6,4173.3,4174.4,4.0
GO1!,28/09/2026,13:53,4174.6,4174.6,4174.6,4174.6,1.0
GO1!,28/09/2026,13:54,4172.1,4174.0,4167.2,4169.7,50.0
GO1!,28/09/2026,13:55,4168.5,4168.5,4165.9,4165.9,8.0
GO1!,28/09/2026,13:56,4165.2,4166.1,4165.0,4165.0,15.0
GO1!,28/09/2026,13:57,4165.0,4166.1,4164.0,4166.1,11.0
GO1!,28/09/2026,13:58,4165.2,4166.2,4165.2,4166.2,3.0
GO1!,28/09/2026,13:59,4165.6,4165.9,4165.6,4165.9,3.0
GO1!,28/09/2026,14:00,4165.0,4166.8,4163.2,4166.2,19.0
GO1!,28/09/2026,14:01,4166.5,4166.5,4165.0,4165.5,7.0
GO1!,28/09/2026,14:02,4166.4,4166.9,4166.4,4166.9,3.0
GO1!,28/09/2026,14:03,4166.2,4166.2,4164.8,4164.8,10.0
GO1!,28/09/2026,14:04,4163.5,4166.1,4163.2,4165.6,16.0
GO1!,28/09/2026,14:05,4165.3,4165.3,4164.5,4164.5,4.0
GO1!,28/09/2026,14:06,4163.3,4164.7,4162.9,4164.7,30.0
GO1!,28/09/2026,14:07,4163.2,4163.2,4163.2,4163.2,2.0
GO1!,28/09/2026,14:08,4163.8,4163.8,4163.8,4163.8,1.0
GO1!,28/09/2026,14:09,4166.4,4167.0,4166.4,4166.9,10.0
GO1!,28/09/2026,14:10,4166.9,4166.9,4165.7,4165.7,20.0
GO1!,28/09/2026,14:11,4165.3,4165.3,4165.3,4165.3,1.0
GO1!,28/09/2026,14:12,4163.2,4163.2,4163.2,4163.2,1.0
GO1!,28/09/2026,14:13,4163.0,4163.0,4162.8,4162.8,5.0
GO1!,28/09/2026,14:14,4162.2,4162.2,4162.2,4162.2,4.0
GO1!,28/09/2026,14:15,4163.1,4163.7,4163.1,4163.7,7.0
GO1!,28/09/2026,14:16,4164.8,4165.4,4164.8,4164.9,6.0
GO1!,28/09/2026,14:17,4165.1,4165.3,4164.6,4164.6,53.0
GO1!,28/09/2026,14:18,4164.0,4165.2,4164.0,4165.1,17.0
GO1!,28/09/2026,14:19,4165.0,4165.0,4165.0,4165.0,3.0
GO1!,28/09/2026,14:20,4163.5,4163.5,4162.0,4162.0,13.0
GO1!,28/09/2026,14:21,4161.4,4161.6,4158.0,4159.1,57.0
GO1!,28/09/2026,14:22,4159.7,4159.8,4157.9,4158.4,19.0
GO1!,28/09/2026,14:23,4158.2,4160.2,4158.1,4160.2,19.0
GO1!,28/09/2026,14:24,4161.5,4161.6,4160.6,4160.6,10.0
GO1!,28/09/2026,14:25,4161.0,4162.0,4161.0,4161.3,17.0
GO1!,28/09/2026,14:26,4158.0,4159.7,4158.0,4159.7,3.0
GO1!,28/09/2026,14:27,4159.5,4160.0,4158.4,4160.0,77.0
GO1!,28/09/2026,14:28,4160.0,4161.0,4160.0,4160.0,20.0
GO1!,28/09/2026,14:29,4160.5,4160.5,4158.4,4158.8,25.0
GO1!,28/09/2026,14:30,4159.4,4159.4,4158.0,4159.3,126.0
GO1!,28/09/2026,14:31,4160.0,4160.5,4159.4,4159.4,7.0
GO1!,28/09/2026,14:32,4159.0,4159.0,4157.0,4157.1,30.0
GO1!,28/09/2026,14:33,4158.5,4159.7,4158.5,4159.7,7.0
GO1!,28/09/2026,14:34,4157.7,4159.0,4157.7,4159.0,3.0
GO1!,28/09/2026,14:35,4158.7,4158.7,4158.7,4158.7,1.0
GO1!,28/09/2026,14:37,4157.0,4157.0,4156.0,4156.3,36.0
GO1!,28/09/2026,14:38,4156.1,4156.1,4153.2,4155.0,38.0
GO1!,28/09/2026,14:39,4155.9,4156.0,4155.0,4155.5,24.0
GO1!,28/09/2026,14:40,4155.5,4157.5,4155.2,4157.5,30.0
GO1!,28/09/2026,14:41,4158.6,4158.6,4158.2,4158.2,13.0
GO1!,28/09/2026,14:42,4157.7,4157.7,4155.3,4155.3,22.0
GO1!,28/09/2026,14:43,4155.5,4155.5,4155.0,4155.1,9.0
GO1!,28/09/2026,14:44,4154.8,4155.0,4154.0,4154.2,18.0
GO1!,28/09/2026,14:45,4154.6,4154.7,4154.0,4154.6,17.0
GO1!,28/09/2026,14:46,4155.7,4156.0,4155.5,4155.5,3.0
GO1!,28/09/2026,14:47,4154.9,4156.0,4154.3,4156.0,25.0
GO1!,28/09/2026,14:48,4156.2,4157.5,4156.2,4157.0,13.0
GO1!,28/09/2026,14:50,4156.0,4156.0,4155.5,4155.9,13.0
GO1!,28/09/2026,14:51,4156.1,4156.1,4155.0,4156.1,5.0
GO1!,28/09/2026,14:52,4154.5,4154.5,4153.9,4153.9,7.0
GO1!,28/09/2026,14:53,4153.9,4153.9,4153.9,4153.9,1.0
GO1!,28/09/2026,14:54,4157.6,4158.2,4157.5,4158.2,5.0
GO1!,28/09/2026,14:55,4158.3,4160.0,4158.0,4159.7,32.0
GO1!,28/09/2026,14:56,4159.6,4159.6,4157.0,4157.0,9.0
GO1!,28/09/2026,14:57,4156.5,4156.8,4151.9,4152.2,34.0
GO1!,28/09/2026,14:58,4152.8,4154.3,4152.3,4154.3,21.0
GO1!,28/09/2026,14:59,4155.6,4156.1,4155.3,4156.1,20.0
GO1!,28/09/2026,15:00,4156.1,4156.9,4154.9,4156.9,31.0
GO1!,28/09/2026,15:01,4158.9,4159.0,4158.0,4158.0,14.0
GO1!,28/09/2026,15:02,4158.6,4158.6,4157.7,4157.7,11.0
GO1!,28/09/2026,15:03,4159.0,4159.0,4156.7,4156.7,14.0
GO1!,28/09/2026,15:04,4155.8,4159.1,4155.8,4159.1,13.0
GO1!,28/09/2026,15:05,4159.6,4159.6,4158.4,4158.4,11.0
GO1!,28/09/2026,15:06,4158.1,4158.1,4157.4,4157.4,4.0
GO1!,28/09/2026,15:07,4157.1,4158.5,4157.0,4157.0,6.0
GO1!,28/09/2026,15:08,4159.2,4159.8,4159.2,4159.3,3.0
GO1!,28/09/2026,15:09,4157.6,4158.1,4157.6,4158.0,4.0
GO1!,28/09/2026,15:10,4157.6,4157.8,4156.4,4156.4,13.0
GO1!,28/09/2026,15:11,4157.2,4158.1,4157.2,4158.1,10.0
GO1!,28/09/2026,15:12,4157.8,4157.8,4155.9,4155.9,13.0
GO1!,28/09/2026,15:13,4154.8,4156.0,4152.9,4156.0,17.0
GO1!,28/09/2026,15:14,4156.1,4157.5,4156.1,4157.0,25.0
GO1!,28/09/2026,15:15,4157.5,4157.5,4154.0,4154.0,8.0
GO1!,28/09/2026,15:16,4154.1,4154.1,4153.9,4153.9,3.0
GO1!,28/09/2026,15:17,4153.6,4153.6,4153.6,4153.6,1.0
GO1!,28/09/2026,15:18,4154.2,4154.2,4152.6,4153.2,7.0
GO1!,28/09/2026,15:19,4153.1,4153.1,4152.5,4152.7,13.0
GO1!,28/09/2026,15:20,4153.0,4153.0,4151.5,4151.5,10.0
GO1!,28/09/2026,15:21,4152.1,4152.4,4151.6,4152.1,33.0
GO1!,28/09/2026,15:22,4151.4,4151.4,4148.6,4150.0,66.0
GO1!,28/09/2026,15:23,4150.5,4151.3,4148.1,4149.5,17.0
GO1!,28/09/2026,15:24,4148.2,4149.6,4147.6,4149.1,25.0
GO1!,28/09/2026,15:25,4149.1,4151.0,4148.8,4150.1,29.0
GO1!,28/09/2026,15:26,4150.8,4154.4,4150.8,4153.9,34.0
GO1!,28/09/2026,15:27,4153.5,4153.5,4148.9,4148.9,13.0
GO1!,28/09/2026,15:28,4148.5,4149.2,4147.8,4147.8,39.0
GO1!,28/09/2026,15:29,4147.1,4147.7,4145.2,4146.0,20.0
GO1!,28/09/2026,15:30,4147.0,4147.5,4145.5,4145.5,23.0
GO1!,28/09/2026,15:31,4145.1,4148.1,4145.1,4146.0,36.0
GO1!,28/09/2026,15:32,4144.9,4146.5,4144.9,4146.1,23.0
GO1!,28/09/2026,15:33,4147.3,4148.0,4146.7,4146.7,8.0
GO1!,28/09/2026,15:34,4147.6,4149.0,4147.6,4149.0,26.0
GO1!,28/09/2026,15:35,4149.2,4150.5,4149.2,4149.3,125.0
GO1!,28/09/2026,15:36,4147.8,4147.8,4146.8,4146.8,8.0
GO1!,28/09/2026,15:37,4145.0,4145.0,4144.0,4144.0,63.0
GO1!,28/09/2026,15:38,4144.3,4145.0,4144.3,4145.0,32.0
GO1!,28/09/2026,15:39,4144.0,4144.9,4143.8,4144.9,12.0
GO1!,28/09/2026,15:40,4146.0,4147.6,4146.0,4147.6,4.0
GO1!,28/09/2026,15:41,4147.2,4150.0,4147.2,4149.3,21.0
GO1!,28/09/2026,15:42,4150.0,4151.7,4150.0,4151.7,7.0
GO1!,28/09/2026,15:43,4151.3,4151.3,4149.4,4149.4,18.0
GO1!,28/09/2026,15:44,4149.8,4150.6,4149.8,4150.3,4.0
GO1!,28/09/2026,15:45,4149.7,4149.7,4149.1,4149.1,2.0
GO1!,28/09/2026,15:46,4149.6,4149.8,4149.2,4149.2,3.0
GO1!,28/09/2026,15:47,4151.3,4153.1,4151.3,4152.0,17.0
GO1!,28/09/2026,15:48,4152.0,4152.0,4152.0,4152.0,1.0
GO1!,28/09/2026,15:49,4151.3,4151.3,4150.9,4151.2,3.0
GO1!,28/09/2026,15:50,4150.1,4151.4,4150.1,4151.4,2.0
GO1!,28/09/2026,15:51,4150.3,4150.3,4148.9,4148.9,2.0
GO1!,28/09/2026,15:52,4148.0,4148.0,4147.5,4147.5,3.0
GO1!,28/09/2026,15:53,4147.2,4148.7,4147.2,4148.7,25.0
GO1!,28/09/2026,15:54,4148.5,4148.5,4148.1,4148.1,3.0
GO1!,28/09/2026,15:55,4147.5,4147.9,4147.5,4147.9,2.0
GO1!,28/09/2026,15:56,4147.1,4147.5,4147.1,4147.5,3.0
GO1!,28/09/2026,15:58,4146.6,4147.0,4145.8,4145.9,9.0
GO1!,28/09/2026,15:59,4145.3,4145.3,4145.3,4145.3,1.0
GO1!,28/09/2026,16:00,4144.9,4147.2,4144.7,4144.8,47.0
GO1!,28/09/2026,16:01,4144.6,4145.0,4144.6,4145.0,2.0
GO1!,28/09/2026,16:02,4145.0,4145.2,4144.5,4144.5,8.0
GO1!,28/09/2026,16:03,4144.5,4145.7,4144.5,4145.7,8.0
GO1!,28/09/2026,16:04,4144.3,4144.3,4142.7,4142.7,9.0
GO1!,28/09/2026,16:05,4144.0,4145.0,4143.6,4145.0,8.0
GO1!,28/09/2026,16:07,4145.5,4147.7,4145.5,4147.7,9.0
GO1!,28/09/2026,16:08,4148.3,4148.3,4143.8,4143.8,14.0
GO1!,28/09/2026,16:09,4144.0,4144.0,4141.3,4141.3,54.0
GO1!,28/09/2026,16:10,4142.3,4142.8,4141.7,4142.8,22.0
GO1!,28/09/2026,16:11,4142.2,4145.0,4142.2,4145.0,14.0
GO1!,28/09/2026,16:12,4144.1,4144.1,4144.1,4144.1,1.0
GO1!,28/09/2026,16:13,4143.7,4143.7,4142.9,4143.0,4.0
GO1!,28/09/2026,16:14,4144.0,4146.1,4144.0,4146.0,24.0
GO1!,28/09/2026,16:15,4145.5,4145.9,4144.9,4145.4,24.0
GO1!,28/09/2026,16:16,4144.6,4145.0,4144.5,4145.0,7.0
GO1!,28/09/2026,16:17,4143.0,4143.1,4142.3,4142.6,32.0
GO1!,28/09/2026,16:18,4142.2,4144.9,4142.2,4144.9,27.0
GO1!,28/09/2026,16:19,4145.1,4147.2,4145.1,4145.7,9.0
GO1!,28/09/2026,16:20,4146.3,4146.3,4145.5,4145.5,2.0
GO1!,28/09/2026,16:21,4146.1,4147.2,4146.1,4147.2,3.0
GO1!,28/09/2026,16:22,4147.0,4147.3,4147.0,4147.3,2.0
GO1!,28/09/2026,16:23,4148.2,4149.0,4148.2,4148.9,9.0
GO1!,28/09/2026,16:24,4148.8,4148.8,4147.9,4147.9,9.0
GO1!,28/09/2026,16:25,4148.0,4148.0,4146.5,4147.3,12.0
GO1!,28/09/2026,16:27,4146.5,4147.9,4146.5,4147.9,2.0
GO1!,28/09/2026,16:29,4145.8,4145.8,4145.6,4145.6,4.0
GO1!,28/09/2026,16:30,4146.3,4146.4,4145.8,4146.1,10.0
GO1!,28/09/2026,16:31,4146.3,4147.0,4145.8,4145.8,7.0
GO1!,28/09/2026,16:32,4145.1,4145.9,4144.7,4145.1,13.0
GO1!,28/09/2026,16:33,4144.7,4144.7,4144.7,4144.7,2.0
GO1!,28/09/2026,16:34,4144.4,4144.4,4143.8,4144.0,5.0
GO1!,28/09/2026,16:35,4144.4,4146.0,4144.4,4146.0,10.0
GO1!,28/09/2026,16:36,4146.3,4148.2,4146.3,4148.2,10.0
GO1!,28/09/2026,16:37,4148.0,4148.0,4148.0,4148.0,3.0
GO1!,28/09/2026,16:38,4146.8,4146.8,4146.8,4146.8,1.0
GO1!,28/09/2026,16:39,4146.2,4146.2,4146.2,4146.2,1.0
GO1!,28/09/2026,16:40,4147.0,4149.0,4146.8,4149.0,8.0
GO1!,28/09/2026,16:41,4149.6,4149.6,4149.2,4149.2,2.0
GO1!,28/09/2026,16:42,4150.0,4150.0,4149.9,4150.0,8.0
GO1!,28/09/2026,16:43,4150.4,4151.0,4150.1,4150.5,15.0
GO1!,28/09/2026,16:44,4150.9,4151.5,4150.6,4151.2,29.0
GO1!,28/09/2026,16:45,4152.0,4152.1,4152.0,4152.1,5.0
GO1!,28/09/2026,16:46,4151.9,4152.2,4151.7,4152.2,6.0
GO1!,28/09/2026,16:47,4152.7,4154.1,4152.7,4154.1,12.0
GO1!,28/09/2026,16:48,4154.0,4154.7,4154.0,4154.5,8.0
GO1!,28/09/2026,16:49,4155.0,4155.8,4154.7,4155.8,3.0
GO1!,28/09/2026,16:50,4156.1,4156.1,4155.5,4155.5,45.0
GO1!,28/09/2026,16:51,4155.6,4156.6,4155.5,4156.4,54.0
GO1!,28/09/2026,16:52,4156.6,4156.6,4156.6,4156.6,4.0
GO1!,28/09/2026,16:53,4157.5,4158.0,4157.5,4157.5,15.0
GO1!,28/09/2026,16:54,4157.5,4158.0,4157.5,4158.0,53.0
GO1!,28/09/2026,18:50,4211.7,4212.5,4211.5,4211.7,46.0
GO1!,28/09/2026,18:51,4212.6,4213.1,4212.2,4212.5,14.0
GO1!,28/09/2026,18:52,4212.0,4212.4,4211.9,4212.4,17.0
GO1!,28/09/2026,18:53,4213.2,4213.2,4212.8,4212.8,3.0
GO1!,28/09/2026,18:54,4212.6,4212.6,4210.3,4210.7,32.0
GO1!,28/09/2026,18:55,4210.7,4213.1,4210.7,4213.1,16.0
GO1!,28/09/2026,18:56,4213.3,4214.3,4213.3,4213.9,13.0
GO1!,28/09/2026,18:57,4213.9,4214.3,4213.9,4214.3,2.0
GO1!,28/09/2026,18:58,4212.2,4212.2,4211.7,4211.7,11.0
GO1!,28/09/2026,18:59,4211.4,4211.4,4210.5,4210.5,8.0
GO1!,28/09/2026,19:00,4210.3,4210.3,4210.0,4210.0,12.0
GO1!,28/09/2026,19:01,4209.8,4210.0,4209.6,4210.0,5.0
GO1!,28/09/2026,19:02,4210.1,4210.2,4209.4,4209.4,4.0
GO1!,28/09/2026,19:03,4210.0,4210.7,4209.5,4210.6,23.0
GO1!,28/09/2026,19:04,4211.0,4219.5,4211.0,4218.7,202.0
GO1!,28/09/2026,19:05,4219.8,4226.0,4219.2,4225.9,112.0
GO1!,28/09/2026,19:06,4226.2,4228.0,4225.5,4227.9,58.0
GO1!,28/09/2026,19:07,4228.4,4229.2,4227.4,4228.0,46.0
GO1!,28/09/2026,19:08,4227.9,4228.0,4223.8,4226.4,84.0
GO1!,28/09/2026,19:09,4227.8,4227.8,4226.7,4226.8,41.0
GO1!,28/09/2026,19:10,4227.0,4229.0,4225.0,4225.0,53.0
GO1!,28/09/2026,19:11,4224.9,4228.0,4224.0,4227.0,32.0
GO1!,28/09/2026,19:12,4226.5,4228.6,4226.0,4228.6,22.0
GO1!,28/09/2026,19:13,4227.4,4228.6,4226.0,4226.0,6.0
GO1!,28/09/2026,19:14,4228.1,4228.2,4228.1,4228.2,2.0
GO1!,28/09/2026,19:15,4228.5,4228.5,4227.1,4228.1,24.0
GO1!,28/09/2026,19:16,4229.2,4230.0,4229.2,4229.7,10.0
GO1!,28/09/2026,19:17,4230.3,4230.4,4227.6,4227.6,23.0
GO1!,28/09/2026,19:18,4228.1,4228.4,4228.1,4228.1,3.0
GO1!,28/09/2026,19:19,4227.7,4230.6,4227.7,4230.6,7.0
GO1!,28/09/2026,19:20,4230.5,4233.6,4230.5,4233.6,44.0
GO1!,28/09/2026,19:21,4234.0,4234.0,4231.4,4231.4,13.0
GO1!,28/09/2026,19:22,4231.0,4231.0,4226.4,4226.4,79.0
GO1!,28/09/2026,19:23,4226.0,4227.0,4225.3,4226.4,86.0
GO1!,28/09/2026,19:24,4226.5,4226.5,4223.8,4224.0,34.0
GO1!,28/09/2026,19:25,4223.4,4223.4,4220.8,4221.0,23.0
GO1!,28/09/2026,19:26,4220.3,4225.9,4220.3,4222.6,133.0
GO1!,28/09/2026,19:27,4223.2,4223.2,4220.1,4220.3,32.0
GO1!,28/09/2026,19:28,4220.0,4220.3,4216.9,4217.1,33.0
GO1!,28/09/2026,19:29,4216.5,4217.7,4216.5,4217.0,19.0
GO1!,28/09/2026,19:30,4216.7,4216.7,4212.8,4213.6,69.0
GO1!,28/09/2026,19:31,4212.9,4214.0,4212.9,4213.0,79.0
GO1!,28/09/2026,19:32,4212.6,4213.4,4212.1,4213.4,15.0
GO1!,28/09/2026,19:33,4213.0,4214.4,4212.3,4213.9,50.0
GO1!,28/09/2026,19:34,4214.0,4216.4,4213.5,4216.0,19.0
GO1!,28/09/2026,19:35,4215.2,4215.7,4215.0,4215.0,47.0
GO1!,28/09/2026,19:36,4213.7,4213.7,4211.9,4211.9,26.0
GO1!,28/09/2026,19:37,4213.7,4213.8,4212.6,4213.0,12.0
GO1!,28/09/2026,19:38,4212.0,4212.0,4210.5,4210.5,15.0
GO1!,28/09/2026,19:39,4210.5,4210.5,4209.7,4210.0,63.0
GO1!,28/09/2026,19:40,4209.8,4209.8,4206.4,4206.4,47.0
GO1!,28/09/2026,19:41,4207.0,4208.4,4207.0,4208.0,48.0
GO1!,28/09/2026,19:42,4208.0,4208.0,4206.8,4207.3,30.0
GO1!,28/09/2026,19:43,4206.9,4207.2,4206.0,4206.0,13.0
GO1!,28/09/2026,19:44,4206.0,4207.6,4205.2,4207.6,16.0
GO1!,28/09/2026,19:45,4208.0,4210.0,4208.0,4210.0,41.0
GO1!,28/09/2026,19:46,4211.0,4211.0,4209.0,4209.0,18.0
GO1!,28/09/2026,19:47,4208.8,4208.8,4206.9,4206.9,5.0
GO1!,28/09/2026,19:48,4206.6,4212.4,4206.5,4212.4,31.0
GO1!,28/09/2026,19:49,4211.7,4212.0,4209.0,4209.0,17.0
GO1!,28/09/2026,19:50,4209.1,4210.5,4209.1,4210.3,13.0
GO1!,28/09/2026,19:51,4210.4,4210.8,4209.0,4209.3,44.0
GO1!,28/09/2026,19:52,4210.0,4212.5,4210.0,4212.4,26.0
GO1!,28/09/2026,19:53,4212.3,4213.4,4211.6,4213.4,8.0
GO1!,28/09/2026,19:54,4213.0,4213.6,4213.0,4213.6,13.0
GO1!,28/09/2026,19:55,4214.0,4214.2,4211.6,4211.6,23.0
GO1!,28/09/2026,19:56,4213.0,4215.3,4213.0,4215.3,13.0
GO1!,28/09/2026,19:57,4215.0,4218.3,4215.0,4216.7,77.0
GO1!,28/09/2026,19:58,4216.6,4216.9,4215.0,4215.0,71.0
GO1!,28/09/2026,19:59,4214.0,4218.0,4214.0,4217.2,40.0
GO1!,28/09/2026,20:00,4216.6,4217.3,4210.7,4211.1,36.0
GO1!,28/09/2026,20:01,4213.8,4214.1,4209.9,4209.9,19.0
GO1!,28/09/2026,20:02,4210.3,4210.3,4208.2,4208.8,21.0
GO1!,28/09/2026,20:03,4211.4,4211.4,4211.0,4211.1,12.0
GO1!,28/09/2026,20:04,4211.2,4212.4,4211.1,4212.4,15.0
GO1!,28/09/2026,20:05,4212.0,4212.0,4212.0,4212.0,2.0
GO1!,28/09/2026,20:06,4212.9,4213.0,4211.7,4213.0,3.0
GO1!,28/09/2026,20:07,4212.7,4212.8,4212.0,4212.4,10.0
GO1!,28/09/2026,20:08,4211.0,4211.0,4209.6,4209.6,7.0
GO1!,28/09/2026,20:09,4210.6,4211.2,4210.6,4211.2,6.0
GO1!,28/09/2026,20:10,4211.2,4212.0,4211.0,4211.2,10.0
GO1!,28/09/2026,20:11,4212.5,4212.5,4210.7,4210.7,13.0
GO1!,28/09/2026,20:12,4210.0,4210.2,4209.1,4209.6,8.0
GO1!,28/09/2026,20:13,4209.6,4212.0,4209.6,4212.0,7.0
GO1!,28/09/2026,20:14,4212.2,4212.2,4210.6,4210.6,4.0
GO1!,28/09/2026,20:15,4209.4,4210.0,4209.4,4210.0,12.0
GO1!,28/09/2026,20:16,4212.0,4212.0,4211.2,4211.2,6.0
GO1!,28/09/2026,20:17,4211.8,4211.8,4210.7,4210.7,7.0
GO1!,28/09/2026,20:18,4210.9,4210.9,4208.0,4208.0,25.0
GO1!,28/09/2026,20:19,4207.6,4209.3,4207.6,4209.0,5.0
GO1!,28/09/2026,20:20,4209.8,4210.3,4209.8,4210.3,2.0
GO1!,28/09/2026,20:21,4208.0,4210.3,4208.0,4210.3,3.0
GO1!,28/09/2026,20:22,4209.0,4210.4,4209.0,4210.4,2.0
GO1!,28/09/2026,20:23,4208.9,4209.6,4208.9,4209.6,2.0
GO1!,28/09/2026,20:24,4209.9,4209.9,4209.0,4209.0,3.0
GO1!,28/09/2026,20:25,4208.3,4209.7,4207.9,4209.7,11.0
GO1!,28/09/2026,20:26,4211.0,4211.7,4210.3,4210.8,24.0
GO1!,28/09/2026,20:27,4208.8,4209.0,4207.0,4207.0,47.0
GO1!,28/09/2026,20:28,4206.6,4206.9,4205.0,4206.9,12.0
GO1!,28/09/2026,20:29,4207.4,4207.4,4204.4,4205.1,60.0
GO1!,28/09/2026,20:30,4205.3,4207.1,4202.0,4202.0,94.0
GO1!,28/09/2026,20:31,4201.3,4205.0,4200.3,4204.9,51.0
GO1!,28/09/2026,20:32,4204.9,4208.0,4204.9,4208.0,15.0
GO1!,28/09/2026,20:33,4207.0,4207.0,4201.5,4202.1,26.0
GO1!,28/09/2026,20:34,4203.0,4203.0,4199.7,4200.1,55.0
GO1!,28/09/2026,20:35,4199.8,4202.0,4198.6,4202.0,36.0
GO1!,28/09/2026,20:36,4202.9,4203.5,4201.6,4203.5,17.0
GO1!,28/09/2026,20:37,4204.0,4210.3,4204.0,4209.0,58.0
GO1!,28/09/2026,20:38,4209.8,4212.0,4209.4,4210.8,15.0
GO1!,28/09/2026,20:39,4210.4,4212.0,4208.7,4208.7,14.0
GO1!,28/09/2026,20:40,4207.3,4208.8,4206.9,4208.4,17.0
GO1!,28/09/2026,20:41,4209.0,4209.0,4207.4,4207.4,8.0
GO1!,28/09/2026,20:42,4207.6,4213.3,4207.6,4213.3,27.0
GO1!,28/09/2026,20:43,4211.8,4211.9,4208.7,4208.7,29.0
GO1!,28/09/2026,20:44,4211.8,4213.0,4211.8,4213.0,5.0
GO1!,28/09/2026,20:45,4213.4,4214.2,4212.3,4212.9,11.0
GO1!,28/09/2026,20:46,4214.8,4214.8,4211.7,4213.8,15.0
GO1!,28/09/2026,20:47,4214.2,4219.9,4212.8,4219.0,93.0
GO1!,28/09/2026,20:48,4218.7,4220.0,4217.3,4220.0,46.0
GO1!,28/09/2026,20:49,4220.0,4222.3,4220.0,4221.0,35.0
GO1!,28/09/2026,20:50,4222.0,4223.4,4220.5,4220.5,33.0
GO1!,28/09/2026,20:51,4220.0,4220.0,4215.0,4217.1,36.0
GO1!,28/09/2026,20:52,4217.0,4219.3,4217.0,4219.3,8.0
GO1!,28/09/2026,20:53,4218.0,4220.0,4218.0,4220.0,20.0
GO1!,28/09/2026,20:54,4218.6,4220.3,4217.0,4219.6,48.0
GO1!,28/09/2026,20:55,4218.0,4222.3,4217.7,4219.4,45.0
GO1!,28/09/2026,20:56,4217.9,4219.5,4217.9,4218.8,26.0
GO1!,28/09/2026,20:57,4218.0,4220.2,4218.0,4220.0,27.0
GO1!,28/09/2026,20:58,4220.4,4221.0,4220.0,4220.4,14.0
GO1!,28/09/2026,20:59,4219.7,4220.3,4219.7,4220.0,9.0
GO1!,28/09/2026,21:00,4219.0,4219.0,4216.0,4216.7,59.0
GO1!,28/09/2026,21:01,4217.7,4217.7,4216.1,4216.3,28.0
GO1!,28/09/2026,21:02,4215.0,4216.1,4213.5,4214.3,45.0
GO1!,28/09/2026,21:03,4214.0,4214.4,4211.6,4211.7,18.0
GO1!,28/09/2026,21:04,4210.6,4210.6,4207.3,4207.6,42.0
GO1!,28/09/2026,21:05,4207.8,4208.4,4206.0,4206.7,66.0
GO1!,28/09/2026,21:06,4207.0,4208.0,4207.0,4207.5,15.0
GO1!,28/09/2026,21:07,4208.4,4208.4,4205.6,4205.6,12.0
GO1!,28/09/2026,21:08,4205.2,4206.0,4204.5,4204.5,38.0
GO1!,28/09/2026,21:09,4204.8,4205.3,4201.9,4202.5,54.0
GO1!,28/09/2026,21:10,4203.4,4204.9,4203.1,4204.0,13.0
GO1!,28/09/2026,21:11,4203.5,4204.0,4203.0,4204.0,41.0
GO1!,28/09/2026,21:12,4204.6,4205.0,4203.7,4205.0,31.0
GO1!,28/09/2026,21:13,4204.7,4205.0,4204.7,4205.0,12.0
GO1!,28/09/2026,21:14,4203.2,4203.2,4201.0,4202.2,26.0
GO1!,28/09/2026,21:15,4202.0,4202.0,4201.3,4201.3,3.0
GO1!,28/09/2026,21:16,4202.7,4203.0,4201.0,4203.0,19.0
GO1!,28/09/2026,21:17,4203.6,4203.6,4201.3,4202.3,30.0
GO1!,28/09/2026,21:18,4202.7,4202.7,4201.0,4201.0,25.0
GO1!,28/09/2026,21:19,4201.1,4201.1,4199.6,4200.8,37.0
GO1!,28/09/2026,21:20,4200.0,4202.4,4200.0,4202.4,11.0
GO1!,28/09/2026,21:21,4202.3,4203.4,4201.5,4202.0,24.0
GO1!,28/09/2026,21:22,4205.0,4205.1,4205.0,4205.1,6.0
GO1!,28/09/2026,21:23,4205.0,4205.0,4205.0,4205.0,2.0
GO1!,28/09/2026,21:24,4205.2,4206.3,4205.2,4206.0,22.0
GO1!,28/09/2026,21:25,4206.2,4206.7,4205.7,4206.7,7.0
GO1!,28/09/2026,21:26,4205.4,4205.4,4205.0,4205.2,6.0
GO1!,28/09/2026,21:27,4203.8,4203.8,4203.4,4203.4,2.0
GO1!,28/09/2026,21:28,4204.0,4204.4,4203.0,4204.4,5.0
GO1!,28/09/2026,21:29,4203.7,4205.5,4203.5,4204.2,17.0
GO1!,28/09/2026,21:30,4203.5,4204.0,4201.1,4201.1,37.0
GO1!,28/09/2026,21:31,4200.6,4200.9,4198.3,4199.0,36.0
GO1!,28/09/2026,21:32,4199.3,4199.3,4197.6,4198.1,51.0
GO1!,28/09/2026,21:33,4199.5,4200.1,4199.0,4199.0,8.0
GO1!,28/09/2026,21:34,4199.2,4199.8,4197.9,4198.8,86.0
GO1!,28/09/2026,21:35,4200.0,4200.0,4197.5,4198.1,42.0
GO1!,28/09/2026,21:36,4197.7,4199.1,4195.9,4195.9,72.0
GO1!,28/09/2026,21:37,4197.0,4197.0,4196.0,4196.7,33.0
GO1!,28/09/2026,21:38,4195.9,4196.2,4193.2,4194.0,101.0
GO1!,28/09/2026,21:39,4193.7,4195.5,4193.6,4194.5,23.0
GO1!,28/09/2026,21:40,4193.4,4193.6,4188.8,4189.2,95.0
GO1!,28/09/2026,21:41,4189.2,4189.2,4186.0,4188.3,91.0
GO1!,28/09/2026,21:42,4187.9,4188.0,4185.6,4185.6,48.0
GO1!,28/09/2026,21:43,4186.6,4187.5,4185.4,4185.7,73.0
GO1!,28/09/2026,21:44,4185.7,4186.8,4185.5,4185.5,15.0
GO1!,28/09/2026,21:45,4185.7,4185.7,4183.0,4183.0,54.0
GO1!,28/09/2026,21:46,4183.4,4183.5,4181.0,4182.0,50.0
GO1!,28/09/2026,21:47,4181.6,4182.4,4180.0,4180.0,70.0
GO1!,28/09/2026,21:48,4179.7,4179.7,4177.3,4177.7,98.0
GO1!,28/09/2026,21:49,4177.6,4178.8,4176.7,4177.0,49.0
GO1!,28/09/2026,21:50,4178.7,4185.2,4178.7,4183.6,88.0
GO1!,28/09/2026,21:51,4184.2,4184.6,4179.0,4179.0,69.0
GO1!,28/09/2026,21:52,4177.1,4180.0,4177.0,4180.0,20.0
GO1!,28/09/2026,21:53,4178.5,4179.2,4177.6,4178.9,38.0
GO1!,28/09/2026,21:54,4178.5,4179.3,4177.6,4178.0,178.0
GO1!,28/09/2026,21:55,4177.4,4178.6,4175.8,4177.8,111.0
GO1!,28/09/2026,21:56,4178.9,4180.0,4178.0,4178.6,157.0
GO1!,28/09/2026,21:57,4177.0,4177.4,4173.0,4175.2,62.0
GO1!,28/09/2026,21:58,4177.0,4178.6,4176.2,4178.2,21.0
GO1!,28/09/2026,21:59,4178.4,4181.6,4177.8,4180.3,65.0
GO1!,28/09/2026,22:00,4180.1,4180.8,4179.0,4180.0,55.0
GO1!,28/09/2026,22:01,4180.3,4183.4,4180.0,4182.3,47.0
GO1!,28/09/2026,22:02,4181.8,4182.0,4181.0,4181.1,16.0
GO1!,28/09/2026,22:03,4182.5,4183.9,4182.0,4182.7,22.0
GO1!,28/09/2026,22:04,4183.5,4183.8,4182.2,4183.8,15.0
GO1!,28/09/2026,22:05,4184.7,4186.0,4183.5,4186.0,44.0
GO1!,28/09/2026,22:06,4184.7,4184.7,4182.6,4182.7,21.0
GO1!,28/09/2026,22:07,4184.2,4185.0,4183.6,4183.6,21.0
GO1!,28/09/2026,22:08,4183.9,4186.2,4183.1,4183.1,17.0
GO1!,28/09/2026,22:09,4184.0,4184.0,4184.0,4184.0,3.0
GO1!,28/09/2026,22:10,4184.7,4184.7,4181.9,4181.9,14.0
GO1!,28/09/2026,22:11,4182.0,4182.0,4181.0,4181.3,8.0
GO1!,28/09/2026,22:12,4181.6,4182.0,4181.3,4181.3,54.0
GO1!,28/09/2026,22:13,4180.7,4181.4,4180.7,4181.2,13.0
GO1!,28/09/2026,22:14,4181.5,4183.0,4181.5,4181.7,19.0
GO1!,28/09/2026,22:15,4184.5,4185.3,4184.5,4185.2,17.0
GO1!,28/09/2026,22:16,4185.3,4185.7,4183.2,4184.5,41.0
GO1!,28/09/2026,22:17,4183.0,4184.2,4183.0,4184.2,4.0
GO1!,28/09/2026,22:18,4186.5,4187.0,4185.9,4187.0,16.0
GO1!,28/09/2026,22:19,4186.7,4189.0,4186.7,4188.0,43.0
GO1!,28/09/2026,22:20,4186.2,4186.3,4185.0,4185.9,14.0
GO1!,28/09/2026,22:21,4183.2,4184.4,4183.2,4184.4,10.0
GO1!,28/09/2026,22:22,4184.4,4185.2,4184.3,4185.2,9.0
GO1!,28/09/2026,22:23,4186.0,4187.5,4186.0,4187.5,36.0
GO1!,28/09/2026,22:24,4185.0,4185.0,4185.0,4185.0,2.0
GO1!,28/09/2026,22:25,4185.0,4190.0,4185.0,4186.5,58.0
GO1!,28/09/2026,22:26,4185.8,4187.4,4185.8,4187.1,5.0
GO1!,28/09/2026,22:27,4187.1,4187.1,4186.2,4186.2,6.0
GO1!,28/09/2026,22:28,4186.7,4187.4,4186.7,4187.2,17.0
GO1!,28/09/2026,22:29,4186.3,4188.3,4186.3,4187.2,9.0
GO1!,28/09/2026,22:30,4187.2,4187.3,4186.0,4186.6,21.0
GO1!,28/09/2026,22:31,4185.3,4185.8,4183.5,4183.5,9.0
GO1!,28/09/2026,22:32,4185.7,4185.9,4185.7,4185.9,3.0
GO1!,28/09/2026,22:33,4185.8,4185.8,4185.6,4185.8,5.0
GO1!,28/09/2026,22:34,4183.7,4183.8,4183.7,4183.8,2.0
GO1!,28/09/2026,22:35,4184.7,4185.0,4184.6,4185.0,3.0
GO1!,28/09/2026,22:36,4185.0,4187.7,4185.0,4187.7,7.0
GO1!,28/09/2026,22:37,4187.0,4187.0,4187.0,4187.0,1.0
GO1!,28/09/2026,22:38,4187.1,4187.2,4186.9,4186.9,3.0
GO1!,28/09/2026,22:39,4185.0,4185.0,4183.7,4183.7,11.0
GO1!,28/09/2026,22:40,4183.1,4183.1,4181.8,4182.7,14.0
GO1!,28/09/2026,22:41,4182.1,4184.1,4181.6,4184.0,9.0
GO1!,28/09/2026,22:42,4184.7,4184.7,4184.7,4184.7,1.0
GO1!,28/09/2026,22:43,4183.4,4183.4,4182.1,4182.2,7.0
GO1!,28/09/2026,22:44,4181.2,4182.0,4180.9,4182.0,6.0
GO1!,28/09/2026,22:45,4181.9,4181.9,4181.8,4181.8,6.0
GO1!,28/09/2026,22:46,4181.6,4181.6,4180.4,4180.7,11.0
GO1!,28/09/2026,22:47,4180.0,4180.0,4178.0,4179.0,65.0
GO1!,28/09/2026,22:48,4180.0,4181.5,4180.0,4180.5,30.0
GO1!,28/09/2026,22:49,4180.0,4181.5,4180.0,4181.5,8.0
GO1!,28/09/2026,22:50,4184.0,4184.5,4184.0,4184.0,7.0
GO1!,28/09/2026,22:51,4183.8,4184.2,4183.0,4184.2,4.0
GO1!,28/09/2026,22:52,4183.8,4184.0,4181.9,4181.9,8.0
GO1!,28/09/2026,22:53,4181.8,4181.9,4180.0,4180.0,7.0
GO1!,28/09/2026,22:54,4180.4,4181.0,4180.4,4181.0,3.0
GO1!,28/09/2026,22:55,4182.6,4182.7,4182.6,4182.7,4.0
GO1!,28/09/2026,22:56,4183.1,4184.1,4183.0,4184.1,3.0
GO1!,28/09/2026,22:57,4185.5,4186.5,4185.5,4185.8,7.0
GO1!,28/09/2026,22:58,4186.0,4186.0,4186.0,4186.0,1.0
GO1!,28/09/2026,22:59,4186.0,4186.7,4185.5,4185.5,8.0
GO1!,28/09/2026,23:00,4185.9,4186.6,4185.8,4185.8,11.0
GO1!,28/09/2026,23:02,4185.0,4185.0,4185.0,4185.0,1.0
GO1!,28/09/2026,23:03,4184.5,4184.7,4183.2,4183.2,9.0
GO1!,28/09/2026,23:05,4185.3,4185.8,4185.3,4185.8,2.0
GO1!,28/09/2026,23:06,4184.8,4186.5,4184.8,4185.8,16.0
GO1!,28/09/2026,23:07,4184.5,4184.5,4184.2,4184.2,5.0
GO1!,28/09/2026,23:08,4184.6,4184.6,4184.6,4184.6,1.0
GO1!,28/09/2026,23:09,4183.6,4184.7,4183.6,4184.7,6.0
GO1!,28/09/2026,23:10,4184.0,4184.0,4183.5,4183.5,6.0
GO1!,28/09/2026,23:11,4183.1,4183.3,4181.9,4181.9,10.0
GO1!,28/09/2026,23:12,4182.7,4182.7,4181.4,4181.4,3.0
GO1!,28/09/2026,23:13,4181.0,4181.0,4181.0,4181.0,7.0
GO1!,28/09/2026,23:14,4180.7,4181.1,4180.0,4180.0,39.0
GO1!,28/09/2026,23:15,4179.8,4180.4,4179.5,4180.0,19.0
GO1!,28/09/2026,23:16,4180.2,4187.6,4179.3,4186.8,144.0
GO1!,28/09/2026,23:17,4187.8,4188.4,4186.2,4187.0,36.0
GO1!,28/09/2026,23:18,4188.9,4191.7,4188.3,4188.3,29.0
GO1!,28/09/2026,23:19,4188.2,4189.7,4186.4,4189.7,13.0
GO1!,28/09/2026,23:20,4189.5,4193.1,4189.5,4193.1,31.0
GO1!,28/09/2026,23:21,4192.8,4194.4,4192.5,4192.5,20.0
GO1!,28/09/2026,23:22,4193.3,4193.8,4193.3,4193.8,5.0
GO1!,28/09/2026,23:23,4193.5,4196.2,4191.3,4196.2,28.0
GO1!,28/09/2026,23:24,4194.5,4197.9,4193.2,4196.4,48.0
GO1!,28/09/2026,23:25,4197.5,4200.5,4197.0,4200.0,70.0
GO1!,28/09/2026,23:26,4199.8,4207.5,4199.8,4207.5,250.0
GO1!,28/09/2026,23:27,4206.9,4209.6,4206.0,4207.9,116.0
GO1!,28/09/2026,23:28,4207.3,4210.6,4207.3,4207.7,47.0
GO1!,28/09/2026,23:29,4207.4,4209.1,4204.0,4205.6,39.0
GO1!,28/09/2026,23:30,4205.9,4207.6,4203.6,4203.7,28.0
GO1!,28/09/2026,23:31,4202.5,4204.5,4201.9,4203.2,17.0
GO1!,28/09/2026,23:32,4203.9,4203.9,4200.0,4200.0,78.0
GO1!,28/09/2026,23:33,4200.2,4201.9,4199.5,4199.5,19.0
GO1!,28/09/2026,23:34,4199.5,4200.5,4198.0,4198.0,33.0
GO1!,28/09/2026,23:35,4198.1,4199.0,4198.1,4198.7,13.0
GO1!,28/09/2026,23:36,4199.3,4201.0,4199.3,4201.0,6.0
GO1!,28/09/2026,23:37,4202.5,4202.5,4200.0,4200.7,11.0
GO1!,28/09/2026,23:38,4200.3,4200.3,4198.8,4198.8,12.0
GO1!,28/09/2026,23:39,4198.0,4198.5,4197.6,4197.9,17.0
GO1!,28/09/2026,23:40,4198.4,4199.5,4197.7,4198.1,33.0
GO1!,28/09/2026,23:41,4198.1,4198.2,4196.6,4196.6,17.0
GO1!,28/09/2026,23:42,4197.2,4197.3,4196.0,4196.0,18.0
GO1!,28/09/2026,23:43,4196.0,4196.5,4194.4,4194.7,14.0
GO1!,28/09/2026,23:44,4194.7,4194.8,4193.7,4194.4,11.0
GO1!,28/09/2026,23:45,4195.4,4197.3,4195.0,4195.1,63.0
GO1!,28/09/2026,23:46,4192.5,4193.5,4191.7,4193.0,10.0
GO1!,28/09/2026,23:47,4192.3,4192.3,4192.0,4192.0,13.0
GO1!,28/09/2026,23:48,4193.0,4193.0,4193.0,4193.0,4.0
GO1!,28/09/2026,23:49,4193.6,4193.6,4193.0,4193.0,6.0
GO1!,28/09/2026,23:50,4192.6,4194.0,4192.3,4193.7,17.0
GO1!,28/09/2026,23:51,4193.3,4193.3,4192.3,4192.4,10.0
GO1!,28/09/2026,23:52,4191.6,4193.1,4191.5,4193.1,10.0
GO1!,28/09/2026,23:53,4193.4,4194.3,4193.4,4194.3,4.0
GO1!,28/09/2026,23:54,4195.0,4195.9,4195.0,4195.4,18.0
GO1!,28/09/2026,23:55,4195.0,4195.0,4193.1,4193.1,19.0
GO1!,28/09/2026,23:56,4193.3,4193.5,4193.0,4193.0,4.0
GO1!,28/09/2026,23:57,4193.5,4193.5,4192.8,4192.8,7.0
GO1!,28/09/2026,23:58,4192.2,4192.2,4192.0,4192.0,2.0
GO1!,28/09/2026,23:59,4191.7,4192.4,4191.7,4192.1,6.0
GO1!,29/09/2026,00:00,4191.2,4191.8,4190.8,4191.0,21.0
GO1!,29/09/2026,00:01,4191.5,4192.1,4191.5,4192.1,4.0
GO1!,29/09/2026,00:02,4190.6,4191.0,4190.0,4191.0,10.0
GO1!,29/09/2026,00:03,4191.1,4191.1,4191.1,4191.1,1.0
GO1!,29/09/2026,00:04,4190.9,4191.0,4190.9,4191.0,2.0
GO1!,29/09/2026,00:05,4191.2,4192.1,4191.2,4192.1,2.0
GO1!,29/09/2026,00:06,4191.0,4191.0,4189.0,4189.0,8.0
GO1!,29/09/2026,00:07,4189.4,4189.4,4189.4,4189.4,1.0
GO1!,29/09/2026,00:08,4189.6,4189.6,4189.6,4189.6,1.0
GO1!,29/09/2026,00:09,4189.0,4190.0,4189.0,4190.0,12.0
GO1!,29/09/2026,00:10,4189.5,4190.0,4189.5,4189.7,18.0
GO1!,29/09/2026,00:11,4189.0,4207.3,4189.0,4207.3,214.0
GO1!,29/09/2026,00:12,4206.7,4209.0,4201.4,4203.9,167.0
GO1!,29/09/2026,00:13,4203.0,4207.3,4203.0,4204.7,39.0
GO1!,29/09/2026,00:14,4204.0,4205.0,4200.1,4202.5,46.0
GO1!,29/09/2026,00:15,4203.8,4203.8,4198.9,4202.1,30.0
GO1!,29/09/2026,00:16,4202.0,4202.0,4200.0,4200.0,11.0
GO1!,29/09/2026,00:17,4201.8,4203.0,4197.4,4199.7,40.0
GO1!,29/09/2026,00:18,4199.4,4199.6,4199.0,4199.0,17.0
GO1!,29/09/2026,00:19,4198.0,4198.7,4197.0,4197.0,23.0
GO1!,29/09/2026,00:20,4197.1,4198.0,4196.9,4198.0,10.0
GO1!,29/09/2026,00:21,4198.8,4198.8,4198.0,4198.0,8.0
GO1!,29/09/2026,00:22,4198.3,4198.6,4198.0,4198.6,4.0
GO1!,29/09/2026,00:23,4199.0,4199.0,4198.0,4198.0,3.0
GO1!,29/09/2026,00:24,4197.0,4199.0,4197.0,4199.0,15.0
GO1!,29/09/2026,00:25,4198.1,4200.5,4198.1,4200.5,8.0
GO1!,29/09/2026,00:26,4199.5,4199.5,4198.3,4198.3,3.0
GO1!,29/09/2026,00:27,4199.0,4200.0,4198.0,4198.0,11.0
GO1!,29/09/2026,00:28,4198.0,4198.3,4198.0,4198.3,9.0
GO1!,29/09/2026,00:29,4198.5,4198.5,4196.9,4198.0,14.0
GO1!,29/09/2026,00:30,4198.0,4201.3,4198.0,4201.3,10.0
GO1!,29/09/2026,00:31,4200.7,4201.0,4200.7,4201.0,9.0
GO1!,29/09/2026,00:32,4201.1,4201.5,4200.1,4201.3,8.0
GO1!,29/09/2026,00:33,4201.0,4201.3,4201.0,4201.3,2.0
GO1!,29/09/2026,00:34,4199.6,4199.6,4199.0,4199.0,5.0
GO1!,29/09/2026,00:38,4198.0,4198.3,4197.5,4198.2,16.0
GO1!,29/09/2026,00:39,4197.0,4197.0,4197.0,4197.0,3.0
GO1!,29/09/2026,00:40,4197.6,4197.6,4197.6,4197.6,1.0
GO1!,29/09/2026,00:41,4198.0,4199.0,4198.0,4199.0,4.0
GO1!,29/09/2026,00:42,4201.6,4201.7,4200.0,4201.0,8.0
GO1!,29/09/2026,00:43,4201.3,4201.3,4200.7,4201.0,5.0
GO1!,29/09/2026,00:44,4200.0,4200.7,4200.0,4200.7,9.0
GO1!,29/09/2026,00:45,4199.8,4199.8,4199.5,4199.5,3.0
GO1!,29/09/2026,00:46,4199.6,4200.2,4199.6,4200.2,8.0
GO1!,29/09/2026,00:47,4200.5,4200.5,4198.8,4198.8,7.0
GO1!,29/09/2026,00:48,4199.9,4200.0,4199.9,4200.0,5.0
GO1!,29/09/2026,00:49,4201.1,4201.5,4201.0,4201.5,15.0
GO1!,29/09/2026,00:50,4202.0,4203.3,4202.0,4202.5,15.0
GO1!,29/09/2026,00:51,4201.5,4202.0,4201.5,4202.0,3.0
GO1!,29/09/2026,00:52,4202.0,4202.0,4201.0,4201.2,23.0
GO1!,29/09/2026,00:53,4201.2,4201.2,4200.8,4200.8,4.0
GO1!,29/09/2026,00:54,4201.4,4201.5,4201.4,4201.5,2.0
GO1!,29/09/2026,00:55,4201.6,4201.7,4199.2,4200.0,12.0
GO1!,29/09/2026,00:56,4199.6,4199.8,4199.6,4199.8,2.0
GO1!,29/09/2026,00:57,4199.8,4200.6,4199.8,4200.6,5.0
GO1!,29/09/2026,00:58,4196.8,4197.1,4196.6,4197.1,10.0
GO1!,29/09/2026,00:59,4197.6,4198.0,4197.6,4198.0,2.0
GO1!,29/09/2026,01:00,4196.7,4196.9,4196.2,4196.5,23.0
GO1!,29/09/2026,01:01,4196.5,4196.7,4196.5,4196.7,11.0
GO1!,29/09/2026,01:02,4196.5,4197.6,4196.5,4196.9,5.0
GO1!,29/09/2026,01:03,4197.0,4197.0,4197.0,4197.0,1.0
GO1!,29/09/2026,01:04,4197.8,4199.2,4197.8,4198.6,5.0
GO1!,29/09/2026,01:05,4199.8,4199.8,4199.7,4199.7,2.0
GO1!,29/09/2026,01:06,4199.8,4200.0,4199.8,4200.0,2.0
GO1!,29/09/2026,01:07,4197.9,4197.9,4197.9,4197.9,1.0
GO1!,29/09/2026,01:08,4198.1,4198.1,4198.0,4198.0,7.0
GO1!,29/09/2026,01:10,4199.0,4200.4,4199.0,4200.4,4.0
GO1!,29/09/2026,01:11,4199.2,4199.2,4199.2,4199.2,1.0
GO1!,29/09/2026,01:13,4198.0,4198.0,4197.1,4197.1,9.0
GO1!,29/09/2026,01:14,4198.3,4198.3,4198.3,4198.3,2.0
GO1!,29/09/2026,01:15,4197.0,4197.0,4197.0,4197.0,2.0
GO1!,29/09/2026,01:16,4197.5,4197.5,4197.5,4197.5,2.0
GO1!,29/09/2026,01:28,4197.9,4197.9,4197.9,4197.9,1.0
GO1!,29/09/2026,01:30,4197.0,4199.4,4197.0,4199.4,16.0
GO1!,29/09/2026,01:31,4198.6,4198.6,4198.1,4198.1,2.0
GO1!,29/09/2026,01:32,4196.8,4196.8,4196.0,4196.5,24.0
GO1!,29/09/2026,01:33,4196.5,4197.3,4196.4,4196.4,5.0
GO1!,29/09/2026,01:34,4195.0,4195.1,4194.9,4195.1,5.0
GO1!,29/09/2026,01:35,4196.3,4196.5,4196.3,4196.4,5.0
GO1!,29/09/2026,01:38,4197.5,4197.5,4196.9,4196.9,8.0
GO1!,29/09/2026,01:39,4196.4,4196.4,4196.4,4196.4,1.0
GO1!,29/09/2026,01:41,4200.0,4201.0,4199.5,4201.0,7.0
GO1!,29/09/2026,01:42,4201.0,4201.0,4201.0,4201.0,2.0
GO1!,29/09/2026,01:43,4202.0,4202.0,4201.9,4201.9,7.0
GO1!,29/09/2026,01:44,4202.0,4202.0,4202.0,4202.0,1.0
GO1!,29/09/2026,01:45,4201.5,4201.5,4201.1,4201.1,3.0
GO1!,29/09/2026,01:47,4201.0,4201.6,4201.0,4201.6,14.0
GO1!,29/09/2026,01:48,4200.5,4201.4,4199.6,4201.4,14.0
GO1!,29/09/2026,01:49,4202.0,4202.0,4202.0,4202.0,5.0
GO1!,29/09/2026,01:50,4202.9,4202.9,4202.6,4202.7,5.0
GO1!,29/09/2026,01:51,4201.5,4201.5,4201.4,4201.5,3.0
GO1!,29/09/2026,01:52,4202.5,4202.6,4202.5,4202.6,3.0
GO1!,29/09/2026,01:53,4203.9,4205.0,4201.5,4201.5,21.0
GO1!,29/09/2026,01:54,4201.7,4201.7,4201.7,4201.7,1.0
GO1!,29/09/2026,01:55,4201.0,4201.6,4201.0,4201.3,12.0
GO1!,29/09/2026,01:56,4201.8,4201.8,4201.8,4201.8,2.0
GO1!,29/09/2026,01:57,4202.1,4202.1,4202.1,4202.1,1.0
GO1!,29/09/2026,01:58,4202.9,4202.9,4202.9,4202.9,2.0
GO1!,29/09/2026,02:00,4200.0,4200.0,4198.0,4198.0,4.0
GO1!,29/09/2026,02:01,4197.0,4197.0,4197.0,4197.0,2.0
GO1!,29/09/2026,02:02,4196.4,4196.4,4194.1,4195.6,5.0
GO1!,29/09/2026,02:03,4196.9,4196.9,4196.9,4196.9,1.0
GO1!,29/09/2026,02:04,4197.6,4197.6,4197.6,4197.6,1.0
GO1!,29/09/2026,02:06,4195.9,4195.9,4195.8,4195.8,9.0
GO1!,29/09/2026,02:07,4194.0,4194.3,4194.0,4194.3,5.0
GO1!,29/09/2026,02:08,4194.2,4194.4,4193.9,4193.9,5.0
GO1!,29/09/2026,02:09,4194.5,4195.0,4194.5,4195.0,4.0
GO1!,29/09/2026,02:10,4194.7,4195.0,4194.7,4194.9,10.0
GO1!,29/09/2026,02:13,4194.8,4194.8,4194.8,4194.8,1.0
GO1!,29/09/2026,02:16,4196.4,4197.0,4196.4,4197.0,4.0
GO1!,29/09/2026,02:17,4196.6,4196.6,4196.4,4196.4,13.0
GO1!,29/09/2026,02:19,4197.5,4197.5,4197.0,4197.1,15.0
GO1!,29/09/2026,02:20,4196.6,4198.2,4196.5,4197.1,52.0
GO1!,29/09/2026,02:23,4195.1,4195.1,4195.0,4195.0,2.0
GO1!,29/09/2026,02:24,4194.6,4195.0,4194.6,4195.0,3.0
GO1!,29/09/2026,02:25,4194.0,4194.4,4193.3,4193.5,48.0
GO1!,29/09/2026,02:29,4196.6,4196.6,4196.1,4196.4,7.0
GO1!,29/09/2026,02:31,4197.0,4197.0,4197.0,4197.0,5.0
GO1!,29/09/2026,02:32,4197.3,4197.3,4195.3,4195.3,5.0
GO1!,29/09/2026,02:33,4196.0,4196.4,4193.6,4193.7,14.0
GO1!,29/09/2026,02:34,4193.0,4194.5,4193.0,4194.3,28.0
GO1!,29/09/2026,02:35,4194.4,4195.0,4194.4,4195.0,11.0
GO1!,29/09/2026,02:36,4196.2,4196.2,4195.6,4195.7,5.0
GO1!,29/09/2026,02:38,4195.2,4195.2,4195.2,4195.2,1.0
GO1!,29/09/2026,02:39,4192.1,4192.1,4192.0,4192.0,4.0
GO1!,29/09/2026,02:40,4191.7,4193.1,4191.7,4193.1,8.0
GO1!,29/09/2026,02:42,4191.7,4191.7,4190.2,4190.2,12.0
GO1!,29/09/2026,02:45,4190.6,4190.6,4190.6,4190.6,1.0
GO1!,29/09/2026,02:46,4191.5,4191.5,4191.5,4191.5,1.0
GO1!,29/09/2026,02:47,4191.9,4192.0,4191.3,4191.3,3.0
GO1!,29/09/2026,02:48,4190.1,4190.1,4189.3,4189.3,11.0
GO1!,29/09/2026,02:49,4189.2,4190.0,4187.3,4187.3,29.0
GO1!,29/09/2026,02:50,4187.8,4188.3,4187.6,4187.8,7.0
GO1!,29/09/2026,02:51,4187.1,4187.9,4187.1,4187.7,4.0
GO1!,29/09/2026,02:52,4188.5,4188.5,4188.0,4188.5,3.0
GO1!,29/09/2026,02:53,4188.0,4188.4,4187.8,4188.0,5.0
GO1!,29/09/2026,02:54,4188.6,4188.6,4186.1,4186.1,17.0
GO1!,29/09/2026,02:55,4186.1,4187.0,4186.0,4187.0,8.0
GO1!,29/09/2026,02:56,4186.1,4187.5,4185.9,4186.3,11.0
GO1!,29/09/2026,02:57,4186.9,4187.0,4186.1,4186.1,3.0
GO1!,29/09/2026,02:58,4187.5,4187.5,4187.5,4187.5,1.0
GO1!,29/09/2026,02:59,4186.9,4187.1,4185.0,4185.0,16.0
GO1!,29/09/2026,09:45,4196.0,4199.0,4196.0,4199.0,100.0
GO1!,29/09/2026,09:46,4198.6,4198.8,4197.5,4198.3,72.0
GO1!,29/09/2026,09:47,4198.1,4199.8,4197.8,4198.6,137.0
GO1!,29/09/2026,09:48,4199.0,4200.0,4198.1,4200.0,40.0
GO1!,29/09/2026,09:49,4200.0,4200.0,4198.7,4199.6,39.0
GO1!,29/09/2026,09:50,4199.5,4200.1,4199.5,4199.5,11.0
GO1!,29/09/2026,09:51,4199.8,4199.8,4198.0,4198.0,42.0
GO1!,29/09/2026,09:52,4198.2,4199.0,4198.0,4198.3,32.0
GO1!,29/09/2026,09:53,4198.2,4198.5,4197.7,4198.5,15.0
GO1!,29/09/2026,09:54,4198.5,4198.7,4198.0,4198.0,11.0
GO1!,29/09/2026,09:55,4199.3,4200.0,4198.7,4198.7,31.0
GO1!,29/09/2026,09:56,4199.1,4199.5,4197.8,4197.8,31.0
GO1!,29/09/2026,09:57,4198.2,4200.5,4198.2,4200.0,31.0
GO1!,29/09/2026,09:58,4199.5,4200.4,4199.5,4200.4,17.0
GO1!,29/09/2026,09:59,4200.0,4200.0,4199.1,4199.6,26.0
GO1!,29/09/2026,10:00,4199.6,4200.0,4198.9,4199.1,35.0
GO1!,29/09/2026,10:01,4198.7,4200.5,4198.7,4199.5,15.0
GO1!,29/09/2026,10:02,4199.3,4200.3,4198.3,4200.1,9.0
GO1!,29/09/2026,10:03,4200.5,4200.9,4199.0,4199.0,12.0
GO1!,29/09/2026,10:04,4198.3,4198.6,4196.9,4196.9,69.0
GO1!,29/09/2026,10:05,4196.2,4197.3,4196.0,4197.3,27.0
GO1!,29/09/2026,10:06,4197.5,4198.7,4197.0,4198.6,26.0
GO1!,29/09/2026,10:07,4198.5,4200.1,4198.5,4200.1,37.0
GO1!,29/09/2026,10:08,4199.2,4199.3,4197.5,4197.7,35.0
GO1!,29/09/2026,10:09,4198.0,4198.0,4196.5,4197.7,32.0
GO1!,29/09/2026,10:10,4197.2,4198.1,4195.9,4197.4,43.0
GO1!,29/09/2026,10:11,4197.0,4197.0,4196.0,4196.2,30.0
GO1!,29/09/2026,10:12,4196.1,4196.5,4196.0,4196.0,25.0
GO1!,29/09/2026,10:13,4196.5,4196.5,4196.5,4196.5,4.0
GO1!,29/09/2026,10:14,4196.5,4196.5,4195.1,4196.0,23.0
GO1!,29/09/2026,10:15,4196.3,4197.3,4196.3,4196.9,10.0
GO1!,29/09/2026,10:16,4197.0,4197.6,4197.0,4197.4,18.0
GO1!,29/09/2026,10:17,4197.2,4197.3,4196.8,4196.8,14.0
GO1!,29/09/2026,10:18,4196.8,4196.8,4195.5,4195.7,19.0
GO1!,29/09/2026,10:19,4195.9,4196.4,4195.5,4195.7,20.0
GO1!,29/09/2026,10:20,4196.0,4197.2,4196.0,4197.2,16.0
GO1!,29/09/2026,10:21,4197.0,4198.5,4196.7,4198.0,25.0
GO1!,29/09/2026,10:22,4197.0,4197.1,4197.0,4197.1,4.0
GO1!,29/09/2026,10:23,4197.3,4198.3,4197.0,4198.3,28.0
GO1!,29/09/2026,10:24,4198.3,4199.0,4198.3,4199.0,6.0
GO1!,29/09/2026,10:25,4198.8,4198.8,4197.7,4197.9,42.0
GO1!,29/09/2026,10:26,4200.0,4200.0,4198.8,4198.8,35.0
GO1!,29/09/2026,10:27,4199.1,4199.1,4198.6,4198.9,5.0
GO1!,29/09/2026,10:28,4199.3,4201.2,4198.7,4201.1,51.0
GO1!,29/09/2026,10:29,4201.0,4201.5,4200.7,4201.0,34.0
GO1!,29/09/2026,10:30,4200.2,4201.5,4200.0,4200.6,13.0
GO1!,29/09/2026,10:31,4201.2,4201.2,4201.2,4201.2,1.0
GO1!,29/09/2026,10:32,4200.4,4200.4,4200.4,4200.4,7.0
GO1!,29/09/2026,10:33,4200.6,4200.6,4200.0,4200.0,14.0
GO1!,29/09/2026,10:35,4199.6,4199.6,4198.0,4198.6,7.0
GO1!,29/09/2026,10:36,4199.0,4199.0,4198.7,4198.7,2.0
GO1!,29/09/2026,10:37,4198.6,4198.8,4197.9,4198.0,10.0
GO1!,29/09/2026,10:38,4198.6,4200.3,4198.6,4200.3,14.0
GO1!,29/09/2026,10:39,4199.2,4201.1,4199.2,4201.0,29.0
GO1!,29/09/2026,10:40,4201.2,4201.5,4200.1,4201.5,21.0
GO1!,29/09/2026,10:41,4201.2,4201.3,4201.1,4201.1,5.0
GO1!,29/09/2026,10:42,4201.2,4201.9,4201.0,4201.0,10.0
GO1!,29/09/2026,10:43,4201.4,4201.5,4201.4,4201.5,3.0
GO1!,29/09/2026,10:44,4200.0,4200.0,4200.0,4200.0,6.0
GO1!,29/09/2026,10:45,4198.7,4198.7,4198.0,4198.1,10.0
GO1!,29/09/2026,10:46,4197.7,4197.7,4197.0,4197.4,5.0
GO1!,29/09/2026,10:47,4196.3,4197.5,4196.3,4197.5,16.0
GO1!,29/09/2026,10:48,4197.6,4197.9,4197.4,4197.9,15.0
GO1!,29/09/2026,10:49,4198.2,4198.2,4197.7,4197.7,8.0
GO1!,29/09/2026,10:50,4197.6,4197.6,4197.3,4197.5,6.0
GO1!,29/09/2026,10:51,4197.7,4197.8,4196.9,4196.9,23.0
GO1!,29/09/2026,10:52,4196.7,4196.7,4196.6,4196.7,3.0
GO1!,29/09/2026,10:53,4196.7,4196.7,4196.6,4196.6,4.0
GO1!,29/09/2026,10:54,4195.9,4196.3,4195.9,4196.3,11.0
GO1!,29/09/2026,10:55,4196.5,4196.8,4194.8,4195.1,29.0
GO1!,29/09/2026,10:56,4194.3,4195.0,4193.6,4194.1,40.0
GO1!,29/09/2026,10:57,4193.5,4194.0,4193.0,4194.0,34.0
GO1!,29/09/2026,10:58,4193.5,4193.9,4193.3,4193.8,8.0
GO1!,29/09/2026,10:59,4194.2,4195.4,4194.2,4195.4,4.0
GO1!,29/09/2026,11:00,4194.5,4195.2,4194.0,4194.0,29.0
GO1!,29/09/2026,11:01,4193.8,4193.9,4193.2,4193.7,10.0
GO1!,29/09/2026,11:02,4193.9,4193.9,4193.0,4193.6,18.0
GO1!,29/09/2026,11:03,4193.7,4193.7,4192.7,4193.1,25.0
GO1!,29/09/2026,11:04,4193.2,4193.3,4193.0,4193.3,9.0
GO1!,29/09/2026,11:05,4193.3,4193.6,4192.6,4192.8,16.0
GO1!,29/09/2026,11:06,4192.9,4193.1,4192.5,4193.1,20.0
GO1!,29/09/2026,11:07,4192.4,4192.6,4192.4,4192.6,4.0
GO1!,29/09/2026,11:08,4192.4,4192.7,4192.4,4192.7,2.0
GO1!,29/09/2026,11:09,4192.6,4193.1,4192.5,4193.0,17.0
GO1!,29/09/2026,11:10,4193.1,4193.1,4192.6,4192.9,11.0
GO1!,29/09/2026,11:11,4192.3,4193.0,4192.3,4193.0,2.0
GO1!,29/09/2026,11:12,4192.1,4193.7,4191.6,4192.7,28.0
GO1!,29/09/2026,11:13,4192.7,4192.7,4192.0,4192.3,15.0
GO1!,29/09/2026,11:14,4192.0,4192.8,4192.0,4192.8,9.0
GO1!,29/09/2026,11:15,4192.4,4192.4,4191.4,4191.7,21.0
GO1!,29/09/2026,11:16,4191.7,4193.0,4191.6,4192.8,18.0
GO1!,29/09/2026,11:17,4192.3,4193.2,4192.2,4193.2,4.0
GO1!,29/09/2026,11:18,4192.4,4192.9,4192.2,4192.9,12.0
GO1!,29/09/2026,11:19,4192.3,4192.3,4192.3,4192.3,1.0
GO1!,29/09/2026,11:20,4192.0,4192.0,4191.3,4191.3,6.0
GO1!,29/09/2026,11:21,4192.0,4192.3,4192.0,4192.3,4.0
GO1!,29/09/2026,11:22,4192.2,4192.2,4191.1,4191.1,3.0
GO1!,29/09/2026,11:23,4191.4,4191.4,4191.0,4191.0,2.0
GO1!,29/09/2026,11:24,4191.0,4191.4,4191.0,4191.1,3.0
GO1!,29/09/2026,11:25,4191.1,4191.4,4191.0,4191.0,6.0
GO1!,29/09/2026,11:26,4190.6,4190.9,4190.6,4190.6,6.0
GO1!,29/09/2026,11:27,4190.2,4190.5,4189.8,4190.3,22.0
GO1!,29/09/2026,11:28,4190.5,4190.7,4189.9,4189.9,11.0
GO1!,29/09/2026,11:29,4190.5,4191.0,4190.4,4191.0,4.0
GO1!,29/09/2026,11:30,4190.4,4192.6,4190.4,4192.5,12.0
GO1!,29/09/2026,11:31,4192.4,4192.8,4191.1,4191.1,23.0
GO1!,29/09/2026,11:32,4191.8,4191.9,4191.4,4191.9,11.0
GO1!,29/09/2026,11:33,4191.7,4191.7,4189.8,4189.8,18.0
GO1!,29/09/2026,11:34,4189.6,4189.6,4188.0,4188.0,25.0
GO1!,29/09/2026,11:35,4188.0,4188.3,4187.6,4188.0,16.0
GO1!,29/09/2026,11:36,4187.8,4187.9,4187.7,4187.7,4.0
GO1!,29/09/2026,11:37,4187.2,4187.2,4187.0,4187.0,15.0
GO1!,29/09/2026,11:38,4186.5,4187.0,4186.2,4186.7,12.0
GO1!,29/09/2026,11:39,4186.9,4187.4,4186.7,4186.8,18.0
GO1!,29/09/2026,11:40,4186.6,4188.1,4186.6,4188.0,8.0
GO1!,29/09/2026,11:41,4187.4,4187.4,4186.9,4186.9,5.0
GO1!,29/09/2026,11:42,4187.2,4187.3,4186.9,4187.2,9.0
GO1!,29/09/2026,11:43,4188.1,4188.6,4187.6,4187.6,7.0
GO1!,29/09/2026,11:44,4187.4,4187.8,4187.4,4187.8,3.0
GO1!,29/09/2026,11:45,4188.3,4188.4,4188.2,4188.2,4.0
GO1!,29/09/2026,11:46,4187.9,4188.4,4187.6,4188.4,5.0
GO1!,29/09/2026,11:47,4188.0,4188.0,4187.5,4187.5,2.0
GO1!,29/09/2026,11:49,4186.9,4188.0,4186.9,4187.7,6.0
GO1!,29/09/2026,11:50,4187.7,4187.7,4187.5,4187.5,11.0
GO1!,29/09/2026,11:52,4188.5,4189.9,4188.5,4189.0,18.0
GO1!,29/09/2026,11:53,4188.7,4188.7,4188.7,4188.7,1.0
GO1!,29/09/2026,11:54,4189.6,4189.6,4188.8,4189.4,4.0
GO1!,29/09/2026,11:55,4189.2,4189.2,4188.9,4189.2,5.0
GO1!,29/09/2026,11:56,4188.5,4188.5,4187.7,4187.8,4.0
GO1!,29/09/2026,11:57,4187.8,4187.8,4187.8,4187.8,1.0
GO1!,29/09/2026,11:59,4188.7,4188.7,4188.0,4188.0,2.0
GO1!,29/09/2026,12:00,4187.8,4188.3,4187.8,4187.9,4.0
GO1!,29/09/2026,12:01,4189.0,4189.0,4189.0,4189.0,1.0
GO1!,29/09/2026,12:02,4189.2,4189.6,4189.1,4189.1,5.0
GO1!,29/09/2026,12:03,4188.9,4188.9,4188.9,4188.9,1.0
GO1!,29/09/2026,12:04,4189.7,4189.7,4189.7,4189.7,1.0
GO1!,29/09/2026,12:05,4187.5,4187.5,4187.5,4187.5,2.0
GO1!,29/09/2026,12:06,4187.5,4188.1,4187.2,4188.1,13.0
GO1!,29/09/2026,12:07,4188.3,4188.3,4188.1,4188.1,3.0
GO1!,29/09/2026,12:08,4189.0,4190.2,4189.0,4190.0,18.0
GO1!,29/09/2026,12:09,4191.1,4191.1,4191.1,4191.1,1.0
GO1!,29/09/2026,12:10,4191.0,4191.2,4188.7,4188.7,16.0
GO1!,29/09/2026,12:11,4189.7,4189.7,4189.7,4189.7,1.0
GO1!,29/09/2026,12:12,4189.9,4189.9,4189.9,4189.9,5.0
GO1!,29/09/2026,12:13,4190.4,4190.6,4190.2,4190.6,13.0
GO1!,29/09/2026,12:14,4190.2,4190.3,4189.8,4190.3,11.0
GO1!,29/09/2026,12:15,4190.3,4190.4,4189.0,4189.0,16.0
GO1!,29/09/2026,12:16,4188.9,4188.9,4188.9,4188.9,1.0
GO1!,29/09/2026,12:17,4189.1,4190.8,4188.9,4190.8,5.0
GO1!,29/09/2026,12:18,4191.4,4192.1,4191.0,4191.9,48.0
GO1!,29/09/2026,12:19,4192.5,4192.5,4191.5,4191.6,23.0
GO1!,29/09/2026,12:20,4191.6,4191.8,4191.0,4191.8,22.0
GO1!,29/09/2026,12:21,4191.6,4192.0,4191.0,4191.4,25.0
GO1!,29/09/2026,12:22,4191.8,4193.0,4191.8,4193.0,8.0
GO1!,29/09/2026,12:23,4192.6,4193.4,4192.6,4192.6,26.0
GO1!,29/09/2026,12:24,4194.0,4194.0,4193.4,4193.4,18.0
GO1!,29/09/2026,12:25,4193.5,4193.6,4193.3,4193.6,8.0
GO1!,29/09/2026,12:26,4192.8,4193.2,4192.6,4192.6,21.0
GO1!,29/09/2026,12:27,4192.8,4193.1,4191.9,4191.9,22.0
GO1!,29/09/2026,12:28,4191.5,4192.2,4190.0,4192.2,34.0
GO1!,29/09/2026,12:29,4191.5,4192.0,4191.5,4191.5,39.0
GO1!,29/09/2026,12:30,4191.0,4191.2,4188.0,4188.0,49.0
GO1!,29/09/2026,12:31,4189.0,4189.0,4187.3,4188.0,10.0
GO1!,29/09/2026,12:32,4187.7,4187.7,4186.0,4186.0,25.0
GO1!,29/09/2026,12:33,4186.0,4186.0,4183.4,4183.4,47.0
GO1!,29/09/2026,12:34,4183.2,4185.1,4183.2,4185.0,10.0
GO1!,29/09/2026,12:35,4184.2,4186.5,4184.2,4186.0,7.0
GO1!,29/09/2026,12:36,4186.5,4186.6,4186.0,4186.2,13.0
GO1!,29/09/2026,12:37,4186.3,4187.0,4186.1,4186.6,27.0
GO1!,29/09/2026,12:38,4187.0,4191.0,4187.0,4191.0,22.0
GO1!,29/09/2026,12:39,4192.0,4196.7,4192.0,4196.7,35.0
GO1!,29/09/2026,12:40,4196.7,4197.4,4196.0,4197.0,33.0
GO1!,29/09/2026,12:41,4196.0,4196.3,4195.4,4196.1,11.0
GO1!,29/09/2026,12:42,4195.2,4195.2,4195.0,4195.0,3.0
GO1!,29/09/2026,12:43,4194.0,4198.0,4194.0,4198.0,20.0
GO1!,29/09/2026,12:44,4199.0,4201.3,4199.0,4199.9,82.0
GO1!,29/09/2026,12:45,4199.5,4200.5,4196.0,4196.4,41.0
GO1!,29/09/2026,12:46,4196.8,4196.8,4195.9,4196.3,6.0
GO1!,29/09/2026,12:47,4197.0,4197.8,4196.2,4197.8,7.0
GO1!,29/09/2026,12:48,4197.1,4198.1,4197.1,4198.0,8.0
GO1!,29/09/2026,12:49,4197.6,4198.5,4197.6,4198.5,3.0
GO1!,29/09/2026,12:50,4198.3,4199.0,4198.2,4198.6,7.0
GO1!,29/09/2026,12:51,4199.7,4200.0,4199.3,4199.3,7.0
GO1!,29/09/2026,12:52,4199.0,4200.5,4199.0,4200.5,9.0
GO1!,29/09/2026,12:53,4199.8,4205.5,4199.4,4205.5,65.0
GO1!,29/09/2026,12:54,4205.5,4205.5,4203.7,4204.2,17.0
GO1!,29/09/2026,12:55,4204.0,4204.5,4203.9,4204.3,19.0
GO1!,29/09/2026,12:56,4203.8,4204.5,4203.0,4203.0,6.0
GO1!,29/09/2026,12:57,4202.5,4202.7,4200.6,4200.6,10.0
GO1!,29/09/2026,12:58,4200.0,4200.0,4198.9,4199.0,26.0
GO1!,29/09/2026,12:59,4199.2,4200.5,4199.2,4200.2,14.0
GO1!,29/09/2026,13:00,4201.0,4204.3,4200.6,4200.6,19.0
GO1!,29/09/2026,13:01,4201.5,4202.0,4201.0,4201.0,13.0
GO1!,29/09/2026,13:02,4200.9,4201.1,4200.9,4201.0,3.0
GO1!,29/09/2026,13:03,4202.0,4203.6,4200.5,4203.6,14.0
GO1!,29/09/2026,13:04,4204.0,4204.3,4203.0,4203.6,10.0
GO1!,29/09/2026,13:05,4204.5,4204.8,4203.7,4203.7,9.0
GO1!,29/09/2026,13:06,4203.9,4203.9,4203.6,4203.7,4.0
GO1!,29/09/2026,13:07,4203.0,4205.0,4203.0,4203.0,28.0
GO1!,29/09/2026,13:08,4204.0,4206.9,4204.0,4206.3,30.0
GO1!,29/09/2026,13:09,4205.9,4206.1,4204.5,4205.0,33.0
GO1!,29/09/2026,13:10,4204.5,4205.9,4204.5,4205.9,14.0
GO1!,29/09/2026,13:11,4206.3,4206.9,4205.7,4206.8,16.0
GO1!,29/09/2026,13:12,4206.2,4206.2,4205.9,4206.1,6.0
GO1!,29/09/2026,13:13,4206.7,4210.0,4206.7,4208.2,43.0
GO1!,29/09/2026,13:14,4208.9,4208.9,4208.1,4208.6,10.0
GO1!,29/09/2026,13:15,4208.0,4208.9,4206.6,4206.6,17.0
GO1!,29/09/2026,13:16,4206.1,4206.1,4205.2,4205.2,9.0
GO1!,29/09/2026,13:17,4205.4,4205.4,4203.0,4203.2,60.0
GO1!,29/09/2026,13:18,4202.6,4204.1,4202.5,4202.8,20.0
GO1!,29/09/2026,13:19,4202.9,4204.6,4202.9,4203.2,5.0
GO1!,29/09/2026,13:20,4203.1,4203.6,4203.0,4203.6,10.0
GO1!,29/09/2026,13:21,4204.5,4204.7,4204.2,4204.7,3.0
GO1!,29/09/2026,13:22,4205.0,4207.2,4204.5,4206.8,20.0
GO1!,29/09/2026,13:23,4205.5,4205.7,4205.0,4205.0,4.0
GO1!,29/09/2026,13:24,4204.4,4205.3,4204.2,4205.3,3.0
GO1!,29/09/2026,13:25,4205.3,4205.4,4204.0,4204.0,7.0
GO1!,29/09/2026,13:26,4203.9,4204.1,4203.9,4204.0,3.0
GO1!,29/09/2026,13:27,4204.7,4204.7,4204.1,4204.5,3.0
GO1!,29/09/2026,13:28,4204.7,4205.7,4204.7,4205.7,10.0
GO1!,29/09/2026,13:29,4205.4,4205.6,4205.0,4205.0,4.0
GO1!,29/09/2026,13:30,4205.5,4205.5,4205.0,4205.0,2.0
GO1!,29/09/2026,13:32,4204.7,4206.0,4204.1,4206.0,6.0
GO1!,29/09/2026,13:33,4205.2,4205.2,4205.2,4205.2,1.0
GO1!,29/09/2026,13:35,4204.6,4204.6,4204.5,4204.5,3.0
GO1!,29/09/2026,13:36,4204.1,4204.3,4204.0,4204.3,4.0
GO1!,29/09/2026,13:37,4204.7,4204.7,4203.6,4204.2,4.0
GO1!,29/09/2026,13:38,4204.4,4205.0,4204.4,4205.0,7.0
GO1!,29/09/2026,13:39,4204.7,4205.1,4204.7,4205.1,7.0
GO1!,29/09/2026,13:40,4204.3,4204.6,4203.9,4204.6,6.0
GO1!,29/09/2026,13:41,4204.0,4204.7,4204.0,4204.7,2.0
GO1!,29/09/2026,13:42,4205.4,4206.0,4205.4,4205.9,7.0
GO1!,29/09/2026,13:43,4205.9,4206.0,4205.7,4205.7,3.0
GO1!,29/09/2026,13:44,4204.7,4204.7,4203.4,4204.2,18.0
GO1!,29/09/2026,13:45,4204.1,4204.1,4204.1,4204.1,1.0
GO1!,29/09/2026,13:46,4204.1,4204.7,4203.8,4203.8,7.0
GO1!,29/09/2026,13:47,4203.5,4203.5,4203.0,4203.0,9.0
GO1!,29/09/2026,13:48,4203.0,4203.2,4203.0,4203.2,3.0
GO1!,29/09/2026,13:49,4203.3,4203.4,4203.3,4203.3,3.0
GO1!,29/09/2026,13:50,4203.2,4203.2,4202.3,4202.3,27.0
GO1!,29/09/2026,13:51,4202.2,4202.2,4201.1,4201.1,9.0
GO1!,29/09/2026,13:52,4201.3,4202.3,4201.3,4202.3,13.0
GO1!,29/09/2026,13:53,4202.4,4202.4,4202.3,4202.3,2.0
GO1!,29/09/2026,13:54,4202.2,4202.2,4202.2,4202.2,1.0
GO1!,29/09/2026,13:55,4202.5,4202.5,4202.5,4202.5,3.0
GO1!,29/09/2026,13:56,4202.0,4202.0,4202.0,4202.0,6.0
GO1!,29/09/2026,13:57,4202.5,4202.5,4202.5,4202.5,3.0
GO1!,29/09/2026,13:58,4201.0,4201.0,4200.5,4200.5,2.0
GO1!,29/09/2026,13:59,4201.3,4201.3,4201.3,4201.3,1.0
GO1!,29/09/2026,14:00,4201.5,4202.1,4200.5,4200.5,23.0
GO1!,29/09/2026,14:01,4200.1,4200.1,4197.7,4198.0,28.0
GO1!,29/09/2026,14:02,4198.3,4198.3,4197.7,4198.3,16.0
GO1!,29/09/2026,14:03,4199.1,4200.9,4198.9,4200.5,17.0
GO1!,29/09/2026,14:04,4201.9,4202.3,4201.9,4202.3,4.0
GO1!,29/09/2026,14:05,4202.0,4204.0,4202.0,4204.0,16.0
GO1!,29/09/2026,14:06,4204.6,4205.4,4204.6,4205.0,22.0
GO1!,29/09/2026,14:07,4205.4,4205.8,4205.4,4205.5,9.0
GO1!,29/09/2026,14:08,4205.5,4206.3,4205.4,4205.5,16.0
GO1!,29/09/2026,14:09,4205.6,4206.4,4205.2,4206.4,8.0
GO1!,29/09/2026,14:10,4206.1,4206.2,4204.0,4204.6,16.0
GO1!,29/09/2026,14:11,4204.0,4205.9,4204.0,4205.9,6.0
GO1!,29/09/2026,14:12,4204.9,4204.9,4204.9,4204.9,1.0
GO1!,29/09/2026,14:13,4205.5,4206.0,4205.0,4205.0,8.0
GO1!,29/09/2026,14:14,4205.0,4205.0,4205.0,4205.0,4.0
GO1!,29/09/2026,14:15,4205.7,4206.9,4205.2,4205.2,26.0
GO1!,29/09/2026,14:16,4205.2,4205.2,4204.9,4204.9,3.0
GO1!,29/09/2026,14:17,4205.3,4205.4,4205.3,4205.3,3.0
GO1!,29/09/2026,14:18,4205.2,4205.2,4204.8,4204.9,13.0
GO1!,29/09/2026,14:19,4205.5,4206.4,4205.5,4206.4,13.0
GO1!,29/09/2026,14:20,4206.5,4207.2,4206.3,4207.1,38.0
GO1!,29/09/2026,14:21,4206.9,4207.7,4206.9,4207.0,8.0
GO1!,29/09/2026,14:22,4206.8,4207.2,4206.0,4207.2,7.0
GO1!,29/09/2026,14:23,4207.4,4208.3,4206.8,4208.3,21.0
GO1!,29/09/2026,14:24,4207.8,4208.0,4207.5,4207.7,6.0
GO1!,29/09/2026,14:25,4208.5,4209.9,4208.5,4209.9,24.0
GO1!,29/09/2026,14:26,4209.8,4209.9,4208.7,4209.2,16.0
GO1!,29/09/2026,14:27,4209.2,4209.9,4209.0,4209.9,7.0
GO1!,29/09/2026,14:28,4208.8,4209.1,4208.4,4209.1,6.0
GO1!,29/09/2026,14:29,4209.4,4209.4,4208.4,4208.4,4.0
GO1!,29/09/2026,14:30,4208.5,4208.5,4206.0,4206.1,10.0
GO1!,29/09/2026,14:31,4206.3,4206.8,4202.8,4202.8,46.0
GO1!,29/09/2026,14:32,4203.4,4205.2,4203.4,4205.2,17.0
GO1!,29/09/2026,14:33,4204.8,4206.1,4204.8,4205.5,22.0
GO1!,29/09/2026,14:34,4205.9,4205.9,4205.0,4205.0,11.0
GO1!,29/09/2026,14:35,4205.7,4206.9,4205.7,4206.9,12.0
GO1!,29/09/2026,14:36,4206.3,4206.7,4204.7,4205.9,55.0
GO1!,29/09/2026,14:37,4205.6,4206.8,4205.5,4205.5,23.0
GO1!,29/09/2026,14:38,4206.5,4207.0,4206.5,4207.0,49.0
GO1!,29/09/2026,14:39,4206.8,4209.1,4205.8,4206.5,133.0
GO1!,29/09/2026,14:40,4206.0,4206.8,4204.9,4206.8,35.0
GO1!,29/09/2026,14:41,4207.1,4207.2,4205.5,4205.8,14.0
GO1!,29/09/2026,14:42,4205.0,4205.0,4205.0,4205.0,1.0
GO1!,29/09/2026,14:43,4205.4,4205.4,4205.1,4205.1,3.0
GO1!,29/09/2026,14:44,4204.9,4205.0,4204.0,4205.0,21.0
GO1!,29/09/2026,14:45,4204.1,4204.1,4204.0,4204.1,3.0
GO1!,29/09/2026,14:47,4204.0,4204.0,4204.0,4204.0,1.0
GO1!,29/09/2026,14:48,4204.3,4205.0,4204.2,4205.0,3.0
GO1!,29/09/2026,14:49,4204.3,4204.3,4204.1,4204.1,5.0
GO1!,29/09/2026,14:50,4204.4,4204.4,4202.9,4204.1,5.0
GO1!,29/09/2026,14:51,4203.9,4204.1,4203.9,4204.1,3.0
GO1!,29/09/2026,14:52,4204.8,4204.9,4204.0,4204.0,5.0
GO1!,29/09/2026,14:53,4203.0,4203.4,4203.0,4203.1,8.0
GO1!,29/09/2026,14:54,4203.6,4203.6,4202.6,4202.6,3.0
GO1!,29/09/2026,14:55,4202.5,4202.9,4202.0,4202.0,12.0
GO1!,29/09/2026,14:56,4202.0,4202.0,4200.5,4201.4,89.0
GO1!,29/09/2026,14:57,4201.4,4201.4,4200.8,4200.9,5.0
GO1!,29/09/2026,14:58,4201.0,4202.3,4201.0,4202.3,52.0
GO1!,29/09/2026,14:59,4201.6,4202.6,4201.6,4202.0,49.0
GO1!,29/09/2026,15:00,4202.8,4203.2,4202.6,4203.0,13.0
GO1!,29/09/2026,15:01,4202.6,4204.0,4202.5,4204.0,11.0
GO1!,29/09/2026,15:02,4203.8,4204.5,4203.8,4204.5,4.0
GO1!,29/09/2026,15:03,4204.6,4204.6,4203.2,4204.3,50.0
GO1!,29/09/2026,15:04,4204.1,4204.1,4202.6,4202.6,55.0
GO1!,29/09/2026,15:05,4202.2,4202.2,4200.5,4201.6,41.0
GO1!,29/09/2026,15:06,4200.9,4200.9,4200.2,4200.3,8.0
GO1!,29/09/2026,15:07,4200.4,4200.4,4199.7,4199.7,24.0
GO1!,29/09/2026,15:08,4200.1,4200.1,4200.1,4200.1,2.0
GO1!,29/09/2026,15:09,4200.3,4200.4,4200.2,4200.2,5.0
GO1!,29/09/2026,15:10,4201.0,4201.5,4201.0,4201.5,3.0
GO1!,29/09/2026,15:11,4200.4,4200.7,4200.4,4200.7,2.0
GO1!,29/09/2026,15:12,4200.6,4201.0,4200.6,4200.8,5.0
GO1!,29/09/2026,15:13,4202.0,4202.1,4202.0,4202.1,5.0
GO1!,29/09/2026,15:14,4202.0,4202.1,4202.0,4202.1,2.0
GO1!,29/09/2026,15:15,4203.1,4203.5,4202.6,4203.4,6.0
GO1!,29/09/2026,15:16,4203.3,4203.8,4203.3,4203.8,2.0
GO1!,29/09/2026,15:17,4205.0,4205.5,4205.0,4205.5,9.0
GO1!,29/09/2026,15:18,4204.5,4204.6,4203.7,4204.6,7.0
GO1!,29/09/2026,15:19,4205.5,4205.5,4205.2,4205.5,3.0
GO1!,29/09/2026,15:20,4205.8,4206.0,4205.8,4206.0,2.0
GO1!,29/09/2026,15:21,4206.0,4207.3,4206.0,4206.8,28.0
GO1!,29/09/2026,15:22,4206.1,4206.1,4204.6,4205.1,47.0
GO1!,29/09/2026,15:23,4204.9,4204.9,4204.7,4204.7,2.0
GO1!,29/09/2026,15:24,4204.5,4204.5,4203.4,4203.4,5.0
GO1!,29/09/2026,15:25,4203.1,4203.3,4203.1,4203.3,2.0
GO1!,29/09/2026,15:26,4202.4,4202.9,4201.9,4202.9,34.0
GO1!,29/09/2026,15:27,4203.0,4203.0,4203.0,4203.0,2.0
GO1!,29/09/2026,15:28,4202.3,4202.6,4202.2,4202.2,10.0
GO1!,29/09/2026,15:29,4202.2,4204.4,4202.1,4203.6,17.0
GO1!,29/09/2026,15:30,4203.4,4203.7,4203.4,4203.7,3.0
GO1!,29/09/2026,15:31,4202.9,4202.9,4202.9,4202.9,1.0
GO1!,29/09/2026,15:32,4202.7,4203.2,4202.7,4203.2,2.0
GO1!,29/09/2026,15:33,4202.5,4202.5,4202.0,4202.0,9.0
GO1!,29/09/2026,15:34,4201.4,4201.4,4199.7,4199.7,33.0
GO1!,29/09/2026,15:35,4199.9,4200.1,4199.9,4200.1,6.0
GO1!,29/09/2026,15:37,4200.0,4200.3,4199.7,4200.2,22.0
GO1!,29/09/2026,15:38,4200.2,4200.9,4200.2,4200.6,21.0
GO1!,29/09/2026,15:39,4200.8,4202.1,4200.8,4201.6,8.0
GO1!,29/09/2026,15:40,4201.1,4201.1,4201.0,4201.0,8.0
GO1!,29/09/2026,15:41,4201.0,4201.0,4200.9,4200.9,3.0
GO1!,29/09/2026,15:44,4201.3,4201.3,4201.3,4201.3,1.0
GO1!,29/09/2026,15:45,4201.3,4201.3,4200.2,4200.8,7.0
GO1!,29/09/2026,15:46,4200.6,4200.6,4200.5,4200.5,3.0
GO1!,29/09/2026,15:47,4201.2,4201.5,4201.2,4201.4,5.0
GO1!,29/09/2026,15:48,4201.8,4203.0,4201.8,4203.0,5.0
GO1!,29/09/2026,15:49,4203.3,4203.3,4203.3,4203.3,1.0
GO1!,29/09/2026,15:50,4202.2,4202.2,4202.2,4202.2,1.0
GO1!,29/09/2026,15:52,4201.7,4201.7,4201.5,4201.6,3.0
GO1!,29/09/2026,15:53,4201.7,4202.2,4201.5,4202.0,9.0
GO1!,29/09/2026,15:54,4201.8,4201.8,4201.6,4201.6,3.0
GO1!,29/09/2026,15:55,4201.7,4201.8,4201.7,4201.8,3.0
GO1!,29/09/2026,15:56,4202.0,4202.4,4201.8,4202.1,8.0
GO1!,29/09/2026,15:57,4201.5,4201.5,4199.5,4200.1,96.0
GO1!,29/09/2026,15:58,4199.7,4199.7,4198.5,4199.1,50.0
GO1!,29/09/2026,15:59,4199.9,4201.4,4199.9,4200.8,21.0
GO1!,29/09/2026,16:00,4200.2,4202.1,4200.2,4202.1,8.0
GO1!,29/09/2026,16:01,4201.8,4202.9,4201.8,4202.8,43.0
GO1!,29/09/2026,16:02,4203.2,4204.3,4203.2,4203.7,56.0
GO1!,29/09/2026,16:03,4203.9,4203.9,4203.5,4203.5,3.0
GO1!,29/09/2026,16:04,4203.8,4205.0,4203.8,4205.0,27.0
GO1!,29/09/2026,16:05,4205.4,4206.0,4204.6,4205.2,64.0
GO1!,29/09/2026,16:06,4204.9,4204.9,4204.4,4204.9,56.0
GO1!,29/09/2026,16:07,4204.3,4204.3,4203.0,4203.0,45.0
GO1!,29/09/2026,16:08,4202.7,4204.2,4202.7,4204.0,75.0
GO1!,29/09/2026,16:09,4203.7,4203.7,4203.0,4203.6,7.0
GO1!,29/09/2026,16:10,4203.6,4204.2,4203.6,4204.1,19.0
GO1!,29/09/2026,16:11,4203.4,4203.7,4203.4,4203.7,4.0
GO1!,29/09/2026,16:12,4203.6,4204.3,4203.5,4204.3,12.0
GO1!,29/09/2026,16:13,4203.0,4203.1,4202.0,4203.1,10.0
GO1!,29/09/2026,16:14,4202.3,4202.3,4201.6,4201.7,8.0
GO1!,29/09/2026,16:15,4201.9,4202.2,4201.8,4202.0,5.0
GO1!,29/09/2026,16:16,4202.5,4203.6,4202.5,4203.6,4.0
GO1!,29/09/2026,16:17,4203.0,4203.0,4202.7,4202.7,6.0
GO1!,29/09/2026,16:18,4203.5,4204.5,4203.5,4204.5,10.0
GO1!,29/09/2026,16:19,4203.9,4204.3,4203.9,4204.3,5.0
GO1!,29/09/2026,16:20,4203.7,4204.7,4202.9,4204.5,71.0
GO1!,29/09/2026,16:21,4204.5,4204.8,4202.4,4203.7,42.0
GO1!,29/09/2026,16:22,4204.1,4204.4,4204.0,4204.1,18.0
GO1!,29/09/2026,16:23,4203.2,4203.2,4202.5,4202.7,12.0
GO1!,29/09/2026,16:24,4202.7,4203.8,4202.6,4203.8,32.0
GO1!,29/09/2026,16:25,4203.2,4203.8,4202.5,4203.1,91.0
GO1!,29/09/2026,16:26,4203.1,4203.1,4202.6,4203.0,15.0
GO1!,29/09/2026,16:27,4202.6,4202.6,4200.8,4202.3,110.0
GO1!,29/09/2026,16:28,4202.3,4203.1,4201.1,4203.1,73.0
GO1!,29/09/2026,16:29,4203.2,4203.2,4202.4,4203.1,24.0
GO1!,29/09/2026,16:30,4202.3,4202.4,4201.0,4202.4,36.0
GO1!,29/09/2026,16:31,4202.0,4202.6,4201.7,4202.0,6.0
GO1!,29/09/2026,16:32,4202.5,4203.1,4201.4,4201.4,17.0
GO1!,29/09/2026,16:33,4202.0,4202.0,4202.0,4202.0,1.0
GO1!,29/09/2026,16:34,4201.8,4202.9,4201.8,4202.4,9.0
GO1!,29/09/2026,16:35,4202.3,4202.3,4202.3,4202.3,3.0
GO1!,29/09/2026,16:36,4203.3,4203.3,4202.2,4202.2,4.0
GO1!,29/09/2026,16:37,4202.4,4202.4,4202.3,4202.3,2.0
GO1!,29/09/2026,16:38,4203.7,4203.7,4203.5,4203.5,3.0
GO1!,29/09/2026,16:40,4203.5,4205.0,4203.5,4205.0,28.0
GO1!,29/09/2026,16:41,4205.1,4205.6,4203.8,4203.8,70.0
GO1!,29/09/2026,16:42,4204.0,4204.0,4203.7,4204.0,16.0
GO1!,29/09/2026,16:43,4204.5,4207.0,4204.5,4207.0,49.0
GO1!,29/09/2026,16:44,4206.8,4208.0,4206.8,4207.6,16.0
GO1!,29/09/2026,16:45,4207.5,4207.7,4207.5,4207.7,3.0
GO1!,29/09/2026,16:46,4207.9,4209.0,4207.9,4209.0,5.0
GO1!,29/09/2026,16:47,4207.5,4213.9,4207.0,4208.9,90.0
GO1!,29/09/2026,16:48,4209.1,4209.4,4208.7,4209.4,33.0
GO1!,29/09/2026,16:49,4209.0,4209.3,4199.0,4209.0,48.0
GO1!,29/09/2026,16:50,4208.1,4224.9,4207.0,4208.9,45.0
GO1!,29/09/2026,16:51,4207.2,4207.2,4207.2,4207.2,1.0
GO1!,29/09/2026,16:52,4206.4,4206.4,4203.6,4204.0,9.0
GO1!,29/09/2026,16:53,4205.1,4205.5,4205.1,4205.5,2.0
GO1!,29/09/2026,16:54,4206.1,4210.4,4206.1,4208.5,37.0
GO1!,29/09/2026,18:50,4219.2,4221.2,4217.2,4220.0,48.0
GO1!,29/09/2026,18:51,4220.1,4220.1,4215.4,4216.9,96.0
GO1!,29/09/2026,18:52,4217.0,4219.3,4217.0,4219.0,42.0
GO1!,29/09/2026,18:53,4219.5,4220.2,4218.9,4218.9,11.0
GO1!,29/09/2026,18:54,4217.8,4218.0,4216.0,4216.8,43.0
GO1!,29/09/2026,18:55,4218.0,4218.1,4216.9,4217.8,56.0
GO1!,29/09/2026,18:56,4217.5,4217.9,4216.9,4216.9,6.0
GO1!,29/09/2026,18:57,4216.1,4216.1,4215.0,4215.1,12.0
GO1!,29/09/2026,18:58,4215.2,4215.6,4215.1,4215.6,3.0
GO1!,29/09/2026,18:59,4215.5,4215.9,4215.5,4215.5,3.0
GO1!,29/09/2026,19:00,4215.9,4216.5,4215.2,4216.5,8.0
GO1!,29/09/2026,19:01,4216.6,4218.0,4216.2,4217.7,24.0
GO1!,29/09/2026,19:02,4217.8,4218.0,4217.6,4217.6,10.0
GO1!,29/09/2026,19:03,4217.4,4217.8,4216.9,4217.6,16.0
GO1!,29/09/2026,19:04,4217.1,4219.8,4217.1,4219.5,124.0
GO1!,29/09/2026,19:05,4218.8,4218.8,4218.4,4218.6,10.0
GO1!,29/09/2026,19:06,4218.0,4218.0,4217.0,4217.8,3.0
GO1!,29/09/2026,19:07,4216.9,4217.0,4215.4,4215.9,12.0
GO1!,29/09/2026,19:08,4216.0,4216.0,4215.1,4215.1,5.0
GO1!,29/09/2026,19:09,4216.0,4217.0,4215.5,4215.5,6.0
GO1!,29/09/2026,19:10,4216.2,4216.2,4214.6,4214.6,20.0
GO1!,29/09/2026,19:11,4214.1,4214.7,4212.6,4212.8,65.0
GO1!,29/09/2026,19:12,4212.7,4213.7,4212.7,4213.0,8.0
GO1!,29/09/2026,19:13,4213.0,4215.7,4212.6,4214.2,28.0
GO1!,29/09/2026,19:14,4214.0,4214.1,4213.2,4214.0,52.0
GO1!,29/09/2026,19:15,4215.2,4217.1,4215.2,4216.5,15.0
GO1!,29/09/2026,19:16,4217.1,4218.0,4216.9,4218.0,17.0
GO1!,29/09/2026,19:17,4216.0,4216.1,4215.3,4215.3,6.0
GO1!,29/09/2026,19:18,4215.6,4215.6,4215.0,4215.0,7.0
GO1!,29/09/2026,19:19,4214.5,4214.5,4213.0,4213.2,19.0
GO1!,29/09/2026,19:20,4213.4,4214.3,4212.1,4214.0,14.0
GO1!,29/09/2026,19:21,4213.4,4213.8,4213.3,4213.8,10.0
GO1!,29/09/2026,19:22,4213.7,4213.7,4211.1,4211.2,41.0
GO1!,29/09/2026,19:23,4211.0,4211.5,4210.3,4210.7,71.0
GO1!,29/09/2026,19:24,4210.5,4211.0,4210.1,4211.0,17.0
GO1!,29/09/2026,19:25,4211.2,4214.0,4211.2,4213.5,19.0
GO1!,29/09/2026,19:26,4213.1,4214.1,4212.2,4212.7,29.0
GO1!,29/09/2026,19:27,4214.8,4214.9,4213.0,4213.0,22.0
GO1!,29/09/2026,19:28,4213.3,4213.3,4213.3,4213.3,1.0
GO1!,29/09/2026,19:29,4215.0,4216.0,4215.0,4216.0,14.0
GO1!,29/09/2026,19:30,4216.1,4217.0,4215.3,4215.5,35.0
GO1!,29/09/2026,19:31,4215.8,4216.5,4215.2,4216.4,19.0
GO1!,29/09/2026,19:32,4216.0,4219.7,4216.0,4219.5,48.0
GO1!,29/09/2026,19:33,4219.8,4219.8,4218.0,4218.0,34.0
GO1!,29/09/2026,19:34,4218.0,4218.0,4217.9,4217.9,2.0
GO1!,29/09/2026,19:35,4218.0,4218.0,4217.0,4217.1,5.0
GO1!,29/09/2026,19:36,4217.3,4217.3,4217.3,4217.3,1.0
GO1!,29/09/2026,19:37,4216.6,4217.6,4216.6,4217.6,5.0
GO1!,29/09/2026,19:38,4217.4,4217.4,4216.8,4216.8,8.0
GO1!,29/09/2026,19:39,4216.0,4216.0,4213.5,4213.5,21.0
GO1!,29/09/2026,19:40,4213.0,4215.4,4212.6,4215.4,10.0
GO1!,29/09/2026,19:41,4214.6,4216.0,4214.3,4216.0,5.0
GO1!,29/09/2026,19:42,4215.2,4216.0,4215.0,4216.0,5.0
GO1!,29/09/2026,19:43,4216.3,4216.8,4216.3,4216.8,2.0
GO1!,29/09/2026,19:44,4216.1,4218.6,4215.5,4217.5,37.0
GO1!,29/09/2026,19:45,4216.8,4216.8,4214.2,4214.8,4.0
GO1!,29/09/2026,19:46,4213.6,4214.9,4213.4,4213.4,49.0
GO1!,29/09/2026,19:47,4214.2,4214.6,4213.9,4214.1,9.0
GO1!,29/09/2026,19:48,4214.7,4215.0,4214.7,4215.0,5.0
GO1!,29/09/2026,19:49,4216.4,4216.4,4216.4,4216.4,1.0
GO1!,29/09/2026,19:50,4216.7,4217.0,4216.6,4216.6,11.0
GO1!,29/09/2026,19:51,4216.8,4216.8,4216.8,4216.8,1.0
GO1!,29/09/2026,19:52,4216.1,4216.1,4215.2,4215.2,4.0
GO1!,29/09/2026,19:53,4213.6,4213.6,4212.9,4212.9,12.0
GO1!,29/09/2026,19:54,4213.6,4213.8,4213.6,4213.8,2.0
GO1!,29/09/2026,19:55,4213.8,4214.5,4213.8,4214.5,2.0
GO1!,29/09/2026,19:56,4214.2,4214.2,4213.6,4213.6,2.0
GO1!,29/09/2026,19:57,4213.2,4213.2,4213.0,4213.0,5.0
GO1!,29/09/2026,19:58,4212.0,4212.0,4211.4,4211.9,6.0
GO1!,29/09/2026,19:59,4212.2,4213.9,4212.2,4213.2,29.0
GO1!,29/09/2026,20:00,4212.7,4215.8,4212.5,4215.6,54.0
GO1!,29/09/2026,20:01,4213.1,4214.2,4213.1,4213.3,8.0
GO1!,29/09/2026,20:02,4213.4,4214.6,4213.3,4214.6,4.0
GO1!,29/09/2026,20:03,4215.0,4216.3,4214.6,4215.6,11.0
GO1!,29/09/2026,20:04,4215.3,4216.0,4215.3,4215.5,3.0
GO1!,29/09/2026,20:05,4215.3,4217.0,4215.3,4217.0,13.0
GO1!,29/09/2026,20:06,4217.0,4217.2,4216.6,4217.2,18.0
GO1!,29/09/2026,20:07,4217.7,4219.4,4217.7,4219.2,20.0
GO1!,29/09/2026,20:08,4218.6,4220.5,4218.6,4220.0,80.0
GO1!,29/09/2026,20:09,4220.0,4220.5,4219.6,4220.2,20.0
GO1!,29/09/2026,20:10,4219.5,4219.5,4218.0,4218.0,29.0
GO1!,29/09/2026,20:11,4218.3,4218.3,4217.4,4217.4,30.0
GO1!,29/09/2026,20:12,4218.2,4218.2,4217.3,4217.8,13.0
GO1!,29/09/2026,20:13,4218.0,4218.3,4217.0,4217.8,12.0
GO1!,29/09/2026,20:14,4218.3,4220.3,4218.3,4220.1,15.0
GO1!,29/09/2026,20:15,4220.7,4220.8,4219.0,4219.0,18.0
GO1!,29/09/2026,20:16,4219.0,4220.5,4219.0,4220.5,8.0
GO1!,29/09/2026,20:17,4219.7,4220.0,4219.0,4219.5,9.0
GO1!,29/09/2026,20:18,4220.3,4220.7,4217.8,4217.8,22.0
GO1!,29/09/2026,20:19,4218.4,4219.0,4218.2,4218.2,9.0
GO1!,29/09/2026,20:20,4219.5,4219.5,4219.1,4219.1,2.0
GO1!,29/09/2026,20:21,4218.7,4218.7,4218.0,4218.5,8.0
GO1!,29/09/2026,20:22,4219.0,4219.0,4219.0,4219.0,4.0
GO1!,29/09/2026,20:23,4218.4,4220.0,4218.4,4220.0,4.0
GO1!,29/09/2026,20:24,4220.1,4220.3,4220.1,4220.3,3.0
GO1!,29/09/2026,20:25,4219.3,4219.3,4218.6,4218.6,14.0
GO1!,29/09/2026,20:26,4218.1,4218.1,4216.9,4217.2,18.0
GO1!,29/09/2026,20:27,4216.5,4217.3,4216.1,4217.1,11.0
GO1!,29/09/2026,20:28,4217.0,4217.0,4216.5,4216.5,3.0
GO1!,29/09/2026,20:29,4216.1,4216.1,4215.9,4216.0,6.0
GO1!,29/09/2026,20:30,4216.4,4219.8,4215.0,4219.8,26.0
GO1!,29/09/2026,20:31,4219.9,4221.1,4218.0,4218.0,68.0
GO1!,29/09/2026,20:32,4218.0,4218.5,4215.0,4217.1,49.0
GO1!,29/09/2026,20:33,4215.3,4215.3,4214.0,4214.8,17.0
GO1!,29/09/2026,20:34,4215.4,4216.4,4214.9,4216.0,37.0
GO1!,29/09/2026,20:35,4215.9,4220.0,4215.9,4218.4,30.0
GO1!,29/09/2026,20:36,4218.4,4220.2,4217.7,4218.3,33.0
GO1!,29/09/2026,20:37,4219.6,4223.3,4219.6,4222.9,80.0
GO1!,29/09/2026,20:38,4221.2,4221.7,4219.6,4221.4,29.0
GO1!,29/09/2026,20:39,4220.2,4221.0,4219.4,4221.0,14.0
GO1!,29/09/2026,20:40,4221.6,4222.2,4221.1,4221.3,23.0
GO1!,29/09/2026,20:41,4222.0,4224.1,4222.0,4224.0,65.0
GO1!,29/09/2026,20:42,4224.0,4224.5,4221.4,4221.4,68.0
GO1!,29/09/2026,20:43,4221.3,4221.9,4218.6,4219.1,35.0
GO1!,29/09/2026,20:44,4218.8,4218.8,4216.0,4216.6,38.0
GO1!,29/09/2026,20:45,4216.4,4217.2,4215.4,4216.9,25.0
GO1!,29/09/2026,20:46,4218.0,4220.9,4218.0,4220.9,40.0
GO1!,29/09/2026,20:47,4220.1,4224.0,4220.1,4222.4,63.0
GO1!,29/09/2026,20:48,4221.1,4222.8,4218.7,4218.8,63.0
GO1!,29/09/2026,20:49,4218.9,4219.8,4218.5,4219.5,51.0
GO1!,29/09/2026,20:50,4220.0,4221.5,4220.0,4220.5,12.0
GO1!,29/09/2026,20:51,4221.4,4222.5,4221.4,4222.5,6.0
GO1!,29/09/2026,20:52,4222.6,4222.7,4220.5,4222.0,47.0
GO1!,29/09/2026,20:53,4222.4,4225.5,4221.7,4222.8,98.0
GO1!,29/09/2026,20:54,4222.5,4223.4,4222.5,4223.0,14.0
GO1!,29/09/2026,20:55,4223.0,4223.5,4222.0,4222.5,9.0
GO1!,29/09/2026,20:56,4222.5,4223.0,4222.0,4222.0,18.0
GO1!,29/09/2026,20:57,4221.2,4221.2,4220.3,4220.8,22.0
GO1!,29/09/2026,20:58,4220.7,4220.7,4220.3,4220.3,32.0
GO1!,29/09/2026,20:59,4220.0,4220.0,4219.0,4219.0,10.0
GO1!,29/09/2026,21:00,4219.8,4226.7,4219.5,4224.2,159.0
GO1!,29/09/2026,21:01,4224.9,4226.2,4223.8,4224.0,44.0
GO1!,29/09/2026,21:02,4223.2,4225.0,4223.2,4224.5,43.0
GO1!,29/09/2026,21:03,4224.7,4225.7,4224.5,4225.7,120.0
GO1!,29/09/2026,21:04,4226.0,4226.6,4225.0,4226.3,98.0
GO1!,29/09/2026,21:05,4226.8,4229.4,4226.3,4227.7,126.0
GO1!,29/09/2026,21:06,4226.6,4228.0,4226.0,4227.9,35.0
GO1!,29/09/2026,21:07,4227.7,4227.7,4226.0,4226.4,16.0
GO1!,29/09/2026,21:08,4227.6,4229.9,4227.4,4229.5,98.0
GO1!,29/09/2026,21:09,4229.0,4229.8,4227.9,4227.9,13.0
GO1!,29/09/2026,21:10,4228.3,4228.3,4227.1,4227.7,19.0
GO1!,29/09/2026,21:11,4227.2,4228.0,4227.0,4227.5,14.0
GO1!,29/09/2026,21:12,4227.0,4227.0,4226.0,4226.0,17.0
GO1!,29/09/2026,21:13,4227.3,4228.0,4226.4,4226.9,28.0
GO1!,29/09/2026,21:14,4227.0,4227.8,4227.0,4227.8,4.0
GO1!,29/09/2026,21:15,4227.4,4227.9,4226.4,4227.3,14.0
GO1!,29/09/2026,21:16,4227.9,4228.6,4227.9,4228.0,21.0
GO1!,29/09/2026,21:17,4227.1,4229.0,4227.1,4228.5,24.0
GO1!,29/09/2026,21:18,4227.6,4231.6,4227.6,4231.6,216.0
GO1!,29/09/2026,21:19,4232.0,4232.9,4231.0,4231.0,74.0
GO1!,29/09/2026,21:20,4231.5,4232.0,4228.1,4229.7,65.0
GO1!,29/09/2026,21:21,4229.4,4235.5,4229.4,4235.5,77.0
GO1!,29/09/2026,21:22,4235.6,4236.0,4234.2,4234.2,41.0
GO1!,29/09/2026,21:23,4234.4,4235.4,4233.5,4234.5,26.0
GO1!,29/09/2026,21:24,4234.1,4235.6,4232.9,4235.5,52.0
GO1!,29/09/2026,21:25,4235.0,4235.7,4233.7,4233.9,69.0
GO1!,29/09/2026,21:26,4233.0,4233.8,4232.9,4233.8,11.0
GO1!,29/09/2026,21:27,4234.5,4236.1,4234.5,4235.0,35.0
GO1!,29/09/2026,21:28,4233.8,4234.6,4233.4,4233.4,8.0
GO1!,29/09/2026,21:29,4233.0,4233.5,4232.8,4233.4,7.0
GO1!,29/09/2026,21:30,4233.8,4235.0,4233.8,4235.0,14.0
GO1!,29/09/2026,21:31,4233.1,4233.9,4233.1,4233.9,4.0
GO1!,29/09/2026,21:32,4233.0,4233.0,4230.7,4230.9,52.0
GO1!,29/09/2026,21:33,4231.0,4231.2,4229.5,4229.6,23.0
GO1!,29/09/2026,21:34,4229.0,4230.0,4229.0,4229.0,40.0
GO1!,29/09/2026,21:35,4230.0,4230.5,4229.0,4230.0,72.0
GO1!,29/09/2026,21:36,4229.0,4229.0,4227.4,4227.4,21.0
GO1!,29/09/2026,21:37,4226.5,4226.5,4224.7,4225.0,47.0
GO1!,29/09/2026,21:38,4225.5,4226.3,4225.3,4226.1,21.0
GO1!,29/09/2026,21:39,4226.4,4227.2,4226.4,4227.0,11.0
GO1!,29/09/2026,21:40,4226.6,4230.0,4226.6,4226.6,86.0
GO1!,29/09/2026,21:41,4228.0,4230.2,4227.0,4229.1,24.0
GO1!,29/09/2026,21:42,4228.6,4231.8,4227.6,4230.6,74.0
GO1!,29/09/2026,21:43,4230.3,4230.6,4228.8,4228.8,8.0
GO1!,29/09/2026,21:44,4228.0,4228.5,4228.0,4228.5,4.0
GO1!,29/09/2026,21:45,4228.0,4228.0,4226.1,4226.1,13.0
GO1!,29/09/2026,21:46,4225.4,4226.4,4224.5,4224.6,20.0
GO1!,29/09/2026,21:47,4224.9,4225.3,4223.5,4224.0,28.0
GO1!,29/09/2026,21:48,4224.5,4226.3,4224.5,4225.0,66.0
GO1!,29/09/2026,21:49,4224.3,4225.2,4224.0,4225.2,43.0
GO1!,29/09/2026,21:50,4225.3,4227.0,4224.9,4225.6,14.0
GO1!,29/09/2026,21:51,4226.8,4229.7,4226.8,4229.0,22.0
GO1!,29/09/2026,21:52,4228.5,4229.3,4227.7,4228.0,29.0
GO1!,29/09/2026,21:53,4227.3,4227.8,4226.7,4227.8,19.0
GO1!,29/09/2026,21:54,4227.5,4228.2,4226.9,4228.2,33.0
GO1!,29/09/2026,21:55,4228.2,4228.2,4227.8,4228.0,19.0
GO1!,29/09/2026,21:56,4226.6,4229.3,4226.6,4229.0,25.0
GO1!,29/09/2026,21:57,4229.6,4232.4,4229.6,4232.4,96.0
GO1!,29/09/2026,21:58,4232.5,4232.5,4231.0,4231.2,8.0
GO1!,29/09/2026,21:59,4231.1,4231.1,4230.1,4230.6,17.0
GO1!,29/09/2026,22:00,4230.8,4230.8,4230.0,4230.0,17.0
GO1!,29/09/2026,22:01,4229.7,4230.0,4227.7,4230.0,19.0
GO1!,29/09/2026,22:02,4229.9,4229.9,4228.4,4229.0,42.0
GO1!,29/09/2026,22:03,4228.8,4229.7,4228.5,4229.6,11.0
GO1!,29/09/2026,22:04,4230.0,4230.0,4229.3,4229.3,41.0
GO1!,29/09/2026,22:05,4228.7,4228.7,4227.3,4228.5,19.0
GO1!,29/09/2026,22:06,4227.9,4228.5,4227.1,4228.5,26.0
GO1!,29/09/2026,22:07,4227.3,4228.0,4227.0,4227.0,7.0
GO1!,29/09/2026,22:08,4226.0,4226.0,4225.0,4225.0,15.0
GO1!,29/09/2026,22:09,4225.4,4225.5,4224.5,4225.0,12.0
GO1!,29/09/2026,22:10,4225.9,4226.6,4225.9,4226.0,11.0
GO1!,29/09/2026,22:11,4224.5,4224.5,4223.5,4223.9,39.0
GO1!,29/09/2026,22:12,4224.5,4224.6,4222.6,4222.6,68.0
GO1!,29/09/2026,22:13,4223.8,4223.8,4223.2,4223.2,7.0
GO1!,29/09/2026,22:14,4223.0,4223.7,4223.0,4223.7,3.0
GO1!,29/09/2026,22:15,4224.0,4224.1,4222.5,4223.0,61.0
GO1!,29/09/2026,22:16,4223.3,4224.4,4223.3,4223.7,9.0
GO1!,29/09/2026,22:17,4223.2,4223.2,4223.1,4223.2,3.0
GO1!,29/09/2026,22:18,4223.0,4223.1,4222.4,4222.4,19.0
GO1!,29/09/2026,22:19,4222.4,4222.4,4221.4,4221.5,23.0
GO1!,29/09/2026,22:20,4221.7,4222.1,4220.7,4220.7,20.0
GO1!,29/09/2026,22:21,4220.6,4221.0,4220.0,4221.0,29.0
GO1!,29/09/2026,22:22,4220.3,4220.4,4217.8,4218.0,75.0
GO1!,29/09/2026,22:23,4217.9,4218.0,4215.8,4216.1,23.0
GO1!,29/09/2026,22:24,4216.6,4218.4,4215.8,4218.4,27.0
GO1!,29/09/2026,22:25,4218.5,4218.5,4216.5,4217.0,26.0
GO1!,29/09/2026,22:26,4217.0,4217.1,4213.6,4213.6,41.0
GO1!,29/09/2026,22:27,4213.3,4213.6,4212.2,4212.7,64.0
GO1!,29/09/2026,22:28,4212.7,4213.0,4210.7,4210.7,127.0
GO1!,29/09/2026,22:29,4211.2,4213.1,4209.8,4213.1,46.0
GO1!,29/09/2026,22:30,4214.0,4215.3,4212.5,4212.5,42.0
GO1!,29/09/2026,22:31,4212.3,4214.6,4212.3,4214.6,18.0
GO1!,29/09/2026,22:32,4214.6,4215.8,4214.6,4215.2,64.0
GO1!,29/09/2026,22:33,4215.8,4216.9,4215.5,4216.9,14.0
GO1!,29/09/2026,22:34,4216.9,4219.0,4216.9,4218.5,28.0
GO1!,29/09/2026,22:35,4219.0,4220.0,4218.4,4218.4,82.0
GO1!,29/09/2026,22:36,4218.4,4219.6,4218.0,4218.0,17.0
GO1!,29/09/2026,22:37,4218.5,4219.2,4218.0,4219.2,24.0
GO1!,29/09/2026,22:38,4218.1,4218.2,4217.8,4217.9,7.0
GO1!,29/09/2026,22:39,4218.4,4219.6,4218.4,4219.3,11.0
GO1!,29/09/2026,22:40,4219.5,4219.5,4219.5,4219.5,2.0
GO1!,29/09/2026,22:41,4218.5,4218.5,4217.0,4217.0,7.0
GO1!,29/09/2026,22:42,4217.4,4217.4,4216.6,4216.7,8.0
GO1!,29/09/2026,22:43,4216.3,4216.8,4215.5,4216.8,8.0
GO1!,29/09/2026,22:44,4216.5,4216.5,4216.2,4216.2,9.0
GO1!,29/09/2026,22:45,4218.0,4218.2,4217.5,4218.2,10.0
GO1!,29/09/2026,22:46,4218.0,4218.6,4217.2,4217.2,15.0
GO1!,29/09/2026,22:47,4217.3,4223.1,4217.3,4222.3,157.0
GO1!,29/09/2026,22:48,4221.4,4221.4,4218.0,4219.1,41.0
GO1!,29/09/2026,22:49,4220.5,4221.0,4220.0,4220.9,9.0
GO1!,29/09/2026,22:50,4220.8,4220.8,4219.0,4219.0,6.0
GO1!,29/09/2026,22:51,4219.7,4219.7,4218.7,4218.7,3.0
GO1!,29/09/2026,22:52,4219.1,4219.1,4219.0,4219.0,2.0
GO1!,29/09/2026,22:53,4218.9,4218.9,4217.1,4217.1,2.0
GO1!,29/09/2026,22:54,4217.0,4217.0,4215.7,4217.0,10.0
GO1!,29/09/2026,22:55,4217.3,4217.3,4217.1,4217.1,2.0
GO1!,29/09/2026,22:56,4216.7,4218.7,4216.7,4218.7,8.0
GO1!,29/09/2026,22:57,4218.9,4219.2,4218.6,4218.6,8.0
GO1!,29/09/2026,22:58,4219.8,4220.0,4219.5,4220.0,7.0
GO1!,29/09/2026,22:59,4218.4,4218.4,4218.0,4218.1,6.0
GO1!,29/09/2026,23:00,4220.1,4220.1,4218.0,4218.0,6.0
GO1!,29/09/2026,23:01,4217.3,4217.8,4217.3,4217.5,3.0
GO1!,29/09/2026,23:02,4217.2,4217.2,4217.2,4217.2,1.0
GO1!,29/09/2026,23:03,4216.4,4216.4,4215.7,4215.7,16.0
GO1!,29/09/2026,23:04,4216.0,4216.2,4214.1,4214.3,17.0
GO1!,29/09/2026,23:05,4214.0,4214.4,4213.0,4213.0,16.0
GO1!,29/09/2026,23:06,4213.3,4213.5,4212.5,4213.5,12.0
GO1!,29/09/2026,23:07,4212.8,4213.7,4212.8,4213.7,3.0
GO1!,29/09/2026,23:08,4212.6,4213.9,4212.6,4213.9,4.0
GO1!,29/09/2026,23:09,4212.7,4214.0,4212.7,4213.9,9.0
GO1!,29/09/2026,23:10,4214.0,4214.0,4214.0,4214.0,4.0
GO1!,29/09/2026,23:11,4215.0,4215.5,4215.0,4215.5,9.0
GO1!,29/09/2026,23:12,4215.7,4215.7,4214.8,4215.6,6.0
GO1!,29/09/2026,23:13,4214.5,4214.8,4214.1,4214.1,20.0
GO1!,29/09/2026,23:14,4213.6,4213.6,4212.2,4212.2,15.0
GO1!,29/09/2026,23:15,4212.7,4214.0,4212.2,4214.0,5.0
GO1!,29/09/2026,23:16,4214.0,4214.0,4213.0,4213.0,4.0
GO1!,29/09/2026,23:17,4213.4,4213.4,4213.1,4213.1,2.0
GO1!,29/09/2026,23:18,4212.0,4212.0,4212.0,4212.0,5.0
GO1!,29/09/2026,23:19,4212.0,4212.3,4212.0,4212.2,3.0
GO1!,29/09/2026,23:20,4213.2,4213.2,4213.1,4213.1,2.0
GO1!,29/09/2026,23:21,4213.0,4213.7,4211.8,4211.8,15.0
GO1!,29/09/2026,23:22,4212.5,4212.6,4212.5,4212.5,5.0
GO1!,29/09/2026,23:23,4212.2,4212.3,4212.2,4212.3,6.0
GO1!,29/09/2026,23:24,4213.6,4213.9,4213.5,4213.6,7.0
GO1!,29/09/2026,23:25,4213.8,4214.7,4213.8,4214.7,32.0
GO1!,29/09/2026,23:26,4214.0,4214.5,4214.0,4214.5,8.0
GO1!,29/09/2026,23:27,4214.7,4214.8,4214.4,4214.4,5.0
GO1!,29/09/2026,23:28,4214.8,4215.8,4214.8,4215.5,10.0
GO1!,29/09/2026,23:29,4215.5,4215.5,4214.2,4214.2,2.0
GO1!,29/09/2026,23:30,4214.7,4214.8,4214.0,4214.0,6.0
GO1!,29/09/2026,23:31,4214.5,4214.5,4214.5,4214.5,2.0
GO1!,29/09/2026,23:32,4214.4,4214.4,4214.3,4214.3,3.0
GO1!,29/09/2026,23:33,4214.1,4214.1,4214.1,4214.1,1.0
GO1!,29/09/2026,23:34,4214.7,4214.7,4214.7,4214.7,1.0
GO1!,29/09/2026,23:35,4214.8,4215.7,4214.7,4214.9,24.0
GO1!,29/09/2026,23:36,4214.9,4215.4,4214.9,4215.2,3.0
GO1!,29/09/2026,23:37,4215.5,4215.5,4215.0,4215.0,4.0
GO1!,29/09/2026,23:38,4214.8,4214.8,4214.7,4214.8,13.0
GO1!,29/09/2026,23:39,4214.7,4214.7,4213.0,4213.0,6.0
GO1!,29/09/2026,23:40,4214.0,4214.0,4214.0,4214.0,3.0
GO1!,29/09/2026,23:41,4213.5,4213.9,4213.5,4213.9,3.0
GO1!,29/09/2026,23:42,4213.0,4213.2,4213.0,4213.2,2.0
GO1!,29/09/2026,23:43,4212.1,4212.1,4211.6,4211.6,3.0
GO1!,29/09/2026,23:44,4211.1,4211.1,4208.6,4209.0,37.0
GO1!,29/09/2026,23:45,4208.3,4208.7,4205.4,4206.1,48.0
GO1!,29/09/2026,23:46,4206.4,4207.4,4206.0,4207.3,26.0
GO1!,29/09/2026,23:47,4207.4,4207.6,4207.4,4207.6,12.0
GO1!,29/09/2026,23:48,4208.0,4208.0,4208.0,4208.0,1.0
GO1!,29/09/2026,23:50,4210.0,4211.0,4209.7,4209.7,15.0
GO1!,29/09/2026,23:51,4211.0,4212.0,4211.0,4211.2,11.0
GO1!,29/09/2026,23:52,4210.9,4210.9,4209.9,4209.9,5.0
GO1!,29/09/2026,23:53,4209.1,4209.3,4209.1,4209.3,10.0
GO1!,29/09/2026,23:54,4209.0,4209.0,4209.0,4209.0,4.0
GO1!,29/09/2026,23:55,4209.0,4209.0,4207.8,4207.8,2.0
GO1!,29/09/2026,23:56,4207.0,4207.0,4206.4,4206.4,5.0
GO1!,29/09/2026,23:57,4207.2,4207.2,4207.2,4207.2,3.0
GO1!,29/09/2026,23:58,4206.7,4207.0,4206.5,4206.9,20.0
GO1!,29/09/2026,23:59,4206.8,4207.8,4206.8,4207.8,6.0
GO1!,30/09/2026,00:00,4207.2,4207.2,4207.1,4207.1,5.0
GO1!,30/09/2026,00:01,4206.7,4208.0,4206.5,4206.8,62.0
GO1!,30/09/2026,00:02,4206.9,4207.5,4206.3,4206.4,16.0
GO1!,30/09/2026,00:03,4206.5,4207.5,4206.0,4207.5,7.0
GO1!,30/09/2026,00:04,4207.9,4208.0,4207.9,4208.0,4.0
GO1!,30/09/2026,00:05,4208.6,4208.6,4208.3,4208.3,6.0
GO1!,30/09/2026,00:06,4208.8,4209.1,4208.0,4208.0,7.0
GO1!,30/09/2026,00:07,4207.0,4207.0,4205.7,4206.0,21.0
GO1!,30/09/2026,00:08,4206.2,4206.4,4205.7,4205.7,7.0
GO1!,30/09/2026,00:10,4206.3,4207.5,4206.3,4207.5,11.0
GO1!,30/09/2026,00:11,4208.0,4208.6,4208.0,4208.6,11.0
GO1!,30/09/2026,00:12,4208.8,4208.9,4208.8,4208.9,2.0
GO1!,30/09/2026,00:13,4208.5,4208.5,4208.0,4208.0,4.0
GO1!,30/09/2026,00:14,4208.4,4208.6,4208.4,4208.6,4.0
GO1!,30/09/2026,00:15,4208.4,4208.5,4208.0,4208.0,12.0
GO1!,30/09/2026,00:17,4207.7,4207.7,4207.7,4207.7,1.0
GO1!,30/09/2026,00:18,4207.6,4207.6,4207.6,4207.6,1.0
GO1!,30/09/2026,00:19,4208.8,4209.9,4208.8,4209.9,5.0
GO1!,30/09/2026,00:20,4208.9,4209.0,4208.0,4208.0,5.0
GO1!,30/09/2026,00:21,4207.4,4207.4,4207.3,4207.3,4.0
GO1!,30/09/2026,00:22,4208.0,4208.2,4208.0,4208.2,4.0
GO1!,30/09/2026,00:23,4208.8,4209.4,4208.5,4208.5,19.0
GO1!,30/09/2026,00:24,4208.1,4208.7,4208.1,4208.6,4.0
GO1!,30/09/2026,00:25,4208.5,4208.5,4207.7,4207.7,4.0
GO1!,30/09/2026,00:26,4207.7,4208.3,4207.7,4208.3,21.0
GO1!,30/09/2026,00:27,4207.9,4209.4,4207.9,4209.4,16.0
GO1!,30/09/2026,00:28,4208.3,4208.4,4207.8,4208.3,11.0
GO1!,30/09/2026,00:29,4207.9,4209.0,4207.2,4209.0,19.0
GO1!,30/09/2026,00:30,4209.4,4209.4,4209.0,4209.0,6.0
GO1!,30/09/2026,00:31,4209.5,4209.5,4208.2,4208.2,5.0
GO1!,30/09/2026,00:32,4208.0,4208.0,4208.0,4208.0,1.0
GO1!,30/09/2026,00:33,4209.4,4209.5,4207.8,4207.8,13.0
GO1!,30/09/2026,00:34,4207.7,4208.6,4207.7,4208.6,4.0
GO1!,30/09/2026,00:37,4207.8,4207.8,4207.8,4207.8,4.0
GO1!,30/09/2026,00:38,4207.5,4207.5,4206.0,4206.0,9.0
GO1!,30/09/2026,00:39,4205.9,4206.1,4205.6,4205.9,12.0
GO1!,30/09/2026,00:40,4205.0,4205.5,4204.5,4205.5,23.0
GO1!,30/09/2026,00:41,4204.4,4205.0,4204.4,4204.5,9.0
GO1!,30/09/2026,00:42,4204.7,4205.5,4204.7,4205.0,38.0
GO1!,30/09/2026,00:43,4206.0,4206.1,4206.0,4206.1,13.0
GO1!,30/09/2026,00:44,4206.4,4206.5,4205.8,4205.8,4.0
GO1!,30/09/2026,00:45,4206.4,4206.4,4206.4,4206.4,1.0
GO1!,30/09/2026,00:46,4207.9,4208.4,4204.8,4204.8,32.0
GO1!,30/09/2026,00:47,4205.0,4205.0,4205.0,4205.0,2.0
GO1!,30/09/2026,00:48,4206.0,4206.0,4206.0,4206.0,3.0
GO1!,30/09/2026,00:49,4206.3,4206.3,4206.3,4206.3,1.0
GO1!,30/09/2026,00:50,4206.5,4207.5,4206.5,4207.5,4.0
GO1!,30/09/2026,00:51,4207.8,4207.8,4207.5,4207.5,2.0
GO1!,30/09/2026,00:53,4206.0,4206.0,4206.0,4206.0,1.0
GO1!,30/09/2026,00:54,4205.2,4205.2,4204.0,4204.1,17.0
GO1!,30/09/2026,00:55,4204.2,4204.2,4204.2,4204.2,2.0
GO1!,30/09/2026,00:56,4204.2,4204.3,4204.2,4204.3,2.0
GO1!,30/09/2026,00:57,4204.0,4204.0,4204.0,4204.0,1.0
GO1!,30/09/2026,00:58,4203.8,4203.8,4203.0,4203.8,5.0
GO1!,30/09/2026,00:59,4204.5,4205.0,4204.5,4204.8,3.0
GO1!,30/09/2026,01:00,4206.3,4219.0,4206.3,4218.9,133.0
GO1!,30/09/2026,01:01,4218.4,4220.5,4217.9,4218.0,36.0
GO1!,30/09/2026,01:02,4220.3,4225.2,4220.1,4225.2,47.0
GO1!,30/09/2026,01:03,4222.9,4222.9,4218.5,4219.7,60.0
GO1!,30/09/2026,01:04,4219.0,4225.4,4219.0,4224.6,44.0
GO1!,30/09/2026,01:05,4224.4,4225.9,4223.9,4225.6,29.0
GO1!,30/09/2026,01:06,4224.0,4225.2,4222.5,4225.2,16.0
GO1!,30/09/2026,01:07,4223.9,4223.9,4218.8,4219.0,20.0
GO1!,30/09/2026,01:08,4219.0,4220.8,4219.0,4220.3,13.0
GO1!,30/09/2026,01:09,4221.3,4223.0,4217.9,4219.0,30.0
GO1!,30/09/2026,01:10,4220.0,4223.4,4220.0,4223.0,34.0
GO1!,30/09/2026,01:11,4223.3,4225.0,4222.6,4224.1,60.0
GO1!,30/09/2026,01:12,4224.2,4225.6,4224.0,4225.0,35.0
GO1!,30/09/2026,01:13,4224.8,4229.1,4224.3,4227.6,86.0
GO1!,30/09/2026,01:14,4228.1,4229.2,4227.6,4227.6,19.0
GO1!,30/09/2026,01:15,4228.0,4229.2,4228.0,4229.0,54.0
GO1!,30/09/2026,01:16,4229.7,4232.0,4229.7,4230.9,69.0
GO1!,30/09/2026,01:17,4231.0,4231.0,4228.6,4229.8,23.0
GO1!,30/09/2026,01:18,4229.0,4230.6,4229.0,4230.0,20.0
GO1!,30/09/2026,01:19,4229.0,4229.0,4227.3,4227.3,15.0
GO1!,30/09/2026,01:20,4227.5,4228.9,4227.4,4228.0,17.0
GO1!,30/09/2026,01:21,4228.3,4229.0,4228.0,4228.4,7.0
GO1!,30/09/2026,01:22,4228.0,4228.9,4227.4,4228.7,22.0
GO1!,30/09/2026,01:23,4228.9,4230.2,4226.2,4226.2,31.0
GO1!,30/09/2026,01:24,4226.0,4226.1,4224.7,4225.0,7.0
GO1!,30/09/2026,01:25,4224.5,4226.7,4224.5,4226.5,33.0
GO1!,30/09/2026,01:26,4226.2,4226.2,4225.1,4225.1,5.0
GO1!,30/09/2026,01:27,4224.5,4226.1,4224.0,4224.4,35.0
GO1!,30/09/2026,01:28,4225.6,4230.3,4225.6,4230.3,22.0
GO1!,30/09/2026,01:29,4229.9,4229.9,4227.4,4227.4,38.0
GO1!,30/09/2026,01:30,4226.8,4231.3,4224.8,4224.8,111.0
GO1!,30/09/2026,01:31,4225.4,4226.3,4225.3,4226.3,20.0
GO1!,30/09/2026,01:32,4225.2,4227.2,4224.9,4226.9,21.0
GO1!,30/09/2026,01:33,4225.6,4225.6,4222.1,4222.7,31.0
GO1!,30/09/2026,01:34,4222.9,4226.2,4222.4,4226.1,20.0
GO1!,30/09/2026,01:35,4226.8,4228.9,4226.2,4228.9,32.0
GO1!,30/09/2026,01:36,4229.1,4230.8,4229.0,4229.9,39.0
GO1!,30/09/2026,01:37,4229.2,4229.2,4229.2,4229.2,1.0
GO1!,30/09/2026,01:38,4230.3,4234.5,4230.0,4234.1,33.0
GO1!,30/09/2026,01:39,4234.1,4237.5,4234.1,4236.8,73.0
GO1!,30/09/2026,01:40,4236.4,4237.7,4234.2,4235.3,49.0
GO1!,30/09/2026,01:41,4234.9,4236.1,4234.9,4236.1,7.0
GO1!,30/09/2026,01:42,4235.7,4235.8,4233.5,4233.5,7.0
GO1!,30/09/2026,01:43,4233.0,4233.3,4232.4,4233.3,6.0
GO1!,30/09/2026,01:44,4231.9,4232.8,4231.9,4232.8,5.0
GO1!,30/09/2026,01:47,4230.6,4230.8,4228.5,4229.4,10.0
GO1!,30/09/2026,01:48,4229.4,4229.6,4228.7,4229.1,22.0
GO1!,30/09/2026,01:49,4229.0,4229.0,4227.9,4228.1,6.0
GO1!,30/09/2026,01:50,4228.1,4228.8,4227.0,4227.0,16.0
GO1!,30/09/2026,01:51,4227.9,4228.8,4227.9,4228.4,5.0
GO1!,30/09/2026,01:52,4228.9,4230.6,4228.9,4230.6,13.0
GO1!,30/09/2026,01:53,4231.4,4233.3,4231.4,4232.9,14.0
GO1!,30/09/2026,01:54,4232.9,4232.9,4231.9,4232.1,16.0
GO1!,30/09/2026,01:55,4230.5,4231.3,4230.2,4231.3,5.0
GO1!,30/09/2026,01:56,4231.6,4231.6,4231.6,4231.6,1.0
GO1!,30/09/2026,01:57,4231.0,4231.0,4231.0,4231.0,1.0
GO1!,30/09/2026,01:58,4231.3,4232.4,4231.3,4232.4,3.0
GO1!,30/09/2026,01:59,4232.7,4234.2,4232.3,4232.9,31.0
GO1!,30/09/2026,02:00,4232.2,4232.5,4232.2,4232.5,2.0
GO1!,30/09/2026,02:02,4231.7,4233.0,4231.7,4233.0,7.0
GO1!,30/09/2026,02:03,4233.3,4233.8,4233.2,4233.2,11.0
GO1!,30/09/2026,02:04,4233.0,4234.8,4233.0,4234.8,5.0
GO1!,30/09/2026,02:06,4233.7,4234.2,4233.4,4233.4,7.0
GO1!,30/09/2026,02:07,4233.0,4234.0,4233.0,4234.0,9.0
GO1!,30/09/2026,02:08,4233.0,4234.5,4233.0,4233.4,15.0
GO1!,30/09/2026,02:09,4232.3,4232.3,4231.9,4231.9,4.0
GO1!,30/09/2026,02:10,4231.6,4231.8,4231.6,4231.8,3.0
GO1!,30/09/2026,02:11,4231.7,4231.7,4231.4,4231.4,2.0
GO1!,30/09/2026,02:12,4231.1,4231.1,4229.8,4229.8,10.0
GO1!,30/09/2026,02:13,4229.8,4230.4,4229.8,4230.3,4.0
GO1!,30/09/2026,02:14,4230.2,4230.2,4230.2,4230.2,1.0
GO1!,30/09/2026,02:17,4230.7,4231.1,4230.2,4230.4,10.0
GO1!,30/09/2026,02:18,4230.4,4232.0,4230.4,4232.0,23.0
GO1!,30/09/2026,02:19,4231.4,4231.4,4231.4,4231.4,5.0
GO1!,30/09/2026,02:21,4232.7,4233.4,4232.7,4233.4,4.0
GO1!,30/09/2026,02:22,4233.0,4233.1,4233.0,4233.1,6.0
GO1!,30/09/2026,02:23,4232.7,4232.7,4232.0,4232.0,6.0
GO1!,30/09/2026,02:25,4232.2,4232.2,4232.2,4232.2,1.0
GO1!,30/09/2026,02:26,4231.2,4231.2,4231.2,4231.2,2.0
GO1!,30/09/2026,02:28,4232.5,4233.3,4232.5,4232.7,42.0
GO1!,30/09/2026,02:29,4233.4,4233.4,4233.4,4233.4,12.0
GO1!,30/09/2026,02:30,4233.4,4233.4,4232.0,4232.0,5.0
GO1!,30/09/2026,02:33,4232.0,4232.0,4232.0,4232.0,1.0
GO1!,30/09/2026,02:34,4232.6,4232.6,4232.6,4232.6,1.0
GO1!,30/09/2026,02:35,4232.8,4233.0,4232.8,4233.0,4.0
GO1!,30/09/2026,02:36,4233.0,4233.9,4233.0,4233.8,5.0
GO1!,30/09/2026,02:37,4234.0,4234.0,4233.0,4233.0,3.0
GO1!,30/09/2026,02:39,4233.5,4235.0,4233.5,4235.0,6.0
GO1!,30/09/2026,02:40,4232.7,4232.7,4232.5,4232.5,6.0
GO1!,30/09/2026,02:41,4232.7,4232.8,4232.7,4232.8,2.0
GO1!,30/09/2026,02:42,4232.5,4232.5,4232.5,4232.5,1.0
GO1!,30/09/2026,02:43,4233.6,4233.9,4233.6,4233.9,2.0
GO1!,30/09/2026,02:44,4233.4,4233.4,4233.0,4233.0,2.0
GO1!,30/09/2026,02:45,4233.0,4233.5,4232.4,4232.4,4.0
GO1!,30/09/2026,02:46,4232.9,4232.9,4232.9,4232.9,1.0
GO1!,30/09/2026,02:48,4233.0,4233.0,4232.6,4233.0,4.0
GO1!,30/09/2026,02:49,4232.1,4232.1,4231.8,4231.8,2.0
GO1!,30/09/2026,02:50,4232.1,4232.1,4232.1,4232.1,4.0
GO1!,30/09/2026,02:51,4232.0,4232.7,4232.0,4232.0,7.0
GO1!,30/09/2026,02:52,4232.1,4232.1,4232.0,4232.0,4.0
GO1!,30/09/2026,02:53,4232.0,4234.9,4232.0,4234.9,30.0
GO1!,30/09/2026,02:54,4235.5,4237.7,4234.7,4236.4,35.0
GO1!,30/09/2026,02:55,4236.0,4236.5,4235.8,4235.8,4.0
GO1!,30/09/2026,02:56,4236.8,4236.8,4236.0,4236.0,3.0
GO1!,30/09/2026,02:57,4235.7,4236.0,4235.1,4235.1,7.0
GO1!,30/09/2026,02:58,4235.1,4235.8,4233.7,4235.7,22.0
GO1!,30/09/2026,02:59,4236.0,4240.0,4236.0,4237.6,44.0
GO1!,30/09/2026,09:45,4238.4,4240.0,4238.4,4239.5,124.0
GO1!,30/09/2026,09:46,4239.6,4241.4,4239.6,4241.3,39.0
GO1!,30/09/2026,09:47,4241.9,4244.9,4241.5,4243.7,116.0
GO1!,30/09/2026,09:48,4243.8,4243.9,4243.0,4243.4,15.0
GO1!,30/09/2026,09:49,4243.0,4243.5,4242.0,4243.4,17.0
GO1!,30/09/2026,09:50,4243.5,4244.3,4243.4,4244.3,42.0
GO1!,30/09/2026,09:51,4244.3,4244.8,4244.3,4244.6,17.0
GO1!,30/09/2026,09:52,4244.7,4245.0,4244.0,4244.2,27.0
GO1!,30/09/2026,09:53,4244.7,4245.0,4243.0,4243.0,7.0
GO1!,30/09/2026,09:54,4242.4,4242.5,4241.5,4241.5,22.0
GO1!,30/09/2026,09:55,4241.9,4242.0,4241.4,4241.4,46.0
GO1!,30/09/2026,09:56,4242.4,4243.0,4242.2,4242.2,9.0
GO1!,30/09/2026,09:57,4243.0,4243.0,4242.0,4242.0,39.0
GO1!,30/09/2026,09:58,4242.5,4242.5,4241.0,4241.1,36.0
GO1!,30/09/2026,09:59,4240.0,4240.1,4238.9,4239.0,47.0
GO1!,30/09/2026,10:00,4239.3,4240.9,4239.1,4240.9,63.0
GO1!,30/09/2026,10:01,4241.0,4241.0,4241.0,4241.0,2.0
GO1!,30/09/2026,10:02,4241.9,4242.5,4241.9,4242.0,5.0
GO1!,30/09/2026,10:03,4242.5,4242.7,4241.7,4242.0,19.0
GO1!,30/09/2026,10:04,4242.2,4243.0,4242.1,4243.0,10.0
GO1!,30/09/2026,10:05,4242.4,4242.7,4241.6,4241.6,32.0
GO1!,30/09/2026,10:06,4241.8,4241.8,4241.8,4241.8,1.0
GO1!,30/09/2026,10:07,4241.1,4241.6,4241.1,4241.4,4.0
GO1!,30/09/2026,10:08,4241.4,4241.4,4240.6,4241.3,8.0
GO1!,30/09/2026,10:09,4240.8,4241.1,4240.8,4241.1,4.0
GO1!,30/09/2026,10:10,4240.2,4240.2,4239.3,4239.3,11.0
GO1!,30/09/2026,10:11,4239.9,4239.9,4239.3,4239.6,4.0
GO1!,30/09/2026,10:12,4239.3,4240.8,4239.3,4240.8,14.0
GO1!,30/09/2026,10:13,4240.5,4241.3,4240.2,4240.4,10.0
GO1!,30/09/2026,10:14,4240.3,4240.3,4238.7,4239.2,21.0
GO1!,30/09/2026,10:15,4238.9,4239.5,4238.9,4239.0,10.0
GO1!,30/09/2026,10:16,4239.1,4239.1,4237.8,4238.1,87.0
GO1!,30/09/2026,10:17,4238.3,4239.5,4238.3,4239.5,13.0
GO1!,30/09/2026,10:18,4239.3,4240.5,4239.3,4240.0,16.0
GO1!,30/09/2026,10:19,4239.8,4240.9,4239.8,4240.9,11.0
GO1!,30/09/2026,10:20,4240.3,4240.3,4239.5,4239.6,13.0
GO1!,30/09/2026,10:21,4240.2,4240.9,4240.1,4240.5,17.0
GO1!,30/09/2026,10:22,4241.0,4241.4,4240.2,4240.2,18.0
GO1!,30/09/2026,10:23,4240.8,4240.8,4240.8,4240.8,1.0
GO1!,30/09/2026,10:24,4241.1,4241.1,4240.6,4240.6,13.0
GO1!,30/09/2026,10:25,4240.5,4240.5,4240.5,4240.5,1.0
GO1!,30/09/2026,10:26,4240.3,4240.3,4239.6,4240.0,7.0
GO1!,30/09/2026,10:27,4240.2,4240.2,4240.2,4240.2,12.0
GO1!,30/09/2026,10:28,4240.1,4240.1,4240.1,4240.1,12.0
GO1!,30/09/2026,10:29,4240.4,4241.6,4240.4,4241.6,22.0
GO1!,30/09/2026,10:30,4241.7,4241.7,4241.3,4241.3,3.0
GO1!,30/09/2026,10:31,4239.5,4239.6,4239.0,4239.0,24.0
GO1!,30/09/2026,10:32,4239.0,4239.0,4237.6,4238.0,40.0
GO1!,30/09/2026,10:33,4237.4,4237.7,4236.5,4237.0,36.0
GO1!,30/09/2026,10:34,4236.3,4236.5,4236.0,4236.2,7.0
GO1!,30/09/2026,10:35,4236.5,4236.5,4235.8,4235.8,18.0
GO1!,30/09/2026,10:36,4235.2,4236.0,4234.8,4235.9,25.0
GO1!,30/09/2026,10:37,4236.9,4237.1,4236.1,4237.1,9.0
GO1!,30/09/2026,10:38,4237.0,4237.4,4237.0,4237.4,17.0
GO1!,30/09/2026,10:39,4237.6,4238.4,4237.6,4238.4,19.0
GO1!,30/09/2026,10:40,4237.9,4237.9,4237.9,4237.9,1.0
GO1!,30/09/2026,10:41,4237.7,4238.5,4236.5,4236.5,10.0
GO1!,30/09/2026,10:42,4236.1,4236.1,4235.8,4235.9,3.0
GO1!,30/09/2026,10:43,4236.3,4236.8,4235.9,4236.5,16.0
GO1!,30/09/2026,10:44,4236.9,4237.2,4236.7,4237.2,8.0
GO1!,30/09/2026,10:45,4235.9,4236.1,4235.0,4235.0,8.0
GO1!,30/09/2026,10:46,4235.0,4235.0,4234.5,4234.5,23.0
GO1!,30/09/2026,10:47,4234.6,4235.1,4234.5,4235.1,9.0
GO1!,30/09/2026,10:48,4234.5,4234.5,4234.5,4234.5,1.0
GO1!,30/09/2026,10:49,4234.7,4234.7,4234.6,4234.6,3.0
GO1!,30/09/2026,10:50,4234.5,4234.6,4234.1,4234.6,9.0
GO1!,30/09/2026,10:51,4234.0,4234.0,4233.6,4233.6,17.0
GO1!,30/09/2026,10:52,4233.5,4233.6,4233.0,4233.0,18.0
GO1!,30/09/2026,10:53,4233.3,4233.5,4233.0,4233.5,26.0
GO1!,30/09/2026,10:54,4234.3,4235.0,4234.0,4235.0,25.0
GO1!,30/09/2026,10:55,4234.8,4234.8,4234.8,4234.8,1.0
GO1!,30/09/2026,10:56,4235.3,4235.5,4235.3,4235.5,8.0
GO1!,30/09/2026,10:57,4235.0,4235.0,4234.6,4234.6,2.0
GO1!,30/09/2026,10:58,4234.3,4234.5,4234.3,4234.5,2.0
GO1!,30/09/2026,10:59,4234.4,4234.4,4233.9,4234.0,14.0
GO1!,30/09/2026,11:00,4234.3,4234.3,4234.1,4234.1,2.0
GO1!,30/09/2026,11:01,4234.7,4235.0,4234.0,4234.0,15.0
GO1!,30/09/2026,11:02,4234.4,4236.1,4234.4,4235.7,21.0
GO1!,30/09/2026,11:03,4235.0,4235.2,4234.8,4235.1,5.0
GO1!,30/09/2026,11:04,4235.6,4237.2,4235.6,4236.2,19.0
GO1!,30/09/2026,11:05,4237.0,4237.0,4236.5,4236.5,17.0
GO1!,30/09/2026,11:06,4236.5,4236.5,4236.0,4236.0,14.0
GO1!,30/09/2026,11:07,4235.1,4235.3,4234.5,4235.3,12.0
GO1!,30/09/2026,11:08,4234.3,4234.3,4234.3,4234.3,2.0
GO1!,30/09/2026,11:09,4234.6,4234.6,4234.6,4234.6,2.0
GO1!,30/09/2026,11:10,4234.0,4234.0,4234.0,4234.0,1.0
GO1!,30/09/2026,11:12,4235.0,4235.1,4234.4,4234.4,3.0
GO1!,30/09/2026,11:13,4234.2,4234.2,4234.2,4234.2,2.0
GO1!,30/09/2026,11:14,4234.1,4235.2,4234.0,4235.2,25.0
GO1!,30/09/2026,11:15,4235.7,4236.2,4235.7,4236.0,10.0
