Ticker,Date,Time,Open,High,Low,Close,Volume
S501!,14/09/2026,09:45,1073.2,1073.8,1072.2,1073.1,3172.0
S501!,14/09/2026,09:46,1073.1,1074.3,1072.2,1072.2,1412.0
S501!,14/09/2026,09:47,1072.3,1072.7,1071.5,1072.5,1503.0
S501!,14/09/2026,09:48,1072.5,1072.5,1071.8,1071.9,502.0
S501!,14/09/2026,09:49,1072.0,1072.3,1071.5,1071.7,738.0
S501!,14/09/2026,09:50,1071.7,1071.8,1071.3,1071.5,1032.0
S501!,14/09/2026,09:51,1071.6,1072.0,1071.4,1071.8,474.0
S501!,14/09/2026,09:52,1071.7,1072.0,1071.3,1071.4,534.0
S501!,14/09/2026,09:53,1071.3,1071.3,1070.7,1070.9,1659.0
S501!,14/09/2026,09:54,1070.9,1071.5,1070.8,1071.5,687.0
S501!,14/09/2026,09:55,1071.3,1074.5,1071.3,1073.0,2303.0
S501!,14/09/2026,09:56,1072.9,1073.6,1072.8,1073.5,946.0
S501!,14/09/2026,09:57,1073.4,1073.6,1072.7,1073.6,487.0
S501!,14/09/2026,09:58,1073.4,1073.8,1073.1,1073.5,473.0
S501!,14/09/2026,09:59,1073.6,1073.7,1073.1,1073.2,253.0
S501!,14/09/2026,10:00,1073.1,1073.1,1071.8,1072.5,1976.0
S501!,14/09/2026,10:01,1072.4,1072.7,1072.3,1072.7,1088.0
S501!,14/09/2026,10:02,1072.8,1072.8,1071.6,1072.0,1072.0
S501!,14/09/2026,10:03,1072.0,1072.0,1070.6,1070.8,1617.0
S501!,14/09/2026,10:04,1070.7,1071.0,1070.5,1070.9,1146.0
S501!,14/09/2026,10:05,1070.9,1071.4,1070.4,1070.8,1079.0
S501!,14/09/2026,10:06,1070.9,1070.9,1070.3,1070.3,922.0
S501!,14/09/2026,10:07,1070.4,1070.9,1069.8,1070.9,1968.0
S501!,14/09/2026,10:08,1070.8,1071.9,1070.7,1071.7,816.0
S501!,14/09/2026,10:09,1071.8,1072.2,1071.6,1072.2,459.0
S501!,14/09/2026,10:10,1072.1,1072.3,1071.5,1071.6,709.0
S501!,14/09/2026,10:11,1071.6,1072.0,1071.2,1071.2,793.0
S501!,14/09/2026,10:12,1071.2,1072.0,1071.2,1071.8,464.0
S501!,14/09/2026,10:13,1071.7,1072.0,1071.7,1071.9,222.0
S501!,14/09/2026,10:14,1071.8,1072.0,1071.3,1071.9,624.0
S501!,14/09/2026,10:15,1071.9,1071.9,1071.0,1071.3,745.0
S501!,14/09/2026,10:16,1071.2,1071.4,1070.8,1070.8,497.0
S501!,14/09/2026,10:17,1070.8,1070.8,1070.3,1070.4,617.0
S501!,14/09/2026,10:18,1070.5,1070.9,1070.4,1070.8,442.0
S501!,14/09/2026,10:19,1070.9,1071.0,1070.5,1070.6,430.0
S501!,14/09/2026,10:20,1070.5,1070.5,1070.2,1070.2,365.0
S501!,14/09/2026,10:21,1070.2,1071.2,1070.1,1070.8,946.0
S501!,14/09/2026,10:22,1070.7,1071.2,1070.2,1070.3,692.0
S501!,14/09/2026,10:23,1070.3,1070.4,1070.1,1070.3,370.0
S501!,14/09/2026,10:24,1070.2,1070.3,1070.0,1070.1,460.0
S501!,14/09/2026,10:25,1070.1,1070.4,1070.0,1070.3,452.0
S501!,14/09/2026,10:26,1070.4,1070.7,1070.2,1070.5,431.0
S501!,14/09/2026,10:27,1070.4,1070.5,1070.3,1070.3,210.0
S501!,14/09/2026,10:28,1070.4,1070.4,1069.9,1070.0,1314.0
S501!,14/09/2026,10:29,1069.9,1070.2,1069.9,1070.0,697.0
S501!,14/09/2026,10:30,1070.0,1070.1,1069.8,1070.1,949.0
S501!,14/09/2026,10:31,1070.1,1070.2,1069.7,1069.8,677.0
S501!,14/09/2026,10:32,1069.8,1070.1,1069.7,1070.0,372.0
S501!,14/09/2026,10:33,1070.1,1070.1,1069.7,1069.8,444.0
S501!,14/09/2026,10:34,1069.9,1070.3,1069.8,1070.3,483.0
S501!,14/09/2026,10:35,1070.2,1070.9,1070.2,1070.8,613.0
S501!,14/09/2026,10:36,1070.8,1071.9,1070.7,1071.7,993.0
S501!,14/09/2026,10:37,1071.7,1072.0,1071.5,1071.8,501.0
S501!,14/09/2026,10:38,1071.8,1072.0,1071.5,1071.6,359.0
S501!,14/09/2026,10:39,1071.6,1071.7,1071.3,1071.3,282.0
S501!,14/09/2026,10:40,1071.3,1071.3,1070.7,1070.8,294.0
S501!,14/09/2026,10:41,1070.8,1070.8,1070.5,1070.6,277.0
S501!,14/09/2026,10:42,1070.7,1070.9,1070.7,1070.7,270.0
S501!,14/09/2026,10:43,1070.7,1070.8,1070.4,1070.6,318.0
S501!,14/09/2026,10:44,1070.5,1070.7,1070.3,1070.3,219.0
S501!,14/09/2026,10:45,1070.3,1070.6,1070.1,1070.3,573.0
S501!,14/09/2026,10:46,1070.3,1070.4,1070.1,1070.1,252.0
S501!,14/09/2026,10:47,1070.1,1070.1,1069.8,1069.8,667.0
S501!,14/09/2026,10:48,1069.8,1070.3,1069.7,1070.0,856.0
S501!,14/09/2026,10:49,1070.0,1070.3,1069.8,1070.0,398.0
S501!,14/09/2026,10:50,1070.0,1070.0,1069.8,1069.8,339.0
S501!,14/09/2026,10:51,1069.8,1070.0,1069.7,1069.7,175.0
S501!,14/09/2026,10:52,1069.7,1070.0,1069.3,1069.5,1277.0
S501!,14/09/2026,10:53,1069.5,1069.6,1069.4,1069.4,384.0
S501!,14/09/2026,10:54,1069.4,1069.8,1069.4,1069.7,543.0
S501!,14/09/2026,10:55,1069.8,1069.8,1069.3,1069.4,405.0
S501!,14/09/2026,10:56,1069.4,1069.4,1069.1,1069.2,838.0
S501!,14/09/2026,10:57,1069.2,1069.3,1068.5,1068.9,1639.0
S501!,14/09/2026,10:58,1068.9,1069.0,1068.6,1068.8,543.0
S501!,14/09/2026,10:59,1068.7,1068.8,1068.6,1068.6,438.0
S501!,14/09/2026,11:00,1068.6,1068.8,1068.5,1068.5,841.0
S501!,14/09/2026,11:01,1068.5,1068.6,1068.2,1068.4,617.0
S501!,14/09/2026,11:02,1068.3,1068.4,1068.1,1068.3,764.0
S501!,14/09/2026,11:03,1068.2,1068.3,1067.5,1067.6,1606.0
S501!,14/09/2026,11:04,1067.6,1067.8,1067.5,1067.8,567.0
S501!,14/09/2026,11:05,1067.8,1068.5,1067.8,1068.4,861.0
S501!,14/09/2026,11:06,1068.5,1068.8,1068.5,1068.7,445.0
S501!,14/09/2026,11:07,1068.7,1068.7,1068.4,1068.5,296.0
S501!,14/09/2026,11:08,1068.5,1068.5,1068.2,1068.3,343.0
S501!,14/09/2026,11:09,1068.2,1068.2,1067.7,1067.9,668.0
S501!,14/09/2026,11:10,1067.8,1067.9,1067.4,1067.7,793.0
S501!,14/09/2026,11:11,1067.7,1067.8,1067.3,1067.3,604.0
S501!,14/09/2026,11:12,1067.3,1067.4,1067.1,1067.2,653.0
S501!,14/09/2026,11:13,1067.2,1067.2,1067.0,1067.1,831.0
S501!,14/09/2026,11:14,1067.1,1067.1,1066.5,1066.6,754.0
S501!,14/09/2026,11:15,1066.6,1067.3,1066.6,1067.1,851.0
S501!,14/09/2026,11:16,1067.1,1067.3,1067.0,1067.2,420.0
S501!,14/09/2026,11:17,1067.1,1067.6,1067.0,1067.5,448.0
S501!,14/09/2026,11:18,1067.5,1067.7,1067.2,1067.6,549.0
S501!,14/09/2026,11:19,1067.5,1068.2,1067.5,1068.1,402.0
S501!,14/09/2026,11:20,1068.1,1068.5,1068.0,1068.3,609.0
S501!,14/09/2026,11:21,1068.4,1068.5,1067.6,1067.6,395.0
S501!,14/09/2026,11:22,1067.7,1068.0,1067.7,1067.9,447.0
S501!,14/09/2026,11:23,1067.9,1068.0,1067.7,1067.9,263.0
S501!,14/09/2026,11:24,1068.0,1068.2,1067.9,1067.9,189.0
S501!,14/09/2026,11:25,1067.9,1068.0,1067.7,1067.8,145.0
S501!,14/09/2026,11:26,1067.7,1067.8,1067.6,1067.7,287.0
S501!,14/09/2026,11:27,1067.7,1067.9,1067.6,1067.7,270.0
S501!,14/09/2026,11:28,1067.9,1067.9,1067.6,1067.6,91.0
S501!,14/09/2026,11:29,1067.6,1067.8,1067.6,1067.7,244.0
S501!,14/09/2026,11:30,1067.7,1067.7,1067.3,1067.3,341.0
S501!,14/09/2026,11:31,1067.3,1067.4,1067.2,1067.2,255.0
S501!,14/09/2026,11:32,1067.2,1067.5,1067.2,1067.4,343.0
S501!,14/09/2026,11:33,1067.3,1067.4,1067.1,1067.1,332.0
S501!,14/09/2026,11:34,1067.1,1067.3,1067.1,1067.1,258.0
S501!,14/09/2026,11:35,1067.1,1067.3,1066.9,1067.3,675.0
S501!,14/09/2026,11:36,1067.4,1067.5,1067.1,1067.1,270.0
S501!,14/09/2026,11:37,1067.1,1067.2,1067.0,1067.0,153.0
S501!,14/09/2026,11:38,1067.1,1067.4,1067.0,1067.2,435.0
S501!,14/09/2026,11:39,1067.1,1067.5,1067.1,1067.3,221.0
S501!,14/09/2026,11:40,1067.4,1067.5,1067.3,1067.3,260.0
S501!,14/09/2026,11:41,1067.3,1067.5,1067.0,1067.2,606.0
S501!,14/09/2026,11:42,1067.3,1067.8,1067.3,1067.8,336.0
S501!,14/09/2026,11:43,1067.8,1067.8,1067.1,1067.2,372.0
S501!,14/09/2026,11:44,1067.2,1067.3,1066.7,1066.7,549.0
S501!,14/09/2026,11:45,1066.7,1067.0,1066.7,1066.9,471.0
S501!,14/09/2026,11:46,1066.7,1067.0,1066.4,1066.7,893.0
S501!,14/09/2026,11:47,1066.7,1066.8,1066.4,1066.5,335.0
S501!,14/09/2026,11:48,1066.5,1067.4,1066.5,1067.1,814.0
S501!,14/09/2026,11:49,1067.0,1067.2,1067.0,1067.0,111.0
S501!,14/09/2026,11:50,1067.0,1067.2,1066.7,1067.0,538.0
S501!,14/09/2026,11:51,1067.0,1067.0,1066.8,1067.0,93.0
S501!,14/09/2026,11:52,1066.9,1067.0,1066.5,1066.8,367.0
S501!,14/09/2026,11:53,1066.7,1067.0,1066.7,1067.0,513.0
S501!,14/09/2026,11:54,1066.8,1067.0,1066.7,1066.9,283.0
S501!,14/09/2026,11:55,1066.9,1067.1,1066.8,1066.9,226.0
S501!,14/09/2026,11:56,1066.9,1067.0,1066.7,1066.7,76.0
S501!,14/09/2026,11:57,1066.7,1066.8,1066.6,1066.6,210.0
S501!,14/09/2026,11:58,1066.6,1066.6,1066.4,1066.5,356.0
S501!,14/09/2026,11:59,1066.4,1066.6,1066.3,1066.5,435.0
S501!,14/09/2026,12:00,1066.5,1066.9,1066.4,1066.9,441.0
S501!,14/09/2026,12:01,1066.9,1067.2,1066.6,1067.1,678.0
S501!,14/09/2026,12:02,1067.2,1067.2,1066.6,1066.8,220.0
S501!,14/09/2026,12:03,1066.7,1066.8,1066.6,1066.6,86.0
S501!,14/09/2026,12:04,1066.6,1066.9,1066.6,1066.8,271.0
S501!,14/09/2026,12:05,1066.8,1066.8,1066.6,1066.6,143.0
S501!,14/09/2026,12:06,1066.6,1066.6,1066.5,1066.6,336.0
S501!,14/09/2026,12:07,1066.5,1066.6,1066.4,1066.4,111.0
S501!,14/09/2026,12:08,1066.4,1066.5,1066.0,1066.1,827.0
S501!,14/09/2026,12:09,1066.1,1066.3,1066.0,1066.2,484.0
S501!,14/09/2026,12:10,1066.2,1066.2,1066.0,1066.1,210.0
S501!,14/09/2026,12:11,1066.1,1066.3,1065.8,1065.8,1235.0
S501!,14/09/2026,12:12,1065.8,1066.2,1065.8,1066.1,227.0
S501!,14/09/2026,12:13,1066.1,1066.2,1066.0,1066.2,280.0
S501!,14/09/2026,12:14,1066.3,1066.9,1066.3,1066.7,680.0
S501!,14/09/2026,12:15,1066.6,1067.1,1066.4,1066.7,351.0
S501!,14/09/2026,12:16,1066.7,1066.9,1066.4,1066.6,522.0
S501!,14/09/2026,12:17,1066.6,1066.6,1066.5,1066.5,143.0
S501!,14/09/2026,12:18,1066.5,1066.8,1066.5,1066.7,309.0
S501!,14/09/2026,12:19,1066.6,1067.3,1066.6,1067.2,516.0
S501!,14/09/2026,12:20,1067.3,1067.4,1067.2,1067.4,295.0
S501!,14/09/2026,12:21,1067.3,1067.6,1067.1,1067.1,614.0
S501!,14/09/2026,12:22,1067.1,1067.2,1067.0,1067.1,173.0
S501!,14/09/2026,12:23,1067.1,1067.2,1066.9,1067.0,309.0
S501!,14/09/2026,12:24,1066.9,1066.9,1066.7,1066.8,153.0
S501!,14/09/2026,12:25,1066.8,1067.3,1066.8,1067.2,255.0
S501!,14/09/2026,12:26,1067.2,1067.3,1067.1,1067.3,128.0
S501!,14/09/2026,12:27,1067.3,1067.5,1067.2,1067.4,234.0
S501!,14/09/2026,12:28,1067.5,1067.9,1067.4,1067.8,557.0
S501!,14/09/2026,12:29,1067.8,1068.1,1067.3,1067.5,757.0
S501!,14/09/2026,13:45,1067.6,1067.6,1066.9,1067.2,572.0
S501!,14/09/2026,13:46,1067.1,1067.5,1067.1,1067.5,305.0
S501!,14/09/2026,13:47,1067.5,1067.9,1067.5,1067.5,186.0
S501!,14/09/2026,13:48,1067.6,1067.6,1067.0,1067.0,108.0
S501!,14/09/2026,13:49,1067.1,1067.2,1067.1,1067.1,85.0
S501!,14/09/2026,13:50,1067.1,1067.6,1067.1,1067.6,215.0
S501!,14/09/2026,13:51,1067.5,1067.8,1067.5,1067.8,105.0
S501!,14/09/2026,13:52,1067.7,1067.7,1067.4,1067.7,234.0
S501!,14/09/2026,13:53,1067.6,1067.8,1067.5,1067.8,184.0
S501!,14/09/2026,13:54,1067.6,1067.9,1067.6,1067.8,217.0
S501!,14/09/2026,13:55,1067.7,1067.7,1067.4,1067.6,175.0
S501!,14/09/2026,13:56,1067.7,1067.8,1067.6,1067.7,115.0
S501!,14/09/2026,13:57,1067.6,1067.8,1067.3,1067.3,123.0
S501!,14/09/2026,13:58,1067.4,1068.0,1067.2,1068.0,433.0
S501!,14/09/2026,13:59,1067.9,1068.2,1067.8,1068.2,293.0
S501!,14/09/2026,14:00,1068.2,1068.7,1068.0,1068.5,726.0
S501!,14/09/2026,14:01,1068.5,1068.6,1068.3,1068.4,232.0
S501!,14/09/2026,14:02,1068.3,1068.3,1067.8,1067.8,397.0
S501!,14/09/2026,14:03,1067.9,1068.1,1067.8,1067.9,246.0
S501!,14/09/2026,14:04,1067.9,1068.1,1067.7,1067.9,197.0
S501!,14/09/2026,14:05,1067.9,1068.3,1067.9,1068.2,241.0
S501!,14/09/2026,14:06,1068.2,1068.4,1068.1,1068.1,280.0
S501!,14/09/2026,14:07,1068.2,1068.5,1068.1,1068.4,235.0
S501!,14/09/2026,14:08,1068.3,1068.5,1068.3,1068.4,202.0
S501!,14/09/2026,14:09,1068.4,1068.5,1068.3,1068.4,180.0
S501!,14/09/2026,14:10,1068.4,1068.5,1068.2,1068.3,186.0
S501!,14/09/2026,14:11,1068.3,1069.0,1068.3,1068.9,477.0
S501!,14/09/2026,14:12,1068.9,1069.5,1068.7,1069.0,770.0
S501!,14/09/2026,14:13,1069.0,1069.7,1069.0,1069.7,504.0
S501!,14/09/2026,14:14,1069.5,1069.6,1069.4,1069.5,314.0
S501!,14/09/2026,14:15,1069.5,1070.2,1069.5,1070.1,834.0
S501!,14/09/2026,14:16,1070.1,1070.3,1069.7,1069.7,457.0
S501!,14/09/2026,14:17,1069.7,1070.1,1069.7,1070.1,191.0
S501!,14/09/2026,14:18,1070.0,1070.2,1070.0,1070.2,202.0
S501!,14/09/2026,14:19,1070.1,1070.3,1070.1,1070.2,367.0
S501!,14/09/2026,14:20,1070.1,1070.1,1069.8,1069.9,290.0
S501!,14/09/2026,14:21,1069.8,1069.8,1069.6,1069.8,373.0
S501!,14/09/2026,14:22,1069.7,1070.0,1069.7,1070.0,214.0
S501!,14/09/2026,14:23,1069.9,1070.4,1069.8,1070.4,381.0
S501!,14/09/2026,14:24,1070.4,1070.7,1070.3,1070.4,562.0
S501!,14/09/2026,14:25,1070.5,1070.5,1069.9,1070.0,417.0
S501!,14/09/2026,14:26,1070.0,1070.2,1069.9,1070.1,383.0
S501!,14/09/2026,14:27,1070.2,1070.2,1069.5,1069.7,613.0
S501!,14/09/2026,14:28,1069.8,1069.8,1069.7,1069.8,151.0
S501!,14/09/2026,14:29,1069.8,1069.8,1069.5,1069.8,301.0
S501!,14/09/2026,14:30,1069.7,1069.8,1069.0,1069.3,650.0
S501!,14/09/2026,14:31,1069.3,1069.3,1068.9,1068.9,262.0
S501!,14/09/2026,14:32,1068.9,1069.1,1068.9,1068.9,363.0
S501!,14/09/2026,14:33,1068.9,1069.1,1068.5,1068.5,420.0
S501!,14/09/2026,14:34,1068.5,1068.9,1068.5,1068.5,207.0
S501!,14/09/2026,14:35,1068.5,1068.6,1068.4,1068.5,239.0
S501!,14/09/2026,14:36,1068.5,1068.5,1068.3,1068.4,215.0
S501!,14/09/2026,14:37,1068.3,1068.4,1068.1,1068.1,193.0
S501!,14/09/2026,14:38,1068.1,1068.2,1068.0,1068.2,215.0
S501!,14/09/2026,14:39,1068.1,1068.5,1068.1,1068.5,203.0
S501!,14/09/2026,14:40,1068.5,1068.6,1068.4,1068.4,189.0
S501!,14/09/2026,14:41,1068.5,1068.5,1068.3,1068.3,144.0
S501!,14/09/2026,14:42,1068.3,1068.6,1068.0,1068.6,329.0
S501!,14/09/2026,14:43,1068.5,1068.5,1068.2,1068.4,236.0
S501!,14/09/2026,14:44,1068.5,1068.5,1068.2,1068.2,147.0
S501!,14/09/2026,14:45,1068.2,1068.2,1068.0,1068.0,113.0
S501!,14/09/2026,14:46,1068.0,1068.0,1067.6,1067.8,443.0
S501!,14/09/2026,14:47,1067.9,1067.9,1067.7,1067.8,248.0
S501!,14/09/2026,14:48,1067.8,1068.2,1067.7,1068.0,294.0
S501!,14/09/2026,14:49,1068.0,1068.2,1067.5,1067.7,311.0
S501!,14/09/2026,14:50,1067.7,1067.8,1067.4,1067.7,341.0
S501!,14/09/2026,14:51,1067.8,1067.8,1067.5,1067.5,190.0
S501!,14/09/2026,14:52,1067.6,1067.7,1067.3,1067.3,440.0
S501!,14/09/2026,14:53,1067.3,1067.5,1067.1,1067.4,684.0
S501!,14/09/2026,14:54,1067.4,1067.8,1067.3,1067.7,243.0
S501!,14/09/2026,14:55,1067.7,1068.2,1067.7,1068.0,399.0
S501!,14/09/2026,14:56,1068.0,1068.5,1067.9,1068.2,351.0
S501!,14/09/2026,14:57,1068.3,1068.3,1068.0,1068.2,161.0
S501!,14/09/2026,14:58,1068.1,1068.6,1067.9,1068.3,396.0
S501!,14/09/2026,14:59,1068.4,1068.5,1068.4,1068.5,146.0
S501!,14/09/2026,15:00,1068.4,1068.5,1068.0,1068.1,169.0
S501!,14/09/2026,15:01,1068.1,1068.6,1068.1,1068.4,277.0
S501!,14/09/2026,15:02,1068.4,1068.8,1068.3,1068.7,312.0
S501!,14/09/2026,15:03,1068.7,1069.2,1068.7,1069.1,351.0
S501!,14/09/2026,15:04,1069.0,1069.3,1069.0,1069.3,221.0
S501!,14/09/2026,15:05,1069.3,1069.7,1069.3,1069.7,388.0
S501!,14/09/2026,15:06,1069.7,1069.8,1069.6,1069.7,110.0
S501!,14/09/2026,15:07,1069.8,1069.8,1069.6,1069.6,101.0
S501!,14/09/2026,15:08,1069.7,1070.0,1069.7,1069.9,426.0
S501!,14/09/2026,15:09,1069.8,1069.9,1069.7,1069.9,137.0
S501!,14/09/2026,15:10,1069.9,1069.9,1069.4,1069.7,174.0
S501!,14/09/2026,15:11,1069.7,1069.7,1069.1,1069.2,302.0
S501!,14/09/2026,15:12,1069.2,1069.2,1068.7,1069.0,195.0
S501!,14/09/2026,15:13,1069.0,1069.1,1068.9,1069.0,127.0
S501!,14/09/2026,15:14,1069.0,1069.3,1068.7,1069.2,211.0
S501!,14/09/2026,15:15,1069.2,1069.2,1068.7,1068.8,202.0
S501!,14/09/2026,15:16,1068.7,1069.0,1068.6,1068.7,318.0
S501!,14/09/2026,15:17,1068.8,1068.8,1068.6,1068.6,134.0
S501!,14/09/2026,15:18,1068.6,1068.6,1068.3,1068.3,143.0
S501!,14/09/2026,15:19,1068.4,1068.8,1068.3,1068.3,370.0
S501!,14/09/2026,15:20,1068.4,1068.8,1068.3,1068.8,207.0
S501!,14/09/2026,15:21,1068.8,1068.8,1068.6,1068.7,106.0
S501!,14/09/2026,15:22,1068.7,1068.7,1068.3,1068.4,195.0
S501!,14/09/2026,15:23,1068.4,1068.4,1068.3,1068.3,97.0
S501!,14/09/2026,15:24,1068.3,1068.3,1068.2,1068.3,100.0
S501!,14/09/2026,15:25,1068.2,1068.6,1068.1,1068.6,271.0
S501!,14/09/2026,15:26,1068.6,1068.9,1068.5,1068.8,298.0
S501!,14/09/2026,15:27,1068.8,1069.3,1068.8,1069.0,347.0
S501!,14/09/2026,15:28,1069.1,1069.1,1069.0,1069.0,284.0
S501!,14/09/2026,15:29,1069.0,1069.1,1068.6,1068.6,415.0
S501!,14/09/2026,15:30,1068.6,1068.7,1068.0,1068.4,473.0
S501!,14/09/2026,15:31,1068.4,1068.6,1068.0,1068.0,180.0
S501!,14/09/2026,15:32,1068.0,1068.3,1067.8,1068.2,221.0
S501!,14/09/2026,15:33,1068.1,1068.2,1068.0,1068.2,74.0
S501!,14/09/2026,15:34,1068.1,1068.3,1068.0,1068.3,177.0
S501!,14/09/2026,15:35,1068.3,1068.9,1068.3,1068.9,171.0
S501!,14/09/2026,15:36,1068.8,1068.8,1068.5,1068.5,203.0
S501!,14/09/2026,15:37,1068.5,1069.4,1068.5,1068.9,381.0
S501!,14/09/2026,15:38,1068.8,1068.9,1068.7,1068.7,48.0
S501!,14/09/2026,15:39,1068.7,1068.8,1068.5,1068.8,253.0
S501!,14/09/2026,15:40,1068.8,1069.1,1068.7,1068.9,247.0
S501!,14/09/2026,15:41,1068.9,1069.1,1068.6,1068.6,291.0
S501!,14/09/2026,15:42,1068.6,1068.8,1068.5,1068.5,100.0
S501!,14/09/2026,15:43,1068.5,1068.6,1068.5,1068.6,82.0
S501!,14/09/2026,15:44,1068.6,1068.8,1068.5,1068.8,116.0
S501!,14/09/2026,15:45,1068.7,1069.0,1068.7,1068.9,152.0
S501!,14/09/2026,15:46,1068.8,1068.9,1068.7,1068.8,126.0
S501!,14/09/2026,15:47,1068.8,1068.9,1068.5,1068.5,143.0
S501!,14/09/2026,15:48,1068.5,1068.8,1068.5,1068.5,109.0
S501!,14/09/2026,15:49,1068.4,1068.5,1068.2,1068.5,207.0
S501!,14/09/2026,15:50,1068.4,1069.2,1068.2,1069.1,371.0
S501!,14/09/2026,15:51,1069.2,1069.3,1069.0,1069.0,241.0
S501!,14/09/2026,15:52,1069.0,1069.0,1068.7,1069.0,232.0
S501!,14/09/2026,15:53,1068.9,1069.0,1068.4,1068.4,114.0
S501!,14/09/2026,15:54,1068.5,1068.7,1068.4,1068.6,333.0
S501!,14/09/2026,15:55,1068.6,1068.9,1068.6,1068.8,176.0
S501!,14/09/2026,15:56,1068.6,1068.7,1068.4,1068.5,138.0
S501!,14/09/2026,15:57,1068.6,1068.6,1068.2,1068.5,279.0
S501!,14/09/2026,15:58,1068.5,1068.8,1068.5,1068.8,88.0
S501!,14/09/2026,15:59,1068.8,1069.2,1068.8,1068.9,305.0
S501!,14/09/2026,16:00,1069.0,1069.6,1069.0,1069.4,610.0
S501!,14/09/2026,16:01,1069.5,1069.6,1069.3,1069.6,198.0
S501!,14/09/2026,16:02,1069.6,1069.7,1069.2,1069.5,194.0
S501!,14/09/2026,16:03,1069.5,1069.7,1069.4,1069.7,99.0
S501!,14/09/2026,16:04,1069.7,1069.8,1069.4,1069.5,167.0
S501!,14/09/2026,16:05,1069.5,1069.6,1069.2,1069.4,152.0
S501!,14/09/2026,16:06,1069.5,1069.7,1069.5,1069.7,157.0
S501!,14/09/2026,16:07,1069.5,1069.7,1069.4,1069.7,79.0
S501!,14/09/2026,16:08,1069.7,1070.1,1069.7,1069.9,562.0
S501!,14/09/2026,16:09,1069.9,1070.2,1069.7,1070.0,482.0
S501!,14/09/2026,16:10,1069.9,1070.2,1069.9,1070.1,279.0
S501!,14/09/2026,16:11,1070.1,1070.5,1070.0,1070.0,248.0
S501!,14/09/2026,16:12,1070.1,1070.1,1069.4,1069.9,355.0
S501!,14/09/2026,16:13,1069.8,1070.0,1069.5,1069.9,240.0
S501!,14/09/2026,16:14,1069.9,1070.0,1069.7,1069.9,69.0
S501!,14/09/2026,16:15,1069.9,1069.9,1069.4,1069.7,339.0
S501!,14/09/2026,16:16,1069.7,1069.7,1069.5,1069.7,113.0
S501!,14/09/2026,16:17,1069.6,1069.7,1069.4,1069.5,126.0
S501!,14/09/2026,16:18,1069.5,1069.6,1069.4,1069.6,83.0
S501!,14/09/2026,16:19,1069.5,1069.6,1068.8,1068.9,398.0
S501!,14/09/2026,16:20,1069.0,1069.1,1068.4,1068.5,409.0
S501!,14/09/2026,16:21,1068.5,1068.7,1067.2,1067.9,1280.0
S501!,14/09/2026,16:22,1067.8,1068.6,1067.6,1068.0,683.0
S501!,14/09/2026,16:23,1068.0,1068.1,1067.3,1067.6,366.0
S501!,14/09/2026,16:24,1067.5,1067.9,1067.5,1067.8,271.0
S501!,14/09/2026,16:25,1067.8,1068.4,1067.7,1068.2,281.0
S501!,14/09/2026,16:26,1068.3,1068.4,1068.0,1068.2,170.0
S501!,14/09/2026,16:27,1068.2,1068.5,1068.2,1068.4,127.0
S501!,14/09/2026,16:28,1068.4,1068.7,1068.4,1068.6,255.0
S501!,14/09/2026,16:29,1068.5,1068.9,1068.4,1068.6,285.0
S501!,14/09/2026,16:30,1068.6,1069.3,1068.3,1068.3,454.0
S501!,14/09/2026,16:31,1068.5,1068.8,1068.3,1068.4,222.0
S501!,14/09/2026,16:32,1068.5,1068.8,1068.4,1068.8,175.0
S501!,14/09/2026,16:33,1068.8,1069.1,1068.5,1068.5,244.0
S501!,14/09/2026,16:34,1068.7,1069.4,1068.6,1069.3,264.0
S501!,14/09/2026,16:35,1069.3,1069.6,1069.1,1069.5,447.0
S501!,14/09/2026,16:36,1069.4,1069.6,1069.3,1069.5,308.0
S501!,14/09/2026,16:37,1069.5,1069.8,1069.5,1069.7,322.0
S501!,14/09/2026,16:38,1069.8,1070.4,1069.8,1070.1,721.0
S501!,14/09/2026,16:39,1070.0,1070.2,1069.8,1070.0,257.0
S501!,14/09/2026,16:40,1069.9,1070.4,1069.9,1070.2,275.0
S501!,14/09/2026,16:41,1070.3,1070.3,1070.0,1070.2,281.0
S501!,14/09/2026,16:42,1070.2,1070.3,1070.1,1070.3,212.0
S501!,14/09/2026,16:43,1070.4,1070.4,1070.2,1070.3,307.0
S501!,14/09/2026,16:44,1070.2,1070.3,1070.1,1070.1,200.0
S501!,14/09/2026,16:45,1070.1,1070.4,1070.1,1070.3,370.0
S501!,14/09/2026,16:46,1070.3,1070.5,1070.2,1070.5,280.0
S501!,14/09/2026,16:47,1070.4,1070.5,1069.6,1069.9,433.0
S501!,14/09/2026,16:48,1069.8,1070.0,1069.7,1070.0,198.0
S501!,14/09/2026,16:49,1069.9,1070.0,1069.7,1069.7,232.0
S501!,14/09/2026,16:50,1069.8,1069.9,1069.6,1069.8,255.0
S501!,14/09/2026,16:51,1069.8,1070.0,1069.7,1070.0,248.0
S501!,14/09/2026,16:52,1069.8,1070.0,1069.8,1070.0,204.0
S501!,14/09/2026,16:53,1069.9,1070.2,1069.9,1070.2,694.0
S501!,14/09/2026,16:54,1070.2,1070.4,1070.1,1070.4,665.0
S501!,15/09/2026,09:45,1070.0,1070.7,1068.5,1070.6,2104.0
S501!,15/09/2026,09:46,1070.6,1070.7,1068.7,1070.0,1623.0
S501!,15/09/2026,09:47,1069.9,1070.0,1069.0,1069.1,784.0
S501!,15/09/2026,09:48,1069.1,1069.2,1068.4,1068.6,937.0
S501!,15/09/2026,09:49,1068.6,1068.8,1067.6,1068.7,1445.0
S501!,15/09/2026,09:50,1068.7,1069.6,1068.6,1069.2,599.0
S501!,15/09/2026,09:51,1069.3,1069.7,1068.5,1069.7,694.0
S501!,15/09/2026,09:52,1069.6,1069.9,1069.2,1069.7,793.0
S501!,15/09/2026,09:53,1069.7,1070.1,1069.5,1069.7,1035.0
S501!,15/09/2026,09:54,1069.6,1069.9,1069.1,1069.4,588.0
S501!,15/09/2026,09:55,1069.3,1069.7,1068.8,1069.3,714.0
S501!,15/09/2026,09:56,1069.3,1070.0,1069.3,1069.9,634.0
S501!,15/09/2026,09:57,1069.9,1070.2,1069.8,1070.2,616.0
S501!,15/09/2026,09:58,1070.1,1070.3,1069.9,1069.9,596.0
S501!,15/09/2026,09:59,1069.9,1070.2,1069.2,1070.0,1150.0
S501!,15/09/2026,10:00,1069.8,1071.5,1069.8,1070.9,2558.0
S501!,15/09/2026,10:01,1070.8,1072.0,1070.7,1071.4,1841.0
S501!,15/09/2026,10:02,1071.2,1072.3,1069.7,1069.8,1811.0
S501!,15/09/2026,10:03,1069.8,1069.9,1068.4,1069.5,1746.0
S501!,15/09/2026,10:04,1069.4,1070.4,1069.1,1069.2,1167.0
S501!,15/09/2026,10:05,1069.1,1069.5,1068.8,1069.0,969.0
S501!,15/09/2026,10:06,1068.9,1069.1,1067.5,1068.4,2572.0
S501!,15/09/2026,10:07,1068.2,1068.9,1067.8,1068.6,968.0
S501!,15/09/2026,10:08,1068.6,1068.7,1067.6,1068.0,856.0
S501!,15/09/2026,10:09,1067.9,1068.0,1067.2,1067.3,897.0
S501!,15/09/2026,10:10,1067.3,1067.9,1067.2,1067.5,952.0
S501!,15/09/2026,10:11,1067.5,1067.8,1067.4,1067.6,661.0
S501!,15/09/2026,10:12,1067.6,1068.0,1067.2,1067.4,867.0
S501!,15/09/2026,10:13,1067.4,1068.4,1067.3,1068.3,1119.0
S501!,15/09/2026,10:14,1068.2,1068.3,1067.6,1067.8,374.0
S501!,15/09/2026,10:15,1067.7,1067.8,1067.4,1067.8,410.0
S501!,15/09/2026,10:16,1067.7,1067.8,1067.2,1067.2,587.0
S501!,15/09/2026,10:17,1067.3,1067.3,1066.8,1066.8,1458.0
S501!,15/09/2026,10:18,1066.9,1067.1,1066.6,1066.7,1117.0
S501!,15/09/2026,10:19,1066.6,1066.7,1066.3,1066.3,965.0
S501!,15/09/2026,10:20,1066.4,1067.6,1066.3,1067.4,984.0
S501!,15/09/2026,10:21,1067.4,1067.7,1067.1,1067.5,600.0
S501!,15/09/2026,10:22,1067.5,1067.5,1066.5,1067.0,934.0
S501!,15/09/2026,10:23,1067.0,1067.4,1066.8,1067.2,351.0
S501!,15/09/2026,10:24,1067.2,1068.1,1067.1,1067.7,620.0
S501!,15/09/2026,10:25,1067.7,1067.7,1067.0,1067.0,431.0
S501!,15/09/2026,10:26,1067.0,1068.0,1066.7,1067.8,1296.0
S501!,15/09/2026,10:27,1067.9,1067.9,1067.2,1067.8,368.0
S501!,15/09/2026,10:28,1067.7,1068.6,1067.6,1068.5,846.0
S501!,15/09/2026,10:29,1068.4,1068.8,1068.4,1068.6,296.0
S501!,15/09/2026,10:30,1068.7,1069.1,1068.6,1068.6,543.0
S501!,15/09/2026,10:31,1068.5,1069.0,1068.1,1068.7,612.0
S501!,15/09/2026,10:32,1068.7,1069.1,1068.6,1069.1,379.0
S501!,15/09/2026,10:33,1069.0,1069.2,1068.5,1068.5,383.0
S501!,15/09/2026,10:34,1068.6,1068.7,1067.5,1067.7,896.0
S501!,15/09/2026,10:35,1067.7,1067.9,1066.9,1067.3,954.0
S501!,15/09/2026,10:36,1067.4,1067.5,1067.2,1067.2,252.0
S501!,15/09/2026,10:37,1067.2,1067.3,1066.9,1067.2,400.0
S501!,15/09/2026,10:38,1067.2,1067.5,1067.0,1067.0,537.0
S501!,15/09/2026,10:39,1067.1,1067.3,1067.0,1067.0,527.0
S501!,15/09/2026,10:40,1067.0,1067.4,1066.8,1067.2,652.0
S501!,15/09/2026,10:41,1067.2,1067.7,1067.2,1067.7,469.0
S501!,15/09/2026,10:42,1067.7,1067.9,1067.5,1067.8,246.0
S501!,15/09/2026,10:43,1067.9,1067.9,1067.6,1067.7,138.0
S501!,15/09/2026,10:44,1067.6,1068.0,1067.5,1067.7,332.0
S501!,15/09/2026,10:45,1067.9,1068.3,1067.8,1068.1,291.0
S501!,15/09/2026,10:46,1068.2,1068.4,1067.9,1067.9,254.0
S501!,15/09/2026,10:47,1067.9,1068.1,1067.6,1067.6,143.0
S501!,15/09/2026,10:48,1067.7,1067.7,1067.4,1067.4,78.0
S501!,15/09/2026,10:49,1067.4,1067.6,1067.4,1067.5,79.0
S501!,15/09/2026,10:50,1067.5,1067.7,1067.5,1067.5,82.0
S501!,15/09/2026,10:51,1067.5,1067.8,1067.5,1067.6,109.0
S501!,15/09/2026,10:52,1067.7,1068.4,1067.7,1068.3,264.0
S501!,15/09/2026,10:53,1068.3,1068.3,1068.1,1068.1,109.0
S501!,15/09/2026,10:54,1068.1,1068.2,1067.6,1067.8,125.0
S501!,15/09/2026,10:55,1067.7,1067.9,1067.7,1067.8,33.0
S501!,15/09/2026,10:56,1067.8,1067.8,1067.4,1067.8,246.0
S501!,15/09/2026,10:57,1067.8,1068.0,1067.7,1067.9,44.0
S501!,15/09/2026,10:58,1067.9,1067.9,1067.8,1067.8,42.0
S501!,15/09/2026,10:59,1067.8,1068.6,1067.8,1068.5,296.0
S501!,15/09/2026,11:00,1068.5,1068.6,1067.9,1068.4,497.0
S501!,15/09/2026,11:01,1068.4,1068.6,1068.4,1068.5,88.0
S501!,15/09/2026,11:02,1068.4,1069.1,1068.2,1069.1,715.0
S501!,15/09/2026,11:03,1069.0,1069.1,1068.7,1068.9,476.0
S501!,15/09/2026,11:04,1068.9,1069.5,1068.7,1069.5,645.0
S501!,15/09/2026,11:05,1069.5,1069.7,1069.3,1069.6,272.0
S501!,15/09/2026,11:06,1069.7,1069.9,1069.7,1069.8,354.0
S501!,15/09/2026,11:07,1069.8,1070.3,1069.7,1069.8,846.0
S501!,15/09/2026,11:08,1069.8,1070.3,1069.7,1070.1,322.0
S501!,15/09/2026,11:09,1070.0,1070.1,1069.7,1069.9,194.0
S501!,15/09/2026,11:10,1069.9,1070.2,1069.9,1070.1,127.0
S501!,15/09/2026,11:11,1070.2,1070.2,1070.1,1070.2,101.0
S501!,15/09/2026,11:12,1070.2,1070.3,1070.0,1070.1,229.0
S501!,15/09/2026,11:13,1070.1,1070.2,1070.0,1070.2,196.0
S501!,15/09/2026,11:14,1070.2,1070.2,1069.9,1070.0,138.0
S501!,15/09/2026,11:15,1070.0,1070.2,1069.7,1069.8,217.0
S501!,15/09/2026,11:16,1069.7,1069.8,1069.4,1069.4,271.0
S501!,15/09/2026,11:17,1069.4,1069.4,1069.1,1069.4,256.0
S501!,15/09/2026,11:18,1069.4,1069.5,1069.3,1069.4,83.0
S501!,15/09/2026,11:19,1069.5,1069.5,1069.4,1069.4,76.0
S501!,15/09/2026,11:20,1069.5,1069.5,1069.2,1069.2,91.0
S501!,15/09/2026,11:21,1069.2,1069.4,1069.0,1069.3,261.0
S501!,15/09/2026,11:22,1069.2,1069.2,1068.7,1068.8,290.0
S501!,15/09/2026,11:23,1068.7,1068.9,1068.7,1068.8,105.0
S501!,15/09/2026,11:24,1068.8,1068.8,1067.9,1068.0,577.0
S501!,15/09/2026,11:25,1067.9,1067.9,1067.6,1067.6,413.0
S501!,15/09/2026,11:26,1067.6,1067.7,1067.5,1067.6,209.0
S501!,15/09/2026,11:27,1067.6,1067.9,1067.6,1067.6,158.0
S501!,15/09/2026,11:28,1067.7,1067.8,1067.6,1067.8,116.0
S501!,15/09/2026,11:29,1067.7,1068.0,1067.7,1067.9,80.0
S501!,15/09/2026,11:30,1068.0,1068.1,1067.9,1068.0,89.0
S501!,15/09/2026,11:31,1068.0,1068.4,1067.9,1068.4,107.0
S501!,15/09/2026,11:32,1068.3,1068.6,1068.3,1068.5,90.0
S501!,15/09/2026,11:33,1068.6,1068.7,1068.5,1068.6,45.0
S501!,15/09/2026,11:34,1068.6,1068.7,1068.4,1068.7,94.0
S501!,15/09/2026,11:35,1068.8,1069.2,1068.7,1068.9,467.0
S501!,15/09/2026,11:36,1068.8,1068.9,1068.6,1068.7,111.0
S501!,15/09/2026,11:37,1068.7,1068.8,1068.6,1068.7,45.0
S501!,15/09/2026,11:38,1068.7,1069.2,1068.4,1069.0,459.0
S501!,15/09/2026,11:39,1069.0,1069.0,1068.7,1068.9,171.0
S501!,15/09/2026,11:40,1068.9,1069.2,1068.9,1069.2,193.0
S501!,15/09/2026,11:41,1069.2,1069.8,1069.2,1069.8,294.0
S501!,15/09/2026,11:42,1069.9,1070.5,1069.8,1070.3,960.0
S501!,15/09/2026,11:43,1070.4,1070.9,1070.3,1070.7,567.0
S501!,15/09/2026,11:44,1070.7,1071.0,1070.7,1070.8,363.0
S501!,15/09/2026,11:45,1070.9,1071.3,1070.5,1070.8,585.0
S501!,15/09/2026,11:46,1070.9,1070.9,1070.1,1070.2,357.0
S501!,15/09/2026,11:47,1070.2,1070.8,1070.1,1070.7,319.0
S501!,15/09/2026,11:48,1070.8,1071.5,1070.7,1071.5,589.0
S501!,15/09/2026,11:49,1071.5,1071.6,1071.0,1071.1,378.0
S501!,15/09/2026,11:50,1071.1,1071.2,1070.8,1070.8,245.0
S501!,15/09/2026,11:51,1070.7,1070.8,1070.2,1070.6,276.0
S501!,15/09/2026,11:52,1070.5,1070.8,1070.4,1070.6,177.0
S501!,15/09/2026,11:53,1070.6,1071.5,1070.5,1071.3,501.0
S501!,15/09/2026,11:54,1071.3,1071.5,1071.2,1071.4,300.0
S501!,15/09/2026,11:55,1071.4,1071.6,1071.2,1071.2,343.0
S501!,15/09/2026,11:56,1071.2,1071.2,1070.7,1070.9,73.0
S501!,15/09/2026,11:57,1070.8,1071.1,1070.7,1070.9,267.0
S501!,15/09/2026,11:58,1070.9,1070.9,1070.4,1070.8,214.0
S501!,15/09/2026,11:59,1070.7,1070.7,1070.3,1070.4,160.0
S501!,15/09/2026,12:00,1070.5,1070.6,1070.2,1070.5,171.0
S501!,15/09/2026,12:01,1070.5,1070.9,1070.5,1070.8,217.0
S501!,15/09/2026,12:02,1070.8,1071.0,1070.6,1070.6,166.0
S501!,15/09/2026,12:03,1070.7,1070.7,1070.5,1070.7,46.0
S501!,15/09/2026,12:04,1070.7,1070.9,1070.6,1070.9,44.0
S501!,15/09/2026,12:05,1071.0,1071.1,1070.9,1071.0,158.0
S501!,15/09/2026,12:06,1071.0,1071.1,1070.4,1070.5,169.0
S501!,15/09/2026,12:07,1070.4,1070.6,1070.4,1070.6,89.0
S501!,15/09/2026,12:08,1070.6,1070.7,1070.5,1070.5,113.0
S501!,15/09/2026,12:09,1070.4,1070.7,1070.4,1070.6,75.0
S501!,15/09/2026,12:10,1070.5,1070.5,1070.3,1070.4,190.0
S501!,15/09/2026,12:11,1070.3,1070.8,1070.3,1070.6,177.0
S501!,15/09/2026,12:12,1070.4,1070.8,1070.4,1070.7,141.0
S501!,15/09/2026,12:13,1070.7,1070.8,1070.3,1070.3,188.0
S501!,15/09/2026,12:14,1070.2,1070.3,1070.0,1070.2,362.0
S501!,15/09/2026,12:15,1070.2,1070.3,1069.7,1069.7,319.0
S501!,15/09/2026,12:16,1069.8,1070.0,1069.3,1069.4,772.0
S501!,15/09/2026,12:17,1069.4,1069.5,1069.3,1069.4,144.0
S501!,15/09/2026,12:18,1069.4,1069.5,1069.3,1069.4,217.0
S501!,15/09/2026,12:19,1069.4,1069.5,1069.3,1069.5,146.0
S501!,15/09/2026,12:20,1069.5,1069.6,1069.2,1069.3,285.0
S501!,15/09/2026,12:21,1069.3,1069.3,1068.8,1068.9,405.0
S501!,15/09/2026,12:22,1069.0,1069.3,1068.9,1069.1,147.0
S501!,15/09/2026,12:23,1069.2,1069.2,1068.7,1068.8,299.0
S501!,15/09/2026,12:24,1068.7,1069.1,1068.7,1068.9,97.0
S501!,15/09/2026,12:25,1069.0,1069.1,1068.9,1069.1,44.0
S501!,15/09/2026,12:26,1069.0,1069.0,1068.7,1068.8,125.0
S501!,15/09/2026,12:27,1068.7,1068.9,1068.6,1068.9,167.0
S501!,15/09/2026,12:28,1068.8,1069.4,1068.8,1069.3,187.0
S501!,15/09/2026,12:29,1069.2,1069.4,1069.2,1069.2,56.0
S501!,15/09/2026,13:45,1069.1,1069.8,1069.1,1069.8,313.0
S501!,15/09/2026,13:46,1069.7,1069.8,1069.6,1069.8,81.0
S501!,15/09/2026,13:47,1069.8,1069.8,1069.7,1069.7,32.0
S501!,15/09/2026,13:48,1069.8,1070.0,1069.6,1069.6,106.0
S501!,15/09/2026,13:49,1069.6,1069.8,1069.6,1069.8,41.0
S501!,15/09/2026,13:50,1069.7,1070.0,1069.7,1069.9,49.0
S501!,15/09/2026,13:51,1069.9,1070.1,1069.9,1070.1,131.0
S501!,15/09/2026,13:52,1070.1,1070.1,1069.9,1070.1,62.0
S501!,15/09/2026,13:53,1069.8,1069.9,1069.8,1069.8,25.0
S501!,15/09/2026,13:54,1069.8,1070.3,1069.7,1070.1,275.0
S501!,15/09/2026,13:55,1070.2,1070.4,1070.1,1070.3,245.0
S501!,15/09/2026,13:56,1070.2,1070.3,1069.9,1069.9,255.0
S501!,15/09/2026,13:57,1070.0,1070.1,1069.7,1070.1,159.0
S501!,15/09/2026,13:58,1070.0,1070.2,1070.0,1070.0,75.0
S501!,15/09/2026,13:59,1070.0,1070.2,1070.0,1070.2,56.0
S501!,15/09/2026,14:00,1070.2,1070.4,1069.8,1070.2,255.0
S501!,15/09/2026,14:01,1070.4,1070.5,1069.8,1069.9,213.0
S501!,15/09/2026,14:02,1069.8,1069.9,1069.6,1069.7,153.0
S501!,15/09/2026,14:03,1069.7,1069.7,1069.0,1069.2,245.0
S501!,15/09/2026,14:04,1069.2,1069.6,1069.1,1069.5,170.0
S501!,15/09/2026,14:05,1069.6,1070.0,1069.6,1070.0,149.0
S501!,15/09/2026,14:06,1069.9,1069.9,1069.7,1069.7,150.0
S501!,15/09/2026,14:07,1069.7,1069.7,1069.6,1069.6,48.0
S501!,15/09/2026,14:08,1069.7,1070.2,1069.6,1069.6,284.0
S501!,15/09/2026,14:09,1069.6,1069.9,1069.4,1069.8,87.0
S501!,15/09/2026,14:10,1069.9,1070.3,1069.7,1070.0,199.0
S501!,15/09/2026,14:11,1070.1,1070.1,1069.5,1069.5,103.0
S501!,15/09/2026,14:12,1069.6,1069.7,1069.6,1069.7,49.0
S501!,15/09/2026,14:13,1069.8,1070.1,1069.8,1069.9,246.0
S501!,15/09/2026,14:14,1069.8,1069.8,1069.3,1069.4,142.0
S501!,15/09/2026,14:15,1069.4,1069.7,1069.3,1069.5,101.0
S501!,15/09/2026,14:16,1069.5,1069.8,1069.5,1069.8,74.0
S501!,15/09/2026,14:17,1069.8,1069.9,1069.7,1069.9,76.0
S501!,15/09/2026,14:18,1069.8,1069.9,1069.7,1069.9,64.0
S501!,15/09/2026,14:19,1069.8,1070.2,1069.8,1070.2,165.0
S501!,15/09/2026,14:20,1070.2,1070.2,1069.6,1069.6,118.0
S501!,15/09/2026,14:21,1069.6,1069.6,1069.5,1069.6,68.0
S501!,15/09/2026,14:22,1069.7,1070.3,1069.7,1070.1,238.0
S501!,15/09/2026,14:23,1070.1,1070.4,1070.0,1070.3,273.0
S501!,15/09/2026,14:24,1070.4,1070.8,1070.3,1070.6,393.0
S501!,15/09/2026,14:25,1070.6,1071.0,1070.5,1070.5,432.0
S501!,15/09/2026,14:26,1070.6,1070.8,1070.5,1070.6,136.0
S501!,15/09/2026,14:27,1070.5,1070.6,1070.3,1070.5,125.0
S501!,15/09/2026,14:28,1070.5,1070.5,1070.2,1070.2,65.0
S501!,15/09/2026,14:29,1070.3,1070.7,1070.3,1070.6,156.0
S501!,15/09/2026,14:30,1070.6,1070.7,1070.2,1070.2,123.0
S501!,15/09/2026,14:31,1070.2,1070.4,1070.2,1070.3,117.0
S501!,15/09/2026,14:32,1070.3,1070.4,1070.0,1070.1,166.0
S501!,15/09/2026,14:33,1070.2,1070.3,1070.1,1070.1,257.0
S501!,15/09/2026,14:34,1070.0,1070.0,1069.9,1069.9,195.0
S501!,15/09/2026,14:35,1069.9,1070.1,1069.9,1070.1,275.0
S501!,15/09/2026,14:36,1070.1,1070.1,1069.7,1069.7,167.0
S501!,15/09/2026,14:37,1069.7,1070.0,1069.7,1070.0,50.0
S501!,15/09/2026,14:38,1070.0,1070.0,1069.8,1069.9,74.0
S501!,15/09/2026,14:39,1069.8,1069.9,1069.8,1069.9,37.0
S501!,15/09/2026,14:40,1069.9,1070.0,1069.6,1069.6,123.0
S501!,15/09/2026,14:41,1069.7,1069.7,1069.1,1069.1,275.0
S501!,15/09/2026,14:42,1069.1,1069.2,1068.9,1069.1,299.0
S501!,15/09/2026,14:43,1069.2,1069.4,1069.2,1069.3,153.0
S501!,15/09/2026,14:44,1069.4,1069.4,1069.2,1069.3,153.0
S501!,15/09/2026,14:45,1069.3,1069.4,1069.2,1069.3,312.0
S501!,15/09/2026,14:46,1069.4,1069.5,1069.2,1069.2,166.0
S501!,15/09/2026,14:47,1069.3,1069.7,1069.3,1069.6,183.0
S501!,15/09/2026,14:48,1069.5,1069.7,1069.5,1069.7,89.0
S501!,15/09/2026,14:49,1069.7,1069.8,1069.5,1069.5,83.0
S501!,15/09/2026,14:50,1069.6,1070.0,1069.6,1069.7,256.0
S501!,15/09/2026,14:51,1069.7,1069.7,1069.5,1069.5,81.0
S501!,15/09/2026,14:52,1069.5,1069.7,1069.4,1069.7,107.0
S501!,15/09/2026,14:53,1069.7,1069.8,1069.6,1069.8,28.0
S501!,15/09/2026,14:54,1069.8,1069.8,1069.7,1069.7,37.0
S501!,15/09/2026,14:55,1069.7,1069.7,1069.6,1069.7,102.0
S501!,15/09/2026,14:56,1069.8,1070.0,1069.8,1069.9,91.0
S501!,15/09/2026,14:57,1069.9,1070.3,1069.9,1070.2,309.0
S501!,15/09/2026,14:58,1070.1,1070.1,1070.0,1070.1,79.0
S501!,15/09/2026,14:59,1070.0,1070.3,1070.0,1070.0,164.0
S501!,15/09/2026,15:00,1070.0,1070.1,1069.5,1069.6,178.0
S501!,15/09/2026,15:01,1069.5,1069.5,1068.9,1069.0,406.0
S501!,15/09/2026,15:02,1069.0,1069.4,1069.0,1069.3,347.0
S501!,15/09/2026,15:03,1069.3,1069.4,1069.1,1069.4,101.0
S501!,15/09/2026,15:04,1069.4,1069.6,1069.4,1069.5,49.0
S501!,15/09/2026,15:05,1069.6,1069.6,1069.4,1069.4,111.0
S501!,15/09/2026,15:06,1069.5,1069.5,1069.4,1069.5,36.0
S501!,15/09/2026,15:07,1069.4,1069.6,1069.3,1069.3,131.0
S501!,15/09/2026,15:08,1069.3,1069.3,1068.8,1068.9,321.0
S501!,15/09/2026,15:09,1068.8,1068.9,1068.7,1068.7,202.0
S501!,15/09/2026,15:10,1068.7,1068.7,1068.3,1068.5,540.0
S501!,15/09/2026,15:11,1068.5,1068.7,1068.4,1068.7,84.0
S501!,15/09/2026,15:12,1068.7,1068.8,1068.5,1068.6,186.0
S501!,15/09/2026,15:13,1068.5,1068.9,1068.4,1068.4,245.0
S501!,15/09/2026,15:14,1068.4,1068.9,1068.4,1068.8,259.0
S501!,15/09/2026,15:15,1068.8,1069.4,1068.8,1069.3,252.0
S501!,15/09/2026,15:16,1069.3,1069.4,1069.2,1069.3,141.0
S501!,15/09/2026,15:17,1069.3,1069.3,1069.2,1069.3,24.0
S501!,15/09/2026,15:18,1069.3,1069.5,1069.3,1069.5,173.0
S501!,15/09/2026,15:19,1069.5,1069.6,1069.3,1069.5,148.0
S501!,15/09/2026,15:20,1069.5,1069.8,1069.5,1069.6,190.0
S501!,15/09/2026,15:21,1069.7,1069.9,1069.7,1069.9,152.0
S501!,15/09/2026,15:22,1069.8,1069.9,1069.7,1069.9,127.0
S501!,15/09/2026,15:23,1069.9,1070.0,1069.9,1070.0,143.0
S501!,15/09/2026,15:24,1070.0,1070.0,1069.8,1069.8,123.0
S501!,15/09/2026,15:25,1069.8,1069.9,1069.8,1069.9,46.0
S501!,15/09/2026,15:26,1069.9,1070.1,1069.8,1069.9,369.0
S501!,15/09/2026,15:27,1069.9,1070.0,1069.9,1070.0,127.0
S501!,15/09/2026,15:28,1070.0,1070.0,1069.7,1070.0,182.0
S501!,15/09/2026,15:29,1069.9,1070.0,1069.7,1070.0,195.0
S501!,15/09/2026,15:30,1070.0,1070.0,1069.7,1069.9,262.0
S501!,15/09/2026,15:31,1069.9,1070.1,1069.7,1070.0,249.0
S501!,15/09/2026,15:32,1070.0,1070.0,1069.9,1070.0,31.0
S501!,15/09/2026,15:33,1069.9,1069.9,1069.8,1069.8,12.0
S501!,15/09/2026,15:34,1069.8,1069.9,1069.6,1069.7,142.0
S501!,15/09/2026,15:35,1069.7,1070.1,1069.7,1070.1,86.0
S501!,15/09/2026,15:36,1070.1,1070.1,1069.9,1069.9,42.0
S501!,15/09/2026,15:37,1070.0,1070.0,1069.9,1069.9,68.0
S501!,15/09/2026,15:38,1069.9,1070.2,1069.8,1069.8,197.0
S501!,15/09/2026,15:39,1069.8,1069.8,1069.7,1069.8,20.0
S501!,15/09/2026,15:40,1069.8,1069.8,1069.1,1069.2,178.0
S501!,15/09/2026,15:41,1069.2,1069.4,1068.7,1068.9,345.0
S501!,15/09/2026,15:42,1068.8,1069.1,1068.7,1069.0,184.0
S501!,15/09/2026,15:43,1069.1,1069.2,1069.0,1069.2,246.0
S501!,15/09/2026,15:44,1069.2,1069.2,1068.9,1068.9,166.0
S501!,15/09/2026,15:45,1068.9,1069.0,1068.8,1068.9,66.0
S501!,15/09/2026,15:46,1068.9,1069.3,1068.9,1069.3,184.0
S501!,15/09/2026,15:47,1069.4,1069.5,1069.1,1069.1,177.0
S501!,15/09/2026,15:48,1069.3,1069.6,1069.3,1069.4,181.0
S501!,15/09/2026,15:49,1069.6,1069.6,1069.4,1069.4,15.0
S501!,15/09/2026,15:50,1069.5,1069.8,1069.4,1069.8,176.0
S501!,15/09/2026,15:51,1069.7,1069.7,1069.6,1069.7,100.0
S501!,15/09/2026,15:52,1069.7,1069.8,1069.6,1069.8,79.0
S501!,15/09/2026,15:53,1069.7,1069.7,1069.6,1069.6,23.0
S501!,15/09/2026,15:54,1069.7,1069.9,1069.6,1069.7,57.0
S501!,15/09/2026,15:55,1069.7,1069.7,1069.5,1069.5,108.0
S501!,15/09/2026,15:56,1069.4,1069.6,1069.4,1069.6,139.0
S501!,15/09/2026,15:57,1069.6,1069.8,1069.5,1069.6,121.0
S501!,15/09/2026,15:58,1069.6,1069.7,1069.5,1069.7,31.0
S501!,15/09/2026,15:59,1069.6,1069.7,1069.5,1069.6,53.0
S501!,15/09/2026,16:00,1069.6,1069.6,1069.5,1069.5,42.0
S501!,15/09/2026,16:01,1069.5,1069.5,1069.2,1069.5,184.0
S501!,15/09/2026,16:02,1069.4,1069.4,1069.1,1069.1,132.0
S501!,15/09/2026,16:03,1069.2,1069.6,1069.1,1069.5,102.0
S501!,15/09/2026,16:04,1069.5,1069.8,1069.5,1069.7,98.0
S501!,15/09/2026,16:05,1069.7,1069.8,1069.7,1069.8,223.0
S501!,15/09/2026,16:06,1069.9,1070.0,1069.8,1069.9,77.0
S501!,15/09/2026,16:07,1069.8,1069.9,1069.5,1069.7,51.0
S501!,15/09/2026,16:08,1069.5,1069.8,1069.5,1069.8,99.0
S501!,15/09/2026,16:09,1069.9,1070.0,1069.6,1069.6,182.0
S501!,15/09/2026,16:10,1069.7,1069.7,1068.7,1068.8,410.0
S501!,15/09/2026,16:11,1068.8,1069.3,1068.8,1069.2,554.0
S501!,15/09/2026,16:12,1069.2,1069.4,1069.0,1069.1,448.0
S501!,15/09/2026,16:13,1069.1,1069.1,1068.8,1068.8,206.0
S501!,15/09/2026,16:14,1068.9,1069.2,1068.9,1069.1,282.0
S501!,15/09/2026,16:15,1069.2,1069.2,1068.9,1069.2,228.0
S501!,15/09/2026,16:16,1069.2,1069.2,1069.0,1069.1,120.0
S501!,15/09/2026,16:17,1069.1,1069.2,1069.0,1069.0,167.0
S501!,15/09/2026,16:18,1068.9,1069.0,1068.8,1068.9,255.0
S501!,15/09/2026,16:19,1068.9,1069.1,1068.9,1068.9,198.0
S501!,15/09/2026,16:20,1068.8,1069.1,1068.7,1069.1,431.0
S501!,15/09/2026,16:21,1069.1,1069.3,1068.9,1069.0,396.0
S501!,15/09/2026,16:22,1068.9,1069.0,1068.8,1068.8,213.0
S501!,15/09/2026,16:23,1068.7,1069.2,1068.6,1068.9,393.0
S501!,15/09/2026,16:24,1068.9,1069.1,1068.8,1069.0,256.0
S501!,15/09/2026,16:25,1069.1,1069.2,1068.8,1068.9,291.0
S501!,15/09/2026,16:26,1068.9,1069.0,1068.8,1068.9,330.0
S501!,15/09/2026,16:27,1069.0,1069.3,1068.9,1069.2,313.0
S501!,15/09/2026,16:28,1069.2,1069.4,1069.1,1069.1,131.0
S501!,15/09/2026,16:29,1069.1,1069.5,1069.0,1069.3,411.0
S501!,15/09/2026,16:30,1069.3,1069.4,1069.2,1069.3,69.0
S501!,15/09/2026,16:31,1069.4,1069.5,1069.3,1069.4,105.0
S501!,15/09/2026,16:32,1069.3,1069.5,1069.2,1069.2,141.0
S501!,15/09/2026,16:33,1069.2,1069.4,1069.2,1069.4,56.0
S501!,15/09/2026,16:34,1069.3,1069.7,1069.3,1069.7,289.0
S501!,15/09/2026,16:35,1069.7,1070.2,1069.6,1070.0,736.0
S501!,15/09/2026,16:36,1070.0,1070.3,1069.9,1070.1,331.0
S501!,15/09/2026,16:37,1070.1,1070.4,1070.0,1070.0,462.0
S501!,15/09/2026,16:38,1070.2,1070.4,1069.9,1070.1,353.0
S501!,15/09/2026,16:39,1070.0,1070.4,1070.0,1070.1,438.0
S501!,15/09/2026,16:40,1070.2,1070.4,1070.1,1070.2,206.0
S501!,15/09/2026,16:41,1070.2,1070.3,1070.0,1070.0,287.0
S501!,15/09/2026,16:42,1070.2,1070.3,1070.1,1070.3,155.0
S501!,15/09/2026,16:43,1070.3,1070.4,1070.1,1070.3,266.0
S501!,15/09/2026,16:44,1070.2,1070.2,1069.9,1070.1,216.0
S501!,15/09/2026,16:45,1070.1,1070.4,1070.1,1070.3,329.0
S501!,15/09/2026,16:46,1070.3,1070.4,1070.3,1070.4,147.0
S501!,15/09/2026,16:47,1070.4,1070.4,1070.2,1070.2,183.0
S501!,15/09/2026,16:48,1070.2,1070.4,1070.2,1070.4,279.0
S501!,15/09/2026,16:49,1070.4,1070.4,1069.9,1070.1,348.0
S501!,15/09/2026,16:50,1069.9,1070.4,1069.8,1070.3,162.0
S501!,15/09/2026,16:51,1070.4,1070.5,1070.2,1070.3,389.0
S501!,15/09/2026,16:52,1070.5,1070.6,1070.3,1070.5,234.0
S501!,15/09/2026,16:53,1070.6,1070.6,1070.3,1070.4,213.0
S501!,15/09/2026,16:54,1070.4,1070.7,1070.4,1070.7,637.0
S501!,16/09/2026,09:45,1071.8,1072.3,1071.3,1072.1,2401.0
S501!,16/09/2026,09:46,1072.1,1072.2,1071.2,1071.3,847.0
S501!,16/09/2026,09:47,1071.4,1071.9,1071.2,1071.5,377.0
S501!,16/09/2026,09:48,1071.5,1071.9,1071.4,1071.8,262.0
S501!,16/09/2026,09:49,1071.8,1072.2,1071.6,1072.0,542.0
S501!,16/09/2026,09:50,1072.1,1072.7,1072.0,1072.6,1646.0
S501!,16/09/2026,09:51,1072.6,1072.7,1071.7,1071.8,960.0
S501!,16/09/2026,09:52,1071.8,1071.9,1071.0,1071.3,637.0
S501!,16/09/2026,09:53,1071.3,1071.4,1070.9,1071.1,441.0
S501!,16/09/2026,09:54,1071.0,1071.4,1071.0,1071.2,407.0
S501!,16/09/2026,09:55,1071.1,1071.2,1070.5,1071.0,884.0
S501!,16/09/2026,09:56,1071.0,1071.5,1071.0,1071.4,933.0
S501!,16/09/2026,09:57,1071.3,1072.4,1070.5,1072.0,1264.0
S501!,16/09/2026,09:58,1072.1,1072.1,1071.3,1071.3,996.0
S501!,16/09/2026,09:59,1071.2,1071.4,1070.7,1070.7,1113.0
S501!,16/09/2026,10:00,1070.6,1072.3,1070.5,1071.0,2663.0
S501!,16/09/2026,10:01,1071.0,1072.2,1071.0,1072.1,2554.0
S501!,16/09/2026,10:02,1072.0,1072.5,1071.5,1071.8,2013.0
S501!,16/09/2026,10:03,1071.8,1071.9,1071.5,1071.9,485.0
S501!,16/09/2026,10:04,1071.8,1071.8,1070.5,1070.5,1079.0
S501!,16/09/2026,10:05,1070.5,1070.7,1070.3,1070.4,1529.0
S501!,16/09/2026,10:06,1070.4,1070.9,1069.3,1069.3,1683.0
S501!,16/09/2026,10:07,1069.3,1069.4,1067.9,1068.4,2905.0
S501!,16/09/2026,10:08,1068.3,1068.3,1067.1,1067.1,1528.0
S501!,16/09/2026,10:09,1067.2,1067.3,1066.3,1066.3,1429.0
S501!,16/09/2026,10:10,1066.4,1066.4,1065.3,1065.8,2946.0
S501!,16/09/2026,10:11,1065.7,1067.8,1065.0,1066.6,2608.0
S501!,16/09/2026,10:12,1066.5,1066.6,1065.8,1066.0,1008.0
S501!,16/09/2026,10:13,1065.9,1066.0,1065.6,1065.6,808.0
S501!,16/09/2026,10:14,1065.7,1065.7,1065.2,1065.3,929.0
S501!,16/09/2026,10:15,1065.3,1065.5,1064.7,1065.4,1546.0
S501!,16/09/2026,10:16,1065.4,1065.5,1064.9,1064.9,1015.0
S501!,16/09/2026,10:17,1065.0,1065.0,1064.6,1064.7,678.0
S501!,16/09/2026,10:18,1064.6,1064.8,1064.5,1064.6,475.0
S501!,16/09/2026,10:19,1064.6,1064.8,1064.5,1064.8,394.0
S501!,16/09/2026,10:20,1064.7,1064.7,1064.4,1064.4,848.0
S501!,16/09/2026,10:21,1064.4,1064.4,1064.0,1064.0,1729.0
S501!,16/09/2026,10:22,1063.9,1064.0,1063.6,1063.6,644.0
S501!,16/09/2026,10:23,1063.7,1064.0,1063.6,1063.8,756.0
S501!,16/09/2026,10:24,1063.7,1063.9,1063.6,1063.9,523.0
S501!,16/09/2026,10:25,1063.8,1065.2,1063.8,1065.2,1113.0
S501!,16/09/2026,10:26,1065.1,1065.7,1064.6,1065.7,759.0
S501!,16/09/2026,10:27,1065.7,1066.1,1065.4,1065.6,695.0
S501!,16/09/2026,10:28,1065.5,1065.5,1064.6,1064.6,561.0
S501!,16/09/2026,10:29,1064.6,1064.8,1064.5,1064.5,352.0
S501!,16/09/2026,10:30,1064.5,1065.0,1064.4,1064.9,593.0
S501!,16/09/2026,10:31,1064.8,1064.9,1064.5,1064.9,480.0
S501!,16/09/2026,10:32,1064.9,1065.3,1064.6,1065.3,416.0
S501!,16/09/2026,10:33,1065.2,1065.3,1064.8,1064.9,322.0
S501!,16/09/2026,10:34,1064.8,1064.8,1064.6,1064.7,409.0
S501!,16/09/2026,10:35,1064.7,1064.8,1064.6,1064.8,300.0
S501!,16/09/2026,10:36,1064.8,1065.4,1064.7,1065.2,709.0
S501!,16/09/2026,10:37,1065.2,1065.3,1065.0,1065.2,318.0
S501!,16/09/2026,10:38,1065.2,1065.6,1065.2,1065.5,254.0
S501!,16/09/2026,10:39,1065.4,1065.5,1064.8,1064.9,294.0
S501!,16/09/2026,10:40,1064.9,1065.7,1064.9,1065.5,478.0
S501!,16/09/2026,10:41,1065.4,1066.2,1065.2,1065.7,829.0
S501!,16/09/2026,10:42,1065.6,1066.1,1065.6,1066.1,270.0
S501!,16/09/2026,10:43,1066.1,1066.1,1065.4,1065.5,482.0
S501!,16/09/2026,10:44,1065.4,1065.8,1065.4,1065.7,354.0
S501!,16/09/2026,10:45,1065.7,1066.0,1065.2,1065.5,369.0
S501!,16/09/2026,10:46,1065.5,1066.0,1065.5,1065.7,271.0
S501!,16/09/2026,10:47,1065.7,1065.9,1065.6,1065.7,155.0
S501!,16/09/2026,10:48,1065.7,1065.7,1065.1,1065.2,279.0
S501!,16/09/2026,10:49,1065.2,1065.3,1064.8,1064.9,234.0
S501!,16/09/2026,10:50,1065.0,1065.0,1064.7,1064.8,272.0
S501!,16/09/2026,10:51,1064.8,1064.9,1064.6,1064.6,224.0
S501!,16/09/2026,10:52,1064.6,1065.2,1064.5,1064.7,570.0
S501!,16/09/2026,10:53,1064.6,1064.8,1064.1,1064.1,567.0
S501!,16/09/2026,10:54,1064.2,1064.2,1063.8,1063.8,646.0
S501!,16/09/2026,10:55,1063.8,1064.1,1063.8,1064.0,544.0
S501!,16/09/2026,10:56,1063.9,1064.7,1063.9,1064.4,457.0
S501!,16/09/2026,10:57,1064.4,1065.1,1064.4,1064.8,440.0
S501!,16/09/2026,10:58,1064.8,1064.9,1064.2,1064.2,263.0
S501!,16/09/2026,10:59,1064.2,1064.3,1063.8,1064.0,412.0
S501!,16/09/2026,11:00,1063.9,1064.2,1063.7,1064.1,338.0
S501!,16/09/2026,11:01,1064.2,1064.4,1064.1,1064.2,185.0
S501!,16/09/2026,11:02,1064.3,1064.7,1064.0,1064.4,433.0
S501!,16/09/2026,11:03,1064.4,1064.4,1064.0,1064.0,209.0
S501!,16/09/2026,11:04,1064.0,1064.1,1063.5,1063.7,568.0
S501!,16/09/2026,11:05,1063.6,1063.6,1063.1,1063.1,1000.0
S501!,16/09/2026,11:06,1063.1,1063.2,1062.9,1062.9,684.0
S501!,16/09/2026,11:07,1062.9,1063.0,1062.8,1062.8,243.0
S501!,16/09/2026,11:08,1062.9,1063.0,1062.7,1063.0,304.0
S501!,16/09/2026,11:09,1063.0,1063.3,1062.9,1063.2,235.0
S501!,16/09/2026,11:10,1063.2,1063.2,1063.0,1063.0,539.0
S501!,16/09/2026,11:11,1063.0,1063.0,1062.7,1062.8,657.0
S501!,16/09/2026,11:12,1062.8,1062.8,1062.4,1062.4,385.0
S501!,16/09/2026,11:13,1062.4,1062.5,1062.1,1062.1,681.0
S501!,16/09/2026,11:14,1062.1,1062.4,1061.9,1062.4,769.0
S501!,16/09/2026,11:15,1062.4,1062.8,1062.2,1062.5,313.0
S501!,16/09/2026,11:16,1062.5,1062.8,1062.4,1062.6,308.0
S501!,16/09/2026,11:17,1062.6,1062.7,1062.4,1062.5,705.0
S501!,16/09/2026,11:18,1062.4,1062.5,1062.3,1062.4,189.0
S501!,16/09/2026,11:19,1062.4,1062.5,1062.1,1062.1,233.0
S501!,16/09/2026,11:20,1062.1,1062.2,1061.9,1062.1,484.0
S501!,16/09/2026,11:21,1062.1,1062.4,1062.0,1062.3,265.0
S501!,16/09/2026,11:22,1062.3,1062.3,1062.0,1062.1,342.0
S501!,16/09/2026,11:23,1062.0,1062.4,1062.0,1062.0,394.0
S501!,16/09/2026,11:24,1062.1,1062.5,1062.1,1062.4,117.0
S501!,16/09/2026,11:25,1062.3,1062.4,1062.1,1062.2,238.0
S501!,16/09/2026,11:26,1062.2,1062.2,1061.5,1061.6,539.0
S501!,16/09/2026,11:27,1061.6,1062.0,1061.3,1061.9,521.0
S501!,16/09/2026,11:28,1062.0,1062.2,1061.4,1061.5,305.0
S501!,16/09/2026,11:29,1061.4,1061.6,1061.2,1061.3,550.0
S501!,16/09/2026,11:30,1061.4,1061.7,1061.3,1061.5,198.0
S501!,16/09/2026,11:31,1061.6,1061.7,1061.3,1061.4,170.0
S501!,16/09/2026,11:32,1061.4,1062.3,1061.4,1062.3,405.0
S501!,16/09/2026,11:33,1062.2,1062.8,1062.1,1062.7,473.0
S501!,16/09/2026,11:34,1062.6,1062.9,1062.4,1062.9,353.0
S501!,16/09/2026,11:35,1062.8,1062.9,1061.7,1061.9,384.0
S501!,16/09/2026,11:36,1061.8,1061.8,1061.5,1061.6,347.0
S501!,16/09/2026,11:37,1061.6,1062.1,1061.6,1062.1,407.0
S501!,16/09/2026,11:38,1062.2,1062.2,1061.7,1061.8,173.0
S501!,16/09/2026,11:39,1061.8,1062.2,1061.8,1062.2,116.0
S501!,16/09/2026,11:40,1062.2,1062.5,1062.1,1062.2,293.0
S501!,16/09/2026,11:41,1062.1,1062.8,1062.0,1062.8,300.0
S501!,16/09/2026,11:42,1062.8,1062.8,1062.6,1062.6,70.0
S501!,16/09/2026,11:43,1062.6,1062.7,1062.2,1062.3,286.0
S501!,16/09/2026,11:44,1062.3,1062.7,1062.2,1062.6,205.0
S501!,16/09/2026,11:45,1062.6,1062.8,1062.5,1062.5,123.0
S501!,16/09/2026,11:46,1062.5,1062.7,1062.5,1062.5,137.0
S501!,16/09/2026,11:47,1062.5,1062.6,1061.9,1062.1,481.0
S501!,16/09/2026,11:48,1062.1,1062.5,1062.1,1062.5,105.0
S501!,16/09/2026,11:49,1062.5,1062.7,1062.5,1062.6,146.0
S501!,16/09/2026,11:50,1062.7,1062.7,1062.3,1062.3,178.0
S501!,16/09/2026,11:51,1062.4,1062.4,1062.0,1062.1,166.0
S501!,16/09/2026,11:52,1062.1,1062.3,1062.0,1062.3,181.0
S501!,16/09/2026,11:53,1062.3,1062.3,1062.1,1062.1,56.0
S501!,16/09/2026,11:54,1062.1,1062.1,1061.7,1061.8,307.0
S501!,16/09/2026,11:55,1061.8,1061.9,1061.7,1061.7,79.0
S501!,16/09/2026,11:56,1061.7,1061.9,1061.7,1061.7,94.0
S501!,16/09/2026,11:57,1061.7,1061.8,1061.4,1061.4,432.0
S501!,16/09/2026,11:58,1061.5,1061.5,1061.4,1061.4,169.0
S501!,16/09/2026,11:59,1061.4,1061.6,1061.2,1061.2,319.0
S501!,16/09/2026,12:00,1061.2,1061.7,1061.2,1061.4,275.0
S501!,16/09/2026,12:01,1061.5,1061.5,1061.1,1061.3,221.0
S501!,16/09/2026,12:02,1061.2,1061.3,1061.1,1061.1,85.0
S501!,16/09/2026,12:03,1061.1,1061.5,1061.1,1061.5,204.0
S501!,16/09/2026,12:04,1061.4,1061.5,1061.2,1061.3,194.0
S501!,16/09/2026,12:05,1061.3,1061.5,1061.3,1061.3,77.0
S501!,16/09/2026,12:06,1061.3,1061.5,1061.1,1061.2,105.0
S501!,16/09/2026,12:07,1061.2,1061.3,1061.1,1061.1,139.0
S501!,16/09/2026,12:08,1061.1,1061.2,1061.1,1061.2,92.0
S501!,16/09/2026,12:09,1061.2,1061.5,1061.1,1061.5,135.0
S501!,16/09/2026,12:10,1061.4,1061.4,1061.2,1061.3,203.0
S501!,16/09/2026,12:11,1061.3,1061.8,1061.2,1061.6,181.0
S501!,16/09/2026,12:12,1061.5,1061.7,1061.3,1061.4,174.0
S501!,16/09/2026,12:13,1061.3,1061.5,1061.2,1061.3,78.0
S501!,16/09/2026,12:14,1061.3,1061.4,1061.1,1061.1,186.0
S501!,16/09/2026,12:15,1061.2,1061.7,1061.1,1061.7,351.0
S501!,16/09/2026,12:16,1061.6,1062.1,1061.5,1062.1,252.0
S501!,16/09/2026,12:17,1062.0,1062.1,1061.7,1061.8,185.0
S501!,16/09/2026,12:18,1061.8,1061.9,1061.4,1061.5,143.0
S501!,16/09/2026,12:19,1061.5,1061.7,1061.5,1061.7,240.0
S501!,16/09/2026,12:20,1061.6,1061.7,1061.3,1061.4,170.0
S501!,16/09/2026,12:21,1061.3,1061.4,1061.2,1061.3,122.0
S501!,16/09/2026,12:22,1061.3,1061.4,1061.1,1061.2,303.0
S501!,16/09/2026,12:23,1061.2,1061.3,1061.0,1061.0,272.0
S501!,16/09/2026,12:24,1061.0,1061.1,1061.0,1061.0,161.0
S501!,16/09/2026,12:25,1061.0,1061.1,1060.8,1060.8,694.0
S501!,16/09/2026,12:26,1060.8,1060.9,1060.7,1060.8,192.0
S501!,16/09/2026,12:27,1060.8,1061.0,1060.7,1060.9,277.0
S501!,16/09/2026,12:28,1060.9,1061.0,1060.8,1061.0,115.0
S501!,16/09/2026,12:29,1060.9,1061.4,1060.8,1061.4,365.0
S501!,16/09/2026,13:45,1061.5,1062.6,1061.5,1062.3,422.0
S501!,16/09/2026,13:46,1062.3,1062.3,1061.0,1061.7,434.0
S501!,16/09/2026,13:47,1061.5,1062.0,1061.2,1061.5,232.0
S501!,16/09/2026,13:48,1061.3,1061.4,1061.1,1061.3,180.0
S501!,16/09/2026,13:49,1061.2,1061.6,1061.1,1061.3,125.0
S501!,16/09/2026,13:50,1061.3,1061.5,1061.1,1061.3,126.0
S501!,16/09/2026,13:51,1061.2,1061.6,1061.1,1061.6,153.0
S501!,16/09/2026,13:52,1061.5,1061.8,1061.4,1061.8,136.0
S501!,16/09/2026,13:53,1061.6,1061.9,1061.4,1061.9,170.0
S501!,16/09/2026,13:54,1061.9,1062.2,1061.7,1061.9,245.0
S501!,16/09/2026,13:55,1061.8,1062.2,1061.8,1062.2,218.0
S501!,16/09/2026,13:56,1062.2,1062.3,1061.8,1062.1,121.0
S501!,16/09/2026,13:57,1062.2,1062.2,1061.7,1061.8,101.0
S501!,16/09/2026,13:58,1061.9,1062.1,1061.8,1061.9,169.0
S501!,16/09/2026,13:59,1061.9,1062.7,1061.7,1062.5,413.0
S501!,16/09/2026,14:00,1062.5,1062.6,1062.0,1062.2,314.0
S501!,16/09/2026,14:01,1062.1,1062.4,1061.5,1061.6,601.0
S501!,16/09/2026,14:02,1061.5,1061.5,1060.9,1061.0,530.0
S501!,16/09/2026,14:03,1060.9,1061.8,1060.8,1061.7,377.0
S501!,16/09/2026,14:04,1061.6,1061.9,1061.5,1061.6,247.0
S501!,16/09/2026,14:05,1061.5,1061.5,1061.0,1061.0,236.0
S501!,16/09/2026,14:06,1061.1,1061.2,1060.5,1060.5,927.0
S501!,16/09/2026,14:07,1060.5,1060.8,1060.4,1060.8,381.0
S501!,16/09/2026,14:08,1060.8,1061.0,1060.6,1060.7,381.0
S501!,16/09/2026,14:09,1060.6,1061.1,1060.5,1061.0,191.0
S501!,16/09/2026,14:10,1061.0,1061.0,1060.6,1060.7,162.0
S501!,16/09/2026,14:11,1060.6,1060.9,1060.6,1060.7,232.0
S501!,16/09/2026,14:12,1060.6,1060.9,1060.6,1060.9,136.0
S501!,16/09/2026,14:13,1060.8,1060.9,1060.7,1060.8,119.0
S501!,16/09/2026,14:14,1060.8,1060.8,1060.3,1060.3,617.0
S501!,16/09/2026,14:15,1060.3,1060.4,1060.0,1060.2,697.0
S501!,16/09/2026,14:16,1060.1,1060.8,1060.0,1060.5,436.0
S501!,16/09/2026,14:17,1060.4,1061.3,1060.2,1060.9,362.0
S501!,16/09/2026,14:18,1060.8,1061.1,1060.7,1061.0,372.0
S501!,16/09/2026,14:19,1060.9,1061.1,1060.8,1061.1,96.0
S501!,16/09/2026,14:20,1061.0,1061.1,1060.8,1060.9,101.0
S501!,16/09/2026,14:21,1060.8,1061.1,1060.8,1060.8,77.0
S501!,16/09/2026,14:22,1060.8,1061.1,1060.6,1060.6,220.0
S501!,16/09/2026,14:23,1060.6,1060.7,1060.4,1060.4,201.0
S501!,16/09/2026,14:24,1060.4,1060.5,1060.2,1060.5,111.0
S501!,16/09/2026,14:25,1060.4,1060.5,1060.3,1060.3,72.0
S501!,16/09/2026,14:26,1060.3,1060.4,1060.2,1060.3,82.0
S501!,16/09/2026,14:27,1060.3,1060.9,1060.2,1060.8,219.0
S501!,16/09/2026,14:28,1060.8,1061.3,1060.7,1061.2,277.0
S501!,16/09/2026,14:29,1061.2,1061.4,1061.1,1061.4,127.0
S501!,16/09/2026,14:30,1061.4,1061.7,1061.2,1061.6,465.0
S501!,16/09/2026,14:31,1061.5,1061.9,1061.3,1061.4,387.0
S501!,16/09/2026,14:32,1061.4,1061.5,1061.0,1061.5,136.0
S501!,16/09/2026,14:33,1061.4,1061.7,1061.3,1061.6,281.0
S501!,16/09/2026,14:34,1061.5,1061.8,1061.5,1061.8,172.0
S501!,16/09/2026,14:35,1061.7,1061.9,1061.6,1061.7,143.0
S501!,16/09/2026,14:36,1061.6,1062.0,1061.5,1061.9,154.0
S501!,16/09/2026,14:37,1061.8,1062.0,1061.8,1062.0,360.0
S501!,16/09/2026,14:38,1062.0,1062.0,1061.7,1061.7,207.0
S501!,16/09/2026,14:39,1061.7,1061.8,1061.6,1061.8,101.0
S501!,16/09/2026,14:40,1061.7,1061.8,1061.7,1061.7,18.0
S501!,16/09/2026,14:41,1061.7,1061.7,1061.6,1061.6,117.0
S501!,16/09/2026,14:42,1061.6,1061.6,1061.2,1061.2,194.0
S501!,16/09/2026,14:43,1061.2,1061.3,1061.1,1061.3,227.0
S501!,16/09/2026,14:44,1061.4,1061.5,1061.3,1061.4,54.0
S501!,16/09/2026,14:45,1061.4,1061.5,1060.9,1060.9,230.0
S501!,16/09/2026,14:46,1060.9,1060.9,1060.7,1060.7,214.0
S501!,16/09/2026,14:47,1060.7,1061.3,1060.6,1061.2,194.0
S501!,16/09/2026,14:48,1061.1,1061.1,1060.9,1061.0,111.0
S501!,16/09/2026,14:49,1061.0,1061.0,1060.5,1060.5,237.0
S501!,16/09/2026,14:50,1060.4,1060.5,1060.0,1060.1,510.0
S501!,16/09/2026,14:51,1060.0,1060.4,1060.0,1060.0,422.0
S501!,16/09/2026,14:52,1060.0,1060.0,1059.6,1060.0,528.0
S501!,16/09/2026,14:53,1059.9,1060.0,1059.7,1059.9,133.0
S501!,16/09/2026,14:54,1059.9,1060.2,1059.8,1060.2,309.0
S501!,16/09/2026,14:55,1060.0,1060.1,1059.9,1060.0,99.0
S501!,16/09/2026,14:56,1060.0,1060.2,1059.9,1060.1,198.0
S501!,16/09/2026,14:57,1060.0,1060.2,1059.9,1060.0,101.0
S501!,16/09/2026,14:58,1060.0,1060.1,1059.9,1059.9,72.0
S501!,16/09/2026,14:59,1059.8,1060.3,1059.7,1059.7,531.0
S501!,16/09/2026,15:00,1059.7,1059.8,1059.5,1059.7,542.0
S501!,16/09/2026,15:01,1059.6,1059.8,1059.5,1059.5,212.0
S501!,16/09/2026,15:02,1059.5,1059.6,1059.4,1059.4,310.0
S501!,16/09/2026,15:03,1059.4,1059.6,1059.3,1059.3,359.0
S501!,16/09/2026,15:04,1059.2,1059.4,1059.0,1059.0,398.0
S501!,16/09/2026,15:05,1059.1,1059.1,1059.0,1059.1,206.0
S501!,16/09/2026,15:06,1059.0,1059.1,1058.8,1058.9,348.0
S501!,16/09/2026,15:07,1058.9,1059.0,1058.8,1059.0,224.0
S501!,16/09/2026,15:08,1058.9,1059.2,1058.9,1059.2,189.0
S501!,16/09/2026,15:09,1059.1,1059.2,1058.8,1058.9,141.0
S501!,16/09/2026,15:10,1058.8,1058.9,1058.5,1058.8,437.0
S501!,16/09/2026,15:11,1058.8,1059.0,1058.6,1059.0,287.0
S501!,16/09/2026,15:12,1058.9,1059.3,1058.9,1059.2,210.0
S501!,16/09/2026,15:13,1059.3,1059.3,1058.9,1059.2,183.0
S501!,16/09/2026,15:14,1059.2,1059.6,1059.2,1059.5,235.0
S501!,16/09/2026,15:15,1059.4,1059.5,1059.2,1059.2,117.0
S501!,16/09/2026,15:16,1059.2,1059.4,1059.2,1059.4,94.0
S501!,16/09/2026,15:17,1059.4,1059.8,1059.4,1059.8,190.0
S501!,16/09/2026,15:18,1059.8,1059.8,1059.3,1059.4,153.0
S501!,16/09/2026,15:19,1059.3,1059.5,1059.0,1059.4,165.0
S501!,16/09/2026,15:20,1059.4,1059.7,1059.3,1059.4,134.0
S501!,16/09/2026,15:21,1059.4,1059.9,1059.3,1059.8,180.0
S501!,16/09/2026,15:22,1059.8,1059.8,1059.5,1059.7,100.0
S501!,16/09/2026,15:23,1059.7,1059.7,1059.1,1059.3,117.0
S501!,16/09/2026,15:24,1059.2,1059.5,1059.2,1059.4,89.0
S501!,16/09/2026,15:25,1059.3,1059.4,1059.3,1059.4,77.0
S501!,16/09/2026,15:26,1059.3,1059.6,1059.3,1059.5,43.0
S501!,16/09/2026,15:27,1059.5,1059.6,1059.4,1059.4,329.0
S501!,16/09/2026,15:28,1059.4,1059.4,1059.1,1059.1,167.0
S501!,16/09/2026,15:29,1059.1,1059.4,1059.0,1059.2,219.0
S501!,16/09/2026,15:30,1059.1,1059.2,1058.8,1059.0,462.0
S501!,16/09/2026,15:31,1059.0,1059.6,1058.9,1059.4,230.0
S501!,16/09/2026,15:32,1059.5,1059.5,1059.1,1059.1,113.0
S501!,16/09/2026,15:33,1059.1,1059.1,1058.7,1058.7,417.0
S501!,16/09/2026,15:34,1058.6,1058.7,1058.4,1058.5,417.0
S501!,16/09/2026,15:35,1058.4,1058.5,1058.3,1058.4,488.0
S501!,16/09/2026,15:36,1058.4,1058.5,1058.3,1058.3,78.0
S501!,16/09/2026,15:37,1058.4,1058.4,1058.3,1058.4,10.0
S501!,16/09/2026,15:38,1058.4,1058.4,1057.9,1057.9,849.0
S501!,16/09/2026,15:39,1058.0,1058.0,1057.8,1057.8,123.0
S501!,16/09/2026,15:40,1057.8,1058.1,1057.6,1058.1,532.0
S501!,16/09/2026,15:41,1058.1,1058.2,1058.0,1058.1,41.0
S501!,16/09/2026,15:42,1058.1,1058.1,1057.8,1057.8,101.0
S501!,16/09/2026,15:43,1057.8,1058.2,1057.8,1058.1,246.0
S501!,16/09/2026,15:44,1058.1,1058.4,1058.0,1058.0,133.0
S501!,16/09/2026,15:45,1058.0,1058.1,1057.9,1058.0,146.0
S501!,16/09/2026,15:46,1057.9,1058.1,1057.9,1058.1,223.0
S501!,16/09/2026,15:47,1058.1,1058.3,1058.0,1058.2,159.0
S501!,16/09/2026,15:48,1058.2,1058.3,1058.1,1058.1,94.0
S501!,16/09/2026,15:49,1058.1,1058.2,1057.9,1058.2,178.0
S501!,16/09/2026,15:50,1058.2,1058.2,1057.7,1058.0,262.0
S501!,16/09/2026,15:51,1058.0,1058.5,1057.9,1058.4,210.0
S501!,16/09/2026,15:52,1058.3,1058.3,1058.1,1058.2,45.0
S501!,16/09/2026,15:53,1058.2,1058.5,1058.2,1058.3,251.0
S501!,16/09/2026,15:54,1058.3,1058.4,1058.2,1058.4,91.0
S501!,16/09/2026,15:55,1058.4,1058.4,1058.1,1058.1,80.0
S501!,16/09/2026,15:56,1058.2,1058.2,1058.0,1058.2,89.0
S501!,16/09/2026,15:57,1058.1,1058.2,1058.1,1058.1,44.0
S501!,16/09/2026,15:58,1058.1,1058.1,1058.0,1058.1,42.0
S501!,16/09/2026,15:59,1058.1,1058.4,1058.0,1058.4,139.0
S501!,16/09/2026,16:00,1058.4,1058.7,1058.2,1058.5,231.0
S501!,16/09/2026,16:01,1058.5,1058.7,1058.4,1058.5,184.0
S501!,16/09/2026,16:02,1058.6,1058.6,1058.2,1058.3,94.0
S501!,16/09/2026,16:03,1058.4,1058.5,1058.3,1058.4,59.0
S501!,16/09/2026,16:04,1058.5,1058.9,1058.5,1058.7,312.0
S501!,16/09/2026,16:05,1058.7,1058.7,1058.4,1058.4,54.0
S501!,16/09/2026,16:06,1058.4,1058.5,1058.0,1058.0,128.0
S501!,16/09/2026,16:07,1058.0,1058.1,1057.7,1057.8,328.0
S501!,16/09/2026,16:08,1057.8,1057.9,1057.7,1057.9,126.0
S501!,16/09/2026,16:09,1058.0,1058.0,1057.8,1057.8,133.0
S501!,16/09/2026,16:10,1057.7,1057.8,1057.5,1057.7,305.0
S501!,16/09/2026,16:11,1057.6,1058.1,1057.6,1058.0,388.0
S501!,16/09/2026,16:12,1058.1,1058.3,1057.7,1057.7,268.0
S501!,16/09/2026,16:13,1057.8,1057.8,1056.9,1057.1,1106.0
S501!,16/09/2026,16:14,1057.0,1057.0,1056.7,1056.8,299.0
S501!,16/09/2026,16:15,1056.8,1057.1,1056.5,1056.8,575.0
S501!,16/09/2026,16:16,1056.7,1056.8,1056.3,1056.4,415.0
S501!,16/09/2026,16:17,1056.4,1056.9,1056.4,1056.7,465.0
S501!,16/09/2026,16:18,1056.7,1056.8,1056.4,1056.4,276.0
S501!,16/09/2026,16:19,1056.5,1056.6,1056.3,1056.4,256.0
S501!,16/09/2026,16:20,1056.4,1056.4,1056.0,1056.1,727.0
S501!,16/09/2026,16:21,1056.1,1056.3,1055.8,1056.3,869.0
S501!,16/09/2026,16:22,1056.2,1056.4,1056.1,1056.2,120.0
S501!,16/09/2026,16:23,1056.2,1056.5,1056.1,1056.1,415.0
S501!,16/09/2026,16:24,1056.3,1056.4,1055.9,1055.9,341.0
S501!,16/09/2026,16:25,1056.0,1056.4,1055.8,1056.2,383.0
S501!,16/09/2026,16:26,1056.1,1056.7,1056.1,1056.6,281.0
S501!,16/09/2026,16:27,1056.5,1056.6,1056.1,1056.4,144.0
S501!,16/09/2026,16:28,1056.2,1056.3,1056.1,1056.2,184.0
S501!,16/09/2026,16:29,1056.1,1056.6,1056.1,1056.6,345.0
S501!,16/09/2026,16:30,1056.5,1056.9,1056.4,1056.4,408.0
S501!,16/09/2026,16:31,1056.5,1056.6,1056.2,1056.2,468.0
S501!,16/09/2026,16:32,1056.3,1056.5,1056.2,1056.4,345.0
S501!,16/09/2026,16:33,1056.4,1056.5,1056.2,1056.3,266.0
S501!,16/09/2026,16:34,1056.2,1056.3,1056.1,1056.2,278.0
S501!,16/09/2026,16:35,1056.2,1056.6,1056.2,1056.4,573.0
S501!,16/09/2026,16:36,1056.3,1057.2,1056.2,1056.7,1005.0
S501!,16/09/2026,16:37,1056.7,1057.2,1056.7,1057.0,449.0
S501!,16/09/2026,16:38,1057.0,1057.2,1056.6,1056.9,357.0
S501!,16/09/2026,16:39,1056.8,1057.2,1056.8,1057.0,667.0
S501!,16/09/2026,16:40,1057.0,1057.2,1057.0,1057.1,344.0
S501!,16/09/2026,16:41,1057.1,1057.5,1057.0,1057.4,709.0
S501!,16/09/2026,16:42,1057.4,1057.5,1057.0,1057.3,422.0
S501!,16/09/2026,16:43,1057.3,1057.7,1057.3,1057.6,432.0
S501!,16/09/2026,16:44,1057.6,1057.8,1057.5,1057.7,249.0
S501!,16/09/2026,16:45,1057.6,1057.8,1057.4,1057.4,368.0
S501!,16/09/2026,16:46,1057.5,1057.8,1057.4,1057.7,174.0
S501!,16/09/2026,16:47,1057.7,1057.8,1057.6,1057.8,168.0
S501!,16/09/2026,16:48,1057.7,1057.8,1057.6,1057.8,266.0
S501!,16/09/2026,16:49,1057.8,1057.9,1057.6,1057.7,416.0
S501!,16/09/2026,16:50,1057.6,1057.8,1057.6,1057.7,205.0
S501!,16/09/2026,16:51,1057.6,1057.8,1057.5,1057.6,332.0
S501!,16/09/2026,16:52,1057.7,1057.8,1057.5,1057.7,410.0
S501!,16/09/2026,16:53,1057.7,1057.9,1057.6,1057.8,468.0
S501!,16/09/2026,16:54,1057.9,1058.0,1057.7,1057.8,560.0
S501!,17/09/2026,09:45,1059.0,1061.8,1058.4,1061.1,3838.0
S501!,17/09/2026,09:46,1061.0,1062.5,1061.0,1062.0,2280.0
S501!,17/09/2026,09:47,1062.0,1063.0,1061.7,1062.8,1698.0
S501!,17/09/2026,09:48,1062.9,1063.6,1062.9,1063.2,2113.0
S501!,17/09/2026,09:49,1063.3,1064.3,1063.2,1064.0,2174.0
S501!,17/09/2026,09:50,1063.9,1064.7,1063.9,1064.2,1894.0
S501!,17/09/2026,09:51,1064.1,1064.2,1063.3,1063.6,1062.0
S501!,17/09/2026,09:52,1063.7,1063.9,1063.2,1063.5,977.0
S501!,17/09/2026,09:53,1063.5,1063.6,1063.1,1063.2,570.0
S501!,17/09/2026,09:54,1063.3,1063.4,1062.7,1063.1,683.0
S501!,17/09/2026,09:55,1063.0,1063.9,1062.6,1063.6,1556.0
S501!,17/09/2026,09:56,1063.6,1063.7,1063.1,1063.1,599.0
S501!,17/09/2026,09:57,1063.1,1063.1,1062.3,1063.1,802.0
S501!,17/09/2026,09:58,1063.1,1063.7,1063.0,1063.5,1017.0
S501!,17/09/2026,09:59,1063.5,1063.7,1062.5,1062.6,539.0
S501!,17/09/2026,10:00,1062.7,1064.2,1062.4,1064.1,2528.0
S501!,17/09/2026,10:01,1064.1,1065.3,1064.0,1065.2,2591.0
S501!,17/09/2026,10:02,1065.1,1066.5,1065.0,1065.8,3246.0
S501!,17/09/2026,10:03,1065.8,1066.4,1065.3,1066.4,2221.0
S501!,17/09/2026,10:04,1066.4,1066.4,1065.4,1065.8,1373.0
S501!,17/09/2026,10:05,1065.9,1066.4,1065.6,1066.1,1365.0
S501!,17/09/2026,10:06,1066.2,1067.1,1066.2,1067.1,2374.0
S501!,17/09/2026,10:07,1067.0,1067.3,1066.9,1067.0,694.0
S501!,17/09/2026,10:08,1066.9,1067.0,1066.2,1066.7,976.0
S501!,17/09/2026,10:09,1066.7,1067.3,1066.5,1067.0,1589.0
S501!,17/09/2026,10:10,1067.0,1067.5,1066.9,1067.3,1570.0
S501!,17/09/2026,10:11,1067.3,1067.4,1067.1,1067.2,934.0
S501!,17/09/2026,10:12,1067.1,1067.1,1066.2,1066.2,1049.0
S501!,17/09/2026,10:13,1066.3,1066.5,1064.5,1064.8,1582.0
S501!,17/09/2026,10:14,1064.6,1066.3,1064.6,1066.3,1128.0
S501!,17/09/2026,10:15,1066.3,1066.6,1066.0,1066.4,853.0
S501!,17/09/2026,10:16,1066.4,1066.8,1066.2,1066.7,936.0
S501!,17/09/2026,10:17,1066.7,1066.7,1065.6,1065.8,832.0
S501!,17/09/2026,10:18,1065.7,1065.8,1065.4,1065.5,546.0
S501!,17/09/2026,10:19,1065.5,1066.3,1065.5,1066.1,521.0
S501!,17/09/2026,10:20,1066.0,1066.0,1065.1,1065.3,987.0
S501!,17/09/2026,10:21,1065.3,1065.5,1065.0,1065.1,562.0
S501!,17/09/2026,10:22,1065.0,1065.5,1064.3,1065.5,984.0
S501!,17/09/2026,10:23,1065.5,1065.5,1065.1,1065.1,450.0
S501!,17/09/2026,10:24,1065.1,1065.7,1064.8,1065.6,864.0
S501!,17/09/2026,10:25,1065.7,1065.8,1065.3,1065.4,406.0
S501!,17/09/2026,10:26,1065.4,1065.9,1065.3,1065.7,408.0
S501!,17/09/2026,10:27,1065.6,1065.7,1065.0,1065.2,512.0
S501!,17/09/2026,10:28,1065.2,1065.7,1065.2,1065.3,310.0
S501!,17/09/2026,10:29,1065.4,1065.5,1065.0,1065.3,510.0
S501!,17/09/2026,10:30,1065.3,1065.8,1065.3,1065.7,602.0
S501!,17/09/2026,10:31,1065.6,1065.8,1065.4,1065.8,415.0
S501!,17/09/2026,10:32,1065.7,1066.2,1065.7,1066.2,814.0
S501!,17/09/2026,10:33,1066.2,1066.5,1066.1,1066.2,495.0
S501!,17/09/2026,10:34,1066.2,1066.4,1066.1,1066.3,348.0
S501!,17/09/2026,10:35,1066.3,1066.5,1066.3,1066.3,237.0
S501!,17/09/2026,10:36,1066.4,1066.4,1066.0,1066.1,216.0
S501!,17/09/2026,10:37,1066.0,1066.2,1065.8,1065.8,370.0
S501!,17/09/2026,10:38,1065.8,1065.8,1065.3,1065.4,256.0
S501!,17/09/2026,10:39,1065.4,1065.5,1065.0,1065.4,412.0
S501!,17/09/2026,10:40,1065.5,1066.2,1065.4,1066.1,390.0
S501!,17/09/2026,10:41,1066.2,1066.4,1065.7,1066.0,607.0
S501!,17/09/2026,10:42,1066.0,1066.3,1065.7,1066.0,639.0
S501!,17/09/2026,10:43,1065.9,1066.1,1065.8,1066.0,269.0
S501!,17/09/2026,10:44,1065.9,1066.1,1065.7,1065.8,416.0
S501!,17/09/2026,10:45,1065.8,1066.3,1065.7,1066.2,525.0
S501!,17/09/2026,10:46,1066.2,1066.5,1066.2,1066.3,412.0
S501!,17/09/2026,10:47,1066.3,1066.3,1065.4,1065.6,322.0
S501!,17/09/2026,10:48,1065.6,1065.9,1065.5,1065.8,410.0
S501!,17/09/2026,10:49,1065.8,1066.2,1065.8,1065.8,388.0
S501!,17/09/2026,10:50,1065.8,1065.9,1065.6,1065.7,255.0
S501!,17/09/2026,10:51,1065.6,1066.1,1065.6,1066.1,204.0
S501!,17/09/2026,10:52,1066.0,1066.4,1066.0,1066.3,469.0
S501!,17/09/2026,10:53,1066.2,1066.5,1066.1,1066.2,424.0
S501!,17/09/2026,10:54,1066.2,1066.5,1066.1,1066.4,267.0
S501!,17/09/2026,10:55,1066.3,1066.7,1066.3,1066.7,307.0
S501!,17/09/2026,10:56,1066.7,1066.9,1066.6,1066.8,522.0
S501!,17/09/2026,10:57,1066.7,1066.8,1066.7,1066.7,291.0
S501!,17/09/2026,10:58,1066.8,1066.9,1066.7,1066.8,278.0
S501!,17/09/2026,10:59,1066.8,1067.0,1066.8,1067.0,238.0
S501!,17/09/2026,11:00,1066.9,1067.1,1066.6,1066.7,550.0
S501!,17/09/2026,11:01,1066.7,1066.9,1066.4,1066.8,282.0
S501!,17/09/2026,11:02,1066.7,1066.8,1066.7,1066.8,185.0
S501!,17/09/2026,11:03,1066.8,1067.1,1066.7,1067.0,363.0
S501!,17/09/2026,11:04,1066.9,1067.2,1066.9,1067.2,315.0
S501!,17/09/2026,11:05,1067.2,1067.4,1067.2,1067.3,698.0
S501!,17/09/2026,11:06,1067.3,1067.4,1067.2,1067.3,322.0
S501!,17/09/2026,11:07,1067.2,1067.4,1067.1,1067.3,321.0
S501!,17/09/2026,11:08,1067.2,1067.3,1066.8,1067.3,312.0
S501!,17/09/2026,11:09,1067.3,1067.4,1067.1,1067.1,221.0
S501!,17/09/2026,11:10,1067.2,1067.4,1067.2,1067.4,190.0
S501!,17/09/2026,11:11,1067.3,1067.8,1067.3,1067.8,563.0
S501!,17/09/2026,11:12,1067.8,1068.0,1067.4,1067.6,1057.0
S501!,17/09/2026,11:13,1067.6,1067.6,1067.3,1067.4,301.0
S501!,17/09/2026,11:14,1067.3,1067.3,1066.2,1066.4,754.0
S501!,17/09/2026,11:15,1066.4,1066.6,1066.1,1066.6,596.0
S501!,17/09/2026,11:16,1066.6,1067.3,1066.5,1067.3,335.0
S501!,17/09/2026,11:17,1067.3,1067.5,1067.3,1067.5,266.0
S501!,17/09/2026,11:18,1067.5,1067.5,1067.3,1067.5,149.0
S501!,17/09/2026,11:19,1067.5,1068.0,1067.5,1068.0,511.0
S501!,17/09/2026,11:20,1067.9,1068.0,1067.6,1067.8,306.0
S501!,17/09/2026,11:21,1067.9,1067.9,1067.5,1067.9,513.0
S501!,17/09/2026,11:22,1067.9,1068.0,1067.6,1067.7,262.0
S501!,17/09/2026,11:23,1067.6,1067.8,1067.6,1067.7,204.0
S501!,17/09/2026,11:24,1067.6,1067.8,1067.5,1067.8,240.0
S501!,17/09/2026,11:25,1067.8,1067.8,1067.6,1067.6,153.0
S501!,17/09/2026,11:26,1067.7,1067.9,1067.7,1067.8,162.0
S501!,17/09/2026,11:27,1067.8,1067.9,1067.7,1067.9,167.0
S501!,17/09/2026,11:28,1067.8,1067.9,1067.8,1067.9,186.0
S501!,17/09/2026,11:29,1067.9,1068.0,1067.7,1067.9,203.0
S501!,17/09/2026,11:30,1067.7,1067.7,1067.1,1067.3,337.0
S501!,17/09/2026,11:31,1067.4,1068.0,1067.4,1068.0,323.0
S501!,17/09/2026,11:32,1068.0,1068.0,1067.9,1068.0,253.0
S501!,17/09/2026,11:33,1067.9,1068.0,1067.8,1068.0,200.0
S501!,17/09/2026,11:34,1067.9,1068.0,1067.7,1067.7,209.0
S501!,17/09/2026,11:35,1067.8,1067.8,1067.4,1067.6,303.0
S501!,17/09/2026,11:36,1067.7,1067.9,1067.6,1067.9,137.0
S501!,17/09/2026,11:37,1067.8,1068.2,1067.8,1068.2,363.0
S501!,17/09/2026,11:38,1068.1,1068.1,1068.0,1068.1,151.0
S501!,17/09/2026,11:39,1068.1,1068.1,1067.9,1068.0,172.0
S501!,17/09/2026,11:40,1068.0,1068.1,1067.9,1068.1,183.0
S501!,17/09/2026,11:41,1068.1,1068.3,1068.0,1068.1,378.0
S501!,17/09/2026,11:42,1068.2,1068.2,1067.9,1068.0,215.0
S501!,17/09/2026,11:43,1068.0,1068.2,1068.0,1068.1,124.0
S501!,17/09/2026,11:44,1068.2,1068.3,1068.2,1068.3,179.0
S501!,17/09/2026,11:45,1068.2,1068.3,1067.5,1067.5,241.0
S501!,17/09/2026,11:46,1067.6,1067.6,1067.4,1067.4,83.0
S501!,17/09/2026,11:47,1067.4,1067.6,1067.4,1067.4,224.0
S501!,17/09/2026,11:48,1067.4,1067.8,1067.4,1067.7,122.0
S501!,17/09/2026,11:49,1067.6,1067.6,1067.2,1067.3,134.0
S501!,17/09/2026,11:50,1067.3,1067.4,1067.1,1067.4,184.0
S501!,17/09/2026,11:51,1067.4,1067.6,1067.2,1067.2,131.0
S501!,17/09/2026,11:52,1067.2,1067.2,1067.1,1067.2,88.0
S501!,17/09/2026,11:53,1067.2,1067.3,1067.1,1067.1,91.0
S501!,17/09/2026,11:54,1067.1,1067.3,1066.9,1067.3,239.0
S501!,17/09/2026,11:55,1067.2,1067.5,1067.2,1067.5,163.0
S501!,17/09/2026,11:56,1067.4,1067.8,1067.4,1067.7,185.0
S501!,17/09/2026,11:57,1067.8,1068.0,1067.7,1067.8,133.0
S501!,17/09/2026,11:58,1067.9,1068.1,1067.8,1068.0,198.0
S501!,17/09/2026,11:59,1067.9,1068.0,1067.8,1067.9,221.0
S501!,17/09/2026,12:00,1067.8,1067.8,1067.6,1067.6,96.0
S501!,17/09/2026,12:01,1067.6,1067.9,1067.6,1067.9,257.0
S501!,17/09/2026,12:02,1067.8,1068.1,1067.8,1068.1,173.0
S501!,17/09/2026,12:03,1068.0,1068.1,1067.9,1068.0,118.0
S501!,17/09/2026,12:04,1068.0,1068.0,1067.8,1067.9,133.0
S501!,17/09/2026,12:05,1068.0,1068.1,1067.6,1067.7,236.0
S501!,17/09/2026,12:06,1067.6,1068.1,1067.6,1068.1,256.0
S501!,17/09/2026,12:07,1068.1,1068.2,1068.0,1068.1,122.0
S501!,17/09/2026,12:08,1068.1,1068.1,1068.0,1068.1,86.0
S501!,17/09/2026,12:09,1068.0,1068.0,1067.8,1067.8,121.0
S501!,17/09/2026,12:10,1067.9,1068.2,1067.7,1068.2,88.0
S501!,17/09/2026,12:11,1068.2,1068.2,1068.0,1068.2,117.0
S501!,17/09/2026,12:12,1068.2,1068.4,1068.1,1068.4,416.0
S501!,17/09/2026,12:13,1068.4,1068.5,1068.2,1068.3,371.0
S501!,17/09/2026,12:14,1068.3,1068.3,1068.1,1068.2,104.0
S501!,17/09/2026,12:15,1068.1,1068.5,1067.9,1068.4,307.0
S501!,17/09/2026,12:16,1068.4,1068.5,1068.4,1068.5,303.0
S501!,17/09/2026,12:17,1068.5,1068.6,1068.2,1068.5,386.0
S501!,17/09/2026,12:18,1068.5,1068.5,1067.8,1067.9,304.0
S501!,17/09/2026,12:19,1067.8,1068.2,1067.7,1068.2,293.0
S501!,17/09/2026,12:20,1068.2,1068.6,1068.1,1068.6,194.0
S501!,17/09/2026,12:21,1068.6,1068.8,1068.6,1068.6,388.0
S501!,17/09/2026,12:22,1068.7,1068.7,1068.5,1068.7,130.0
S501!,17/09/2026,12:23,1068.7,1068.8,1068.6,1068.7,349.0
S501!,17/09/2026,12:24,1068.7,1068.7,1068.5,1068.6,130.0
S501!,17/09/2026,12:25,1068.5,1068.7,1068.5,1068.7,216.0
S501!,17/09/2026,12:26,1068.6,1068.7,1068.5,1068.6,162.0
S501!,17/09/2026,12:27,1068.6,1068.8,1068.5,1068.7,260.0
S501!,17/09/2026,12:28,1068.7,1068.8,1068.2,1068.5,361.0
S501!,17/09/2026,12:29,1068.5,1068.7,1068.4,1068.6,199.0
S501!,17/09/2026,13:45,1069.5,1069.6,1069.0,1069.3,1509.0
S501!,17/09/2026,13:46,1069.3,1069.8,1069.3,1069.6,762.0
S501!,17/09/2026,13:47,1069.7,1069.8,1069.6,1069.6,370.0
S501!,17/09/2026,13:48,1069.6,1069.7,1069.5,1069.6,179.0
S501!,17/09/2026,13:49,1069.5,1069.6,1069.4,1069.5,105.0
S501!,17/09/2026,13:50,1069.4,1069.5,1069.3,1069.3,190.0
S501!,17/09/2026,13:51,1069.3,1069.7,1069.2,1069.6,298.0
S501!,17/09/2026,13:52,1069.7,1069.9,1069.6,1069.8,534.0
S501!,17/09/2026,13:53,1069.8,1069.8,1069.6,1069.7,147.0
S501!,17/09/2026,13:54,1069.7,1069.7,1069.0,1069.1,187.0
S501!,17/09/2026,13:55,1069.1,1069.4,1069.0,1069.1,105.0
S501!,17/09/2026,13:56,1069.0,1069.3,1069.0,1069.2,80.0
S501!,17/09/2026,13:57,1069.2,1069.5,1069.1,1069.1,130.0
S501!,17/09/2026,13:58,1069.1,1069.3,1069.1,1069.3,74.0
S501!,17/09/2026,13:59,1069.3,1069.6,1069.3,1069.6,238.0
S501!,17/09/2026,14:00,1069.5,1070.8,1069.5,1070.5,2163.0
S501!,17/09/2026,14:01,1070.6,1072.8,1070.5,1071.5,3437.0
S501!,17/09/2026,14:02,1071.4,1071.8,1071.3,1071.3,673.0
S501!,17/09/2026,14:03,1071.4,1071.7,1071.3,1071.5,348.0
S501!,17/09/2026,14:04,1071.5,1071.7,1071.1,1071.4,311.0
S501!,17/09/2026,14:05,1071.5,1071.6,1071.3,1071.4,186.0
S501!,17/09/2026,14:06,1071.4,1071.8,1071.4,1071.5,306.0
S501!,17/09/2026,14:07,1071.6,1071.6,1071.1,1071.4,223.0
S501!,17/09/2026,14:08,1071.2,1071.3,1071.0,1071.1,266.0
S501!,17/09/2026,14:09,1071.1,1071.3,1071.0,1071.2,193.0
S501!,17/09/2026,14:10,1071.2,1071.5,1071.0,1071.5,239.0
S501!,17/09/2026,14:11,1071.5,1071.6,1071.3,1071.4,375.0
S501!,17/09/2026,14:12,1071.4,1071.6,1071.3,1071.4,234.0
S501!,17/09/2026,14:13,1071.4,1071.6,1071.0,1071.1,342.0
S501!,17/09/2026,14:14,1071.0,1071.3,1070.6,1071.2,553.0
S501!,17/09/2026,14:15,1071.2,1071.3,1070.6,1070.8,375.0
S501!,17/09/2026,14:16,1070.8,1071.0,1070.6,1071.0,154.0
S501!,17/09/2026,14:17,1071.0,1071.2,1070.9,1071.0,161.0
S501!,17/09/2026,14:18,1071.0,1071.0,1070.6,1070.7,221.0
S501!,17/09/2026,14:19,1070.7,1070.8,1070.5,1070.5,239.0
S501!,17/09/2026,14:20,1070.5,1070.5,1069.5,1070.3,912.0
S501!,17/09/2026,14:21,1070.2,1070.3,1069.7,1069.7,543.0
S501!,17/09/2026,14:22,1069.8,1069.9,1069.6,1069.7,268.0
S501!,17/09/2026,14:23,1069.7,1069.8,1069.6,1069.7,385.0
S501!,17/09/2026,14:24,1069.7,1069.9,1069.6,1069.8,276.0
S501!,17/09/2026,14:25,1069.7,1069.7,1069.4,1069.7,269.0
S501!,17/09/2026,14:26,1069.8,1069.9,1069.6,1069.8,192.0
S501!,17/09/2026,14:27,1069.8,1069.9,1069.4,1069.5,306.0
S501!,17/09/2026,14:28,1069.4,1070.2,1069.4,1069.9,586.0
S501!,17/09/2026,14:29,1070.0,1070.0,1069.6,1069.6,291.0
S501!,17/09/2026,14:30,1069.6,1070.0,1069.3,1070.0,500.0
S501!,17/09/2026,14:31,1070.0,1070.1,1070.0,1070.0,241.0
S501!,17/09/2026,14:32,1070.0,1070.0,1069.5,1069.7,195.0
S501!,17/09/2026,14:33,1069.8,1070.0,1069.8,1069.9,157.0
S501!,17/09/2026,14:34,1069.8,1069.9,1069.8,1069.9,52.0
S501!,17/09/2026,14:35,1069.9,1070.1,1069.8,1070.0,158.0
S501!,17/09/2026,14:36,1070.0,1070.0,1069.6,1069.8,199.0
S501!,17/09/2026,14:37,1069.8,1069.8,1069.5,1069.6,90.0
S501!,17/09/2026,14:38,1069.6,1069.7,1069.6,1069.6,22.0
S501!,17/09/2026,14:39,1069.7,1070.0,1069.6,1070.0,194.0
S501!,17/09/2026,14:40,1069.9,1070.5,1069.8,1070.5,331.0
S501!,17/09/2026,14:41,1070.4,1070.6,1070.3,1070.6,251.0
S501!,17/09/2026,14:42,1070.6,1070.7,1070.4,1070.4,130.0
S501!,17/09/2026,14:43,1070.5,1070.5,1070.0,1070.0,215.0
S501!,17/09/2026,14:44,1069.9,1069.9,1069.6,1069.8,238.0
S501!,17/09/2026,14:45,1069.7,1069.8,1069.4,1069.4,244.0
S501!,17/09/2026,14:46,1069.4,1069.8,1069.4,1069.6,224.0
S501!,17/09/2026,14:47,1069.6,1070.0,1069.6,1070.0,158.0
S501!,17/09/2026,14:48,1069.9,1069.9,1069.4,1069.4,175.0
S501!,17/09/2026,14:49,1069.5,1069.8,1069.5,1069.6,289.0
S501!,17/09/2026,14:50,1069.6,1069.6,1069.2,1069.3,126.0
S501!,17/09/2026,14:51,1069.2,1069.3,1069.0,1069.1,226.0
S501!,17/09/2026,14:52,1069.1,1069.3,1069.0,1069.3,212.0
S501!,17/09/2026,14:53,1069.3,1069.3,1069.2,1069.2,185.0
S501!,17/09/2026,14:54,1069.2,1069.2,1069.0,1069.0,128.0
S501!,17/09/2026,14:55,1069.0,1069.0,1068.6,1068.6,527.0
S501!,17/09/2026,14:56,1068.7,1068.7,1068.5,1068.6,129.0
S501!,17/09/2026,14:57,1068.5,1068.8,1068.5,1068.6,260.0
S501!,17/09/2026,14:58,1068.7,1068.7,1068.5,1068.6,115.0
S501!,17/09/2026,14:59,1068.7,1069.0,1068.7,1068.9,301.0
S501!,17/09/2026,15:00,1068.9,1068.9,1068.8,1068.9,33.0
S501!,17/09/2026,15:01,1068.9,1068.9,1068.2,1068.3,349.0
S501!,17/09/2026,15:02,1068.2,1068.2,1067.9,1068.1,638.0
S501!,17/09/2026,15:03,1068.1,1068.2,1068.0,1068.0,150.0
S501!,17/09/2026,15:04,1068.1,1068.2,1068.0,1068.1,157.0
S501!,17/09/2026,15:05,1068.1,1068.2,1067.9,1067.9,102.0
S501!,17/09/2026,15:06,1068.0,1068.5,1067.9,1068.4,357.0
S501!,17/09/2026,15:07,1068.3,1068.7,1068.1,1068.6,366.0
S501!,17/09/2026,15:08,1068.5,1068.6,1068.2,1068.2,160.0
S501!,17/09/2026,15:09,1068.3,1068.4,1068.1,1068.2,149.0
S501!,17/09/2026,15:10,1068.3,1068.4,1068.1,1068.1,258.0
S501!,17/09/2026,15:11,1068.1,1068.4,1068.1,1068.3,216.0
S501!,17/09/2026,15:12,1068.3,1068.4,1068.2,1068.3,112.0
S501!,17/09/2026,15:13,1068.3,1068.4,1068.2,1068.4,140.0
S501!,17/09/2026,15:14,1068.4,1068.5,1068.3,1068.4,196.0
S501!,17/09/2026,15:15,1068.4,1068.4,1067.8,1067.9,462.0
S501!,17/09/2026,15:16,1067.8,1068.2,1067.6,1068.0,531.0
S501!,17/09/2026,15:17,1068.0,1068.1,1067.7,1067.7,127.0
S501!,17/09/2026,15:18,1067.7,1067.7,1067.6,1067.6,62.0
S501!,17/09/2026,15:19,1067.6,1067.7,1067.4,1067.7,253.0
S501!,17/09/2026,15:20,1067.7,1067.9,1067.6,1067.6,120.0
S501!,17/09/2026,15:21,1067.6,1068.1,1067.4,1068.1,300.0
S501!,17/09/2026,15:22,1068.1,1068.1,1067.7,1067.8,221.0
S501!,17/09/2026,15:23,1067.7,1068.0,1067.7,1068.0,144.0
S501!,17/09/2026,15:24,1068.0,1068.1,1067.9,1068.0,211.0
S501!,17/09/2026,15:25,1068.0,1068.3,1068.0,1068.3,87.0
S501!,17/09/2026,15:26,1068.2,1068.4,1068.1,1068.2,160.0
S501!,17/09/2026,15:27,1068.3,1068.6,1068.3,1068.4,210.0
S501!,17/09/2026,15:28,1068.4,1068.4,1068.2,1068.3,169.0
S501!,17/09/2026,15:29,1068.4,1068.5,1068.0,1068.4,198.0
S501!,17/09/2026,15:30,1068.5,1068.8,1068.4,1068.4,340.0
S501!,17/09/2026,15:31,1068.4,1068.5,1068.4,1068.5,48.0
S501!,17/09/2026,15:32,1068.5,1068.5,1068.1,1068.2,302.0
S501!,17/09/2026,15:33,1068.2,1068.7,1068.2,1068.5,130.0
S501!,17/09/2026,15:34,1068.6,1069.1,1068.6,1069.1,229.0
S501!,17/09/2026,15:35,1069.0,1069.2,1068.8,1068.8,252.0
S501!,17/09/2026,15:36,1068.8,1069.1,1068.8,1069.0,109.0
S501!,17/09/2026,15:37,1068.9,1069.1,1068.9,1069.0,31.0
S501!,17/09/2026,15:38,1069.0,1069.1,1068.9,1068.9,51.0
S501!,17/09/2026,15:39,1068.9,1069.2,1068.9,1069.1,101.0
S501!,17/09/2026,15:40,1069.2,1069.4,1069.1,1069.1,181.0
S501!,17/09/2026,15:41,1069.0,1069.2,1069.0,1069.2,98.0
S501!,17/09/2026,15:42,1069.3,1069.3,1069.2,1069.3,135.0
S501!,17/09/2026,15:43,1069.3,1069.3,1069.2,1069.3,161.0
S501!,17/09/2026,15:44,1069.1,1069.4,1069.0,1069.2,211.0
S501!,17/09/2026,15:45,1069.0,1069.1,1068.9,1068.9,76.0
S501!,17/09/2026,15:46,1068.9,1068.9,1068.7,1068.8,54.0
S501!,17/09/2026,15:47,1068.9,1068.9,1068.3,1068.7,298.0
S501!,17/09/2026,15:48,1068.7,1068.9,1068.6,1068.6,170.0
S501!,17/09/2026,15:49,1068.6,1068.6,1068.6,1068.6,29.0
S501!,17/09/2026,15:50,1068.7,1069.0,1068.7,1069.0,82.0
S501!,17/09/2026,15:51,1069.0,1069.0,1068.9,1068.9,68.0
S501!,17/09/2026,15:52,1068.9,1068.9,1068.8,1068.8,85.0
S501!,17/09/2026,15:53,1068.8,1069.0,1068.7,1069.0,151.0
S501!,17/09/2026,15:54,1069.0,1069.1,1069.0,1069.0,144.0
S501!,17/09/2026,15:55,1068.9,1069.2,1068.9,1069.1,109.0
S501!,17/09/2026,15:56,1069.0,1069.3,1069.0,1069.2,99.0
S501!,17/09/2026,15:57,1069.3,1069.4,1069.1,1069.1,179.0
S501!,17/09/2026,15:58,1069.2,1069.3,1069.2,1069.3,34.0
S501!,17/09/2026,15:59,1069.3,1069.4,1069.2,1069.3,174.0
S501!,17/09/2026,16:00,1069.3,1069.6,1069.2,1069.6,382.0
S501!,17/09/2026,16:01,1069.5,1069.5,1069.4,1069.5,73.0
S501!,17/09/2026,16:02,1069.6,1069.7,1069.5,1069.5,254.0
S501!,17/09/2026,16:03,1069.5,1069.5,1069.2,1069.3,121.0
S501!,17/09/2026,16:04,1069.3,1069.8,1069.1,1069.7,318.0
S501!,17/09/2026,16:05,1069.7,1069.7,1069.4,1069.6,195.0
S501!,17/09/2026,16:06,1069.6,1069.6,1069.1,1069.2,222.0
S501!,17/09/2026,16:07,1069.2,1069.4,1069.2,1069.3,133.0
S501!,17/09/2026,16:08,1069.4,1069.4,1069.1,1069.2,157.0
S501!,17/09/2026,16:09,1069.1,1069.3,1069.0,1069.3,134.0
S501!,17/09/2026,16:10,1069.4,1070.0,1069.4,1070.0,410.0
S501!,17/09/2026,16:11,1069.9,1070.0,1069.8,1069.9,205.0
S501!,17/09/2026,16:12,1069.9,1070.0,1069.7,1069.7,215.0
S501!,17/09/2026,16:13,1069.7,1069.7,1069.4,1069.4,177.0
S501!,17/09/2026,16:14,1069.5,1069.7,1069.4,1069.5,127.0
S501!,17/09/2026,16:15,1069.4,1069.5,1069.4,1069.4,37.0
S501!,17/09/2026,16:16,1069.4,1069.5,1069.2,1069.3,161.0
S501!,17/09/2026,16:17,1069.4,1069.8,1069.3,1069.8,195.0
S501!,17/09/2026,16:18,1069.7,1069.9,1069.6,1069.8,186.0
S501!,17/09/2026,16:19,1069.7,1069.7,1069.4,1069.4,95.0
S501!,17/09/2026,16:20,1069.4,1069.5,1069.1,1069.2,355.0
S501!,17/09/2026,16:21,1069.2,1069.7,1069.1,1069.7,341.0
S501!,17/09/2026,16:22,1069.7,1069.7,1069.4,1069.4,92.0
S501!,17/09/2026,16:23,1069.3,1069.5,1069.1,1069.4,199.0
S501!,17/09/2026,16:24,1069.4,1069.4,1069.3,1069.3,92.0
S501!,17/09/2026,16:25,1069.3,1069.3,1069.1,1069.3,231.0
S501!,17/09/2026,16:26,1069.2,1069.3,1069.1,1069.2,212.0
S501!,17/09/2026,16:27,1069.1,1069.4,1068.9,1069.3,296.0
S501!,17/09/2026,16:28,1069.2,1069.5,1069.1,1069.3,219.0
S501!,17/09/2026,16:29,1069.4,1069.6,1069.1,1069.3,325.0
S501!,17/09/2026,16:30,1069.4,1069.5,1068.9,1068.9,645.0
S501!,17/09/2026,16:31,1069.0,1069.9,1068.9,1069.9,569.0
S501!,17/09/2026,16:32,1069.9,1070.0,1069.6,1069.7,234.0
S501!,17/09/2026,16:33,1069.6,1069.7,1069.4,1069.5,127.0
S501!,17/09/2026,16:34,1069.5,1069.6,1069.3,1069.6,178.0
S501!,17/09/2026,16:35,1069.5,1069.7,1069.4,1069.5,198.0
S501!,17/09/2026,16:36,1069.4,1069.6,1069.3,1069.5,314.0
S501!,17/09/2026,16:37,1069.5,1069.7,1069.3,1069.7,236.0
S501!,17/09/2026,16:38,1069.6,1070.0,1069.6,1069.7,240.0
S501!,17/09/2026,16:39,1069.7,1069.9,1069.5,1069.5,303.0
S501!,17/09/2026,16:40,1069.5,1069.6,1069.4,1069.5,275.0
S501!,17/09/2026,16:41,1069.5,1069.6,1069.4,1069.6,112.0
S501!,17/09/2026,16:42,1069.5,1069.7,1069.5,1069.6,224.0
S501!,17/09/2026,16:43,1069.7,1069.8,1069.6,1069.8,282.0
S501!,17/09/2026,16:44,1069.7,1069.8,1069.6,1069.8,170.0
S501!,17/09/2026,16:45,1069.9,1069.9,1069.3,1069.4,393.0
S501!,17/09/2026,16:46,1069.4,1069.5,1069.2,1069.4,210.0
S501!,17/09/2026,16:47,1069.5,1069.6,1069.3,1069.4,191.0
S501!,17/09/2026,16:48,1069.4,1069.4,1069.2,1069.3,289.0
S501!,17/09/2026,16:49,1069.4,1069.4,1069.0,1069.3,313.0
S501!,17/09/2026,16:50,1069.2,1069.5,1069.1,1069.4,181.0
S501!,17/09/2026,16:51,1069.3,1069.5,1069.2,1069.4,331.0
S501!,17/09/2026,16:52,1069.2,1069.4,1069.2,1069.4,249.0
S501!,17/09/2026,16:53,1069.3,1069.6,1069.2,1069.3,738.0
S501!,17/09/2026,16:54,1069.3,1069.4,1069.2,1069.4,444.0
S501!,18/09/2026,09:45,1071.0,1071.5,1070.0,1071.0,2170.0
S501!,18/09/2026,09:46,1070.9,1071.0,1069.5,1070.7,1336.0
S501!,18/09/2026,09:47,1070.5,1070.6,1069.5,1069.8,903.0
S501!,18/09/2026,09:48,1069.8,1070.0,1069.2,1069.6,903.0
S501!,18/09/2026,09:49,1069.7,1070.7,1069.5,1070.6,625.0
S501!,18/09/2026,09:50,1070.6,1070.6,1069.7,1070.0,488.0
S501!,18/09/2026,09:51,1069.9,1070.4,1069.7,1070.4,378.0
S501!,18/09/2026,09:52,1070.3,1071.0,1070.0,1070.7,546.0
S501!,18/09/2026,09:53,1070.7,1070.9,1070.6,1070.9,356.0
S501!,18/09/2026,09:54,1070.8,1071.1,1070.6,1071.1,385.0
S501!,18/09/2026,09:55,1070.9,1071.8,1070.9,1071.7,750.0
S501!,18/09/2026,09:56,1071.7,1072.0,1071.5,1071.9,1149.0
S501!,18/09/2026,09:57,1071.9,1072.0,1071.5,1071.8,368.0
S501!,18/09/2026,09:58,1071.7,1072.1,1071.6,1072.1,342.0
S501!,18/09/2026,09:59,1072.0,1072.6,1071.8,1072.1,1347.0
S501!,18/09/2026,10:00,1072.1,1072.2,1070.1,1071.0,2028.0
S501!,18/09/2026,10:01,1070.9,1071.5,1070.8,1070.9,1323.0
S501!,18/09/2026,10:02,1070.8,1073.8,1070.8,1073.3,3221.0
S501!,18/09/2026,10:03,1073.4,1073.6,1072.0,1072.6,1447.0
S501!,18/09/2026,10:04,1072.6,1073.2,1072.5,1073.1,737.0
S501!,18/09/2026,10:05,1073.0,1073.5,1073.0,1073.2,708.0
S501!,18/09/2026,10:06,1073.2,1073.3,1072.6,1073.1,594.0
S501!,18/09/2026,10:07,1073.1,1073.5,1073.0,1073.2,585.0
S501!,18/09/2026,10:08,1073.2,1073.3,1071.4,1071.8,1038.0
S501!,18/09/2026,10:09,1071.8,1072.3,1071.6,1072.0,866.0
S501!,18/09/2026,10:10,1072.0,1072.6,1071.9,1072.5,618.0
S501!,18/09/2026,10:11,1072.5,1073.7,1072.5,1073.6,1264.0
S501!,18/09/2026,10:12,1073.6,1073.8,1073.5,1073.5,739.0
S501!,18/09/2026,10:13,1073.5,1073.6,1073.1,1073.4,550.0
S501!,18/09/2026,10:14,1073.4,1073.6,1073.2,1073.5,621.0
S501!,18/09/2026,10:15,1073.6,1073.7,1072.5,1072.8,486.0
S501!,18/09/2026,10:16,1072.9,1073.0,1072.3,1072.5,513.0
S501!,18/09/2026,10:17,1072.5,1072.6,1071.9,1072.3,670.0
S501!,18/09/2026,10:18,1072.2,1072.2,1071.9,1072.1,341.0
S501!,18/09/2026,10:19,1072.0,1072.2,1071.6,1072.0,464.0
S501!,18/09/2026,10:20,1071.9,1072.8,1071.8,1072.7,631.0
S501!,18/09/2026,10:21,1072.7,1072.8,1072.2,1072.7,369.0
S501!,18/09/2026,10:22,1072.6,1072.6,1072.2,1072.3,207.0
S501!,18/09/2026,10:23,1072.3,1072.3,1071.5,1071.7,370.0
S501!,18/09/2026,10:24,1071.7,1071.8,1071.5,1071.7,221.0
S501!,18/09/2026,10:25,1071.7,1071.8,1071.5,1071.8,617.0
S501!,18/09/2026,10:26,1071.8,1071.9,1071.4,1071.5,390.0
S501!,18/09/2026,10:27,1071.5,1071.7,1071.5,1071.6,201.0
S501!,18/09/2026,10:28,1071.6,1071.6,1071.1,1071.3,512.0
S501!,18/09/2026,10:29,1071.3,1071.5,1071.2,1071.5,124.0
S501!,18/09/2026,10:30,1071.4,1072.3,1071.3,1071.5,682.0
S501!,18/09/2026,10:31,1071.6,1071.6,1070.4,1070.7,929.0
S501!,18/09/2026,10:32,1070.5,1070.8,1070.1,1070.7,512.0
S501!,18/09/2026,10:33,1070.6,1070.7,1070.4,1070.6,201.0
S501!,18/09/2026,10:34,1070.5,1070.6,1070.2,1070.2,322.0
S501!,18/09/2026,10:35,1070.2,1070.4,1069.8,1070.0,885.0
S501!,18/09/2026,10:36,1070.0,1070.0,1069.4,1069.5,553.0
S501!,18/09/2026,10:37,1069.5,1070.0,1069.5,1069.7,241.0
S501!,18/09/2026,10:38,1069.7,1070.3,1069.6,1070.3,438.0
S501!,18/09/2026,10:39,1070.2,1070.4,1070.1,1070.2,256.0
S501!,18/09/2026,10:40,1070.3,1071.1,1070.2,1070.9,548.0
S501!,18/09/2026,10:41,1070.9,1071.0,1070.7,1070.7,285.0
S501!,18/09/2026,10:42,1070.7,1070.7,1070.4,1070.5,211.0
S501!,18/09/2026,10:43,1070.5,1071.0,1070.5,1070.7,329.0
S501!,18/09/2026,10:44,1070.7,1071.0,1070.6,1071.0,236.0
S501!,18/09/2026,10:45,1071.0,1071.5,1070.9,1071.4,474.0
S501!,18/09/2026,10:46,1071.4,1071.4,1070.9,1071.0,166.0
S501!,18/09/2026,10:47,1070.9,1071.1,1070.9,1070.9,161.0
S501!,18/09/2026,10:48,1070.9,1071.0,1070.8,1070.8,163.0
S501!,18/09/2026,10:49,1070.8,1071.3,1070.8,1071.2,85.0
S501!,18/09/2026,10:50,1071.2,1071.5,1071.2,1071.5,369.0
S501!,18/09/2026,10:51,1071.4,1071.5,1071.4,1071.5,151.0
S501!,18/09/2026,10:52,1071.5,1071.9,1071.5,1071.8,655.0
S501!,18/09/2026,10:53,1071.7,1071.8,1071.6,1071.6,279.0
S501!,18/09/2026,10:54,1071.6,1071.6,1071.4,1071.5,75.0
S501!,18/09/2026,10:55,1071.4,1071.6,1071.4,1071.5,26.0
S501!,18/09/2026,10:56,1071.4,1071.4,1071.2,1071.2,118.0
S501!,18/09/2026,10:57,1071.2,1071.3,1070.9,1071.1,131.0
S501!,18/09/2026,10:58,1071.1,1071.2,1070.9,1070.9,70.0
S501!,18/09/2026,10:59,1071.0,1071.1,1070.8,1071.1,102.0
S501!,18/09/2026,11:00,1071.1,1071.4,1070.9,1071.0,204.0
S501!,18/09/2026,11:01,1070.9,1070.9,1070.6,1070.7,652.0
S501!,18/09/2026,11:02,1070.7,1070.8,1070.5,1070.5,140.0
S501!,18/09/2026,11:03,1070.6,1070.6,1070.2,1070.2,187.0
S501!,18/09/2026,11:04,1070.2,1070.3,1070.1,1070.1,122.0
S501!,18/09/2026,11:05,1070.1,1070.5,1070.0,1070.4,243.0
S501!,18/09/2026,11:06,1070.4,1071.0,1070.4,1070.7,248.0
S501!,18/09/2026,11:07,1070.7,1071.3,1070.7,1071.2,210.0
S501!,18/09/2026,11:08,1071.2,1071.2,1070.8,1070.8,62.0
S501!,18/09/2026,11:09,1070.8,1070.9,1070.6,1070.7,133.0
S501!,18/09/2026,11:10,1070.8,1071.2,1070.8,1071.2,87.0
S501!,18/09/2026,11:11,1071.2,1071.3,1071.1,1071.1,148.0
S501!,18/09/2026,11:12,1071.1,1071.4,1071.0,1071.4,76.0
S501!,18/09/2026,11:13,1071.3,1071.4,1071.0,1071.0,71.0
S501!,18/09/2026,11:14,1071.0,1071.1,1070.6,1070.6,123.0
S501!,18/09/2026,11:15,1070.6,1070.6,1070.4,1070.6,229.0
S501!,18/09/2026,11:16,1070.6,1070.6,1070.5,1070.5,69.0
S501!,18/09/2026,11:17,1070.6,1070.7,1070.6,1070.6,38.0
S501!,18/09/2026,11:18,1070.6,1070.8,1070.3,1070.3,180.0
S501!,18/09/2026,11:19,1070.3,1070.3,1069.9,1070.1,368.0
S501!,18/09/2026,11:20,1070.1,1070.1,1069.9,1069.9,75.0
S501!,18/09/2026,11:21,1069.9,1070.7,1069.9,1070.4,315.0
S501!,18/09/2026,11:22,1070.3,1070.5,1070.2,1070.4,82.0
S501!,18/09/2026,11:23,1070.4,1070.5,1070.2,1070.2,54.0
S501!,18/09/2026,11:24,1070.3,1070.3,1070.2,1070.2,18.0
S501!,18/09/2026,11:25,1070.2,1070.7,1070.2,1070.6,95.0
S501!,18/09/2026,11:26,1070.6,1070.6,1070.3,1070.3,53.0
S501!,18/09/2026,11:27,1070.3,1070.9,1070.3,1070.5,294.0
S501!,18/09/2026,11:28,1070.6,1070.6,1070.3,1070.3,63.0
S501!,18/09/2026,11:29,1070.3,1070.9,1070.3,1070.9,148.0
S501!,18/09/2026,11:30,1070.9,1070.9,1070.7,1070.7,84.0
S501!,18/09/2026,11:31,1070.8,1070.8,1070.7,1070.7,53.0
S501!,18/09/2026,11:32,1070.8,1070.8,1070.3,1070.6,186.0
S501!,18/09/2026,11:33,1070.7,1071.1,1070.7,1071.1,240.0
S501!,18/09/2026,11:34,1071.1,1071.2,1070.9,1071.0,105.0
S501!,18/09/2026,11:35,1071.1,1071.2,1071.0,1071.0,149.0
S501!,18/09/2026,11:36,1071.0,1071.1,1070.7,1070.7,71.0
S501!,18/09/2026,11:37,1070.7,1070.8,1070.7,1070.7,73.0
S501!,18/09/2026,11:38,1070.7,1071.4,1070.7,1071.1,173.0
S501!,18/09/2026,11:39,1071.1,1071.2,1071.0,1071.0,81.0
S501!,18/09/2026,11:40,1071.0,1071.1,1070.9,1071.0,70.0
S501!,18/09/2026,11:41,1071.0,1071.1,1070.9,1070.9,21.0
S501!,18/09/2026,11:42,1071.1,1071.3,1071.1,1071.2,81.0
S501!,18/09/2026,11:43,1071.2,1071.3,1071.0,1071.3,109.0
S501!,18/09/2026,11:44,1071.4,1071.4,1071.2,1071.4,83.0
S501!,18/09/2026,11:45,1071.2,1071.3,1070.9,1071.1,110.0
S501!,18/09/2026,11:46,1071.1,1071.1,1070.9,1071.1,85.0
S501!,18/09/2026,11:47,1071.2,1071.2,1070.8,1070.8,39.0
S501!,18/09/2026,11:48,1070.8,1071.4,1070.7,1071.4,209.0
S501!,18/09/2026,11:49,1071.3,1071.4,1071.2,1071.2,84.0
S501!,18/09/2026,11:50,1071.4,1071.4,1071.2,1071.4,122.0
S501!,18/09/2026,11:51,1071.5,1071.5,1071.4,1071.5,150.0
S501!,18/09/2026,11:52,1071.5,1071.7,1071.4,1071.7,540.0
S501!,18/09/2026,11:53,1071.7,1071.8,1071.6,1071.8,287.0
S501!,18/09/2026,11:54,1071.8,1071.9,1071.8,1071.9,228.0
S501!,18/09/2026,11:55,1071.9,1072.0,1071.7,1071.9,402.0
S501!,18/09/2026,11:56,1071.8,1071.8,1071.7,1071.8,260.0
S501!,18/09/2026,11:57,1071.8,1071.8,1071.5,1071.5,83.0
S501!,18/09/2026,11:58,1071.5,1071.5,1071.3,1071.3,40.0
S501!,18/09/2026,11:59,1071.3,1071.4,1071.2,1071.4,72.0
S501!,18/09/2026,12:00,1071.4,1071.4,1071.2,1071.3,109.0
S501!,18/09/2026,12:01,1071.1,1071.3,1071.0,1071.2,156.0
S501!,18/09/2026,12:02,1071.2,1071.2,1071.1,1071.1,95.0
S501!,18/09/2026,12:03,1071.1,1071.1,1070.8,1070.9,105.0
S501!,18/09/2026,12:04,1070.9,1071.3,1070.8,1071.1,299.0
S501!,18/09/2026,12:05,1071.2,1071.3,1071.0,1071.0,110.0
S501!,18/09/2026,12:06,1071.0,1071.0,1070.7,1070.9,156.0
S501!,18/09/2026,12:07,1070.7,1070.9,1070.7,1070.9,53.0
S501!,18/09/2026,12:08,1070.9,1071.1,1070.8,1071.1,138.0
S501!,18/09/2026,12:09,1071.0,1071.3,1070.9,1071.0,111.0
S501!,18/09/2026,12:10,1070.9,1071.1,1070.9,1071.1,70.0
S501!,18/09/2026,12:11,1071.0,1071.4,1070.9,1071.4,206.0
S501!,18/09/2026,12:12,1071.3,1071.4,1071.1,1071.2,52.0
S501!,18/09/2026,12:13,1071.2,1071.3,1071.1,1071.3,49.0
S501!,18/09/2026,12:14,1071.3,1071.3,1071.0,1071.2,103.0
S501!,18/09/2026,12:15,1071.1,1071.1,1071.0,1071.0,26.0
S501!,18/09/2026,12:16,1071.0,1071.1,1071.0,1071.0,139.0
S501!,18/09/2026,12:17,1071.0,1071.3,1071.0,1071.2,91.0
S501!,18/09/2026,12:18,1071.2,1071.2,1071.0,1071.0,37.0
S501!,18/09/2026,12:19,1071.0,1071.4,1071.0,1071.4,101.0
S501!,18/09/2026,12:20,1071.2,1071.6,1071.2,1071.4,174.0
S501!,18/09/2026,12:21,1071.4,1071.6,1071.3,1071.4,95.0
S501!,18/09/2026,12:22,1071.4,1071.6,1071.4,1071.4,174.0
S501!,18/09/2026,12:23,1071.4,1071.5,1071.3,1071.5,130.0
S501!,18/09/2026,12:24,1071.3,1071.3,1071.1,1071.1,95.0
S501!,18/09/2026,12:25,1071.2,1071.3,1071.1,1071.1,171.0
S501!,18/09/2026,12:26,1071.0,1071.2,1071.0,1071.2,73.0
S501!,18/09/2026,12:27,1071.2,1071.3,1071.0,1071.0,59.0
S501!,18/09/2026,12:28,1071.1,1071.2,1070.8,1070.8,168.0
S501!,18/09/2026,12:29,1070.9,1071.3,1070.8,1071.2,153.0
S501!,18/09/2026,13:45,1071.5,1071.5,1070.6,1070.8,357.0
S501!,18/09/2026,13:46,1070.8,1070.8,1070.4,1070.4,245.0
S501!,18/09/2026,13:47,1070.4,1070.6,1070.4,1070.6,104.0
S501!,18/09/2026,13:48,1070.6,1070.7,1070.6,1070.7,80.0
S501!,18/09/2026,13:49,1070.7,1070.8,1070.6,1070.6,70.0
S501!,18/09/2026,13:50,1070.6,1070.8,1070.4,1070.4,228.0
S501!,18/09/2026,13:51,1070.4,1070.5,1070.4,1070.4,87.0
S501!,18/09/2026,13:52,1070.4,1070.7,1070.3,1070.3,151.0
S501!,18/09/2026,13:53,1070.3,1070.4,1070.1,1070.4,352.0
S501!,18/09/2026,13:54,1070.3,1070.4,1070.3,1070.3,38.0
S501!,18/09/2026,13:55,1070.4,1070.6,1070.3,1070.5,186.0
S501!,18/09/2026,13:56,1070.5,1070.5,1070.2,1070.3,109.0
S501!,18/09/2026,13:57,1070.3,1070.5,1070.2,1070.2,108.0
S501!,18/09/2026,13:58,1070.2,1070.3,1070.2,1070.2,32.0
S501!,18/09/2026,13:59,1070.3,1070.4,1069.9,1070.0,173.0
S501!,18/09/2026,14:00,1069.9,1070.0,1069.0,1069.4,1347.0
S501!,18/09/2026,14:01,1069.6,1069.9,1069.4,1069.5,428.0
S501!,18/09/2026,14:02,1069.6,1069.7,1069.2,1069.5,410.0
S501!,18/09/2026,14:03,1069.5,1069.6,1069.0,1069.1,393.0
S501!,18/09/2026,14:04,1069.1,1069.3,1068.9,1069.0,496.0
S501!,18/09/2026,14:05,1069.1,1069.3,1068.5,1068.5,683.0
S501!,18/09/2026,14:06,1068.6,1068.7,1068.3,1068.5,364.0
S501!,18/09/2026,14:07,1068.5,1068.5,1068.2,1068.3,416.0
S501!,18/09/2026,14:08,1068.3,1068.8,1068.2,1068.5,344.0
S501!,18/09/2026,14:09,1068.6,1068.8,1068.3,1068.8,308.0
S501!,18/09/2026,14:10,1068.8,1068.8,1068.5,1068.5,110.0
S501!,18/09/2026,14:11,1068.5,1068.8,1068.5,1068.8,167.0
S501!,18/09/2026,14:12,1068.7,1069.0,1068.7,1069.0,177.0
S501!,18/09/2026,14:13,1068.9,1069.3,1068.9,1069.1,204.0
S501!,18/09/2026,14:14,1069.1,1069.1,1068.6,1068.7,376.0
S501!,18/09/2026,14:15,1068.7,1068.7,1068.4,1068.5,389.0
S501!,18/09/2026,14:16,1068.4,1068.8,1068.3,1068.7,201.0
S501!,18/09/2026,14:17,1068.7,1068.7,1068.4,1068.4,78.0
S501!,18/09/2026,14:18,1068.4,1068.4,1068.1,1068.2,277.0
S501!,18/09/2026,14:19,1068.2,1068.3,1068.2,1068.2,96.0
S501!,18/09/2026,14:20,1068.3,1068.5,1068.2,1068.4,174.0
S501!,18/09/2026,14:21,1068.4,1068.8,1068.4,1068.4,333.0
S501!,18/09/2026,14:22,1068.4,1068.6,1068.3,1068.6,168.0
S501!,18/09/2026,14:23,1068.6,1068.7,1068.3,1068.6,297.0
S501!,18/09/2026,14:24,1068.5,1068.6,1068.2,1068.3,218.0
S501!,18/09/2026,14:25,1068.2,1068.3,1067.9,1068.0,671.0
S501!,18/09/2026,14:26,1068.0,1068.1,1067.5,1067.8,384.0
S501!,18/09/2026,14:27,1067.8,1068.0,1067.7,1067.8,187.0
S501!,18/09/2026,14:28,1067.8,1068.0,1067.8,1068.0,159.0
S501!,18/09/2026,14:29,1068.0,1068.2,1067.9,1068.0,244.0
S501!,18/09/2026,14:30,1068.0,1068.4,1068.0,1068.3,272.0
S501!,18/09/2026,14:31,1068.3,1068.3,1068.0,1068.0,140.0
S501!,18/09/2026,14:32,1068.0,1068.0,1067.6,1067.8,248.0
S501!,18/09/2026,14:33,1067.8,1067.8,1067.6,1067.6,239.0
S501!,18/09/2026,14:34,1067.6,1067.9,1067.4,1067.8,362.0
S501!,18/09/2026,14:35,1067.8,1067.9,1067.5,1067.5,253.0
S501!,18/09/2026,14:36,1067.5,1067.7,1067.5,1067.6,169.0
S501!,18/09/2026,14:37,1067.7,1067.9,1067.6,1067.8,184.0
S501!,18/09/2026,14:38,1067.9,1067.9,1067.7,1067.7,127.0
S501!,18/09/2026,14:39,1067.7,1067.7,1067.3,1067.3,442.0
S501!,18/09/2026,14:40,1067.4,1067.7,1067.3,1067.4,192.0
S501!,18/09/2026,14:41,1067.4,1067.5,1067.3,1067.4,237.0
S501!,18/09/2026,14:42,1067.3,1067.5,1067.3,1067.3,91.0
S501!,18/09/2026,14:43,1067.3,1067.4,1067.3,1067.4,138.0
S501!,18/09/2026,14:44,1067.3,1067.4,1067.3,1067.3,73.0
S501!,18/09/2026,14:45,1067.3,1067.5,1067.2,1067.4,197.0
S501!,18/09/2026,14:46,1067.3,1068.1,1067.3,1068.0,274.0
S501!,18/09/2026,14:47,1068.0,1068.1,1067.7,1067.9,259.0
S501!,18/09/2026,14:48,1067.8,1067.9,1067.7,1067.9,110.0
S501!,18/09/2026,14:49,1067.8,1068.1,1067.8,1068.0,79.0
S501!,18/09/2026,14:50,1067.9,1068.0,1067.7,1067.7,93.0
S501!,18/09/2026,14:51,1067.6,1068.1,1067.5,1067.9,447.0
S501!,18/09/2026,14:52,1067.9,1068.0,1067.8,1068.0,21.0
S501!,18/09/2026,14:53,1067.9,1068.4,1067.9,1068.3,200.0
S501!,18/09/2026,14:54,1068.2,1068.4,1068.2,1068.3,119.0
S501!,18/09/2026,14:55,1068.2,1068.3,1068.0,1068.1,43.0
S501!,18/09/2026,14:56,1068.0,1068.1,1067.9,1068.1,109.0
S501!,18/09/2026,14:57,1068.0,1068.0,1067.7,1067.7,76.0
S501!,18/09/2026,14:58,1067.7,1067.9,1067.7,1067.9,199.0
S501!,18/09/2026,14:59,1067.8,1067.8,1067.6,1067.6,75.0
S501!,18/09/2026,15:00,1067.6,1067.8,1067.6,1067.7,137.0
S501!,18/09/2026,15:01,1067.8,1067.8,1067.7,1067.8,71.0
S501!,18/09/2026,15:02,1067.8,1068.0,1067.7,1067.7,121.0
S501!,18/09/2026,15:03,1067.8,1067.9,1067.7,1067.8,67.0
S501!,18/09/2026,15:04,1067.8,1067.8,1067.6,1067.6,81.0
S501!,18/09/2026,15:05,1067.6,1067.6,1067.5,1067.6,50.0
S501!,18/09/2026,15:06,1067.5,1067.9,1067.5,1067.8,167.0
S501!,18/09/2026,15:07,1067.7,1068.0,1067.7,1067.9,47.0
S501!,18/09/2026,15:08,1067.9,1067.9,1067.7,1067.8,78.0
S501!,18/09/2026,15:09,1067.8,1067.9,1067.8,1067.8,23.0
S501!,18/09/2026,15:10,1067.8,1068.1,1067.7,1068.0,134.0
S501!,18/09/2026,15:11,1068.0,1068.0,1067.7,1067.8,93.0
S501!,18/09/2026,15:12,1067.8,1067.9,1067.7,1067.8,75.0
S501!,18/09/2026,15:13,1067.8,1067.9,1067.8,1067.9,16.0
S501!,18/09/2026,15:14,1067.8,1067.9,1067.6,1067.9,199.0
S501!,18/09/2026,15:15,1067.8,1067.8,1067.7,1067.7,83.0
S501!,18/09/2026,15:16,1067.7,1067.7,1067.4,1067.4,144.0
S501!,18/09/2026,15:17,1067.4,1067.5,1067.3,1067.4,84.0
S501!,18/09/2026,15:18,1067.4,1067.6,1067.3,1067.6,111.0
S501!,18/09/2026,15:19,1067.6,1067.6,1067.5,1067.6,60.0
S501!,18/09/2026,15:20,1067.6,1068.3,1067.6,1068.3,297.0
S501!,18/09/2026,15:21,1068.2,1068.3,1068.1,1068.1,101.0
S501!,18/09/2026,15:22,1068.0,1068.1,1068.0,1068.1,40.0
S501!,18/09/2026,15:23,1068.0,1068.1,1068.0,1068.1,25.0
S501!,18/09/2026,15:24,1068.0,1068.1,1067.8,1067.9,47.0
S501!,18/09/2026,15:25,1067.8,1068.0,1067.8,1067.8,85.0
S501!,18/09/2026,15:26,1067.8,1068.0,1067.8,1068.0,61.0
S501!,18/09/2026,15:27,1068.1,1068.1,1068.0,1068.1,70.0
S501!,18/09/2026,15:28,1068.0,1068.1,1068.0,1068.0,24.0
S501!,18/09/2026,15:29,1068.1,1068.1,1067.9,1067.9,85.0
S501!,18/09/2026,15:30,1067.8,1068.1,1067.8,1068.1,105.0
S501!,18/09/2026,15:31,1068.1,1068.2,1068.1,1068.2,100.0
S501!,18/09/2026,15:32,1068.1,1068.7,1068.1,1068.5,435.0
S501!,18/09/2026,15:33,1068.4,1068.4,1068.3,1068.4,72.0
S501!,18/09/2026,15:34,1068.4,1068.6,1068.2,1068.2,137.0
S501!,18/09/2026,15:35,1068.3,1068.5,1068.2,1068.3,63.0
S501!,18/09/2026,15:36,1068.3,1068.3,1068.1,1068.1,57.0
S501!,18/09/2026,15:37,1068.1,1068.4,1068.1,1068.4,86.0
S501!,18/09/2026,15:38,1068.4,1068.8,1068.4,1068.6,253.0
S501!,18/09/2026,15:39,1068.6,1068.9,1068.6,1068.9,212.0
S501!,18/09/2026,15:40,1068.9,1069.1,1068.9,1069.0,239.0
S501!,18/09/2026,15:41,1069.0,1069.1,1068.9,1069.0,138.0
S501!,18/09/2026,15:42,1068.9,1069.0,1068.9,1069.0,61.0
S501!,18/09/2026,15:43,1068.9,1069.1,1068.9,1069.1,81.0
S501!,18/09/2026,15:44,1069.2,1069.4,1069.2,1069.4,122.0
S501!,18/09/2026,15:45,1069.3,1069.4,1069.1,1069.3,108.0
S501!,18/09/2026,15:46,1069.1,1069.2,1069.1,1069.2,26.0
S501!,18/09/2026,15:47,1069.1,1069.2,1068.7,1069.0,124.0
S501!,18/09/2026,15:48,1069.0,1069.1,1068.9,1069.0,177.0
S501!,18/09/2026,15:49,1069.0,1069.1,1068.9,1069.1,149.0
S501!,18/09/2026,15:50,1069.1,1069.2,1069.0,1069.1,34.0
S501!,18/09/2026,15:51,1069.0,1069.1,1069.0,1069.0,37.0
S501!,18/09/2026,15:52,1069.0,1069.0,1068.5,1068.7,198.0
S501!,18/09/2026,15:53,1068.6,1069.1,1068.6,1069.0,125.0
S501!,18/09/2026,15:54,1069.0,1069.2,1069.0,1069.1,74.0
S501!,18/09/2026,15:55,1069.2,1069.2,1069.0,1069.1,35.0
S501!,18/09/2026,15:56,1069.2,1069.2,1068.9,1069.0,116.0
S501!,18/09/2026,15:57,1069.0,1069.1,1069.0,1069.0,71.0
S501!,18/09/2026,15:58,1069.0,1069.0,1068.7,1068.8,31.0
S501!,18/09/2026,15:59,1068.8,1069.2,1068.7,1069.1,124.0
S501!,18/09/2026,16:00,1069.1,1069.3,1069.0,1069.2,77.0
S501!,18/09/2026,16:01,1069.2,1069.2,1068.9,1068.9,33.0
S501!,18/09/2026,16:02,1069.0,1069.0,1068.6,1068.8,84.0
S501!,18/09/2026,16:03,1068.9,1068.9,1068.8,1068.9,27.0
S501!,18/09/2026,16:04,1068.8,1068.8,1068.6,1068.7,28.0
S501!,18/09/2026,16:05,1068.6,1068.8,1068.6,1068.7,90.0
S501!,18/09/2026,16:06,1068.8,1068.8,1068.5,1068.7,89.0
S501!,18/09/2026,16:07,1068.7,1068.8,1068.6,1068.6,49.0
S501!,18/09/2026,16:08,1068.8,1068.8,1068.6,1068.7,89.0
S501!,18/09/2026,16:09,1068.7,1068.7,1068.1,1068.2,290.0
S501!,18/09/2026,16:10,1068.2,1068.2,1067.9,1068.2,497.0
S501!,18/09/2026,16:11,1068.2,1068.5,1068.0,1068.3,312.0
S501!,18/09/2026,16:12,1068.4,1068.5,1068.3,1068.4,25.0
S501!,18/09/2026,16:13,1068.4,1068.5,1068.3,1068.3,72.0
S501!,18/09/2026,16:14,1068.4,1068.4,1068.1,1068.1,63.0
S501!,18/09/2026,16:15,1068.1,1068.5,1068.1,1068.4,166.0
S501!,18/09/2026,16:16,1068.4,1068.5,1068.3,1068.4,163.0
S501!,18/09/2026,16:17,1068.4,1068.5,1068.3,1068.3,80.0
S501!,18/09/2026,16:18,1068.5,1068.6,1068.2,1068.5,220.0
S501!,18/09/2026,16:19,1068.6,1068.9,1068.5,1068.9,252.0
S501!,18/09/2026,16:20,1068.8,1069.1,1068.8,1069.1,518.0
S501!,18/09/2026,16:21,1069.0,1069.2,1068.5,1068.5,373.0
S501!,18/09/2026,16:22,1068.6,1068.7,1068.5,1068.5,138.0
S501!,18/09/2026,16:23,1068.7,1068.8,1068.3,1068.6,155.0
S501!,18/09/2026,16:24,1068.6,1068.8,1068.4,1068.7,289.0
S501!,18/09/2026,16:25,1068.6,1068.8,1068.3,1068.4,203.0
S501!,18/09/2026,16:26,1068.6,1068.6,1068.1,1068.2,207.0
S501!,18/09/2026,16:27,1068.2,1068.3,1068.1,1068.1,189.0
S501!,18/09/2026,16:28,1068.2,1068.5,1068.1,1068.5,185.0
S501!,18/09/2026,16:29,1068.5,1068.7,1068.4,1068.4,306.0
S501!,18/09/2026,16:30,1068.4,1068.6,1067.8,1068.4,418.0
S501!,18/09/2026,16:31,1068.5,1068.7,1068.4,1068.6,227.0
S501!,18/09/2026,16:32,1068.5,1068.6,1068.3,1068.4,206.0
S501!,18/09/2026,16:33,1068.5,1068.7,1068.2,1068.6,190.0
S501!,18/09/2026,16:34,1068.6,1068.7,1068.5,1068.6,225.0
S501!,18/09/2026,16:35,1068.5,1068.7,1068.4,1068.6,262.0
S501!,18/09/2026,16:36,1068.7,1069.1,1068.6,1068.8,497.0
S501!,18/09/2026,16:37,1068.8,1069.3,1068.6,1069.0,572.0
S501!,18/09/2026,16:38,1069.1,1069.2,1068.5,1068.7,388.0
S501!,18/09/2026,16:39,1068.6,1068.7,1068.4,1068.6,547.0
S501!,18/09/2026,16:40,1068.7,1069.0,1068.5,1068.6,313.0
S501!,18/09/2026,16:41,1068.7,1068.9,1068.5,1068.9,168.0
S501!,18/09/2026,16:42,1068.8,1068.9,1068.7,1068.8,137.0
S501!,18/09/2026,16:43,1068.7,1068.8,1068.7,1068.7,64.0
S501!,18/09/2026,16:44,1068.8,1068.8,1068.6,1068.6,135.0
S501!,18/09/2026,16:45,1068.6,1068.8,1068.6,1068.7,167.0
S501!,18/09/2026,16:46,1068.8,1069.0,1068.7,1068.9,149.0
S501!,18/09/2026,16:47,1068.9,1069.1,1068.9,1069.1,399.0
S501!,18/09/2026,16:48,1069.0,1069.0,1068.8,1068.8,272.0
S501!,18/09/2026,16:49,1068.9,1068.9,1068.7,1068.7,275.0
S501!,18/09/2026,16:50,1068.6,1069.1,1068.6,1069.1,483.0
S501!,18/09/2026,16:51,1069.1,1069.4,1069.0,1069.3,530.0
S501!,18/09/2026,16:52,1069.2,1069.4,1069.2,1069.4,206.0
S501!,18/09/2026,16:53,1069.4,1069.5,1069.3,1069.5,687.0
S501!,18/09/2026,16:54,1069.5,1069.6,1069.3,1069.6,512.0
S501!,21/09/2026,09:45,1071.0,1071.1,1069.2,1071.0,1471.0
S501!,21/09/2026,09:46,1071.0,1071.9,1070.8,1071.9,919.0
S501!,21/09/2026,09:47,1071.9,1072.6,1071.9,1072.5,967.0
S501!,21/09/2026,09:48,1072.5,1072.9,1072.4,1072.8,840.0
S501!,21/09/2026,09:49,1072.9,1073.1,1072.5,1072.7,965.0
S501!,21/09/2026,09:50,1072.6,1072.7,1072.3,1072.6,373.0
S501!,21/09/2026,09:51,1072.7,1073.2,1072.5,1072.6,668.0
S501!,21/09/2026,09:52,1072.7,1073.0,1072.7,1072.7,262.0
S501!,21/09/2026,09:53,1072.7,1072.8,1072.5,1072.7,225.0
S501!,21/09/2026,09:54,1072.8,1072.9,1072.7,1072.8,187.0
S501!,21/09/2026,09:55,1072.7,1073.1,1072.6,1072.9,717.0
S501!,21/09/2026,09:56,1073.0,1073.2,1072.5,1073.2,933.0
S501!,21/09/2026,09:57,1073.2,1073.4,1071.8,1072.0,789.0
S501!,21/09/2026,09:58,1071.9,1072.9,1071.9,1072.8,354.0
S501!,21/09/2026,09:59,1072.8,1073.8,1072.8,1073.7,1011.0
S501!,21/09/2026,10:00,1073.7,1074.0,1073.1,1073.3,1009.0
S501!,21/09/2026,10:01,1073.2,1074.0,1072.9,1073.9,981.0
S501!,21/09/2026,10:02,1073.8,1074.0,1073.4,1073.4,446.0
S501!,21/09/2026,10:03,1073.4,1074.0,1073.4,1073.9,570.0
S501!,21/09/2026,10:04,1073.9,1075.0,1073.8,1074.8,2211.0
S501!,21/09/2026,10:05,1074.8,1075.0,1074.3,1074.5,942.0
S501!,21/09/2026,10:06,1074.5,1075.6,1074.4,1075.3,1774.0
S501!,21/09/2026,10:07,1075.3,1075.5,1074.9,1075.1,849.0
S501!,21/09/2026,10:08,1075.2,1075.4,1074.6,1074.7,542.0
S501!,21/09/2026,10:09,1074.7,1074.8,1074.4,1074.5,444.0
S501!,21/09/2026,10:10,1074.5,1075.0,1074.2,1075.0,505.0
S501!,21/09/2026,10:11,1075.0,1075.5,1074.8,1075.4,1046.0
S501!,21/09/2026,10:12,1075.5,1075.6,1075.2,1075.2,635.0
S501!,21/09/2026,10:13,1075.1,1075.8,1075.1,1075.7,611.0
S501!,21/09/2026,10:14,1075.7,1075.8,1075.6,1075.8,393.0
S501!,21/09/2026,10:15,1075.8,1076.0,1075.7,1075.9,570.0
S501!,21/09/2026,10:16,1075.9,1076.0,1075.1,1075.5,490.0
S501!,21/09/2026,10:17,1075.5,1076.0,1075.4,1075.9,639.0
S501!,21/09/2026,10:18,1076.0,1076.2,1075.9,1076.0,549.0
S501!,21/09/2026,10:19,1076.0,1076.0,1075.0,1075.4,528.0
S501!,21/09/2026,10:20,1075.4,1075.8,1075.4,1075.6,281.0
S501!,21/09/2026,10:21,1075.5,1075.9,1075.5,1075.8,275.0
S501!,21/09/2026,10:22,1075.8,1076.1,1075.6,1076.1,625.0
S501!,21/09/2026,10:23,1076.0,1076.2,1075.6,1075.6,481.0
S501!,21/09/2026,10:24,1075.6,1075.8,1075.6,1075.8,112.0
S501!,21/09/2026,10:25,1075.8,1076.0,1075.8,1076.0,202.0
S501!,21/09/2026,10:26,1075.9,1076.0,1075.5,1075.6,200.0
S501!,21/09/2026,10:27,1075.6,1076.1,1075.6,1075.9,280.0
S501!,21/09/2026,10:28,1075.9,1076.0,1075.8,1075.9,79.0
S501!,21/09/2026,10:29,1075.8,1075.9,1075.7,1075.9,256.0
S501!,21/09/2026,10:30,1075.9,1076.0,1075.2,1075.2,395.0
S501!,21/09/2026,10:31,1075.4,1075.9,1075.2,1075.9,231.0
S501!,21/09/2026,10:32,1075.7,1075.9,1075.4,1075.5,240.0
S501!,21/09/2026,10:33,1075.5,1075.7,1075.3,1075.5,200.0
S501!,21/09/2026,10:34,1075.5,1075.6,1075.3,1075.4,90.0
S501!,21/09/2026,10:35,1075.4,1075.5,1074.7,1074.7,288.0
S501!,21/09/2026,10:36,1074.8,1074.9,1074.5,1074.6,345.0
S501!,21/09/2026,10:37,1074.5,1074.7,1074.5,1074.7,108.0
S501!,21/09/2026,10:38,1074.7,1075.0,1074.3,1074.3,426.0
S501!,21/09/2026,10:39,1074.4,1074.6,1074.1,1074.3,268.0
S501!,21/09/2026,10:40,1074.3,1074.5,1073.8,1073.9,401.0
S501!,21/09/2026,10:41,1073.9,1074.0,1073.7,1073.8,302.0
S501!,21/09/2026,10:42,1073.8,1074.1,1073.6,1074.1,252.0
S501!,21/09/2026,10:43,1074.0,1074.3,1073.9,1073.9,121.0
S501!,21/09/2026,10:44,1073.9,1074.1,1073.8,1073.9,140.0
S501!,21/09/2026,10:45,1074.0,1074.3,1073.9,1074.3,159.0
S501!,21/09/2026,10:46,1074.3,1074.5,1074.3,1074.5,109.0
S501!,21/09/2026,10:47,1074.4,1074.7,1074.2,1074.7,216.0
S501!,21/09/2026,10:48,1074.6,1074.7,1074.3,1074.4,134.0
S501!,21/09/2026,10:49,1074.3,1074.7,1074.3,1074.7,95.0
S501!,21/09/2026,10:50,1074.7,1074.7,1074.2,1074.2,180.0
S501!,21/09/2026,10:51,1074.4,1074.7,1074.4,1074.5,81.0
S501!,21/09/2026,10:52,1074.6,1074.7,1074.2,1074.2,224.0
S501!,21/09/2026,10:53,1074.2,1074.4,1074.2,1074.3,72.0
S501!,21/09/2026,10:54,1074.4,1074.5,1074.3,1074.3,20.0
S501!,21/09/2026,10:55,1074.4,1074.5,1074.3,1074.4,86.0
S501!,21/09/2026,10:56,1074.4,1074.8,1074.2,1074.8,227.0
S501!,21/09/2026,10:57,1074.8,1074.8,1074.5,1074.8,126.0
S501!,21/09/2026,10:58,1074.8,1074.8,1074.4,1074.6,259.0
S501!,21/09/2026,10:59,1074.6,1074.8,1074.6,1074.8,57.0
S501!,21/09/2026,11:00,1074.7,1075.0,1074.7,1074.9,226.0
S501!,21/09/2026,11:01,1074.9,1075.1,1074.9,1075.1,62.0
S501!,21/09/2026,11:02,1075.1,1075.2,1075.0,1075.1,143.0
S501!,21/09/2026,11:03,1075.1,1075.2,1074.8,1075.0,186.0
S501!,21/09/2026,11:04,1074.9,1075.2,1074.8,1074.8,133.0
S501!,21/09/2026,11:05,1074.8,1075.1,1074.6,1075.1,162.0
S501!,21/09/2026,11:06,1075.1,1075.2,1074.8,1075.1,153.0
S501!,21/09/2026,11:07,1075.0,1075.4,1075.0,1075.3,212.0
S501!,21/09/2026,11:08,1075.2,1075.4,1074.8,1075.4,234.0
S501!,21/09/2026,11:09,1075.4,1075.7,1075.3,1075.5,297.0
S501!,21/09/2026,11:10,1075.5,1075.6,1075.3,1075.6,109.0
S501!,21/09/2026,11:11,1075.5,1075.5,1075.3,1075.5,92.0
S501!,21/09/2026,11:12,1075.4,1075.4,1075.1,1075.2,111.0
S501!,21/09/2026,11:13,1075.3,1075.4,1075.2,1075.2,128.0
S501!,21/09/2026,11:14,1075.2,1075.5,1075.2,1075.4,169.0
S501!,21/09/2026,11:15,1075.3,1075.5,1074.7,1074.7,261.0
S501!,21/09/2026,11:16,1074.8,1074.8,1074.7,1074.8,56.0
S501!,21/09/2026,11:17,1074.7,1074.7,1074.5,1074.5,120.0
S501!,21/09/2026,11:18,1074.6,1074.6,1074.0,1074.5,264.0
S501!,21/09/2026,11:19,1074.5,1074.9,1074.5,1074.9,141.0
S501!,21/09/2026,11:20,1074.8,1074.9,1074.5,1074.5,212.0
S501!,21/09/2026,11:21,1074.5,1074.5,1074.3,1074.5,98.0
S501!,21/09/2026,11:22,1074.4,1074.4,1074.1,1074.1,134.0
S501!,21/09/2026,11:23,1074.2,1074.3,1074.1,1074.1,71.0
S501!,21/09/2026,11:24,1074.3,1074.4,1074.1,1074.3,79.0
S501!,21/09/2026,11:25,1074.2,1074.2,1073.8,1073.9,232.0
S501!,21/09/2026,11:26,1073.8,1074.2,1073.8,1074.2,152.0
S501!,21/09/2026,11:27,1074.0,1074.3,1074.0,1074.2,56.0
S501!,21/09/2026,11:28,1074.3,1074.3,1074.2,1074.3,6.0
S501!,21/09/2026,11:29,1074.3,1074.4,1074.2,1074.2,55.0
S501!,21/09/2026,11:30,1074.2,1074.4,1074.1,1074.3,105.0
S501!,21/09/2026,11:31,1074.3,1074.7,1074.2,1074.5,162.0
S501!,21/09/2026,11:32,1074.4,1074.4,1074.1,1074.3,79.0
S501!,21/09/2026,11:33,1074.4,1074.4,1074.2,1074.4,42.0
S501!,21/09/2026,11:34,1074.2,1074.2,1074.1,1074.1,39.0
S501!,21/09/2026,11:35,1074.2,1074.2,1074.1,1074.1,15.0
S501!,21/09/2026,11:36,1074.1,1074.2,1074.1,1074.2,42.0
S501!,21/09/2026,11:37,1074.3,1074.4,1074.3,1074.3,23.0
S501!,21/09/2026,11:38,1074.3,1074.6,1074.3,1074.6,98.0
S501!,21/09/2026,11:39,1074.6,1074.6,1074.3,1074.5,205.0
S501!,21/09/2026,11:40,1074.6,1074.7,1074.5,1074.7,36.0
S501!,21/09/2026,11:41,1074.7,1074.8,1074.6,1074.7,49.0
S501!,21/09/2026,11:42,1074.8,1074.8,1074.7,1074.8,31.0
S501!,21/09/2026,11:43,1074.8,1074.8,1074.7,1074.8,19.0
S501!,21/09/2026,11:44,1074.8,1074.9,1074.7,1074.8,60.0
S501!,21/09/2026,11:45,1074.8,1075.0,1074.8,1074.9,231.0
S501!,21/09/2026,11:46,1074.8,1074.8,1074.6,1074.7,100.0
S501!,21/09/2026,11:47,1074.6,1074.7,1074.4,1074.4,161.0
S501!,21/09/2026,11:48,1074.4,1074.6,1074.4,1074.6,63.0
S501!,21/09/2026,11:49,1074.6,1074.7,1074.3,1074.5,90.0
S501!,21/09/2026,11:50,1074.5,1075.0,1074.5,1075.0,276.0
S501!,21/09/2026,11:51,1074.9,1075.3,1074.9,1075.3,199.0
S501!,21/09/2026,11:52,1075.3,1075.3,1075.1,1075.3,160.0
S501!,21/09/2026,11:53,1075.2,1075.3,1075.1,1075.3,79.0
S501!,21/09/2026,11:54,1075.3,1075.4,1075.2,1075.4,66.0
S501!,21/09/2026,11:55,1075.4,1075.4,1075.1,1075.1,108.0
S501!,21/09/2026,11:56,1075.2,1075.2,1075.1,1075.1,42.0
S501!,21/09/2026,11:57,1075.0,1075.2,1074.8,1075.2,184.0
S501!,21/09/2026,11:58,1075.1,1075.2,1074.9,1075.2,94.0
S501!,21/09/2026,11:59,1075.2,1075.3,1075.0,1075.2,76.0
S501!,21/09/2026,12:00,1075.2,1075.2,1075.0,1075.2,78.0
S501!,21/09/2026,12:01,1075.2,1075.3,1074.9,1074.9,51.0
S501!,21/09/2026,12:02,1075.0,1075.2,1074.9,1075.1,54.0
S501!,21/09/2026,12:03,1075.1,1075.2,1074.8,1074.9,67.0
S501!,21/09/2026,12:04,1075.0,1075.0,1074.8,1075.0,84.0
S501!,21/09/2026,12:05,1075.0,1075.0,1074.9,1075.0,182.0
S501!,21/09/2026,12:06,1075.0,1075.0,1074.8,1074.9,107.0
S501!,21/09/2026,12:07,1074.9,1074.9,1074.6,1074.7,135.0
S501!,21/09/2026,12:08,1074.7,1074.7,1074.5,1074.7,129.0
S501!,21/09/2026,12:09,1074.7,1074.9,1074.7,1074.9,33.0
S501!,21/09/2026,12:10,1074.8,1074.9,1074.8,1074.9,38.0
S501!,21/09/2026,12:11,1074.9,1075.0,1074.9,1075.0,14.0
S501!,21/09/2026,12:12,1074.9,1075.0,1074.9,1075.0,81.0
S501!,21/09/2026,12:13,1074.9,1075.0,1074.9,1075.0,18.0
S501!,21/09/2026,12:14,1074.9,1075.0,1074.9,1074.9,54.0
S501!,21/09/2026,12:15,1074.9,1075.0,1074.9,1075.0,24.0
S501!,21/09/2026,12:16,1074.9,1075.0,1074.9,1074.9,101.0
S501!,21/09/2026,12:17,1074.9,1075.0,1074.9,1074.9,15.0
S501!,21/09/2026,12:18,1074.9,1075.0,1074.6,1075.0,399.0
S501!,21/09/2026,12:19,1075.0,1075.1,1074.9,1075.1,94.0
S501!,21/09/2026,12:20,1075.1,1075.3,1075.1,1075.3,150.0
S501!,21/09/2026,12:21,1075.2,1075.4,1075.2,1075.3,263.0
S501!,21/09/2026,12:22,1075.3,1075.3,1075.0,1075.0,144.0
S501!,21/09/2026,12:23,1075.2,1075.2,1074.8,1075.0,121.0
S501!,21/09/2026,12:24,1075.0,1075.2,1074.9,1075.1,136.0
S501!,21/09/2026,12:25,1075.1,1075.3,1075.0,1075.1,165.0
S501!,21/09/2026,12:26,1075.1,1075.2,1074.9,1075.0,131.0
S501!,21/09/2026,12:27,1075.1,1075.2,1075.0,1075.1,43.0
S501!,21/09/2026,12:28,1075.0,1075.0,1074.6,1074.6,86.0
S501!,21/09/2026,12:29,1074.6,1075.3,1074.6,1075.3,351.0
S501!,21/09/2026,13:45,1075.1,1075.4,1075.1,1075.4,287.0
S501!,21/09/2026,13:46,1075.4,1075.7,1075.2,1075.7,319.0
S501!,21/09/2026,13:47,1075.5,1075.8,1075.5,1075.7,303.0
S501!,21/09/2026,13:48,1075.6,1075.8,1075.4,1075.6,98.0
S501!,21/09/2026,13:49,1075.6,1075.8,1075.5,1075.7,68.0
S501!,21/09/2026,13:50,1075.8,1075.9,1075.6,1075.7,208.0
S501!,21/09/2026,13:51,1075.9,1076.0,1075.7,1076.0,452.0
S501!,21/09/2026,13:52,1076.0,1076.0,1075.8,1076.0,145.0
S501!,21/09/2026,13:53,1075.8,1076.1,1075.8,1076.0,185.0
S501!,21/09/2026,13:54,1076.0,1076.0,1075.8,1075.9,119.0
S501!,21/09/2026,13:55,1075.9,1076.1,1075.9,1076.0,153.0
S501!,21/09/2026,13:56,1076.1,1076.1,1075.9,1076.1,148.0
S501!,21/09/2026,13:57,1076.1,1076.1,1075.9,1076.0,132.0
S501!,21/09/2026,13:58,1076.0,1076.2,1075.9,1076.0,183.0
S501!,21/09/2026,13:59,1076.0,1076.2,1076.0,1076.0,124.0
S501!,21/09/2026,14:00,1076.0,1076.2,1075.7,1076.0,458.0
S501!,21/09/2026,14:01,1075.9,1076.4,1075.8,1076.0,677.0
S501!,21/09/2026,14:02,1076.0,1076.4,1076.0,1076.2,132.0
S501!,21/09/2026,14:03,1076.2,1076.5,1076.2,1076.5,451.0
S501!,21/09/2026,14:04,1076.4,1077.3,1076.3,1077.0,1393.0
S501!,21/09/2026,14:05,1076.9,1077.3,1076.9,1077.2,191.0
S501!,21/09/2026,14:06,1077.1,1077.4,1077.0,1077.2,355.0
S501!,21/09/2026,14:07,1077.1,1077.6,1077.1,1077.5,458.0
S501!,21/09/2026,14:08,1077.3,1077.7,1077.3,1077.5,419.0
S501!,21/09/2026,14:09,1077.5,1077.9,1077.3,1077.7,834.0
S501!,21/09/2026,14:10,1077.7,1078.5,1077.3,1077.9,981.0
S501!,21/09/2026,14:11,1077.9,1078.3,1077.8,1078.3,393.0
S501!,21/09/2026,14:12,1078.1,1078.5,1077.9,1078.4,360.0
S501!,21/09/2026,14:13,1078.5,1078.5,1078.2,1078.4,337.0
S501!,21/09/2026,14:14,1078.2,1078.4,1078.1,1078.2,229.0
S501!,21/09/2026,14:15,1078.3,1078.4,1078.1,1078.4,328.0
S501!,21/09/2026,14:16,1078.4,1078.5,1078.3,1078.3,388.0
S501!,21/09/2026,14:17,1078.3,1078.7,1078.3,1078.4,542.0
S501!,21/09/2026,14:18,1078.3,1078.6,1078.3,1078.3,363.0
S501!,21/09/2026,14:19,1078.3,1078.4,1078.3,1078.3,162.0
S501!,21/09/2026,14:20,1078.3,1078.5,1078.3,1078.5,243.0
S501!,21/09/2026,14:21,1078.5,1078.7,1078.0,1078.3,443.0
S501!,21/09/2026,14:22,1078.3,1078.4,1078.1,1078.2,206.0
S501!,21/09/2026,14:23,1078.3,1078.7,1078.0,1078.7,322.0
S501!,21/09/2026,14:24,1078.6,1079.0,1078.6,1079.0,456.0
S501!,21/09/2026,14:25,1078.9,1079.0,1078.8,1079.0,289.0
S501!,21/09/2026,14:26,1079.0,1079.2,1078.5,1079.0,440.0
S501!,21/09/2026,14:27,1078.9,1079.2,1078.9,1079.0,438.0
S501!,21/09/2026,14:28,1079.0,1079.2,1079.0,1079.1,185.0
S501!,21/09/2026,14:29,1079.2,1079.4,1079.0,1079.2,332.0
S501!,21/09/2026,14:30,1079.1,1079.4,1079.1,1079.2,536.0
S501!,21/09/2026,14:31,1079.3,1079.5,1079.2,1079.5,366.0
S501!,21/09/2026,14:32,1079.4,1079.5,1079.1,1079.1,328.0
S501!,21/09/2026,14:33,1079.2,1079.4,1079.0,1079.4,274.0
S501!,21/09/2026,14:34,1079.4,1079.4,1079.3,1079.3,260.0
S501!,21/09/2026,14:35,1079.4,1079.5,1079.1,1079.2,444.0
S501!,21/09/2026,14:36,1079.2,1079.3,1079.0,1079.1,264.0
S501!,21/09/2026,14:37,1079.1,1079.2,1078.9,1078.9,230.0
S501!,21/09/2026,14:38,1078.9,1079.2,1078.9,1079.1,238.0
S501!,21/09/2026,14:39,1079.1,1079.3,1079.0,1079.1,309.0
S501!,21/09/2026,14:40,1079.0,1079.2,1078.9,1079.2,245.0
S501!,21/09/2026,14:41,1079.1,1079.5,1079.1,1079.1,478.0
S501!,21/09/2026,14:42,1079.2,1079.4,1079.1,1079.4,177.0
S501!,21/09/2026,14:43,1079.3,1079.4,1079.1,1079.4,176.0
S501!,21/09/2026,14:44,1079.3,1079.4,1079.1,1079.4,205.0
S501!,21/09/2026,14:45,1079.4,1079.5,1079.3,1079.5,235.0
S501!,21/09/2026,14:46,1079.5,1079.6,1079.4,1079.5,124.0
S501!,21/09/2026,14:47,1079.6,1079.6,1079.0,1079.1,367.0
S501!,21/09/2026,14:48,1079.0,1079.4,1078.9,1079.0,385.0
S501!,21/09/2026,14:49,1079.0,1079.3,1079.0,1079.3,163.0
S501!,21/09/2026,14:50,1079.3,1079.4,1079.2,1079.4,252.0
S501!,21/09/2026,14:51,1079.5,1079.5,1079.2,1079.2,176.0
S501!,21/09/2026,14:52,1079.2,1079.5,1079.1,1079.3,214.0
S501!,21/09/2026,14:53,1079.3,1079.6,1079.2,1079.6,153.0
S501!,21/09/2026,14:54,1079.5,1079.7,1079.4,1079.6,207.0
S501!,21/09/2026,14:55,1079.6,1079.8,1079.5,1079.8,227.0
S501!,21/09/2026,14:56,1079.7,1079.8,1079.7,1079.7,157.0
S501!,21/09/2026,14:57,1079.7,1080.0,1079.7,1079.8,302.0
S501!,21/09/2026,14:58,1079.9,1080.0,1079.7,1079.9,116.0
S501!,21/09/2026,14:59,1079.9,1080.0,1079.8,1079.8,113.0
S501!,21/09/2026,15:00,1079.9,1080.0,1079.6,1079.8,200.0
S501!,21/09/2026,15:01,1079.9,1079.9,1079.6,1079.7,247.0
S501!,21/09/2026,15:02,1079.7,1080.0,1079.7,1079.9,169.0
S501!,21/09/2026,15:03,1080.0,1081.2,1079.9,1080.9,1646.0
S501!,21/09/2026,15:04,1080.9,1080.9,1080.7,1080.8,376.0
S501!,21/09/2026,15:05,1080.7,1080.9,1080.6,1080.8,202.0
S501!,21/09/2026,15:06,1080.7,1081.0,1080.7,1080.9,415.0
S501!,21/09/2026,15:07,1080.8,1080.9,1080.8,1080.9,158.0
S501!,21/09/2026,15:08,1080.9,1081.0,1080.7,1080.8,217.0
S501!,21/09/2026,15:09,1080.9,1081.0,1080.7,1080.9,236.0
S501!,21/09/2026,15:10,1080.9,1081.0,1080.8,1081.0,122.0
S501!,21/09/2026,15:11,1081.0,1081.1,1080.9,1081.1,178.0
S501!,21/09/2026,15:12,1081.1,1081.1,1081.0,1081.1,124.0
S501!,21/09/2026,15:13,1081.1,1081.2,1081.0,1081.2,115.0
S501!,21/09/2026,15:14,1081.1,1081.2,1081.0,1081.1,400.0
S501!,21/09/2026,15:15,1081.0,1081.2,1081.0,1081.0,166.0
S501!,21/09/2026,15:16,1081.0,1081.1,1080.7,1080.8,395.0
S501!,21/09/2026,15:17,1080.8,1080.9,1080.5,1080.7,180.0
S501!,21/09/2026,15:18,1080.7,1080.9,1080.6,1080.6,127.0
S501!,21/09/2026,15:19,1080.7,1080.7,1080.6,1080.7,166.0
S501!,21/09/2026,15:20,1080.7,1081.0,1080.7,1080.9,219.0
S501!,21/09/2026,15:21,1080.9,1081.1,1080.8,1081.1,431.0
S501!,21/09/2026,15:22,1081.1,1081.6,1080.7,1080.9,1170.0
S501!,21/09/2026,15:23,1080.9,1081.1,1080.6,1080.9,206.0
S501!,21/09/2026,15:24,1081.0,1081.2,1080.8,1081.1,197.0
S501!,21/09/2026,15:25,1081.2,1081.5,1081.1,1081.3,346.0
S501!,21/09/2026,15:26,1081.2,1081.5,1081.2,1081.5,104.0
S501!,21/09/2026,15:27,1081.4,1081.7,1081.4,1081.4,477.0
S501!,21/09/2026,15:28,1081.4,1081.6,1081.3,1081.5,193.0
S501!,21/09/2026,15:29,1081.6,1081.6,1081.3,1081.5,143.0
S501!,21/09/2026,15:30,1081.5,1081.9,1081.5,1081.9,306.0
S501!,21/09/2026,15:31,1081.8,1082.0,1081.7,1082.0,406.0
S501!,21/09/2026,15:32,1081.9,1082.2,1081.6,1082.1,771.0
S501!,21/09/2026,15:33,1082.1,1082.3,1082.0,1082.3,189.0
S501!,21/09/2026,15:34,1082.2,1082.8,1082.2,1082.7,611.0
S501!,21/09/2026,15:35,1082.7,1082.8,1082.5,1082.6,234.0
S501!,21/09/2026,15:36,1082.6,1082.8,1082.5,1082.8,251.0
S501!,21/09/2026,15:37,1082.8,1082.9,1082.6,1082.6,103.0
S501!,21/09/2026,15:38,1082.6,1083.0,1082.6,1083.0,328.0
S501!,21/09/2026,15:39,1082.9,1082.9,1082.5,1082.5,267.0
S501!,21/09/2026,15:40,1082.5,1082.8,1082.3,1082.4,297.0
S501!,21/09/2026,15:41,1082.3,1082.6,1082.0,1082.4,428.0
S501!,21/09/2026,15:42,1082.4,1082.5,1081.9,1082.0,310.0
S501!,21/09/2026,15:43,1082.0,1082.0,1081.8,1081.8,155.0
S501!,21/09/2026,15:44,1081.9,1082.0,1081.6,1082.0,136.0
S501!,21/09/2026,15:45,1081.9,1082.0,1081.5,1081.7,258.0
S501!,21/09/2026,15:46,1081.7,1081.8,1081.6,1081.7,124.0
S501!,21/09/2026,15:47,1081.7,1081.7,1081.4,1081.4,270.0
S501!,21/09/2026,15:48,1081.4,1081.4,1081.2,1081.2,165.0
S501!,21/09/2026,15:49,1081.2,1081.5,1081.1,1081.4,159.0
S501!,21/09/2026,15:50,1081.4,1081.4,1081.0,1081.0,238.0
S501!,21/09/2026,15:51,1081.0,1081.4,1080.9,1081.4,264.0
S501!,21/09/2026,15:52,1081.3,1081.4,1081.0,1081.0,130.0
S501!,21/09/2026,15:53,1081.2,1081.2,1080.9,1080.9,199.0
S501!,21/09/2026,15:54,1080.9,1081.0,1080.8,1080.9,94.0
S501!,21/09/2026,15:55,1080.9,1081.2,1080.7,1081.2,272.0
S501!,21/09/2026,15:56,1081.1,1081.1,1080.7,1080.8,154.0
S501!,21/09/2026,15:57,1080.9,1080.9,1080.6,1080.9,224.0
S501!,21/09/2026,15:58,1080.9,1081.1,1080.9,1081.0,61.0
S501!,21/09/2026,15:59,1081.0,1081.1,1081.0,1081.0,58.0
S501!,21/09/2026,16:00,1081.0,1081.1,1080.6,1080.9,296.0
S501!,21/09/2026,16:01,1080.9,1080.9,1080.7,1080.7,205.0
S501!,21/09/2026,16:02,1080.7,1080.8,1080.5,1080.5,143.0
S501!,21/09/2026,16:03,1080.5,1080.6,1080.3,1080.5,172.0
S501!,21/09/2026,16:04,1080.6,1080.7,1080.5,1080.6,172.0
S501!,21/09/2026,16:05,1080.6,1080.8,1080.1,1080.1,357.0
S501!,21/09/2026,16:06,1080.2,1080.2,1079.2,1079.5,818.0
S501!,21/09/2026,16:07,1079.5,1080.0,1079.3,1079.9,627.0
S501!,21/09/2026,16:08,1079.8,1080.1,1079.4,1079.9,490.0
S501!,21/09/2026,16:09,1079.8,1079.8,1079.5,1079.6,215.0
S501!,21/09/2026,16:10,1079.6,1079.6,1079.4,1079.4,180.0
S501!,21/09/2026,16:11,1079.4,1079.4,1079.0,1079.2,566.0
S501!,21/09/2026,16:12,1079.2,1079.3,1079.0,1079.3,153.0
S501!,21/09/2026,16:13,1079.3,1079.4,1079.2,1079.3,122.0
S501!,21/09/2026,16:14,1079.3,1079.4,1079.2,1079.2,69.0
S501!,21/09/2026,16:15,1079.2,1079.6,1079.0,1079.4,433.0
S501!,21/09/2026,16:16,1079.4,1079.6,1079.2,1079.4,301.0
S501!,21/09/2026,16:17,1079.3,1079.4,1078.9,1079.3,439.0
S501!,21/09/2026,16:18,1079.3,1079.4,1079.2,1079.2,150.0
S501!,21/09/2026,16:19,1079.3,1079.4,1079.2,1079.3,224.0
S501!,21/09/2026,16:20,1079.2,1079.4,1079.0,1079.0,609.0
S501!,21/09/2026,16:21,1079.0,1079.4,1078.6,1079.1,627.0
S501!,21/09/2026,16:22,1079.2,1079.4,1079.0,1079.3,351.0
S501!,21/09/2026,16:23,1079.5,1079.7,1079.3,1079.7,270.0
S501!,21/09/2026,16:24,1079.6,1079.6,1079.1,1079.3,277.0
S501!,21/09/2026,16:25,1079.2,1079.4,1078.8,1079.2,593.0
S501!,21/09/2026,16:26,1079.3,1079.4,1079.0,1079.1,367.0
S501!,21/09/2026,16:27,1079.2,1079.4,1078.9,1079.4,227.0
S501!,21/09/2026,16:28,1079.4,1079.6,1079.2,1079.5,275.0
S501!,21/09/2026,16:29,1079.5,1079.7,1079.1,1079.3,454.0
S501!,21/09/2026,16:30,1079.2,1079.4,1079.1,1079.4,126.0
S501!,21/09/2026,16:31,1079.5,1079.5,1079.3,1079.3,75.0
S501!,21/09/2026,16:32,1079.3,1079.5,1079.3,1079.4,112.0
S501!,21/09/2026,16:33,1079.5,1079.5,1079.2,1079.2,86.0
S501!,21/09/2026,16:34,1079.3,1079.4,1079.1,1079.2,251.0
S501!,21/09/2026,16:35,1079.2,1079.4,1079.0,1079.2,399.0
S501!,21/09/2026,16:36,1079.3,1079.4,1079.0,1079.2,151.0
S501!,21/09/2026,16:37,1079.2,1079.2,1078.9,1079.1,327.0
S501!,21/09/2026,16:38,1079.1,1079.2,1078.8,1079.0,503.0
S501!,21/09/2026,16:39,1078.9,1079.3,1078.8,1079.1,453.0
S501!,21/09/2026,16:40,1079.3,1079.3,1078.9,1079.0,175.0
S501!,21/09/2026,16:41,1079.2,1079.2,1079.0,1079.0,144.0
S501!,21/09/2026,16:42,1079.2,1079.3,1079.0,1079.3,71.0
S501!,21/09/2026,16:43,1079.1,1079.2,1079.0,1079.1,216.0
S501!,21/09/2026,16:44,1079.2,1079.3,1079.2,1079.2,43.0
S501!,21/09/2026,16:45,1079.2,1079.3,1078.8,1078.8,630.0
S501!,21/09/2026,16:46,1078.9,1079.0,1078.8,1078.8,256.0
S501!,21/09/2026,16:47,1078.8,1078.9,1078.6,1078.6,203.0
S501!,22/09/2026,09:45,1081.3,1081.6,1080.3,1081.1,2020.0
S501!,22/09/2026,09:46,1081.1,1082.9,1081.0,1082.9,1191.0
S501!,22/09/2026,09:47,1082.8,1082.8,1081.6,1081.9,650.0
S501!,22/09/2026,09:48,1081.9,1082.3,1081.7,1082.3,538.0
S501!,22/09/2026,09:49,1082.3,1082.5,1082.2,1082.4,493.0
S501!,22/09/2026,09:50,1082.4,1082.5,1081.1,1081.3,1043.0
S501!,22/09/2026,09:51,1081.4,1082.3,1081.4,1082.2,360.0
S501!,22/09/2026,09:52,1082.2,1082.4,1082.0,1082.4,546.0
S501!,22/09/2026,09:53,1082.4,1082.5,1081.8,1082.3,654.0
S501!,22/09/2026,09:54,1082.3,1082.4,1081.8,1082.1,677.0
S501!,22/09/2026,09:55,1082.0,1082.1,1080.5,1081.3,1443.0
S501!,22/09/2026,09:56,1081.3,1081.7,1081.1,1081.3,529.0
S501!,22/09/2026,09:57,1081.2,1081.5,1080.8,1081.3,778.0
S501!,22/09/2026,09:58,1081.3,1081.6,1080.9,1081.5,593.0
S501!,22/09/2026,09:59,1081.6,1081.6,1081.0,1081.3,830.0
S501!,22/09/2026,10:00,1081.5,1081.6,1079.0,1079.4,4196.0
S501!,22/09/2026,10:01,1079.4,1080.3,1079.3,1079.8,1677.0
S501!,22/09/2026,10:02,1079.7,1081.2,1079.6,1081.1,1191.0
S501!,22/09/2026,10:03,1081.2,1081.6,1080.6,1080.9,1461.0
S501!,22/09/2026,10:04,1080.8,1082.2,1080.7,1082.2,1180.0
S501!,22/09/2026,10:05,1082.1,1082.2,1081.8,1081.9,464.0
S501!,22/09/2026,10:06,1081.9,1082.0,1081.3,1081.5,984.0
S501!,22/09/2026,10:07,1081.5,1081.9,1081.5,1081.8,325.0
S501!,22/09/2026,10:08,1081.9,1081.9,1081.4,1081.6,526.0
S501!,22/09/2026,10:09,1081.6,1081.7,1080.8,1081.6,1192.0
S501!,22/09/2026,10:10,1081.5,1082.2,1081.5,1082.0,676.0
S501!,22/09/2026,10:11,1082.0,1082.3,1081.1,1082.2,1296.0
S501!,22/09/2026,10:12,1082.3,1082.3,1081.6,1082.0,532.0
S501!,22/09/2026,10:13,1082.0,1082.2,1081.9,1082.1,756.0
S501!,22/09/2026,10:14,1082.2,1082.3,1081.8,1082.3,490.0
S501!,22/09/2026,10:15,1082.2,1082.3,1081.8,1082.2,337.0
S501!,22/09/2026,10:16,1082.3,1082.4,1081.8,1081.8,722.0
S501!,22/09/2026,10:17,1081.9,1082.4,1081.7,1082.4,481.0
S501!,22/09/2026,10:18,1082.3,1082.4,1082.1,1082.2,423.0
S501!,22/09/2026,10:19,1082.3,1082.6,1082.1,1082.2,736.0
S501!,22/09/2026,10:20,1082.2,1082.5,1082.1,1082.1,390.0
S501!,22/09/2026,10:21,1082.1,1082.3,1081.4,1081.5,548.0
S501!,22/09/2026,10:22,1081.5,1081.7,1081.3,1081.6,400.0
S501!,22/09/2026,10:23,1081.7,1082.1,1081.6,1082.1,386.0
S501!,22/09/2026,10:24,1082.1,1082.3,1082.0,1082.1,259.0
S501!,22/09/2026,10:25,1082.1,1082.3,1082.1,1082.2,145.0
S501!,22/09/2026,10:26,1082.2,1082.3,1082.0,1082.1,276.0
S501!,22/09/2026,10:27,1082.1,1082.1,1081.8,1081.8,159.0
S501!,22/09/2026,10:28,1081.8,1081.8,1081.5,1081.8,242.0
S501!,22/09/2026,10:29,1081.8,1082.1,1081.8,1081.9,525.0
S501!,22/09/2026,10:30,1081.9,1081.9,1081.5,1081.5,93.0
S501!,22/09/2026,10:31,1081.5,1081.6,1081.5,1081.5,207.0
S501!,22/09/2026,10:32,1081.5,1081.6,1081.1,1081.5,586.0
S501!,22/09/2026,10:33,1081.6,1081.6,1081.4,1081.6,203.0
S501!,22/09/2026,10:34,1081.6,1081.8,1081.4,1081.7,144.0
S501!,22/09/2026,10:35,1081.7,1081.8,1081.5,1081.6,161.0
S501!,22/09/2026,10:36,1081.6,1081.9,1081.5,1081.8,279.0
S501!,22/09/2026,10:37,1081.9,1081.9,1081.6,1081.6,76.0
S501!,22/09/2026,10:38,1081.6,1081.9,1081.6,1081.9,76.0
S501!,22/09/2026,10:39,1081.9,1082.3,1081.8,1081.8,523.0
S501!,22/09/2026,10:40,1081.8,1082.3,1081.8,1082.2,102.0
S501!,22/09/2026,10:41,1082.3,1082.3,1082.0,1082.2,211.0
S501!,22/09/2026,10:42,1082.1,1082.2,1081.8,1082.2,158.0
S501!,22/09/2026,10:43,1082.1,1082.3,1082.1,1082.2,94.0
S501!,22/09/2026,10:44,1082.2,1082.3,1082.1,1082.2,113.0
S501!,22/09/2026,10:45,1082.2,1082.3,1082.1,1082.2,200.0
S501!,22/09/2026,10:46,1082.2,1082.6,1082.2,1082.6,480.0
S501!,22/09/2026,10:47,1082.6,1082.8,1082.5,1082.7,338.0
S501!,22/09/2026,10:48,1082.8,1083.4,1082.7,1083.4,950.0
S501!,22/09/2026,10:49,1083.4,1083.5,1083.2,1083.2,320.0
S501!,22/09/2026,10:50,1083.2,1083.3,1082.9,1082.9,234.0
S501!,22/09/2026,10:51,1082.9,1083.2,1082.9,1083.1,215.0
S501!,22/09/2026,10:52,1083.1,1083.2,1083.1,1083.1,102.0
S501!,22/09/2026,10:53,1083.1,1083.2,1083.1,1083.1,66.0
S501!,22/09/2026,10:54,1083.2,1083.2,1083.0,1083.1,111.0
S501!,22/09/2026,10:55,1083.0,1083.5,1082.8,1083.5,430.0
S501!,22/09/2026,10:56,1083.5,1083.7,1083.4,1083.7,348.0
S501!,22/09/2026,10:57,1083.6,1083.7,1083.4,1083.6,331.0
S501!,22/09/2026,10:58,1083.6,1083.6,1083.2,1083.4,259.0
S501!,22/09/2026,10:59,1083.4,1083.4,1083.3,1083.3,31.0
S501!,22/09/2026,11:00,1083.3,1083.7,1083.2,1083.7,314.0
S501!,22/09/2026,11:01,1083.7,1084.1,1083.6,1084.1,826.0
S501!,22/09/2026,11:02,1084.1,1084.3,1083.9,1084.1,346.0
S501!,22/09/2026,11:03,1084.2,1084.2,1084.0,1084.0,308.0
S501!,22/09/2026,11:04,1084.0,1084.0,1083.7,1084.0,300.0
S501!,22/09/2026,11:05,1083.9,1083.9,1082.9,1082.9,402.0
S501!,22/09/2026,11:06,1083.0,1083.1,1082.3,1082.4,599.0
S501!,22/09/2026,11:07,1082.3,1082.8,1082.1,1082.6,431.0
S501!,22/09/2026,11:08,1082.6,1082.6,1082.3,1082.3,255.0
S501!,22/09/2026,11:09,1082.2,1082.3,1081.7,1081.8,347.0
S501!,22/09/2026,11:10,1081.8,1081.9,1081.6,1081.6,300.0
S501!,22/09/2026,11:11,1081.6,1081.6,1081.5,1081.6,85.0
S501!,22/09/2026,11:12,1081.5,1082.2,1081.5,1081.8,301.0
S501!,22/09/2026,11:13,1081.8,1082.1,1081.8,1082.0,112.0
S501!,22/09/2026,11:14,1082.0,1082.0,1081.6,1081.6,251.0
S501!,22/09/2026,11:15,1081.6,1081.8,1081.5,1081.6,155.0
S501!,22/09/2026,11:16,1081.6,1081.7,1081.4,1081.7,357.0
S501!,22/09/2026,11:17,1081.5,1081.7,1081.5,1081.7,92.0
S501!,22/09/2026,11:18,1081.7,1082.1,1081.6,1082.1,208.0
S501!,22/09/2026,11:19,1082.0,1082.0,1081.6,1081.7,121.0
S501!,22/09/2026,11:20,1081.7,1082.0,1081.5,1081.8,261.0
S501!,22/09/2026,11:21,1081.8,1082.0,1081.8,1082.0,76.0
S501!,22/09/2026,11:22,1082.0,1082.2,1082.0,1082.0,114.0
S501!,22/09/2026,11:23,1082.0,1082.1,1082.0,1082.0,73.0
S501!,22/09/2026,11:24,1082.0,1082.1,1081.9,1082.1,120.0
S501!,22/09/2026,11:25,1082.0,1082.1,1081.9,1081.9,126.0
S501!,22/09/2026,11:26,1081.9,1082.1,1081.8,1082.1,85.0
S501!,22/09/2026,11:27,1082.1,1082.2,1082.0,1082.2,38.0
S501!,22/09/2026,11:28,1082.2,1082.5,1082.2,1082.5,255.0
S501!,22/09/2026,11:29,1082.5,1082.6,1082.5,1082.6,242.0
S501!,22/09/2026,11:30,1082.5,1083.0,1082.5,1083.0,419.0
S501!,22/09/2026,11:31,1082.8,1082.9,1082.4,1082.6,280.0
S501!,22/09/2026,11:32,1082.6,1082.7,1082.4,1082.4,198.0
S501!,22/09/2026,11:33,1082.4,1082.5,1082.2,1082.5,141.0
S501!,22/09/2026,11:34,1082.5,1082.7,1082.5,1082.7,92.0
S501!,22/09/2026,11:35,1082.6,1082.7,1082.3,1082.3,217.0
S501!,22/09/2026,11:36,1082.3,1082.6,1082.3,1082.6,187.0
S501!,22/09/2026,11:37,1082.5,1082.5,1082.2,1082.4,267.0
S501!,22/09/2026,11:38,1082.4,1082.4,1082.2,1082.3,124.0
S501!,22/09/2026,11:39,1082.4,1082.6,1082.4,1082.4,197.0
S501!,22/09/2026,11:40,1082.5,1082.5,1082.2,1082.3,128.0
S501!,22/09/2026,11:41,1082.3,1082.4,1082.2,1082.4,91.0
S501!,22/09/2026,11:42,1082.3,1082.6,1082.3,1082.6,138.0
S501!,22/09/2026,11:43,1082.6,1082.8,1082.6,1082.8,61.0
S501!,22/09/2026,11:44,1082.7,1082.7,1082.5,1082.6,133.0
S501!,22/09/2026,11:45,1082.5,1082.5,1082.4,1082.5,65.0
S501!,22/09/2026,11:46,1082.5,1082.6,1082.4,1082.6,29.0
S501!,22/09/2026,11:47,1082.6,1082.6,1082.3,1082.4,208.0
S501!,22/09/2026,11:48,1082.3,1082.6,1082.3,1082.5,131.0
S501!,22/09/2026,11:49,1082.5,1082.6,1082.4,1082.5,106.0
S501!,22/09/2026,11:50,1082.6,1082.6,1082.5,1082.5,35.0
S501!,22/09/2026,11:51,1082.5,1082.8,1082.4,1082.7,154.0
S501!,22/09/2026,11:52,1082.8,1082.8,1082.6,1082.6,56.0
S501!,22/09/2026,11:53,1082.6,1082.6,1082.5,1082.6,149.0
S501!,22/09/2026,11:54,1082.7,1082.7,1082.6,1082.7,120.0
S501!,22/09/2026,11:55,1082.8,1083.0,1082.7,1082.8,117.0
S501!,22/09/2026,11:56,1082.8,1082.8,1082.7,1082.8,53.0
S501!,22/09/2026,11:57,1082.9,1083.0,1082.5,1082.6,287.0
S501!,22/09/2026,11:58,1082.6,1082.6,1082.2,1082.5,226.0
S501!,22/09/2026,11:59,1082.6,1082.6,1082.5,1082.6,39.0
S501!,22/09/2026,12:00,1082.5,1082.9,1082.5,1082.8,190.0
S501!,22/09/2026,12:01,1082.8,1082.9,1082.8,1082.9,93.0
S501!,22/09/2026,12:02,1082.8,1083.0,1082.7,1082.8,126.0
S501!,22/09/2026,12:03,1083.0,1083.2,1082.8,1083.0,158.0
S501!,22/09/2026,12:04,1083.0,1083.1,1082.7,1082.7,156.0
S501!,22/09/2026,12:05,1082.7,1082.7,1082.6,1082.6,86.0
S501!,22/09/2026,12:06,1082.6,1082.7,1082.4,1082.4,114.0
S501!,22/09/2026,12:07,1082.5,1082.5,1082.4,1082.4,39.0
S501!,22/09/2026,12:08,1082.4,1082.5,1082.2,1082.2,173.0
S501!,22/09/2026,12:09,1082.2,1082.4,1082.2,1082.3,48.0
S501!,22/09/2026,12:10,1082.3,1082.5,1082.3,1082.4,143.0
S501!,22/09/2026,12:11,1082.4,1082.4,1082.2,1082.3,141.0
S501!,22/09/2026,12:12,1082.3,1082.4,1082.3,1082.3,13.0
S501!,22/09/2026,12:13,1082.3,1082.4,1082.0,1082.0,117.0
S501!,22/09/2026,12:14,1082.0,1082.0,1081.9,1081.9,77.0
S501!,22/09/2026,12:15,1081.8,1081.8,1081.8,1081.8,76.0
S501!,22/09/2026,12:16,1081.9,1081.9,1081.7,1081.8,115.0
S501!,22/09/2026,12:17,1081.8,1082.1,1081.8,1082.0,171.0
S501!,22/09/2026,12:18,1082.0,1082.1,1082.0,1082.0,111.0
S501!,22/09/2026,12:19,1082.0,1082.2,1081.9,1082.0,297.0
S501!,22/09/2026,12:20,1082.1,1082.1,1081.9,1081.9,59.0
S501!,22/09/2026,12:21,1082.0,1082.1,1081.9,1082.1,96.0
S501!,22/09/2026,12:22,1082.1,1082.2,1082.0,1082.1,112.0
S501!,22/09/2026,12:23,1082.1,1082.2,1082.0,1082.0,91.0
S501!,22/09/2026,12:24,1082.0,1082.1,1082.0,1082.0,83.0
S501!,22/09/2026,12:25,1082.0,1082.1,1081.9,1082.1,161.0
S501!,22/09/2026,12:26,1082.1,1082.1,1081.7,1081.7,199.0
S501!,22/09/2026,12:27,1081.9,1081.9,1081.7,1081.7,40.0
S501!,22/09/2026,12:28,1081.8,1082.1,1081.8,1082.0,71.0
S501!,22/09/2026,12:29,1082.1,1082.2,1081.7,1081.9,293.0
S501!,22/09/2026,13:45,1081.7,1082.1,1081.6,1081.7,540.0
S501!,22/09/2026,13:46,1081.8,1082.1,1081.7,1081.7,121.0
S501!,22/09/2026,13:47,1081.7,1081.8,1081.7,1081.7,58.0
S501!,22/09/2026,13:48,1081.7,1081.8,1081.7,1081.8,50.0
S501!,22/09/2026,13:49,1081.6,1081.7,1081.5,1081.5,94.0
S501!,22/09/2026,13:50,1081.5,1081.7,1081.5,1081.6,62.0
S501!,22/09/2026,13:51,1081.6,1081.9,1081.6,1081.9,61.0
S501!,22/09/2026,13:52,1081.8,1081.9,1081.8,1081.8,27.0
S501!,22/09/2026,13:53,1081.8,1081.9,1081.8,1081.8,30.0
S501!,22/09/2026,13:54,1081.9,1081.9,1081.7,1081.8,78.0
S501!,22/09/2026,13:55,1081.9,1082.0,1081.8,1081.8,119.0
S501!,22/09/2026,13:56,1081.8,1082.3,1081.8,1082.2,271.0
S501!,22/09/2026,13:57,1082.3,1082.4,1082.2,1082.2,95.0
S501!,22/09/2026,13:58,1082.2,1082.2,1081.7,1081.8,111.0
S501!,22/09/2026,13:59,1081.8,1082.2,1081.8,1082.1,136.0
S501!,22/09/2026,14:00,1082.1,1082.2,1081.7,1081.7,405.0
S501!,22/09/2026,14:01,1081.8,1082.2,1081.7,1082.1,258.0
S501!,22/09/2026,14:02,1082.1,1082.1,1081.7,1081.7,165.0
S501!,22/09/2026,14:03,1081.7,1081.8,1081.6,1081.6,57.0
S501!,22/09/2026,14:04,1081.6,1082.0,1081.6,1081.9,211.0
S501!,22/09/2026,14:05,1081.8,1081.8,1081.5,1081.5,96.0
S501!,22/09/2026,14:06,1081.5,1081.7,1081.4,1081.6,173.0
S501!,22/09/2026,14:07,1081.6,1081.7,1081.4,1081.5,170.0
S501!,22/09/2026,14:08,1081.5,1081.6,1081.4,1081.6,122.0
S501!,22/09/2026,14:09,1081.6,1081.7,1081.5,1081.6,114.0
S501!,22/09/2026,14:10,1081.6,1081.6,1081.4,1081.4,87.0
S501!,22/09/2026,14:11,1081.5,1081.9,1081.5,1081.7,112.0
S501!,22/09/2026,14:12,1081.7,1082.0,1081.7,1082.0,210.0
S501!,22/09/2026,14:13,1082.0,1082.1,1081.9,1082.0,170.0
S501!,22/09/2026,14:14,1081.9,1081.9,1081.3,1081.6,240.0
S501!,22/09/2026,14:15,1081.5,1081.5,1081.2,1081.4,159.0
S501!,22/09/2026,14:16,1081.4,1081.5,1081.3,1081.4,141.0
S501!,22/09/2026,14:17,1081.4,1081.5,1081.3,1081.3,213.0
S501!,22/09/2026,14:18,1081.4,1081.5,1081.3,1081.3,284.0
S501!,22/09/2026,14:19,1081.3,1081.3,1081.2,1081.2,177.0
S501!,22/09/2026,14:20,1081.2,1081.3,1080.8,1080.8,301.0
S501!,22/09/2026,14:21,1080.8,1081.1,1080.8,1080.8,264.0
S501!,22/09/2026,14:22,1080.8,1080.9,1080.8,1080.8,131.0
S501!,22/09/2026,14:23,1080.8,1081.1,1080.8,1081.0,180.0
S501!,22/09/2026,14:24,1081.0,1081.2,1080.8,1081.1,361.0
S501!,22/09/2026,14:25,1081.1,1081.3,1081.0,1081.2,183.0
S501!,22/09/2026,14:26,1081.2,1081.3,1081.2,1081.2,69.0
S501!,22/09/2026,14:27,1081.3,1081.5,1081.3,1081.5,205.0
S501!,22/09/2026,14:28,1081.3,1081.5,1081.1,1081.2,208.0
S501!,22/09/2026,14:29,1081.3,1081.3,1081.0,1081.2,106.0
S501!,22/09/2026,14:30,1081.1,1081.1,1080.8,1080.9,153.0
S501!,22/09/2026,14:31,1080.8,1080.8,1080.5,1080.5,298.0
S501!,22/09/2026,14:32,1080.5,1080.7,1080.4,1080.6,229.0
S501!,22/09/2026,14:33,1080.6,1080.7,1080.4,1080.5,137.0
S501!,22/09/2026,14:34,1080.4,1080.6,1080.4,1080.5,290.0
S501!,22/09/2026,14:35,1080.5,1080.6,1080.5,1080.5,108.0
S501!,22/09/2026,14:36,1080.5,1080.5,1080.3,1080.3,199.0
S501!,22/09/2026,14:37,1080.3,1080.5,1080.2,1080.4,259.0
S501!,22/09/2026,14:38,1080.4,1080.7,1080.4,1080.5,108.0
S501!,22/09/2026,14:39,1080.7,1081.0,1080.6,1081.0,155.0
S501!,22/09/2026,14:40,1081.0,1081.1,1080.9,1081.0,200.0
S501!,22/09/2026,14:41,1080.9,1081.0,1080.6,1081.0,333.0
S501!,22/09/2026,14:42,1080.9,1080.9,1080.6,1080.6,66.0
S501!,22/09/2026,14:43,1080.6,1080.8,1080.4,1080.6,114.0
S501!,22/09/2026,14:44,1080.6,1080.9,1080.6,1080.9,123.0
S501!,22/09/2026,14:45,1080.8,1081.0,1080.8,1080.9,195.0
S501!,22/09/2026,14:46,1081.0,1081.0,1080.8,1080.8,84.0
S501!,22/09/2026,14:47,1080.9,1080.9,1080.3,1080.3,146.0
S501!,22/09/2026,14:48,1080.4,1080.7,1080.4,1080.7,45.0
S501!,22/09/2026,14:49,1080.8,1080.9,1080.7,1080.9,121.0
S501!,22/09/2026,14:50,1080.8,1080.9,1080.5,1080.5,129.0
S501!,22/09/2026,14:51,1080.4,1080.6,1080.2,1080.4,129.0
S501!,22/09/2026,14:52,1080.3,1080.6,1080.3,1080.6,76.0
S501!,22/09/2026,14:53,1080.5,1080.6,1080.3,1080.3,152.0
S501!,22/09/2026,14:54,1080.4,1080.4,1080.2,1080.2,52.0
S501!,22/09/2026,14:55,1080.3,1080.3,1080.2,1080.2,61.0
S501!,22/09/2026,14:56,1080.3,1080.5,1080.2,1080.4,131.0
S501!,22/09/2026,14:57,1080.4,1080.5,1080.4,1080.4,113.0
S501!,22/09/2026,14:58,1080.4,1080.4,1080.2,1080.2,130.0
S501!,22/09/2026,14:59,1080.2,1080.3,1080.0,1080.2,384.0
S501!,22/09/2026,15:00,1080.2,1080.3,1080.1,1080.2,138.0
S501!,22/09/2026,15:01,1080.3,1080.4,1080.1,1080.1,130.0
S501!,22/09/2026,15:02,1080.2,1080.3,1080.1,1080.2,229.0
S501!,22/09/2026,15:03,1080.2,1080.4,1080.2,1080.2,120.0
S501!,22/09/2026,15:04,1080.2,1080.3,1080.1,1080.2,128.0
S501!,22/09/2026,15:05,1080.1,1080.3,1080.0,1080.0,357.0
S501!,22/09/2026,15:06,1080.0,1080.1,1079.8,1080.0,207.0
S501!,22/09/2026,15:07,1079.9,1080.4,1079.9,1080.3,209.0
S501!,22/09/2026,15:08,1080.3,1080.6,1080.3,1080.5,136.0
S501!,22/09/2026,15:09,1080.5,1080.7,1080.5,1080.7,49.0
S501!,22/09/2026,15:10,1080.6,1080.9,1080.6,1080.7,314.0
S501!,22/09/2026,15:11,1080.8,1080.8,1080.5,1080.6,106.0
S501!,22/09/2026,15:12,1080.5,1080.6,1080.4,1080.5,62.0
S501!,22/09/2026,15:13,1080.5,1080.6,1080.5,1080.5,59.0
S501!,22/09/2026,15:14,1080.6,1080.6,1080.4,1080.5,122.0
S501!,22/09/2026,15:15,1080.5,1080.6,1080.3,1080.5,75.0
S501!,22/09/2026,15:16,1080.3,1080.4,1080.1,1080.4,179.0
S501!,22/09/2026,15:17,1080.2,1080.4,1080.2,1080.4,28.0
S501!,22/09/2026,15:18,1080.4,1080.4,1080.2,1080.4,66.0
S501!,22/09/2026,15:19,1080.3,1080.7,1080.3,1080.7,70.0
S501!,22/09/2026,15:20,1080.7,1080.7,1080.6,1080.6,110.0
S501!,22/09/2026,15:21,1080.6,1080.7,1080.6,1080.6,65.0
S501!,22/09/2026,15:22,1080.6,1080.7,1080.5,1080.6,83.0
S501!,22/09/2026,15:23,1080.5,1080.5,1080.4,1080.4,74.0
S501!,22/09/2026,15:24,1080.4,1080.4,1080.3,1080.3,62.0
S501!,22/09/2026,15:25,1080.3,1080.5,1080.1,1080.2,198.0
S501!,22/09/2026,15:26,1080.2,1080.4,1080.1,1080.1,73.0
S501!,22/09/2026,15:27,1080.2,1080.3,1080.2,1080.3,82.0
S501!,22/09/2026,15:28,1080.4,1080.4,1080.3,1080.3,67.0
S501!,22/09/2026,15:29,1080.3,1080.5,1080.1,1080.4,360.0
S501!,22/09/2026,15:30,1080.4,1080.4,1080.0,1080.2,228.0
S501!,22/09/2026,15:31,1080.2,1080.3,1080.0,1080.3,480.0
S501!,22/09/2026,15:32,1080.3,1080.5,1080.1,1080.4,232.0
S501!,22/09/2026,15:33,1080.4,1080.4,1080.0,1080.0,176.0
S501!,22/09/2026,15:34,1080.0,1080.5,1080.0,1080.5,133.0
S501!,22/09/2026,15:35,1080.5,1080.5,1080.3,1080.4,68.0
S501!,22/09/2026,15:36,1080.4,1080.7,1080.4,1080.7,186.0
S501!,22/09/2026,15:37,1080.8,1081.0,1080.7,1080.9,191.0
S501!,22/09/2026,15:38,1081.0,1081.3,1080.9,1081.2,284.0
S501!,22/09/2026,15:39,1081.1,1081.4,1081.1,1081.3,286.0
S501!,22/09/2026,15:40,1081.4,1081.6,1081.3,1081.5,219.0
S501!,22/09/2026,15:41,1081.5,1081.6,1081.5,1081.5,171.0
S501!,22/09/2026,15:42,1081.5,1081.5,1081.4,1081.4,181.0
S501!,22/09/2026,15:43,1081.5,1081.7,1081.4,1081.7,271.0
S501!,22/09/2026,15:44,1081.7,1081.8,1081.2,1081.5,188.0
S501!,22/09/2026,15:45,1081.5,1081.5,1081.3,1081.4,197.0
S501!,22/09/2026,15:46,1081.3,1081.3,1081.0,1081.3,142.0
S501!,22/09/2026,15:47,1081.4,1081.4,1081.2,1081.4,169.0
S501!,22/09/2026,15:48,1081.5,1081.5,1081.2,1081.4,153.0
S501!,22/09/2026,15:49,1081.4,1081.8,1081.4,1081.7,242.0
S501!,22/09/2026,15:50,1081.8,1082.3,1081.7,1082.3,684.0
S501!,22/09/2026,15:51,1082.4,1082.5,1082.0,1082.2,552.0
S501!,22/09/2026,15:52,1082.2,1082.3,1082.2,1082.3,180.0
S501!,22/09/2026,15:53,1082.2,1082.5,1082.2,1082.3,369.0
S501!,22/09/2026,15:54,1082.3,1082.4,1082.1,1082.2,110.0
S501!,22/09/2026,15:55,1082.1,1082.1,1081.9,1081.9,100.0
S501!,22/09/2026,15:56,1082.0,1082.5,1081.9,1082.3,401.0
S501!,22/09/2026,15:57,1082.3,1082.6,1082.2,1082.6,382.0
S501!,22/09/2026,15:58,1082.5,1082.6,1082.3,1082.4,370.0
S501!,22/09/2026,15:59,1082.3,1082.4,1082.1,1082.1,149.0
S501!,22/09/2026,16:00,1082.1,1082.2,1081.7,1081.7,187.0
S501!,22/09/2026,16:01,1081.8,1082.1,1081.6,1081.7,132.0
S501!,22/09/2026,16:02,1081.7,1081.9,1081.6,1081.7,125.0
S501!,22/09/2026,16:03,1081.9,1081.9,1081.5,1081.5,171.0
S501!,22/09/2026,16:04,1081.4,1081.5,1081.1,1081.2,270.0
S501!,22/09/2026,16:05,1081.2,1081.5,1081.2,1081.5,127.0
S501!,22/09/2026,16:06,1081.5,1081.7,1081.4,1081.7,177.0
S501!,22/09/2026,16:07,1081.6,1081.6,1081.4,1081.5,163.0
S501!,22/09/2026,16:08,1081.6,1081.6,1081.2,1081.3,174.0
S501!,22/09/2026,16:09,1081.2,1081.4,1081.1,1081.2,174.0
S501!,22/09/2026,16:10,1081.3,1081.3,1080.9,1080.9,161.0
S501!,22/09/2026,16:11,1080.9,1081.1,1080.7,1080.9,231.0
S501!,22/09/2026,16:12,1081.0,1081.0,1080.7,1080.8,138.0
S501!,22/09/2026,16:13,1080.8,1080.9,1080.7,1080.9,81.0
S501!,22/09/2026,16:14,1080.8,1080.9,1080.6,1080.8,278.0
S501!,22/09/2026,16:15,1080.8,1081.1,1080.7,1081.1,169.0
S501!,22/09/2026,16:16,1080.9,1081.1,1080.9,1081.1,106.0
S501!,22/09/2026,16:17,1081.2,1081.3,1080.7,1080.8,231.0
S501!,22/09/2026,16:18,1080.7,1081.2,1080.7,1080.7,256.0
S501!,22/09/2026,16:19,1080.8,1081.0,1080.7,1080.8,147.0
S501!,22/09/2026,16:20,1080.8,1081.3,1080.7,1081.1,459.0
S501!,22/09/2026,16:21,1081.1,1081.7,1081.1,1081.6,297.0
S501!,22/09/2026,16:22,1081.4,1081.7,1081.4,1081.6,256.0
S501!,22/09/2026,16:23,1081.7,1081.9,1081.7,1081.8,177.0
S501!,22/09/2026,16:24,1081.8,1081.9,1081.7,1081.8,55.0
S501!,22/09/2026,16:25,1081.8,1081.9,1081.4,1081.4,343.0
S501!,22/09/2026,16:26,1081.6,1081.8,1081.4,1081.7,142.0
S501!,22/09/2026,16:27,1081.8,1082.0,1081.8,1082.0,205.0
S501!,22/09/2026,16:28,1081.9,1082.0,1081.8,1081.8,216.0
S501!,22/09/2026,16:29,1081.8,1082.0,1081.8,1082.0,223.0
S501!,22/09/2026,16:30,1081.8,1082.1,1081.8,1082.1,125.0
S501!,22/09/2026,16:31,1082.0,1082.4,1081.9,1082.3,383.0
S501!,22/09/2026,16:32,1082.4,1082.4,1082.2,1082.2,186.0
S501!,22/09/2026,16:33,1082.3,1082.6,1082.1,1082.6,562.0
S501!,22/09/2026,16:34,1082.5,1082.6,1082.3,1082.3,222.0
S501!,22/09/2026,16:35,1082.3,1082.5,1082.1,1082.3,158.0
S501!,22/09/2026,16:36,1082.3,1082.4,1082.1,1082.2,271.0
S501!,22/09/2026,16:37,1082.3,1082.3,1082.1,1082.1,245.0
S501!,22/09/2026,16:38,1082.3,1082.6,1082.2,1082.4,489.0
S501!,22/09/2026,16:39,1082.3,1082.4,1082.2,1082.2,129.0
S501!,22/09/2026,16:40,1082.2,1082.2,1081.9,1082.2,205.0
S501!,22/09/2026,16:41,1082.2,1082.4,1082.1,1082.3,185.0
S501!,22/09/2026,16:42,1082.3,1082.3,1082.1,1082.2,143.0
S501!,22/09/2026,16:43,1082.3,1082.4,1082.2,1082.4,95.0
S501!,22/09/2026,16:44,1082.4,1082.5,1082.3,1082.3,146.0
S501!,22/09/2026,16:45,1082.5,1082.5,1082.3,1082.5,125.0
S501!,22/09/2026,16:46,1082.4,1082.6,1082.4,1082.5,210.0
S501!,22/09/2026,16:47,1082.5,1082.6,1082.4,1082.4,269.0
S501!,22/09/2026,16:48,1082.5,1082.7,1082.4,1082.7,310.0
S501!,22/09/2026,16:49,1082.6,1082.7,1082.3,1082.3,327.0
S501!,22/09/2026,16:50,1082.3,1082.6,1082.3,1082.5,146.0
S501!,22/09/2026,16:51,1082.5,1082.7,1082.4,1082.6,275.0
S501!,22/09/2026,16:52,1082.7,1082.9,1082.5,1082.9,361.0
S501!,22/09/2026,16:53,1082.8,1083.0,1082.8,1082.9,251.0
S501!,22/09/2026,16:54,1082.8,1083.1,1082.6,1082.9,647.0
S501!,23/09/2026,09:45,1082.0,1082.2,1080.2,1081.2,1977.0
S501!,23/09/2026,09:46,1081.3,1081.5,1080.3,1081.3,807.0
S501!,23/09/2026,09:47,1081.3,1081.3,1079.1,1079.2,1564.0
S501!,23/09/2026,09:48,1079.1,1079.5,1078.6,1078.8,1002.0
S501!,23/09/2026,09:49,1078.7,1078.9,1078.4,1078.6,665.0
S501!,23/09/2026,09:50,1078.8,1079.5,1078.5,1079.1,651.0
S501!,23/09/2026,09:51,1079.0,1079.1,1078.6,1079.1,440.0
S501!,23/09/2026,09:52,1079.0,1079.1,1078.6,1078.7,448.0
S501!,23/09/2026,09:53,1078.6,1078.7,1078.3,1078.5,690.0
S501!,23/09/2026,09:54,1078.5,1080.0,1078.4,1079.7,1016.0
S501!,23/09/2026,09:55,1079.7,1080.7,1079.3,1080.0,1440.0
S501!,23/09/2026,09:56,1079.9,1080.0,1079.3,1079.6,777.0
S501!,23/09/2026,09:57,1079.6,1080.0,1079.5,1079.6,366.0
S501!,23/09/2026,09:58,1079.6,1080.1,1079.5,1079.8,356.0
S501!,23/09/2026,09:59,1079.9,1080.1,1079.8,1079.8,215.0
S501!,23/09/2026,10:00,1079.9,1080.5,1078.5,1079.2,1993.0
S501!,23/09/2026,10:01,1079.2,1079.8,1078.7,1079.0,1031.0
S501!,23/09/2026,10:02,1078.9,1079.9,1078.5,1079.8,939.0
S501!,23/09/2026,10:03,1079.9,1080.3,1079.4,1079.7,871.0
S501!,23/09/2026,10:04,1079.7,1080.7,1079.3,1080.6,875.0
S501!,23/09/2026,10:05,1080.6,1081.0,1080.5,1080.7,450.0
S501!,23/09/2026,10:06,1080.7,1081.1,1080.7,1081.1,331.0
S501!,23/09/2026,10:07,1081.0,1081.1,1080.1,1080.1,696.0
S501!,23/09/2026,10:08,1080.1,1080.6,1080.1,1080.3,482.0
S501!,23/09/2026,10:09,1080.4,1080.6,1080.2,1080.6,420.0
S501!,23/09/2026,10:10,1080.7,1080.9,1080.5,1080.6,388.0
S501!,23/09/2026,10:11,1080.6,1080.9,1080.6,1080.7,279.0
S501!,23/09/2026,10:12,1080.8,1081.4,1080.7,1080.8,731.0
S501!,23/09/2026,10:13,1080.8,1081.0,1080.2,1080.2,210.0
S501!,23/09/2026,10:14,1080.2,1080.9,1080.2,1080.8,240.0
S501!,23/09/2026,10:15,1080.8,1081.3,1080.6,1080.6,548.0
S501!,23/09/2026,10:16,1080.7,1080.9,1080.6,1080.8,245.0
S501!,23/09/2026,10:17,1081.0,1081.3,1080.9,1081.2,330.0
S501!,23/09/2026,10:18,1081.3,1081.3,1080.5,1080.7,365.0
S501!,23/09/2026,10:19,1080.6,1081.2,1080.4,1081.1,393.0
S501!,23/09/2026,10:20,1081.1,1081.3,1080.7,1080.8,457.0
S501!,23/09/2026,10:21,1080.7,1080.9,1080.5,1080.7,474.0
S501!,23/09/2026,10:22,1080.7,1080.7,1079.6,1079.7,996.0
S501!,23/09/2026,10:23,1079.6,1079.9,1079.2,1079.4,1014.0
S501!,23/09/2026,10:24,1079.2,1080.4,1079.2,1079.9,709.0
S501!,23/09/2026,10:25,1080.0,1080.4,1079.8,1080.2,716.0
S501!,23/09/2026,10:26,1080.1,1080.1,1079.7,1079.7,215.0
S501!,23/09/2026,10:27,1079.7,1079.9,1079.7,1079.9,129.0
S501!,23/09/2026,10:28,1079.9,1080.0,1079.5,1079.5,259.0
S501!,23/09/2026,10:29,1079.5,1079.5,1079.3,1079.4,261.0
S501!,23/09/2026,10:30,1079.3,1080.0,1079.3,1079.8,230.0
S501!,23/09/2026,10:31,1079.7,1080.5,1079.7,1080.5,362.0
S501!,23/09/2026,10:32,1080.5,1080.5,1080.0,1080.1,377.0
S501!,23/09/2026,10:33,1080.0,1080.1,1079.9,1080.0,167.0
S501!,23/09/2026,10:34,1080.0,1080.1,1079.9,1080.0,87.0
S501!,23/09/2026,10:35,1080.0,1080.3,1079.8,1080.3,167.0
S501!,23/09/2026,10:36,1080.2,1080.3,1079.4,1079.5,368.0
S501!,23/09/2026,10:37,1079.6,1079.8,1079.3,1079.3,171.0
S501!,23/09/2026,10:38,1079.3,1079.5,1079.3,1079.5,179.0
S501!,23/09/2026,10:39,1079.5,1079.6,1079.5,1079.5,59.0
S501!,23/09/2026,10:40,1079.5,1079.7,1079.5,1079.6,162.0
S501!,23/09/2026,10:41,1079.6,1080.1,1079.6,1080.0,176.0
S501!,23/09/2026,10:42,1079.9,1079.9,1079.2,1079.2,190.0
S501!,23/09/2026,10:43,1079.2,1079.2,1078.9,1079.2,384.0
S501!,23/09/2026,10:44,1079.1,1079.1,1078.9,1079.1,94.0
S501!,23/09/2026,10:45,1079.0,1079.3,1079.0,1079.2,97.0
S501!,23/09/2026,10:46,1079.2,1079.4,1079.2,1079.3,111.0
S501!,23/09/2026,10:47,1079.2,1079.3,1079.1,1079.2,166.0
S501!,23/09/2026,10:48,1079.2,1079.2,1078.7,1078.8,369.0
S501!,23/09/2026,10:49,1078.8,1079.4,1078.8,1079.2,321.0
S501!,23/09/2026,10:50,1079.2,1079.3,1078.9,1079.2,521.0
S501!,23/09/2026,10:51,1079.2,1079.4,1079.0,1079.4,375.0
S501!,23/09/2026,10:52,1079.4,1079.6,1079.4,1079.5,196.0
S501!,23/09/2026,10:53,1079.4,1079.5,1079.2,1079.2,79.0
S501!,23/09/2026,10:54,1079.2,1079.3,1078.7,1078.7,293.0
S501!,23/09/2026,10:55,1078.6,1079.0,1078.6,1079.0,342.0
S501!,23/09/2026,10:56,1079.0,1079.4,1079.0,1079.4,117.0
S501!,23/09/2026,10:57,1079.4,1079.5,1079.1,1079.1,160.0
S501!,23/09/2026,10:58,1079.2,1079.5,1079.2,1079.5,133.0
S501!,23/09/2026,10:59,1079.5,1079.7,1079.3,1079.6,227.0
S501!,23/09/2026,11:00,1079.6,1079.7,1079.3,1079.3,240.0
S501!,23/09/2026,11:01,1079.2,1079.6,1079.1,1079.6,207.0
S501!,23/09/2026,11:02,1079.6,1079.6,1079.4,1079.4,146.0
S501!,23/09/2026,11:03,1079.3,1079.8,1079.3,1079.8,121.0
S501!,23/09/2026,11:04,1079.8,1080.0,1079.6,1079.9,210.0
S501!,23/09/2026,11:05,1079.8,1080.1,1079.8,1080.0,254.0
S501!,23/09/2026,11:06,1079.9,1080.2,1079.8,1080.1,154.0
S501!,23/09/2026,11:07,1080.2,1080.4,1080.0,1080.3,320.0
S501!,23/09/2026,11:08,1080.4,1080.4,1080.0,1080.3,412.0
S501!,23/09/2026,11:09,1080.3,1080.7,1080.3,1080.3,374.0
S501!,23/09/2026,11:10,1080.3,1080.7,1080.3,1080.6,231.0
S501!,23/09/2026,11:11,1080.5,1080.6,1080.4,1080.4,89.0
S501!,23/09/2026,11:12,1080.4,1080.7,1080.4,1080.6,147.0
S501!,23/09/2026,11:13,1080.5,1081.2,1080.5,1081.2,494.0
S501!,23/09/2026,11:14,1081.2,1081.3,1081.0,1081.1,490.0
S501!,23/09/2026,11:15,1081.0,1081.5,1081.0,1081.4,362.0
S501!,23/09/2026,11:16,1081.4,1081.4,1080.8,1081.2,359.0
S501!,23/09/2026,11:17,1081.1,1081.6,1081.1,1081.6,670.0
S501!,23/09/2026,11:18,1081.5,1083.1,1081.5,1083.0,1607.0
S501!,23/09/2026,11:19,1083.0,1083.2,1082.3,1082.6,902.0
S501!,23/09/2026,11:20,1082.6,1082.8,1082.3,1082.7,414.0
S501!,23/09/2026,11:21,1082.8,1082.9,1082.5,1082.6,306.0
S501!,23/09/2026,11:22,1082.6,1083.0,1082.6,1082.8,168.0
S501!,23/09/2026,11:23,1082.8,1083.0,1082.6,1082.8,329.0
S501!,23/09/2026,11:24,1082.9,1083.5,1082.9,1083.5,582.0
S501!,23/09/2026,11:25,1083.5,1083.5,1083.0,1083.0,313.0
S501!,23/09/2026,11:26,1083.0,1083.3,1082.6,1082.7,377.0
S501!,23/09/2026,11:27,1082.6,1083.0,1082.6,1082.7,208.0
S501!,23/09/2026,11:28,1082.7,1083.3,1082.7,1083.0,298.0
S501!,23/09/2026,11:29,1083.1,1083.4,1083.0,1083.3,229.0
S501!,23/09/2026,11:30,1083.1,1083.4,1082.8,1083.1,399.0
S501!,23/09/2026,11:31,1083.1,1083.1,1082.7,1082.7,250.0
S501!,23/09/2026,11:32,1082.6,1083.0,1082.6,1082.8,63.0
S501!,23/09/2026,11:33,1082.8,1083.2,1082.8,1083.2,174.0
S501!,23/09/2026,11:34,1083.2,1083.2,1082.8,1082.9,159.0
S501!,23/09/2026,11:35,1082.9,1083.1,1082.8,1083.0,160.0
S501!,23/09/2026,11:36,1083.0,1083.2,1082.5,1082.5,381.0
S501!,23/09/2026,11:37,1082.6,1082.7,1082.2,1082.3,394.0
S501!,23/09/2026,11:38,1082.5,1082.7,1082.3,1082.3,209.0
S501!,23/09/2026,11:39,1082.4,1082.6,1082.4,1082.5,182.0
S501!,23/09/2026,11:40,1082.5,1082.5,1082.0,1082.2,397.0
S501!,23/09/2026,11:41,1082.1,1082.2,1081.8,1081.8,169.0
S501!,23/09/2026,11:42,1082.0,1082.3,1082.0,1082.1,158.0
S501!,23/09/2026,11:43,1082.2,1082.2,1082.1,1082.2,37.0
S501!,23/09/2026,11:44,1082.2,1082.6,1082.2,1082.4,517.0
S501!,23/09/2026,11:45,1082.4,1082.5,1082.1,1082.2,327.0
S501!,23/09/2026,11:46,1082.2,1082.3,1082.2,1082.2,141.0
S501!,23/09/2026,11:47,1082.2,1082.2,1081.8,1081.9,207.0
S501!,23/09/2026,11:48,1082.1,1082.1,1081.7,1081.8,70.0
S501!,23/09/2026,11:49,1081.7,1082.0,1081.5,1081.7,326.0
S501!,23/09/2026,11:50,1081.7,1081.8,1081.2,1081.3,387.0
S501!,23/09/2026,11:51,1081.2,1081.3,1081.2,1081.2,110.0
S501!,23/09/2026,11:52,1081.2,1081.5,1081.2,1081.5,429.0
S501!,23/09/2026,11:53,1081.4,1081.5,1081.3,1081.5,225.0
S501!,23/09/2026,11:54,1081.5,1081.5,1081.1,1081.4,363.0
S501!,23/09/2026,11:55,1081.3,1081.4,1081.2,1081.2,135.0
S501!,23/09/2026,11:56,1081.3,1081.5,1081.3,1081.5,114.0
S501!,23/09/2026,11:57,1081.5,1081.6,1081.4,1081.5,100.0
S501!,23/09/2026,11:58,1081.4,1081.6,1081.3,1081.3,189.0
S501!,23/09/2026,11:59,1081.3,1081.8,1081.3,1081.8,192.0
S501!,23/09/2026,12:00,1081.6,1081.8,1081.3,1081.4,135.0
S501!,23/09/2026,12:01,1081.5,1082.1,1081.5,1081.5,342.0
S501!,23/09/2026,12:02,1081.7,1082.1,1081.7,1082.0,256.0
S501!,23/09/2026,12:03,1081.9,1082.4,1081.7,1082.1,478.0
S501!,23/09/2026,12:04,1082.0,1082.2,1082.0,1082.1,105.0
S501!,23/09/2026,12:05,1082.0,1082.1,1081.9,1081.9,54.0
S501!,23/09/2026,12:06,1081.8,1082.0,1081.7,1081.9,92.0
S501!,23/09/2026,12:07,1082.0,1082.0,1081.8,1081.9,68.0
S501!,23/09/2026,12:08,1082.0,1082.0,1081.9,1082.0,90.0
S501!,23/09/2026,12:09,1082.0,1082.0,1081.6,1081.9,125.0
S501!,23/09/2026,12:10,1081.8,1082.1,1081.7,1082.1,57.0
S501!,23/09/2026,12:11,1082.1,1082.1,1081.8,1081.8,44.0
S501!,23/09/2026,12:12,1081.9,1082.0,1081.8,1082.0,29.0
S501!,23/09/2026,12:13,1081.9,1082.0,1081.8,1081.9,49.0
S501!,23/09/2026,12:14,1081.9,1082.1,1081.9,1082.1,46.0
S501!,23/09/2026,12:15,1081.9,1082.2,1081.8,1082.1,86.0
S501!,23/09/2026,12:16,1082.1,1082.1,1081.7,1081.8,75.0
S501!,23/09/2026,12:17,1081.7,1082.0,1081.7,1081.8,71.0
S501!,23/09/2026,12:18,1081.9,1081.9,1081.8,1081.9,92.0
S501!,23/09/2026,12:19,1081.9,1082.0,1081.7,1081.7,114.0
S501!,23/09/2026,12:20,1081.8,1081.8,1081.6,1081.7,129.0
S501!,23/09/2026,12:21,1081.6,1082.3,1081.6,1082.2,222.0
S501!,23/09/2026,12:22,1082.0,1082.1,1081.8,1081.9,120.0
S501!,23/09/2026,12:23,1081.9,1082.0,1081.8,1081.9,48.0
S501!,23/09/2026,12:24,1081.8,1081.9,1081.8,1081.9,33.0
S501!,23/09/2026,12:25,1082.0,1082.2,1081.9,1082.0,106.0
S501!,23/09/2026,12:26,1082.1,1082.9,1082.1,1082.8,478.0
S501!,23/09/2026,12:27,1082.7,1082.7,1082.5,1082.5,78.0
S501!,23/09/2026,12:28,1082.5,1082.6,1082.4,1082.5,103.0
S501!,23/09/2026,12:29,1082.5,1082.5,1082.2,1082.3,193.0
S501!,23/09/2026,13:45,1082.1,1083.0,1082.1,1083.0,507.0
S501!,23/09/2026,13:46,1082.9,1083.0,1082.1,1082.1,428.0
S501!,23/09/2026,13:47,1082.2,1082.6,1082.2,1082.5,165.0
S501!,23/09/2026,13:48,1082.5,1082.9,1082.5,1082.5,100.0
S501!,23/09/2026,13:49,1082.6,1082.6,1082.3,1082.3,100.0
S501!,23/09/2026,13:50,1082.3,1082.5,1082.0,1082.0,121.0
S501!,23/09/2026,13:51,1082.0,1082.8,1082.0,1082.8,238.0
S501!,23/09/2026,13:52,1082.8,1082.8,1082.6,1082.8,190.0
S501!,23/09/2026,13:53,1082.7,1082.7,1082.5,1082.5,42.0
S501!,23/09/2026,13:54,1082.5,1082.8,1082.4,1082.6,105.0
S501!,23/09/2026,13:55,1082.5,1082.8,1082.5,1082.6,74.0
S501!,23/09/2026,13:56,1082.6,1082.7,1082.3,1082.5,153.0
S501!,23/09/2026,13:57,1082.5,1082.6,1082.2,1082.5,204.0
S501!,23/09/2026,13:58,1082.5,1082.6,1082.3,1082.6,144.0
S501!,23/09/2026,13:59,1082.6,1082.6,1081.9,1082.0,355.0
S501!,23/09/2026,14:00,1081.9,1081.9,1081.5,1081.5,300.0
S501!,23/09/2026,14:01,1081.6,1081.8,1080.9,1081.0,493.0
S501!,23/09/2026,14:02,1081.0,1081.5,1081.0,1081.5,382.0
S501!,23/09/2026,14:03,1081.6,1081.7,1081.4,1081.5,187.0
S501!,23/09/2026,14:04,1081.6,1081.9,1081.5,1081.9,129.0
S501!,23/09/2026,14:05,1081.9,1082.0,1081.7,1081.7,110.0
S501!,23/09/2026,14:06,1081.6,1081.8,1081.4,1081.4,202.0
S501!,23/09/2026,14:07,1081.4,1081.4,1081.1,1081.1,185.0
S501!,23/09/2026,14:08,1081.1,1081.2,1081.1,1081.1,104.0
S501!,23/09/2026,14:09,1081.1,1081.1,1080.8,1080.9,275.0
S501!,23/09/2026,14:10,1080.9,1080.9,1080.8,1080.9,82.0
S501!,23/09/2026,14:11,1080.9,1081.2,1080.9,1081.1,166.0
S501!,23/09/2026,14:12,1081.2,1081.2,1080.9,1081.0,176.0
S501!,23/09/2026,14:13,1081.0,1081.0,1080.9,1080.9,97.0
S501!,23/09/2026,14:14,1080.8,1081.0,1080.6,1080.8,240.0
S501!,23/09/2026,14:15,1080.7,1080.8,1080.5,1080.7,254.0
S501!,23/09/2026,14:16,1080.8,1080.8,1080.7,1080.7,26.0
S501!,23/09/2026,14:17,1080.7,1080.8,1080.7,1080.7,109.0
S501!,23/09/2026,14:18,1080.7,1080.7,1080.3,1080.4,320.0
S501!,23/09/2026,14:19,1080.4,1080.6,1080.1,1080.4,147.0
S501!,23/09/2026,14:20,1080.5,1080.5,1080.2,1080.2,166.0
S501!,23/09/2026,14:21,1080.3,1080.3,1080.1,1080.2,135.0
S501!,23/09/2026,14:22,1080.1,1080.3,1080.0,1080.0,326.0
S501!,23/09/2026,14:23,1080.0,1080.3,1079.8,1080.0,419.0
S501!,23/09/2026,14:24,1080.0,1080.1,1079.9,1080.1,53.0
S501!,23/09/2026,14:25,1080.1,1080.2,1080.0,1080.0,259.0
S501!,23/09/2026,14:26,1080.2,1080.2,1079.9,1080.0,112.0
S501!,23/09/2026,14:27,1080.1,1080.1,1079.9,1080.0,45.0
S501!,23/09/2026,14:28,1080.0,1080.0,1079.7,1079.8,280.0
S501!,23/09/2026,14:29,1079.8,1080.4,1079.8,1080.4,129.0
S501!,23/09/2026,14:30,1080.3,1080.4,1080.2,1080.3,162.0
S501!,23/09/2026,14:31,1080.2,1080.4,1080.0,1080.0,384.0
S501!,23/09/2026,14:32,1080.0,1080.1,1079.9,1080.0,126.0
S501!,23/09/2026,14:33,1079.9,1080.0,1079.7,1079.9,137.0
S501!,23/09/2026,14:34,1079.9,1080.7,1079.9,1080.4,401.0
S501!,23/09/2026,14:35,1080.5,1080.7,1080.3,1080.7,268.0
S501!,23/09/2026,14:36,1080.7,1080.9,1080.3,1080.5,405.0
S501!,23/09/2026,14:37,1080.5,1081.0,1080.5,1081.0,213.0
S501!,23/09/2026,14:38,1081.0,1081.0,1080.7,1080.7,167.0
S501!,23/09/2026,14:39,1080.8,1081.1,1080.7,1081.0,159.0
S501!,23/09/2026,14:40,1081.0,1081.1,1080.8,1080.8,230.0
S501!,23/09/2026,14:41,1080.9,1080.9,1080.7,1080.7,71.0
S501!,23/09/2026,14:42,1080.7,1081.1,1080.7,1081.0,201.0
S501!,23/09/2026,14:43,1080.9,1081.1,1080.9,1081.0,71.0
S501!,23/09/2026,14:44,1081.0,1081.3,1081.0,1081.2,248.0
S501!,23/09/2026,14:45,1081.2,1081.3,1081.1,1081.2,224.0
S501!,23/09/2026,14:46,1081.2,1081.3,1081.1,1081.1,174.0
S501!,23/09/2026,14:47,1081.2,1081.3,1081.0,1081.0,171.0
S501!,23/09/2026,14:48,1081.1,1081.3,1081.0,1081.3,130.0
S501!,23/09/2026,14:49,1081.2,1081.2,1081.1,1081.1,93.0
S501!,23/09/2026,14:50,1081.0,1081.1,1080.8,1080.9,183.0
S501!,23/09/2026,14:51,1080.9,1081.1,1080.9,1081.1,75.0
S501!,23/09/2026,14:52,1081.1,1081.2,1081.0,1081.0,86.0
S501!,23/09/2026,14:53,1081.0,1081.0,1080.6,1080.7,192.0
S501!,23/09/2026,14:54,1080.7,1080.9,1080.7,1080.9,34.0
S501!,23/09/2026,14:55,1080.8,1081.1,1080.7,1080.8,257.0
S501!,23/09/2026,14:56,1080.8,1081.1,1080.8,1081.1,137.0
S501!,23/09/2026,14:57,1081.1,1081.2,1081.0,1081.2,67.0
S501!,23/09/2026,14:58,1081.1,1081.2,1080.8,1080.9,343.0
S501!,23/09/2026,14:59,1080.9,1080.9,1080.7,1080.9,166.0
S501!,23/09/2026,15:00,1080.9,1081.0,1080.8,1080.9,133.0
S501!,23/09/2026,15:01,1081.0,1081.3,1080.9,1081.2,115.0
S501!,23/09/2026,15:02,1081.1,1081.2,1080.9,1080.9,152.0
S501!,23/09/2026,15:03,1080.8,1080.9,1080.7,1080.7,65.0
S501!,23/09/2026,15:04,1080.7,1081.0,1080.7,1080.8,184.0
S501!,23/09/2026,15:05,1080.8,1080.8,1080.4,1080.4,194.0
S501!,23/09/2026,15:06,1080.4,1080.7,1080.4,1080.6,57.0
S501!,23/09/2026,15:07,1080.7,1081.1,1080.7,1081.1,167.0
S501!,23/09/2026,15:08,1081.2,1081.2,1080.3,1080.4,316.0
S501!,23/09/2026,15:09,1080.5,1080.8,1080.5,1080.6,96.0
S501!,23/09/2026,15:10,1080.6,1080.9,1080.6,1080.8,61.0
S501!,23/09/2026,15:11,1080.8,1080.8,1080.7,1080.8,81.0
S501!,23/09/2026,15:12,1080.8,1080.9,1080.8,1080.9,94.0
S501!,23/09/2026,15:13,1081.0,1081.2,1080.9,1080.9,270.0
S501!,23/09/2026,15:14,1081.0,1081.2,1080.8,1081.1,99.0
S501!,23/09/2026,15:15,1081.2,1081.3,1081.2,1081.2,178.0
S501!,23/09/2026,15:16,1081.2,1081.6,1081.1,1081.5,249.0
S501!,23/09/2026,15:17,1081.5,1081.5,1081.3,1081.4,179.0
S501!,23/09/2026,15:18,1081.4,1081.5,1081.3,1081.4,29.0
S501!,23/09/2026,15:19,1081.4,1081.6,1081.2,1081.4,313.0
S501!,23/09/2026,15:20,1081.5,1081.6,1081.4,1081.4,49.0
S501!,23/09/2026,15:21,1081.4,1081.8,1081.3,1081.8,593.0
S501!,23/09/2026,15:22,1081.9,1082.1,1081.7,1082.0,336.0
S501!,23/09/2026,15:23,1082.0,1082.1,1081.9,1081.9,198.0
S501!,23/09/2026,15:24,1081.9,1081.9,1081.5,1081.6,155.0
S501!,23/09/2026,15:25,1081.6,1081.7,1081.6,1081.7,71.0
S501!,23/09/2026,15:26,1081.8,1081.8,1081.7,1081.7,82.0
S501!,23/09/2026,15:27,1081.6,1081.9,1081.6,1081.9,107.0
S501!,23/09/2026,15:28,1081.8,1081.9,1081.8,1081.8,63.0
S501!,23/09/2026,15:29,1081.8,1081.9,1081.7,1081.7,55.0
S501!,23/09/2026,15:30,1081.9,1081.9,1081.7,1081.7,128.0
S501!,23/09/2026,15:31,1081.7,1081.9,1081.7,1081.8,19.0
S501!,23/09/2026,15:32,1081.8,1082.0,1081.8,1082.0,48.0
S501!,23/09/2026,15:33,1081.9,1082.0,1081.7,1081.8,120.0
S501!,23/09/2026,15:34,1081.9,1082.2,1081.9,1082.2,133.0
S501!,23/09/2026,15:35,1082.0,1082.3,1082.0,1082.2,144.0
S501!,23/09/2026,15:36,1082.2,1082.4,1082.1,1082.2,216.0
S501!,23/09/2026,15:37,1082.1,1082.3,1082.0,1082.2,49.0
S501!,23/09/2026,15:38,1082.3,1082.4,1082.0,1082.1,123.0
S501!,23/09/2026,15:39,1082.1,1082.2,1082.0,1082.1,21.0
S501!,23/09/2026,15:40,1082.1,1082.4,1082.1,1082.4,124.0
S501!,23/09/2026,15:41,1082.3,1082.8,1082.3,1082.8,331.0
S501!,23/09/2026,15:42,1082.7,1082.8,1082.5,1082.6,199.0
S501!,23/09/2026,15:43,1082.7,1082.8,1082.5,1082.6,337.0
S501!,23/09/2026,15:44,1082.8,1083.0,1082.7,1082.9,227.0
S501!,23/09/2026,15:45,1083.0,1083.0,1082.6,1082.6,236.0
S501!,23/09/2026,15:46,1082.6,1082.6,1082.5,1082.6,76.0
S501!,23/09/2026,15:47,1082.5,1082.6,1082.0,1082.0,357.0
S501!,23/09/2026,15:48,1082.0,1082.2,1081.9,1082.2,72.0
S501!,23/09/2026,15:49,1082.1,1082.4,1082.1,1082.2,114.0
S501!,23/09/2026,15:50,1082.3,1082.4,1082.3,1082.4,111.0
S501!,23/09/2026,15:51,1082.4,1082.7,1082.4,1082.7,137.0
S501!,23/09/2026,15:52,1082.7,1083.0,1082.7,1083.0,137.0
S501!,23/09/2026,15:53,1083.0,1083.0,1082.8,1083.0,273.0
S501!,23/09/2026,15:54,1083.0,1083.0,1082.9,1083.0,50.0
S501!,23/09/2026,15:55,1083.0,1083.0,1082.9,1082.9,216.0
S501!,23/09/2026,15:56,1082.9,1083.0,1082.7,1082.7,209.0
S501!,23/09/2026,15:57,1082.7,1082.7,1082.2,1082.6,427.0
S501!,23/09/2026,15:58,1082.7,1082.7,1082.6,1082.7,40.0
S501!,23/09/2026,15:59,1082.7,1082.9,1082.7,1082.9,116.0
S501!,23/09/2026,16:00,1082.9,1083.0,1082.7,1082.8,161.0
S501!,23/09/2026,16:01,1082.6,1082.9,1082.6,1082.8,132.0
S501!,23/09/2026,16:02,1082.9,1083.0,1082.8,1083.0,113.0
S501!,23/09/2026,16:03,1083.0,1083.5,1082.9,1083.4,529.0
S501!,23/09/2026,16:04,1083.3,1083.4,1083.0,1083.0,237.0
S501!,23/09/2026,16:05,1083.0,1083.2,1082.8,1082.9,198.0
S501!,23/09/2026,16:06,1082.9,1083.0,1082.8,1082.9,88.0
S501!,23/09/2026,16:07,1082.9,1083.0,1082.9,1083.0,67.0
S501!,23/09/2026,16:08,1083.1,1083.2,1082.9,1083.1,205.0
S501!,23/09/2026,16:09,1083.1,1083.2,1083.0,1083.0,153.0
S501!,23/09/2026,16:10,1083.0,1083.2,1082.8,1083.0,245.0
S501!,23/09/2026,16:11,1083.0,1083.0,1082.5,1082.6,195.0
S501!,23/09/2026,16:12,1082.5,1082.8,1082.5,1082.7,204.0
S501!,23/09/2026,16:13,1082.7,1083.0,1082.7,1082.9,247.0
S501!,23/09/2026,16:14,1083.0,1083.5,1083.0,1083.2,482.0
S501!,23/09/2026,16:15,1083.2,1083.2,1082.8,1083.0,218.0
S501!,23/09/2026,16:16,1082.8,1083.0,1082.7,1082.8,344.0
S501!,23/09/2026,16:17,1082.7,1082.8,1082.6,1082.7,162.0
S501!,23/09/2026,16:18,1082.8,1082.8,1082.6,1082.7,176.0
S501!,23/09/2026,16:19,1082.7,1082.7,1082.5,1082.7,111.0
S501!,23/09/2026,16:20,1082.8,1082.9,1082.6,1082.6,407.0
S501!,23/09/2026,16:21,1082.8,1082.8,1082.6,1082.7,61.0
S501!,23/09/2026,16:22,1082.7,1082.8,1082.3,1082.4,567.0
S501!,23/09/2026,16:23,1082.3,1082.5,1082.3,1082.3,281.0
S501!,23/09/2026,16:24,1082.5,1083.0,1082.3,1082.8,496.0
S501!,23/09/2026,16:25,1082.9,1083.1,1082.9,1083.1,72.0
S501!,23/09/2026,16:26,1083.1,1083.4,1082.9,1083.3,353.0
S501!,23/09/2026,16:27,1083.3,1083.3,1083.1,1083.1,140.0
S501!,23/09/2026,16:28,1083.2,1083.3,1083.1,1083.2,166.0
S501!,23/09/2026,16:29,1083.3,1083.4,1083.1,1083.2,399.0
S501!,23/09/2026,16:30,1083.1,1083.1,1082.8,1083.0,251.0
S501!,23/09/2026,16:31,1083.0,1083.3,1082.9,1083.3,100.0
S501!,23/09/2026,16:32,1083.3,1083.9,1083.2,1083.7,549.0
S501!,23/09/2026,16:33,1083.9,1084.3,1083.8,1084.3,736.0
S501!,23/09/2026,16:34,1084.2,1084.5,1083.9,1084.0,647.0
S501!,23/09/2026,16:35,1083.9,1084.8,1083.7,1084.7,813.0
S501!,23/09/2026,16:36,1084.7,1084.9,1084.1,1084.3,737.0
S501!,23/09/2026,16:37,1084.2,1084.3,1083.6,1083.9,564.0
S501!,23/09/2026,16:38,1084.0,1084.1,1083.9,1084.0,67.0
S501!,23/09/2026,16:39,1084.1,1084.1,1083.8,1083.8,186.0
S501!,23/09/2026,16:40,1083.9,1083.9,1083.5,1083.6,590.0
S501!,23/09/2026,16:41,1083.6,1084.0,1083.5,1083.7,258.0
S501!,23/09/2026,16:42,1083.7,1083.7,1083.4,1083.5,182.0
S501!,23/09/2026,16:43,1083.5,1083.7,1083.5,1083.6,131.0
S501!,23/09/2026,16:44,1083.7,1083.8,1083.6,1083.6,84.0
S501!,23/09/2026,16:45,1083.7,1083.8,1083.6,1083.6,86.0
S501!,23/09/2026,16:46,1083.6,1083.7,1083.6,1083.7,211.0
S501!,23/09/2026,16:47,1083.7,1083.7,1083.6,1083.6,280.0
S501!,23/09/2026,16:48,1083.6,1083.7,1083.5,1083.5,251.0
S501!,23/09/2026,16:49,1083.5,1083.6,1083.3,1083.4,263.0
S501!,23/09/2026,16:50,1083.4,1083.4,1083.2,1083.2,299.0
S501!,23/09/2026,16:51,1083.3,1083.3,1083.1,1083.1,280.0
S501!,23/09/2026,16:52,1083.2,1083.4,1083.1,1083.3,145.0
S501!,23/09/2026,16:53,1083.3,1083.5,1083.2,1083.3,313.0
S501!,23/09/2026,16:54,1083.2,1083.3,1083.0,1083.1,363.0
S501!,24/09/2026,09:45,1080.2,1081.2,1079.3,1079.9,2247.0
S501!,24/09/2026,09:46,1079.9,1080.1,1079.3,1079.3,999.0
S501!,24/09/2026,09:47,1079.3,1079.5,1078.5,1078.8,1080.0
S501!,24/09/2026,09:48,1078.8,1079.4,1078.7,1078.9,647.0
S501!,24/09/2026,09:49,1078.9,1079.0,1078.8,1078.9,402.0
S501!,24/09/2026,09:50,1079.0,1079.8,1079.0,1079.4,662.0
S501!,24/09/2026,09:51,1079.4,1079.7,1079.2,1079.6,377.0
S501!,24/09/2026,09:52,1079.6,1079.6,1079.3,1079.5,247.0
S501!,24/09/2026,09:53,1079.7,1080.1,1079.6,1080.0,425.0
S501!,24/09/2026,09:54,1080.0,1080.1,1079.6,1080.0,359.0
S501!,24/09/2026,09:55,1080.2,1080.5,1079.8,1079.9,769.0
S501!,24/09/2026,09:56,1079.8,1079.8,1079.4,1079.7,365.0
S501!,24/09/2026,09:57,1079.8,1080.2,1079.5,1080.1,526.0
S501!,24/09/2026,09:58,1080.1,1080.1,1079.3,1079.5,406.0
S501!,24/09/2026,09:59,1079.4,1080.3,1079.2,1080.1,634.0
S501!,24/09/2026,10:00,1080.1,1080.1,1078.9,1079.0,1636.0
S501!,24/09/2026,10:01,1078.9,1079.5,1078.9,1078.9,1198.0
S501!,24/09/2026,10:02,1078.9,1079.3,1078.0,1078.6,1758.0
S501!,24/09/2026,10:03,1078.6,1078.6,1076.7,1076.8,2143.0
S501!,24/09/2026,10:04,1076.7,1077.9,1076.7,1077.2,1625.0
S501!,24/09/2026,10:05,1077.3,1077.3,1076.6,1076.9,1050.0
S501!,24/09/2026,10:06,1076.8,1078.0,1076.6,1078.0,1307.0
S501!,24/09/2026,10:07,1078.0,1078.4,1077.9,1078.3,573.0
S501!,24/09/2026,10:08,1078.4,1079.0,1078.4,1078.8,590.0
S501!,24/09/2026,10:09,1078.8,1079.7,1078.6,1079.5,971.0
S501!,24/09/2026,10:10,1079.4,1079.6,1078.8,1078.8,631.0
S501!,24/09/2026,10:11,1078.8,1078.8,1078.1,1078.3,445.0
S501!,24/09/2026,10:12,1078.3,1078.9,1078.3,1078.8,440.0
S501!,24/09/2026,10:13,1078.7,1079.0,1078.3,1079.0,451.0
S501!,24/09/2026,10:14,1078.9,1079.0,1078.5,1078.6,170.0
S501!,24/09/2026,10:15,1078.6,1078.8,1078.4,1078.7,229.0
S501!,24/09/2026,10:16,1078.6,1078.6,1078.1,1078.3,419.0
S501!,24/09/2026,10:17,1078.1,1078.5,1077.9,1078.3,793.0
S501!,24/09/2026,10:18,1078.4,1078.5,1078.0,1078.0,477.0
S501!,24/09/2026,10:19,1077.9,1077.9,1077.6,1077.9,395.0
S501!,24/09/2026,10:20,1077.8,1077.8,1077.0,1077.2,604.0
S501!,24/09/2026,10:21,1077.2,1077.5,1077.0,1077.1,434.0
S501!,24/09/2026,10:22,1077.0,1077.5,1077.0,1077.5,275.0
S501!,24/09/2026,10:23,1077.5,1077.7,1077.2,1077.3,217.0
S501!,24/09/2026,10:24,1077.3,1077.8,1077.2,1077.6,193.0
S501!,24/09/2026,10:25,1077.6,1077.7,1077.4,1077.5,249.0
S501!,24/09/2026,10:26,1077.5,1078.0,1077.5,1078.0,354.0
S501!,24/09/2026,10:27,1078.0,1078.2,1078.0,1078.2,230.0
S501!,24/09/2026,10:28,1078.2,1078.3,1078.1,1078.2,186.0
S501!,24/09/2026,10:29,1078.1,1078.2,1077.8,1077.9,646.0
S501!,24/09/2026,10:30,1077.8,1078.8,1077.8,1077.9,594.0
S501!,24/09/2026,10:31,1077.9,1078.4,1077.8,1077.8,518.0
S501!,24/09/2026,10:32,1077.8,1078.4,1077.6,1078.3,307.0
S501!,24/09/2026,10:33,1078.4,1078.7,1078.2,1078.2,184.0
S501!,24/09/2026,10:34,1078.3,1078.6,1078.3,1078.6,204.0
S501!,24/09/2026,10:35,1078.4,1078.9,1078.4,1078.8,195.0
S501!,24/09/2026,10:36,1078.8,1078.9,1078.6,1078.6,100.0
S501!,24/09/2026,10:37,1078.6,1078.9,1078.6,1078.8,63.0
S501!,24/09/2026,10:38,1078.8,1079.0,1078.6,1078.7,351.0
S501!,24/09/2026,10:39,1078.7,1079.0,1078.7,1078.7,170.0
S501!,24/09/2026,10:40,1078.6,1078.7,1078.1,1078.3,367.0
S501!,24/09/2026,10:41,1078.2,1078.4,1078.1,1078.4,114.0
S501!,24/09/2026,10:42,1078.2,1078.2,1078.0,1078.1,129.0
S501!,24/09/2026,10:43,1078.0,1078.1,1077.6,1078.0,685.0
S501!,24/09/2026,10:44,1077.9,1078.3,1077.8,1078.2,147.0
S501!,24/09/2026,10:45,1078.1,1078.2,1077.7,1077.7,340.0
S501!,24/09/2026,10:46,1077.8,1077.9,1077.4,1077.5,450.0
S501!,24/09/2026,10:47,1077.5,1077.8,1077.4,1077.7,202.0
S501!,24/09/2026,10:48,1077.7,1077.9,1077.7,1077.8,146.0
S501!,24/09/2026,10:49,1077.8,1078.2,1077.8,1078.1,217.0
S501!,24/09/2026,10:50,1078.1,1078.2,1077.6,1077.7,319.0
S501!,24/09/2026,10:51,1077.7,1078.0,1077.3,1077.4,362.0
S501!,24/09/2026,10:52,1077.4,1077.5,1077.3,1077.4,133.0
S501!,24/09/2026,10:53,1077.3,1077.6,1077.3,1077.6,319.0
S501!,24/09/2026,10:54,1077.6,1077.9,1077.6,1077.7,153.0
S501!,24/09/2026,10:55,1077.8,1078.0,1077.8,1077.9,135.0
S501!,24/09/2026,10:56,1077.8,1077.9,1077.8,1077.9,58.0
S501!,24/09/2026,10:57,1077.9,1078.1,1077.8,1078.0,403.0
S501!,24/09/2026,10:58,1078.0,1078.3,1078.0,1078.3,396.0
S501!,24/09/2026,10:59,1078.3,1078.3,1078.0,1078.0,169.0
S501!,24/09/2026,11:00,1078.1,1078.2,1077.8,1077.8,232.0
S501!,24/09/2026,11:01,1077.8,1077.9,1077.2,1077.2,470.0
S501!,24/09/2026,11:02,1077.2,1077.3,1077.1,1077.2,297.0
S501!,24/09/2026,11:03,1077.2,1077.3,1077.1,1077.2,193.0
S501!,24/09/2026,11:04,1077.2,1077.2,1076.4,1077.1,1317.0
S501!,24/09/2026,11:05,1077.0,1077.5,1077.0,1077.4,257.0
S501!,24/09/2026,11:06,1077.3,1077.5,1077.1,1077.4,172.0
S501!,24/09/2026,11:07,1077.3,1077.6,1077.3,1077.5,122.0
S501!,24/09/2026,11:08,1077.5,1077.8,1077.5,1077.7,285.0
S501!,24/09/2026,11:09,1077.7,1077.9,1077.6,1077.7,307.0
S501!,24/09/2026,11:10,1077.7,1077.7,1077.5,1077.5,263.0
S501!,24/09/2026,11:11,1077.5,1077.6,1077.5,1077.5,123.0
S501!,24/09/2026,11:12,1077.5,1077.8,1077.5,1077.7,210.0
S501!,24/09/2026,11:13,1077.6,1077.8,1077.4,1077.8,187.0
S501!,24/09/2026,11:14,1077.7,1077.9,1077.6,1077.6,222.0
S501!,24/09/2026,11:15,1077.7,1078.0,1077.6,1078.0,204.0
S501!,24/09/2026,11:16,1077.8,1078.0,1077.8,1077.9,104.0
S501!,24/09/2026,11:17,1077.8,1077.9,1077.8,1077.8,134.0
S501!,24/09/2026,11:18,1077.8,1078.2,1077.8,1078.2,230.0
S501!,24/09/2026,11:19,1078.0,1078.3,1078.0,1078.3,209.0
S501!,24/09/2026,11:20,1078.3,1078.3,1078.0,1078.0,275.0
S501!,24/09/2026,11:21,1078.0,1078.0,1077.6,1077.6,282.0
S501!,24/09/2026,11:22,1077.6,1077.6,1077.5,1077.6,177.0
S501!,24/09/2026,11:23,1077.6,1077.6,1077.3,1077.5,204.0
S501!,24/09/2026,11:24,1077.4,1077.6,1077.1,1077.3,353.0
S501!,24/09/2026,11:25,1077.2,1077.4,1077.2,1077.3,95.0
S501!,24/09/2026,11:26,1077.2,1077.4,1077.1,1077.2,202.0
S501!,24/09/2026,11:27,1077.2,1077.2,1076.9,1076.9,305.0
S501!,24/09/2026,11:28,1076.9,1077.2,1076.8,1077.1,215.0
S501!,24/09/2026,11:29,1077.0,1077.3,1077.0,1077.1,230.0
S501!,24/09/2026,11:30,1077.1,1077.6,1077.0,1077.4,144.0
S501!,24/09/2026,11:31,1077.3,1077.4,1077.2,1077.2,91.0
S501!,24/09/2026,11:32,1077.2,1077.3,1077.1,1077.1,197.0
S501!,24/09/2026,11:33,1077.1,1077.2,1077.0,1077.1,92.0
S501!,24/09/2026,11:34,1077.0,1077.1,1077.0,1077.1,60.0
S501!,24/09/2026,11:35,1077.1,1077.6,1077.0,1077.5,164.0
S501!,24/09/2026,11:36,1077.4,1077.5,1077.3,1077.4,48.0
S501!,24/09/2026,11:37,1077.4,1077.4,1077.1,1077.2,84.0
S501!,24/09/2026,11:38,1077.2,1077.3,1077.1,1077.1,89.0
S501!,24/09/2026,11:39,1077.1,1077.5,1077.1,1077.5,148.0
S501!,24/09/2026,11:40,1077.5,1077.5,1077.2,1077.2,131.0
S501!,24/09/2026,11:41,1077.2,1077.4,1077.1,1077.3,233.0
S501!,24/09/2026,11:42,1077.3,1077.6,1077.2,1077.4,305.0
S501!,24/09/2026,11:43,1077.5,1078.0,1077.5,1077.9,367.0
S501!,24/09/2026,11:44,1077.9,1078.1,1077.8,1078.1,487.0
S501!,24/09/2026,11:45,1078.0,1078.1,1077.9,1078.1,297.0
S501!,24/09/2026,11:46,1078.1,1078.3,1078.0,1078.3,189.0
S501!,24/09/2026,11:47,1078.2,1078.3,1078.1,1078.2,169.0
S501!,24/09/2026,11:48,1078.1,1078.2,1078.1,1078.1,65.0
S501!,24/09/2026,11:49,1078.2,1078.3,1078.0,1078.2,167.0
S501!,24/09/2026,11:50,1078.2,1078.2,1077.8,1077.8,105.0
S501!,24/09/2026,11:51,1077.7,1077.8,1077.5,1077.6,266.0
S501!,24/09/2026,11:52,1077.5,1077.5,1077.3,1077.4,171.0
S501!,24/09/2026,11:53,1077.5,1077.7,1077.2,1077.3,449.0
S501!,24/09/2026,11:54,1077.3,1077.5,1077.2,1077.4,71.0
S501!,24/09/2026,11:55,1077.4,1077.4,1077.2,1077.2,41.0
S501!,24/09/2026,11:56,1077.2,1077.4,1077.2,1077.3,93.0
S501!,24/09/2026,11:57,1077.4,1077.9,1077.2,1077.8,162.0
S501!,24/09/2026,11:58,1077.8,1077.9,1077.5,1077.5,239.0
S501!,24/09/2026,11:59,1077.6,1077.8,1077.3,1077.4,420.0
S501!,24/09/2026,12:00,1077.3,1077.6,1077.2,1077.5,260.0
S501!,24/09/2026,12:01,1077.5,1077.6,1077.4,1077.5,42.0
S501!,24/09/2026,12:02,1077.5,1077.9,1077.5,1077.6,200.0
S501!,24/09/2026,12:03,1077.7,1078.4,1077.5,1078.4,546.0
S501!,24/09/2026,12:04,1078.4,1078.4,1078.0,1078.1,163.0
S501!,24/09/2026,12:05,1078.1,1078.3,1078.1,1078.1,96.0
S501!,24/09/2026,12:06,1078.1,1078.2,1078.0,1078.1,61.0
S501!,24/09/2026,12:07,1078.1,1078.1,1077.9,1078.1,481.0
S501!,24/09/2026,12:08,1078.1,1078.2,1078.0,1078.1,53.0
S501!,24/09/2026,12:09,1078.1,1078.2,1078.0,1078.1,48.0
S501!,24/09/2026,12:10,1078.1,1078.2,1078.0,1078.2,37.0
S501!,24/09/2026,12:11,1078.0,1078.3,1078.0,1078.0,505.0
S501!,24/09/2026,12:12,1078.0,1078.1,1077.8,1077.8,105.0
S501!,24/09/2026,12:13,1077.8,1077.8,1077.2,1077.2,397.0
S501!,24/09/2026,12:14,1077.2,1077.4,1077.2,1077.4,86.0
S501!,24/09/2026,12:15,1077.4,1077.6,1077.3,1077.3,135.0
S501!,24/09/2026,12:16,1077.3,1077.4,1077.2,1077.2,273.0
S501!,24/09/2026,12:17,1077.2,1077.3,1077.1,1077.3,131.0
S501!,24/09/2026,12:18,1077.4,1077.4,1077.2,1077.2,32.0
S501!,24/09/2026,12:19,1077.3,1077.5,1077.2,1077.5,97.0
S501!,24/09/2026,12:20,1077.4,1077.5,1077.1,1077.2,157.0
S501!,24/09/2026,12:21,1077.3,1077.4,1077.1,1077.2,209.0
S501!,24/09/2026,12:22,1077.1,1077.1,1076.8,1077.0,318.0
S501!,24/09/2026,12:23,1077.0,1077.1,1077.0,1077.0,56.0
S501!,24/09/2026,12:24,1077.0,1077.1,1076.8,1076.8,41.0
S501!,24/09/2026,12:25,1077.0,1077.0,1076.5,1076.5,419.0
S501!,24/09/2026,12:26,1076.6,1076.8,1076.4,1076.4,332.0
S501!,24/09/2026,12:27,1076.3,1076.4,1076.1,1076.2,228.0
S501!,24/09/2026,12:28,1076.3,1076.7,1076.3,1076.7,114.0
S501!,24/09/2026,12:29,1076.7,1077.2,1076.7,1077.0,353.0
S501!,24/09/2026,13:45,1076.7,1076.8,1076.2,1076.4,428.0
S501!,24/09/2026,13:46,1076.5,1076.8,1076.3,1076.7,294.0
S501!,24/09/2026,13:47,1076.6,1076.8,1076.6,1076.6,142.0
S501!,24/09/2026,13:48,1076.7,1077.0,1076.6,1076.9,132.0
S501!,24/09/2026,13:49,1077.0,1077.1,1076.8,1076.9,90.0
S501!,24/09/2026,13:50,1076.8,1077.1,1076.8,1077.0,247.0
S501!,24/09/2026,13:51,1076.9,1077.1,1076.8,1076.9,47.0
S501!,24/09/2026,13:52,1077.0,1077.0,1076.8,1076.9,103.0
S501!,24/09/2026,13:53,1076.8,1076.8,1076.6,1076.6,27.0
S501!,24/09/2026,13:54,1076.6,1076.8,1076.5,1076.5,84.0
S501!,24/09/2026,13:55,1076.6,1076.7,1076.3,1076.5,113.0
S501!,24/09/2026,13:56,1076.5,1076.5,1076.2,1076.3,326.0
S501!,24/09/2026,13:57,1076.3,1076.3,1076.1,1076.1,274.0
S501!,24/09/2026,13:58,1076.1,1076.5,1076.1,1076.5,89.0
S501!,24/09/2026,13:59,1076.4,1076.5,1076.3,1076.4,62.0
S501!,24/09/2026,14:00,1076.4,1076.4,1076.2,1076.3,218.0
S501!,24/09/2026,14:01,1076.2,1076.3,1076.1,1076.1,356.0
S501!,24/09/2026,14:02,1076.1,1076.1,1075.1,1075.3,1831.0
S501!,24/09/2026,14:03,1075.2,1075.7,1075.2,1075.7,1160.0
S501!,24/09/2026,14:04,1075.6,1076.1,1075.5,1076.1,221.0
S501!,24/09/2026,14:05,1076.1,1076.2,1075.9,1076.0,542.0
S501!,24/09/2026,14:06,1076.0,1076.1,1075.9,1076.1,230.0
S501!,24/09/2026,14:07,1076.1,1076.1,1075.9,1076.0,153.0
S501!,24/09/2026,14:08,1075.9,1076.2,1075.9,1076.2,225.0
S501!,24/09/2026,14:09,1076.2,1076.6,1076.2,1076.6,94.0
S501!,24/09/2026,14:10,1076.6,1077.0,1076.6,1077.0,401.0
S501!,24/09/2026,14:11,1077.0,1077.1,1076.7,1076.7,181.0
S501!,24/09/2026,14:12,1076.8,1077.1,1076.7,1077.1,225.0
S501!,24/09/2026,14:13,1077.1,1077.3,1077.0,1077.3,145.0
S501!,24/09/2026,14:14,1077.4,1077.4,1077.1,1077.3,230.0
S501!,24/09/2026,14:15,1077.3,1077.6,1077.3,1077.5,211.0
S501!,24/09/2026,14:16,1077.6,1077.8,1077.5,1077.6,146.0
S501!,24/09/2026,14:17,1077.6,1077.9,1077.6,1077.9,105.0
S501!,24/09/2026,14:18,1077.9,1077.9,1077.6,1077.7,481.0
S501!,24/09/2026,14:19,1077.8,1078.1,1077.8,1078.0,504.0
S501!,24/09/2026,14:20,1078.1,1078.1,1077.8,1078.0,281.0
S501!,24/09/2026,14:21,1077.9,1078.0,1077.8,1077.9,117.0
S501!,24/09/2026,14:22,1077.9,1077.9,1077.5,1077.6,248.0
S501!,24/09/2026,14:23,1077.5,1077.9,1077.5,1077.8,147.0
S501!,24/09/2026,14:24,1077.8,1077.9,1077.4,1077.5,158.0
S501!,24/09/2026,14:25,1077.4,1077.6,1077.4,1077.5,140.0
S501!,24/09/2026,14:26,1077.5,1077.7,1077.4,1077.7,194.0
S501!,24/09/2026,14:27,1077.7,1078.1,1077.7,1078.1,360.0
S501!,24/09/2026,14:28,1078.1,1078.1,1077.8,1077.9,75.0
S501!,24/09/2026,14:29,1077.9,1078.0,1077.7,1077.7,193.0
S501!,24/09/2026,14:30,1077.9,1078.1,1077.8,1078.1,245.0
S501!,24/09/2026,14:31,1078.1,1078.2,1078.0,1078.2,318.0
S501!,24/09/2026,14:32,1078.1,1078.2,1078.1,1078.1,51.0
S501!,24/09/2026,14:33,1078.2,1078.4,1078.1,1078.2,256.0
S501!,24/09/2026,14:34,1078.3,1078.3,1077.7,1077.8,173.0
S501!,24/09/2026,14:35,1077.8,1077.9,1077.8,1077.9,47.0
S501!,24/09/2026,14:36,1077.9,1078.2,1077.9,1078.1,389.0
S501!,24/09/2026,14:37,1078.1,1078.2,1078.0,1078.2,91.0
S501!,24/09/2026,14:38,1078.2,1078.2,1078.1,1078.2,29.0
S501!,24/09/2026,14:39,1078.3,1078.4,1078.2,1078.4,41.0
S501!,24/09/2026,14:40,1078.4,1078.4,1078.1,1078.1,100.0
S501!,24/09/2026,14:41,1078.0,1078.0,1077.8,1078.0,172.0
S501!,24/09/2026,14:42,1078.0,1078.1,1077.7,1077.8,332.0
S501!,24/09/2026,14:43,1077.7,1078.0,1077.7,1077.9,47.0
S501!,24/09/2026,14:44,1077.8,1078.0,1077.8,1078.0,33.0
S501!,24/09/2026,14:45,1077.9,1078.0,1077.8,1077.8,37.0
S501!,24/09/2026,14:46,1077.8,1077.9,1077.7,1077.7,72.0
S501!,24/09/2026,14:47,1077.7,1077.9,1077.5,1077.6,168.0
S501!,24/09/2026,14:48,1077.6,1077.6,1077.5,1077.5,56.0
S501!,24/09/2026,14:49,1077.5,1077.7,1077.5,1077.7,55.0
S501!,24/09/2026,14:50,1077.6,1077.9,1077.6,1077.9,87.0
S501!,24/09/2026,14:51,1077.9,1077.9,1077.9,1077.9,98.0
S501!,24/09/2026,14:52,1077.9,1078.0,1077.9,1077.9,13.0
S501!,24/09/2026,14:53,1077.9,1078.0,1077.8,1077.9,43.0
S501!,24/09/2026,14:54,1077.8,1077.9,1077.8,1077.9,7.0
S501!,24/09/2026,14:55,1077.8,1077.8,1077.6,1077.7,135.0
S501!,24/09/2026,14:56,1077.7,1077.8,1077.6,1077.6,79.0
S501!,24/09/2026,14:57,1077.5,1077.6,1077.5,1077.6,8.0
S501!,24/09/2026,14:58,1077.5,1077.5,1077.2,1077.2,331.0
S501!,24/09/2026,14:59,1077.2,1077.3,1077.1,1077.2,104.0
S501!,24/09/2026,15:00,1077.2,1077.4,1077.2,1077.4,133.0
S501!,24/09/2026,15:01,1077.5,1077.6,1077.3,1077.6,239.0
S501!,24/09/2026,15:02,1077.7,1077.7,1076.9,1077.2,517.0
S501!,24/09/2026,15:03,1077.2,1077.3,1077.0,1077.2,204.0
S501!,24/09/2026,15:04,1077.2,1077.4,1077.1,1077.3,105.0
S501!,24/09/2026,15:05,1077.4,1077.5,1076.9,1077.3,345.0
S501!,24/09/2026,15:06,1077.2,1077.3,1077.2,1077.3,36.0
S501!,24/09/2026,15:07,1077.3,1077.4,1077.2,1077.2,47.0
S501!,24/09/2026,15:08,1077.2,1077.3,1077.1,1077.1,98.0
S501!,24/09/2026,15:09,1077.0,1077.4,1077.0,1077.4,67.0
S501!,24/09/2026,15:10,1077.4,1077.5,1077.3,1077.3,79.0
S501!,24/09/2026,15:11,1077.2,1077.2,1076.8,1076.8,209.0
S501!,24/09/2026,15:12,1076.8,1077.0,1076.8,1077.0,145.0
S501!,24/09/2026,15:13,1077.1,1077.2,1076.9,1076.9,67.0
S501!,24/09/2026,15:14,1076.9,1077.3,1076.8,1077.0,146.0
S501!,24/09/2026,15:15,1077.2,1077.4,1077.0,1077.0,264.0
S501!,24/09/2026,15:16,1077.0,1077.1,1076.5,1076.8,318.0
S501!,24/09/2026,15:17,1076.8,1077.3,1076.8,1077.3,215.0
S501!,24/09/2026,15:18,1077.2,1077.2,1077.1,1077.1,98.0
S501!,24/09/2026,15:19,1077.0,1077.3,1076.9,1077.3,428.0
S501!,24/09/2026,15:20,1077.3,1077.5,1077.3,1077.5,72.0
S501!,24/09/2026,15:21,1077.5,1077.5,1077.4,1077.4,94.0
S501!,24/09/2026,15:22,1077.3,1077.8,1077.3,1077.8,396.0
S501!,24/09/2026,15:23,1077.7,1077.8,1077.4,1077.4,79.0
S501!,24/09/2026,15:24,1077.4,1077.8,1077.3,1077.8,201.0
S501!,24/09/2026,15:25,1077.6,1077.9,1077.5,1077.6,440.0
S501!,24/09/2026,15:26,1077.5,1077.5,1077.0,1077.0,209.0
S501!,24/09/2026,15:27,1077.0,1077.2,1076.9,1077.2,147.0
S501!,24/09/2026,15:28,1077.2,1077.2,1077.1,1077.1,92.0
S501!,24/09/2026,15:29,1077.2,1077.4,1077.1,1077.2,75.0
S501!,24/09/2026,15:30,1077.2,1077.5,1077.1,1077.5,64.0
S501!,24/09/2026,15:31,1077.5,1077.9,1077.5,1077.8,288.0
S501!,24/09/2026,15:32,1077.6,1077.8,1077.6,1077.7,29.0
S501!,24/09/2026,15:33,1077.7,1077.9,1077.6,1077.9,183.0
S501!,24/09/2026,15:34,1077.8,1077.9,1077.3,1077.4,224.0
S501!,24/09/2026,15:35,1077.5,1077.5,1077.3,1077.4,51.0
S501!,24/09/2026,15:36,1077.4,1077.5,1077.3,1077.5,56.0
S501!,24/09/2026,15:37,1077.5,1077.6,1077.5,1077.6,60.0
S501!,24/09/2026,15:38,1077.6,1077.8,1077.6,1077.8,200.0
S501!,24/09/2026,15:39,1077.7,1077.8,1077.7,1077.7,125.0
S501!,24/09/2026,15:40,1077.7,1077.8,1077.6,1077.6,35.0
S501!,24/09/2026,15:41,1077.6,1077.7,1077.5,1077.6,96.0
S501!,24/09/2026,15:42,1077.5,1077.6,1077.4,1077.5,45.0
S501!,24/09/2026,15:43,1077.5,1077.5,1077.4,1077.4,23.0
S501!,24/09/2026,15:44,1077.4,1077.6,1077.4,1077.5,55.0
S501!,24/09/2026,15:45,1077.4,1077.6,1077.1,1077.3,270.0
S501!,24/09/2026,15:46,1077.2,1077.3,1077.0,1077.1,109.0
S501!,24/09/2026,15:47,1077.1,1077.2,1077.1,1077.1,49.0
S501!,24/09/2026,15:48,1077.0,1077.1,1077.0,1077.1,102.0
S501!,24/09/2026,15:49,1077.1,1077.1,1076.7,1076.8,251.0
S501!,24/09/2026,15:50,1076.8,1077.0,1076.7,1077.0,343.0
S501!,24/09/2026,15:51,1076.9,1077.0,1076.8,1077.0,94.0
S501!,24/09/2026,15:52,1077.1,1077.1,1076.9,1077.0,62.0
S501!,24/09/2026,15:53,1076.9,1076.9,1076.5,1076.5,216.0
S501!,24/09/2026,15:54,1076.5,1076.7,1076.3,1076.6,260.0
S501!,24/09/2026,15:55,1076.5,1076.7,1076.5,1076.7,50.0
S501!,24/09/2026,15:56,1076.7,1076.8,1076.5,1076.5,161.0
S501!,24/09/2026,15:57,1076.6,1076.6,1076.4,1076.4,92.0
S501!,24/09/2026,15:58,1076.4,1076.5,1076.2,1076.4,270.0
S501!,24/09/2026,15:59,1076.4,1076.5,1076.2,1076.3,230.0
S501!,24/09/2026,16:00,1076.3,1076.6,1076.3,1076.5,180.0
S501!,24/09/2026,16:01,1076.5,1076.7,1076.4,1076.6,172.0
S501!,24/09/2026,16:02,1076.6,1076.7,1076.5,1076.6,56.0
S501!,24/09/2026,16:03,1076.6,1077.0,1076.6,1076.9,402.0
S501!,24/09/2026,16:04,1077.0,1077.0,1076.7,1077.0,206.0
S501!,24/09/2026,16:05,1076.9,1077.1,1076.9,1077.0,67.0
S501!,24/09/2026,16:06,1077.1,1077.3,1076.8,1076.9,435.0
S501!,24/09/2026,16:07,1077.0,1077.2,1076.9,1077.2,128.0
S501!,24/09/2026,16:08,1077.3,1077.5,1077.1,1077.3,268.0
S501!,24/09/2026,16:09,1077.5,1077.6,1077.4,1077.5,225.0
S501!,24/09/2026,16:10,1077.5,1077.8,1077.5,1077.7,423.0
S501!,24/09/2026,16:11,1077.8,1077.8,1077.3,1077.4,332.0
S501!,24/09/2026,16:12,1077.4,1077.6,1077.2,1077.3,165.0
S501!,24/09/2026,16:13,1077.5,1077.7,1077.3,1077.4,286.0
S501!,24/09/2026,16:14,1077.5,1077.6,1077.2,1077.3,159.0
S501!,24/09/2026,16:15,1077.4,1077.6,1077.2,1077.6,351.0
S501!,24/09/2026,16:16,1077.5,1077.7,1077.5,1077.6,253.0
S501!,24/09/2026,16:17,1077.7,1077.8,1077.5,1077.7,124.0
S501!,24/09/2026,16:18,1077.6,1077.8,1077.6,1077.8,162.0
S501!,24/09/2026,16:19,1077.6,1078.0,1077.6,1077.9,308.0
S501!,24/09/2026,16:20,1077.8,1078.1,1077.8,1077.9,328.0
S501!,24/09/2026,16:21,1077.8,1078.1,1077.6,1078.0,524.0
S501!,24/09/2026,16:22,1078.0,1078.0,1077.7,1077.9,273.0
S501!,24/09/2026,16:23,1077.8,1078.0,1077.6,1077.6,311.0
S501!,24/09/2026,16:24,1077.6,1077.8,1077.5,1077.7,220.0
S501!,24/09/2026,16:25,1077.5,1078.0,1077.5,1077.9,310.0
S501!,24/09/2026,16:26,1077.8,1077.9,1077.4,1077.7,327.0
S501!,24/09/2026,16:27,1077.7,1077.8,1077.3,1077.7,355.0
S501!,24/09/2026,16:28,1077.7,1077.9,1077.4,1077.6,349.0
S501!,24/09/2026,16:29,1077.8,1077.8,1077.3,1077.6,309.0
S501!,24/09/2026,16:30,1077.7,1077.7,1077.3,1077.4,113.0
S501!,24/09/2026,16:31,1077.4,1077.4,1076.9,1077.2,259.0
S501!,24/09/2026,16:32,1077.3,1077.3,1077.0,1077.1,124.0
S501!,24/09/2026,16:33,1077.1,1077.3,1077.1,1077.1,59.0
S501!,24/09/2026,16:34,1077.2,1077.3,1077.1,1077.3,59.0
S501!,24/09/2026,16:35,1077.1,1077.7,1077.1,1077.6,370.0
S501!,24/09/2026,16:36,1077.6,1077.7,1077.1,1077.2,483.0
S501!,24/09/2026,16:37,1077.2,1077.3,1076.9,1077.1,213.0
S501!,24/09/2026,16:38,1077.1,1077.2,1077.0,1077.2,21.0
S501!,24/09/2026,16:39,1077.0,1077.3,1077.0,1077.3,78.0
S501!,24/09/2026,16:40,1077.4,1077.5,1077.3,1077.3,37.0
S501!,24/09/2026,16:41,1077.4,1077.5,1077.4,1077.4,122.0
S501!,24/09/2026,16:42,1077.3,1077.3,1077.1,1077.3,119.0
S501!,24/09/2026,16:43,1077.3,1077.4,1077.1,1077.3,48.0
S501!,24/09/2026,16:44,1077.1,1077.3,1077.1,1077.3,101.0
S501!,24/09/2026,16:45,1077.3,1077.4,1077.1,1077.4,172.0
S501!,24/09/2026,16:46,1077.2,1077.3,1077.1,1077.1,183.0
S501!,24/09/2026,16:47,1077.1,1077.4,1077.1,1077.2,230.0
S501!,24/09/2026,16:48,1077.3,1077.5,1077.2,1077.5,233.0
S501!,24/09/2026,16:49,1077.4,1077.6,1077.2,1077.2,294.0
S501!,24/09/2026,16:50,1077.4,1077.5,1077.2,1077.5,146.0
S501!,24/09/2026,16:51,1077.5,1077.5,1077.2,1077.3,161.0
S501!,24/09/2026,16:52,1077.4,1077.5,1077.3,1077.3,184.0
S501!,24/09/2026,16:53,1077.3,1077.4,1077.1,1077.1,460.0
S501!,24/09/2026,16:54,1077.1,1077.3,1076.8,1077.2,784.0
S501!,25/09/2026,09:45,1077.3,1077.5,1075.8,1076.8,1697.0
S501!,25/09/2026,09:46,1076.8,1076.9,1076.0,1076.1,381.0
S501!,25/09/2026,09:47,1076.2,1076.3,1075.4,1075.6,596.0
S501!,25/09/2026,09:48,1075.6,1076.2,1075.3,1075.3,546.0
S501!,25/09/2026,09:49,1075.2,1076.3,1075.2,1076.2,398.0
S501!,25/09/2026,09:50,1076.2,1076.7,1076.0,1076.0,406.0
S501!,25/09/2026,09:51,1076.0,1076.6,1075.9,1076.1,470.0
S501!,25/09/2026,09:52,1076.1,1076.2,1075.9,1076.2,225.0
S501!,25/09/2026,09:53,1076.3,1076.6,1076.3,1076.5,190.0
S501!,25/09/2026,09:54,1076.5,1077.5,1076.4,1077.2,550.0
S501!,25/09/2026,09:55,1077.4,1077.4,1076.8,1076.9,301.0
S501!,25/09/2026,09:56,1077.0,1077.2,1076.8,1077.0,293.0
S501!,25/09/2026,09:57,1077.1,1077.2,1077.0,1077.0,311.0
S501!,25/09/2026,09:58,1077.1,1077.3,1076.8,1076.8,903.0
S501!,25/09/2026,09:59,1077.0,1078.4,1077.0,1077.9,1122.0
S501!,25/09/2026,10:00,1077.9,1078.8,1077.2,1078.8,1510.0
S501!,25/09/2026,10:01,1078.8,1080.0,1078.8,1079.8,1104.0
S501!,25/09/2026,10:02,1079.8,1080.4,1079.5,1080.2,1376.0
S501!,25/09/2026,10:03,1080.2,1080.3,1079.6,1080.0,948.0
S501!,25/09/2026,10:04,1080.2,1080.2,1079.5,1079.8,763.0
S501!,25/09/2026,10:05,1079.9,1080.1,1079.5,1079.7,683.0
S501!,25/09/2026,10:06,1079.8,1080.1,1079.3,1079.5,705.0
S501!,25/09/2026,10:07,1079.5,1080.0,1079.3,1079.9,686.0
S501!,25/09/2026,10:08,1080.0,1080.1,1079.7,1079.9,307.0
S501!,25/09/2026,10:09,1079.9,1080.1,1079.2,1079.2,494.0
S501!,25/09/2026,10:10,1079.3,1079.5,1079.3,1079.3,240.0
S501!,25/09/2026,10:11,1079.3,1079.5,1079.2,1079.4,353.0
S501!,25/09/2026,10:12,1079.5,1079.5,1079.1,1079.2,341.0
S501!,25/09/2026,10:13,1079.2,1079.4,1078.9,1078.9,809.0
S501!,25/09/2026,10:14,1079.0,1079.3,1078.8,1079.2,426.0
S501!,25/09/2026,10:15,1079.3,1079.3,1078.1,1078.2,678.0
S501!,25/09/2026,10:16,1078.3,1078.7,1078.1,1078.7,442.0
S501!,25/09/2026,10:17,1078.8,1079.1,1078.7,1078.7,289.0
S501!,25/09/2026,10:18,1078.9,1079.0,1078.6,1078.7,429.0
S501!,25/09/2026,10:19,1078.8,1079.0,1078.5,1078.6,333.0
S501!,25/09/2026,10:20,1078.7,1078.9,1078.7,1078.9,136.0
S501!,25/09/2026,10:21,1079.0,1079.0,1078.6,1078.7,111.0
S501!,25/09/2026,10:22,1078.9,1078.9,1078.5,1078.5,107.0
S501!,25/09/2026,10:23,1078.7,1078.7,1078.3,1078.3,273.0
S501!,25/09/2026,10:24,1078.4,1078.6,1078.3,1078.6,141.0
S501!,25/09/2026,10:25,1078.6,1078.7,1078.6,1078.6,104.0
S501!,25/09/2026,10:26,1078.5,1078.5,1077.9,1077.9,395.0
S501!,25/09/2026,10:27,1078.0,1078.1,1077.8,1078.1,202.0
S501!,25/09/2026,10:28,1078.0,1078.0,1077.9,1077.9,72.0
S501!,25/09/2026,10:29,1078.0,1078.0,1077.2,1077.5,355.0
S501!,25/09/2026,10:30,1077.3,1077.3,1077.1,1077.2,218.0
S501!,25/09/2026,10:31,1077.3,1077.6,1077.1,1077.5,293.0
S501!,25/09/2026,10:32,1077.5,1077.6,1077.1,1077.2,543.0
S501!,25/09/2026,10:33,1077.2,1077.3,1076.9,1077.1,349.0
S501!,25/09/2026,10:34,1077.2,1077.4,1077.1,1077.4,159.0
S501!,25/09/2026,10:35,1077.4,1077.7,1077.3,1077.6,156.0
S501!,25/09/2026,10:36,1077.6,1077.8,1077.4,1077.6,128.0
S501!,25/09/2026,10:37,1077.6,1077.9,1077.5,1077.9,81.0
S501!,25/09/2026,10:38,1077.7,1077.9,1077.6,1077.9,164.0
S501!,25/09/2026,10:39,1077.9,1078.0,1077.7,1078.0,127.0
S501!,25/09/2026,10:40,1078.0,1078.8,1078.0,1078.7,570.0
S501!,25/09/2026,10:41,1078.7,1078.8,1078.5,1078.6,96.0
S501!,25/09/2026,10:42,1078.7,1078.8,1078.5,1078.7,103.0
S501!,25/09/2026,10:43,1078.6,1078.6,1078.2,1078.2,118.0
S501!,25/09/2026,10:44,1078.3,1078.6,1078.3,1078.5,150.0
S501!,25/09/2026,10:45,1078.4,1078.5,1078.3,1078.3,134.0
S501!,25/09/2026,10:46,1078.3,1078.4,1077.9,1078.0,352.0
S501!,25/09/2026,10:47,1078.0,1078.2,1077.9,1078.1,150.0
S501!,25/09/2026,10:48,1078.2,1078.3,1078.2,1078.2,110.0
S501!,25/09/2026,10:49,1078.2,1078.4,1078.1,1078.2,274.0
S501!,25/09/2026,10:50,1078.2,1078.2,1077.7,1077.8,331.0
S501!,25/09/2026,10:51,1077.9,1078.3,1077.9,1078.3,318.0
S501!,25/09/2026,10:52,1078.3,1078.7,1078.3,1078.6,248.0
S501!,25/09/2026,10:53,1078.6,1078.8,1078.2,1078.3,561.0
S501!,25/09/2026,10:54,1078.3,1078.3,1078.0,1078.2,119.0
S501!,25/09/2026,10:55,1078.3,1078.3,1078.0,1078.1,217.0
S501!,25/09/2026,10:56,1078.1,1078.4,1077.9,1078.0,286.0
S501!,25/09/2026,10:57,1078.0,1078.0,1077.6,1077.8,179.0
S501!,25/09/2026,10:58,1077.8,1078.4,1077.7,1078.3,522.0
S501!,25/09/2026,10:59,1078.4,1078.4,1077.8,1078.0,539.0
S501!,25/09/2026,11:00,1078.0,1078.3,1077.8,1077.9,234.0
S501!,25/09/2026,11:01,1077.8,1077.9,1077.6,1077.6,211.0
S501!,25/09/2026,11:02,1077.7,1077.7,1077.6,1077.7,81.0
S501!,25/09/2026,11:03,1077.8,1077.9,1077.8,1077.9,43.0
S501!,25/09/2026,11:04,1077.9,1078.1,1077.8,1078.1,305.0
S501!,25/09/2026,11:05,1078.1,1078.1,1077.9,1077.9,95.0
S501!,25/09/2026,11:06,1078.0,1078.2,1077.9,1078.1,119.0
S501!,25/09/2026,11:07,1078.1,1078.3,1078.1,1078.3,35.0
S501!,25/09/2026,11:08,1078.3,1078.4,1078.2,1078.3,67.0
S501!,25/09/2026,11:09,1078.3,1079.0,1078.3,1078.9,593.0
S501!,25/09/2026,11:10,1079.0,1079.3,1079.0,1079.0,146.0
S501!,25/09/2026,11:11,1079.0,1079.4,1078.9,1078.9,448.0
S501!,25/09/2026,11:12,1078.9,1079.1,1078.7,1078.7,144.0
S501!,25/09/2026,11:13,1078.8,1078.9,1078.7,1078.7,109.0
S501!,25/09/2026,11:14,1078.9,1079.2,1078.7,1078.9,240.0
S501!,25/09/2026,11:15,1079.0,1079.1,1078.9,1079.0,39.0
S501!,25/09/2026,11:16,1078.9,1079.3,1078.9,1079.2,107.0
S501!,25/09/2026,11:17,1079.3,1079.5,1079.2,1079.4,216.0
S501!,25/09/2026,11:18,1079.5,1079.7,1079.4,1079.7,535.0
S501!,25/09/2026,11:19,1079.7,1079.7,1079.5,1079.5,31.0
S501!,25/09/2026,11:20,1079.7,1079.9,1079.5,1079.9,220.0
S501!,25/09/2026,11:21,1079.9,1080.8,1079.8,1080.4,721.0
S501!,25/09/2026,11:22,1080.4,1081.5,1080.4,1081.2,1310.0
S501!,25/09/2026,11:23,1081.2,1081.8,1081.2,1081.4,571.0
S501!,25/09/2026,11:24,1081.4,1081.6,1081.1,1081.3,374.0
S501!,25/09/2026,11:25,1081.4,1081.5,1081.0,1081.0,253.0
S501!,25/09/2026,11:26,1081.0,1081.4,1081.0,1081.3,163.0
S501!,25/09/2026,11:27,1081.3,1081.4,1081.1,1081.1,101.0
S501!,25/09/2026,11:28,1081.2,1081.2,1081.0,1081.2,37.0
S501!,25/09/2026,11:29,1081.1,1081.7,1081.1,1081.4,661.0
S501!,25/09/2026,11:30,1081.4,1081.5,1081.1,1081.5,594.0
S501!,25/09/2026,11:31,1081.5,1081.9,1081.3,1081.8,486.0
S501!,25/09/2026,11:32,1081.8,1082.0,1081.6,1081.7,320.0
S501!,25/09/2026,11:33,1081.7,1081.7,1081.2,1081.2,240.0
S501!,25/09/2026,11:34,1081.3,1081.6,1081.2,1081.6,269.0
S501!,25/09/2026,11:35,1081.7,1082.4,1081.7,1082.3,691.0
S501!,25/09/2026,11:36,1082.4,1082.5,1082.0,1082.0,262.0
S501!,25/09/2026,11:37,1082.0,1082.2,1081.6,1081.8,341.0
S501!,25/09/2026,11:38,1081.9,1081.9,1080.9,1081.0,382.0
S501!,25/09/2026,11:39,1081.1,1081.3,1081.0,1081.1,298.0
S501!,25/09/2026,11:40,1081.2,1081.3,1081.0,1081.0,136.0
S501!,25/09/2026,11:41,1080.9,1081.1,1080.8,1081.0,281.0
S501!,25/09/2026,11:42,1081.0,1081.5,1081.0,1081.4,141.0
S501!,25/09/2026,11:43,1081.5,1081.5,1081.1,1081.1,110.0
S501!,25/09/2026,11:44,1081.1,1081.3,1081.1,1081.2,290.0
S501!,25/09/2026,11:45,1081.1,1081.1,1080.7,1080.7,165.0
S501!,25/09/2026,11:46,1080.7,1080.8,1080.4,1080.6,226.0
S501!,25/09/2026,11:47,1080.6,1080.8,1080.6,1080.8,84.0
S501!,25/09/2026,11:48,1080.8,1080.8,1080.5,1080.5,33.0
S501!,25/09/2026,11:49,1080.5,1080.5,1080.4,1080.4,65.0
S501!,25/09/2026,11:50,1080.3,1080.5,1079.9,1080.4,813.0
S501!,25/09/2026,11:51,1080.4,1080.4,1080.3,1080.3,125.0
S501!,25/09/2026,11:52,1080.3,1080.4,1080.2,1080.2,222.0
S501!,25/09/2026,11:53,1080.3,1080.4,1080.2,1080.4,232.0
S501!,25/09/2026,11:54,1080.4,1080.7,1080.4,1080.7,177.0
S501!,25/09/2026,11:55,1080.5,1080.5,1080.1,1080.2,361.0
S501!,25/09/2026,11:56,1080.2,1080.2,1080.0,1080.0,68.0
S501!,25/09/2026,11:57,1080.0,1080.1,1079.7,1079.9,256.0
S501!,25/09/2026,11:58,1079.8,1079.8,1079.4,1079.6,225.0
S501!,25/09/2026,11:59,1079.6,1079.8,1079.6,1079.6,158.0
S501!,25/09/2026,12:00,1079.7,1080.2,1079.7,1079.9,169.0
S501!,25/09/2026,12:01,1079.9,1080.3,1079.7,1080.0,201.0
S501!,25/09/2026,12:02,1080.0,1080.3,1080.0,1080.2,54.0
S501!,25/09/2026,12:03,1080.2,1080.3,1079.9,1079.9,71.0
S501!,25/09/2026,12:04,1079.9,1080.1,1079.9,1080.0,135.0
S501!,25/09/2026,12:05,1080.0,1080.3,1080.0,1080.2,222.0
S501!,25/09/2026,12:06,1080.2,1080.2,1079.9,1079.9,42.0
S501!,25/09/2026,12:07,1079.8,1080.0,1079.7,1079.7,83.0
S501!,25/09/2026,12:08,1079.8,1079.9,1079.6,1079.9,97.0
S501!,25/09/2026,12:09,1079.8,1080.0,1079.7,1080.0,100.0
S501!,25/09/2026,12:10,1080.0,1080.2,1079.5,1080.0,364.0
S501!,25/09/2026,12:11,1080.0,1080.0,1079.7,1079.8,211.0
S501!,25/09/2026,12:12,1079.8,1079.8,1079.7,1079.7,57.0
S501!,25/09/2026,12:13,1079.7,1079.7,1079.5,1079.7,152.0
S501!,25/09/2026,12:14,1079.7,1079.8,1079.6,1079.6,24.0
S501!,25/09/2026,12:15,1079.7,1079.7,1079.6,1079.7,100.0
S501!,25/09/2026,12:16,1079.8,1079.8,1079.6,1079.7,101.0
S501!,25/09/2026,12:17,1079.7,1079.9,1079.7,1079.8,46.0
S501!,25/09/2026,12:18,1079.8,1079.8,1079.7,1079.8,30.0
S501!,25/09/2026,12:19,1079.8,1079.9,1079.6,1079.9,89.0
S501!,25/09/2026,12:20,1079.9,1080.0,1079.7,1079.7,167.0
S501!,25/09/2026,12:21,1079.6,1079.8,1079.4,1079.5,115.0
S501!,25/09/2026,12:22,1079.6,1079.9,1079.6,1079.7,102.0
S501!,25/09/2026,12:23,1079.7,1079.8,1079.4,1079.4,183.0
S501!,25/09/2026,12:24,1079.3,1079.5,1079.3,1079.4,127.0
S501!,25/09/2026,12:25,1079.3,1079.4,1079.2,1079.3,62.0
S501!,25/09/2026,12:26,1079.3,1079.8,1079.3,1079.8,94.0
S501!,25/09/2026,12:27,1079.8,1079.8,1079.6,1079.7,69.0
S501!,25/09/2026,12:28,1079.6,1079.8,1079.6,1079.6,90.0
S501!,25/09/2026,12:29,1079.6,1079.7,1079.2,1079.2,134.0
S501!,25/09/2026,13:45,1079.8,1080.1,1079.3,1079.7,609.0
S501!,25/09/2026,13:46,1079.6,1080.3,1079.6,1080.3,146.0
S501!,25/09/2026,13:47,1080.3,1080.5,1080.1,1080.5,94.0
S501!,25/09/2026,13:48,1080.4,1080.5,1080.3,1080.5,30.0
S501!,25/09/2026,13:49,1080.4,1080.4,1080.3,1080.4,30.0
S501!,25/09/2026,13:50,1080.4,1080.6,1080.4,1080.5,55.0
S501!,25/09/2026,13:51,1080.5,1080.5,1080.5,1080.5,7.0
S501!,25/09/2026,13:52,1080.4,1080.4,1080.1,1080.1,42.0
S501!,25/09/2026,13:53,1080.1,1080.1,1079.8,1080.1,160.0
S501!,25/09/2026,13:54,1080.0,1080.0,1079.8,1079.8,102.0
S501!,25/09/2026,13:55,1079.7,1079.9,1079.6,1079.9,40.0
S501!,25/09/2026,13:56,1079.8,1079.9,1079.2,1079.8,184.0
S501!,25/09/2026,13:57,1079.9,1080.3,1079.8,1080.1,204.0
S501!,25/09/2026,13:58,1080.1,1080.3,1080.0,1080.3,65.0
S501!,25/09/2026,13:59,1080.2,1080.2,1079.9,1079.9,34.0
S501!,25/09/2026,14:00,1079.9,1080.6,1079.8,1080.5,451.0
S501!,25/09/2026,14:01,1080.5,1080.5,1079.9,1079.9,186.0
S501!,25/09/2026,14:02,1079.9,1080.0,1079.4,1079.4,135.0
S501!,25/09/2026,14:03,1079.4,1079.4,1078.8,1078.9,365.0
S501!,25/09/2026,14:04,1078.8,1079.1,1078.8,1078.9,57.0
S501!,25/09/2026,14:05,1078.9,1078.9,1078.5,1078.8,344.0
S501!,25/09/2026,14:06,1078.8,1078.9,1078.5,1078.8,213.0
S501!,25/09/2026,14:07,1078.8,1078.9,1078.5,1078.6,159.0
S501!,25/09/2026,14:08,1078.5,1078.7,1078.4,1078.5,61.0
S501!,25/09/2026,14:09,1078.5,1078.8,1078.3,1078.8,168.0
S501!,25/09/2026,14:10,1078.8,1078.9,1078.7,1078.8,88.0
S501!,25/09/2026,14:11,1078.8,1078.8,1078.7,1078.8,109.0
S501!,25/09/2026,14:12,1078.7,1078.8,1078.3,1078.3,365.0
S501!,25/09/2026,14:13,1078.3,1078.5,1078.1,1078.1,234.0
S501!,25/09/2026,14:14,1078.1,1078.3,1078.0,1078.0,399.0
S501!,25/09/2026,14:15,1078.1,1078.4,1078.0,1078.2,161.0
S501!,25/09/2026,14:16,1078.2,1078.3,1078.0,1078.1,156.0
S501!,25/09/2026,14:17,1078.1,1078.1,1077.9,1078.0,98.0
S501!,25/09/2026,14:18,1078.0,1078.1,1077.6,1077.6,456.0
S501!,25/09/2026,14:19,1077.6,1077.7,1077.4,1077.5,231.0
S501!,25/09/2026,14:20,1077.5,1077.8,1077.4,1077.5,210.0
S501!,25/09/2026,14:21,1077.5,1077.5,1077.2,1077.3,195.0
S501!,25/09/2026,14:22,1077.4,1077.6,1077.2,1077.5,120.0
S501!,25/09/2026,14:23,1077.5,1077.5,1077.3,1077.3,155.0
S501!,25/09/2026,14:24,1077.3,1077.5,1077.3,1077.4,144.0
S501!,25/09/2026,14:25,1077.4,1077.6,1077.3,1077.3,362.0
S501!,25/09/2026,14:26,1077.3,1077.5,1077.2,1077.4,395.0
S501!,25/09/2026,14:27,1077.5,1077.7,1077.4,1077.7,80.0
S501!,25/09/2026,14:28,1077.8,1078.1,1077.8,1078.1,334.0
S501!,25/09/2026,14:29,1078.1,1078.2,1078.0,1078.1,53.0
S501!,25/09/2026,14:30,1078.1,1078.5,1078.1,1078.4,198.0
S501!,25/09/2026,14:31,1078.4,1078.6,1078.3,1078.3,129.0
S501!,25/09/2026,14:32,1078.4,1078.7,1078.4,1078.6,149.0
S501!,25/09/2026,14:33,1078.5,1078.7,1078.4,1078.6,83.0
S501!,25/09/2026,14:34,1078.5,1078.6,1078.4,1078.5,76.0
S501!,25/09/2026,14:35,1078.5,1078.7,1078.5,1078.7,70.0
S501!,25/09/2026,14:36,1078.6,1078.6,1078.0,1078.1,263.0
S501!,25/09/2026,14:37,1078.2,1078.3,1078.1,1078.3,135.0
S501!,25/09/2026,14:38,1078.2,1078.3,1078.1,1078.1,13.0
S501!,25/09/2026,14:39,1078.3,1078.5,1078.1,1078.5,133.0
S501!,25/09/2026,14:40,1078.4,1078.5,1078.2,1078.5,56.0
S501!,25/09/2026,14:41,1078.4,1078.6,1078.4,1078.6,20.0
S501!,25/09/2026,14:42,1078.7,1078.7,1078.4,1078.5,90.0
S501!,25/09/2026,14:43,1078.5,1078.5,1078.3,1078.3,10.0
S501!,25/09/2026,14:44,1078.3,1078.3,1077.9,1077.9,365.0
S501!,25/09/2026,14:45,1078.0,1078.2,1078.0,1078.1,203.0
S501!,25/09/2026,14:46,1078.0,1078.1,1078.0,1078.0,55.0
S501!,25/09/2026,14:47,1078.1,1078.1,1077.8,1077.8,115.0
S501!,25/09/2026,14:48,1077.8,1077.9,1077.8,1077.9,43.0
S501!,25/09/2026,14:49,1077.9,1077.9,1077.7,1077.8,35.0
S501!,25/09/2026,14:50,1077.9,1077.9,1077.7,1077.8,44.0
S501!,25/09/2026,14:51,1077.8,1077.8,1077.6,1077.7,85.0
S501!,25/09/2026,14:52,1077.7,1077.7,1077.7,1077.7,5.0
S501!,25/09/2026,14:53,1077.6,1077.8,1077.5,1077.7,117.0
S501!,25/09/2026,14:54,1077.7,1077.7,1077.7,1077.7,31.0
S501!,25/09/2026,14:55,1077.8,1078.0,1077.6,1077.6,135.0
S501!,25/09/2026,14:56,1077.8,1077.8,1077.8,1077.8,28.0
S501!,25/09/2026,14:57,1077.8,1078.0,1077.8,1078.0,94.0
S501!,25/09/2026,14:58,1078.1,1078.2,1077.9,1078.2,131.0
S501!,25/09/2026,14:59,1078.1,1078.3,1078.0,1078.0,91.0
S501!,25/09/2026,15:00,1078.0,1078.1,1077.9,1077.9,133.0
S501!,25/09/2026,15:01,1078.0,1078.2,1078.0,1078.1,137.0
S501!,25/09/2026,15:02,1078.1,1078.3,1078.1,1078.2,117.0
S501!,25/09/2026,15:03,1078.2,1078.2,1078.0,1078.1,14.0
S501!,25/09/2026,15:04,1078.1,1078.1,1078.0,1078.0,59.0
S501!,25/09/2026,15:05,1078.0,1078.1,1077.8,1077.9,462.0
S501!,25/09/2026,15:06,1077.9,1078.1,1077.9,1078.0,101.0
S501!,25/09/2026,15:07,1078.1,1078.2,1078.1,1078.2,13.0
S501!,25/09/2026,15:08,1078.2,1078.3,1078.2,1078.3,42.0
S501!,25/09/2026,15:09,1078.3,1078.6,1078.2,1078.4,177.0
S501!,25/09/2026,15:10,1078.4,1078.5,1078.2,1078.5,92.0
S501!,25/09/2026,15:11,1078.3,1078.7,1078.3,1078.7,77.0
S501!,25/09/2026,15:12,1078.7,1078.9,1078.7,1078.9,361.0
S501!,25/09/2026,15:13,1078.9,1079.5,1078.9,1079.3,354.0
S501!,25/09/2026,15:14,1079.4,1079.6,1079.4,1079.5,173.0
S501!,25/09/2026,15:15,1079.6,1079.6,1079.3,1079.3,96.0
S501!,25/09/2026,15:16,1079.3,1079.3,1079.1,1079.1,92.0
S501!,25/09/2026,15:17,1079.2,1079.2,1079.0,1079.0,62.0
S501!,25/09/2026,15:18,1078.9,1078.9,1078.6,1078.6,269.0
S501!,25/09/2026,15:19,1078.6,1078.6,1078.4,1078.4,36.0
S501!,25/09/2026,15:20,1078.5,1078.5,1078.4,1078.5,12.0
S501!,25/09/2026,15:21,1078.5,1078.6,1078.4,1078.6,384.0
S501!,25/09/2026,15:22,1078.4,1078.4,1078.2,1078.4,68.0
S501!,25/09/2026,15:23,1078.4,1078.4,1078.4,1078.4,12.0
S501!,25/09/2026,15:24,1078.4,1078.4,1078.3,1078.3,52.0
S501!,25/09/2026,15:25,1078.4,1078.4,1078.3,1078.4,33.0
S501!,25/09/2026,15:26,1078.4,1078.5,1078.3,1078.4,62.0
S501!,25/09/2026,15:27,1078.4,1078.4,1078.4,1078.4,22.0
S501!,25/09/2026,15:28,1078.5,1078.9,1078.5,1078.8,174.0
S501!,25/09/2026,15:29,1078.9,1079.0,1078.9,1079.0,51.0
S501!,25/09/2026,15:30,1079.1,1079.2,1078.9,1078.9,60.0
S501!,25/09/2026,15:31,1078.9,1079.0,1078.8,1079.0,36.0
S501!,25/09/2026,15:32,1079.0,1079.1,1079.0,1079.1,22.0
S501!,25/09/2026,15:33,1079.0,1079.0,1078.9,1079.0,26.0
S501!,25/09/2026,15:34,1079.1,1079.1,1078.9,1078.9,41.0
S501!,25/09/2026,15:35,1079.0,1079.5,1079.0,1079.3,777.0
S501!,25/09/2026,15:36,1079.3,1079.5,1079.3,1079.3,427.0
S501!,25/09/2026,15:37,1079.2,1079.4,1079.1,1079.4,220.0
S501!,25/09/2026,15:38,1079.3,1079.3,1079.3,1079.3,20.0
S501!,25/09/2026,15:39,1079.3,1079.3,1079.2,1079.2,24.0
S501!,25/09/2026,15:40,1079.3,1079.5,1079.3,1079.4,177.0
S501!,25/09/2026,15:41,1079.4,1079.6,1079.4,1079.6,64.0
S501!,25/09/2026,15:42,1079.6,1079.6,1079.3,1079.5,140.0
S501!,25/09/2026,15:43,1079.5,1079.7,1079.4,1079.5,83.0
S501!,25/09/2026,15:44,1079.6,1079.6,1079.5,1079.5,69.0
S501!,25/09/2026,15:45,1079.5,1079.6,1079.5,1079.5,27.0
S501!,25/09/2026,15:46,1079.5,1079.6,1079.4,1079.5,57.0
S501!,25/09/2026,15:47,1079.4,1079.5,1079.4,1079.5,47.0
S501!,25/09/2026,15:48,1079.4,1079.6,1079.4,1079.5,23.0
S501!,25/09/2026,15:49,1079.5,1079.5,1079.3,1079.4,29.0
S501!,25/09/2026,15:50,1079.3,1079.3,1079.1,1079.1,85.0
S501!,25/09/2026,15:51,1079.0,1079.0,1079.0,1079.0,40.0
S501!,25/09/2026,15:52,1079.0,1079.0,1078.9,1078.9,43.0
S501!,25/09/2026,15:53,1078.9,1078.9,1078.8,1078.9,41.0
S501!,25/09/2026,15:54,1078.8,1078.8,1078.7,1078.7,59.0
S501!,25/09/2026,15:55,1078.7,1078.8,1078.7,1078.7,88.0
S501!,25/09/2026,15:56,1078.6,1078.6,1078.5,1078.5,26.0
S501!,25/09/2026,15:57,1078.6,1078.6,1078.6,1078.6,75.0
S501!,25/09/2026,15:58,1078.6,1078.7,1078.6,1078.7,15.0
S501!,25/09/2026,15:59,1078.7,1078.8,1078.5,1078.5,74.0
S501!,25/09/2026,16:00,1078.6,1078.9,1078.5,1078.9,192.0
S501!,25/09/2026,16:01,1078.9,1079.1,1078.8,1079.0,278.0
S501!,25/09/2026,16:02,1079.1,1079.3,1079.1,1079.2,142.0
S501!,25/09/2026,16:03,1079.1,1079.1,1078.9,1078.9,193.0
S501!,25/09/2026,16:04,1078.9,1079.3,1078.9,1079.3,76.0
S501!,25/09/2026,16:05,1079.3,1079.3,1078.7,1078.8,70.0
S501!,25/09/2026,16:06,1078.8,1079.0,1078.8,1079.0,22.0
S501!,25/09/2026,16:07,1079.0,1079.1,1078.9,1078.9,22.0
S501!,25/09/2026,16:08,1078.8,1078.9,1078.8,1078.9,18.0
S501!,25/09/2026,16:09,1078.9,1078.9,1078.7,1078.7,72.0
S501!,25/09/2026,16:10,1078.7,1078.7,1078.5,1078.5,147.0
S501!,25/09/2026,16:11,1078.4,1078.6,1078.2,1078.2,217.0
S501!,25/09/2026,16:12,1078.2,1078.4,1078.1,1078.2,255.0
S501!,25/09/2026,16:13,1078.2,1078.4,1078.1,1078.2,190.0
S501!,25/09/2026,16:14,1078.2,1078.3,1078.0,1078.1,151.0
S501!,25/09/2026,16:15,1078.1,1078.5,1078.0,1078.3,82.0
S501!,25/09/2026,16:16,1078.3,1078.4,1078.1,1078.3,171.0
S501!,25/09/2026,16:17,1078.4,1078.4,1078.2,1078.2,79.0
S501!,25/09/2026,16:18,1078.2,1078.3,1078.1,1078.3,242.0
S501!,25/09/2026,16:19,1078.2,1078.5,1078.1,1078.1,121.0
S501!,25/09/2026,16:20,1078.1,1078.3,1078.1,1078.2,105.0
S501!,25/09/2026,16:21,1078.3,1078.5,1078.1,1078.2,88.0
S501!,25/09/2026,16:22,1078.2,1078.7,1078.2,1078.7,128.0
S501!,25/09/2026,16:23,1078.6,1078.7,1078.5,1078.7,53.0
S501!,25/09/2026,16:24,1078.7,1078.9,1078.5,1078.7,162.0
S501!,25/09/2026,16:25,1078.6,1078.8,1078.5,1078.8,144.0
S501!,25/09/2026,16:26,1078.8,1078.8,1078.6,1078.8,158.0
S501!,25/09/2026,16:27,1078.7,1078.9,1078.3,1078.6,224.0
S501!,25/09/2026,16:28,1078.6,1078.8,1078.5,1078.6,103.0
S501!,25/09/2026,16:29,1078.6,1078.9,1078.6,1078.6,119.0
S501!,25/09/2026,16:30,1078.8,1078.8,1078.2,1078.3,115.0
S501!,25/09/2026,16:31,1078.3,1078.3,1078.3,1078.3,55.0
S501!,25/09/2026,16:32,1078.2,1078.6,1078.2,1078.6,113.0
S501!,25/09/2026,16:33,1078.6,1078.7,1078.6,1078.6,64.0
S501!,25/09/2026,16:34,1078.6,1078.8,1078.5,1078.8,113.0
S501!,25/09/2026,16:35,1078.6,1078.6,1078.1,1078.3,274.0
S501!,25/09/2026,16:36,1078.3,1078.5,1078.2,1078.5,247.0
S501!,25/09/2026,16:37,1078.5,1078.5,1078.1,1078.1,155.0
S501!,25/09/2026,16:38,1078.0,1078.1,1077.9,1078.0,249.0
S501!,25/09/2026,16:39,1078.0,1078.3,1077.9,1078.2,187.0
S501!,25/09/2026,16:40,1078.2,1078.3,1078.1,1078.3,114.0
S501!,25/09/2026,16:41,1078.3,1078.5,1078.2,1078.5,133.0
S501!,25/09/2026,16:42,1078.5,1078.6,1078.4,1078.5,134.0
S501!,25/09/2026,16:43,1078.5,1078.5,1078.1,1078.1,68.0
S501!,25/09/2026,16:44,1078.3,1078.3,1078.2,1078.2,35.0
S501!,25/09/2026,16:45,1078.3,1078.3,1078.1,1078.1,52.0
S501!,25/09/2026,16:46,1078.1,1078.3,1078.1,1078.2,57.0
S501!,25/09/2026,16:47,1078.1,1078.3,1078.1,1078.1,61.0
S501!,25/09/2026,16:48,1078.2,1078.2,1078.0,1078.2,178.0
S501!,25/09/2026,16:49,1078.1,1078.2,1077.9,1078.0,270.0
S501!,25/09/2026,16:50,1078.0,1078.2,1077.9,1078.2,130.0
S501!,25/09/2026,16:51,1078.2,1078.2,1077.9,1078.2,168.0
S501!,25/09/2026,16:52,1077.9,1078.1,1077.8,1078.0,248.0
S501!,25/09/2026,16:53,1078.0,1078.1,1077.9,1078.1,159.0
S501!,25/09/2026,16:54,1078.0,1078.2,1078.0,1078.2,201.0
S501!,28/09/2026,09:45,1074.4,1074.8,1073.7,1074.2,1527.0
S501!,28/09/2026,09:46,1074.2,1074.4,1072.6,1073.0,1015.0
S501!,28/09/2026,09:47,1073.0,1073.1,1071.9,1072.1,1143.0
S501!,28/09/2026,09:48,1072.0,1072.1,1071.3,1071.8,425.0
S501!,28/09/2026,09:49,1071.7,1071.9,1071.4,1071.9,368.0
S501!,28/09/2026,09:50,1071.8,1072.7,1071.7,1072.7,236.0
S501!,28/09/2026,09:51,1072.7,1073.0,1072.6,1072.6,141.0
S501!,28/09/2026,09:52,1072.8,1073.6,1072.6,1073.6,264.0
S501!,28/09/2026,09:53,1073.6,1074.1,1073.5,1074.0,184.0
S501!,28/09/2026,09:54,1074.0,1074.3,1073.9,1074.2,292.0
S501!,28/09/2026,09:55,1074.2,1074.3,1073.8,1073.8,391.0
S501!,28/09/2026,09:56,1073.7,1074.0,1073.3,1073.9,587.0
S501!,28/09/2026,09:57,1074.0,1074.4,1074.0,1074.3,217.0
S501!,28/09/2026,09:58,1074.2,1074.3,1073.8,1074.3,342.0
S501!,28/09/2026,09:59,1074.3,1075.1,1074.2,1075.1,381.0
S501!,28/09/2026,10:00,1075.1,1075.4,1074.4,1074.5,830.0
S501!,28/09/2026,10:01,1074.6,1074.6,1073.4,1074.0,909.0
S501!,28/09/2026,10:02,1074.2,1074.3,1073.8,1074.1,370.0
S501!,28/09/2026,10:03,1074.0,1074.3,1073.8,1073.9,167.0
S501!,28/09/2026,10:04,1073.9,1074.0,1073.3,1073.7,342.0
S501!,28/09/2026,10:05,1073.6,1073.6,1072.5,1072.5,505.0
S501!,28/09/2026,10:06,1072.5,1073.2,1072.4,1073.2,272.0
S501!,28/09/2026,10:07,1073.2,1073.2,1072.9,1072.9,173.0
S501!,28/09/2026,10:08,1073.0,1074.3,1073.0,1074.3,407.0
S501!,28/09/2026,10:09,1074.3,1074.8,1073.9,1074.2,329.0
S501!,28/09/2026,10:10,1074.4,1075.0,1074.3,1075.0,385.0
S501!,28/09/2026,10:11,1075.0,1075.0,1074.5,1074.9,307.0
S501!,28/09/2026,10:12,1074.9,1075.0,1074.3,1074.3,200.0
S501!,28/09/2026,10:13,1074.4,1074.5,1074.1,1074.2,70.0
S501!,28/09/2026,10:14,1074.2,1074.3,1074.2,1074.2,85.0
S501!,28/09/2026,10:15,1074.2,1074.6,1074.0,1074.5,207.0
S501!,28/09/2026,10:16,1074.3,1075.1,1074.3,1075.1,308.0
S501!,28/09/2026,10:17,1075.1,1075.2,1074.7,1075.0,214.0
S501!,28/09/2026,10:18,1075.0,1075.3,1075.0,1075.3,148.0
S501!,28/09/2026,10:19,1075.4,1075.7,1075.2,1075.3,270.0
S501!,28/09/2026,10:20,1075.2,1075.2,1074.9,1074.9,300.0
S501!,28/09/2026,10:21,1074.9,1074.9,1074.8,1074.8,56.0
S501!,28/09/2026,10:22,1074.9,1075.0,1074.5,1074.5,159.0
S501!,28/09/2026,10:23,1074.4,1074.5,1074.1,1074.5,79.0
S501!,28/09/2026,10:24,1074.5,1074.8,1074.5,1074.7,63.0
S501!,28/09/2026,10:25,1074.7,1074.9,1074.7,1074.8,38.0
S501!,28/09/2026,10:26,1074.7,1074.7,1074.4,1074.4,38.0
S501!,28/09/2026,10:27,1074.3,1074.3,1073.8,1074.1,103.0
S501!,28/09/2026,10:28,1074.1,1074.5,1074.1,1074.5,99.0
S501!,28/09/2026,10:29,1074.5,1074.6,1074.2,1074.2,259.0
S501!,28/09/2026,10:30,1074.1,1074.1,1073.1,1073.1,304.0
S501!,28/09/2026,10:31,1073.1,1073.2,1072.6,1072.7,238.0
S501!,28/09/2026,10:32,1072.7,1073.7,1072.7,1073.3,473.0
S501!,28/09/2026,10:33,1073.2,1073.3,1073.0,1073.3,74.0
S501!,28/09/2026,10:34,1073.3,1073.3,1073.1,1073.2,90.0
S501!,28/09/2026,10:35,1073.2,1073.2,1073.0,1073.0,65.0
S501!,28/09/2026,10:36,1073.1,1073.4,1073.0,1073.4,106.0
S501!,28/09/2026,10:37,1073.3,1073.6,1073.3,1073.4,117.0
S501!,28/09/2026,10:38,1073.3,1073.4,1073.1,1073.2,94.0
S501!,28/09/2026,10:39,1073.1,1073.4,1073.0,1073.4,79.0
S501!,28/09/2026,10:40,1073.2,1073.2,1072.9,1072.9,39.0
S501!,28/09/2026,10:41,1073.0,1073.0,1072.6,1072.8,112.0
S501!,28/09/2026,10:42,1072.8,1072.8,1072.6,1072.6,34.0
S501!,28/09/2026,10:43,1072.6,1072.8,1072.4,1072.5,227.0
S501!,28/09/2026,10:44,1072.4,1072.4,1072.1,1072.1,257.0
S501!,28/09/2026,10:45,1072.1,1072.1,1071.5,1071.6,684.0
S501!,28/09/2026,10:46,1071.6,1071.7,1071.5,1071.7,175.0
S501!,28/09/2026,10:47,1071.7,1072.2,1071.7,1071.9,181.0
S501!,28/09/2026,10:48,1071.9,1072.1,1071.8,1072.1,29.0
S501!,28/09/2026,10:49,1072.1,1072.1,1071.9,1072.1,43.0
S501!,28/09/2026,10:50,1072.1,1072.7,1072.1,1072.6,175.0
S501!,28/09/2026,10:51,1072.6,1072.6,1072.0,1072.4,175.0
S501!,28/09/2026,10:52,1072.3,1072.4,1072.1,1072.3,77.0
S501!,28/09/2026,10:53,1072.2,1072.4,1072.1,1072.2,68.0
S501!,28/09/2026,10:54,1072.2,1072.6,1072.2,1072.6,61.0
S501!,28/09/2026,10:55,1072.7,1072.9,1072.4,1072.4,142.0
S501!,28/09/2026,10:56,1072.4,1072.5,1072.2,1072.4,75.0
S501!,28/09/2026,10:57,1072.6,1072.7,1072.4,1072.5,58.0
S501!,28/09/2026,10:58,1072.5,1072.8,1072.4,1072.6,178.0
S501!,28/09/2026,10:59,1072.6,1072.6,1072.2,1072.2,119.0
S501!,28/09/2026,11:00,1072.2,1072.2,1071.6,1071.7,458.0
S501!,28/09/2026,11:01,1071.6,1071.6,1071.5,1071.6,265.0
S501!,28/09/2026,11:02,1071.6,1071.7,1071.5,1071.5,100.0
S501!,28/09/2026,11:03,1071.7,1071.8,1071.6,1071.8,74.0
S501!,28/09/2026,11:04,1071.8,1072.0,1071.8,1071.8,95.0
S501!,28/09/2026,11:05,1071.8,1072.1,1071.8,1071.9,129.0
S501!,28/09/2026,11:06,1071.9,1072.3,1071.9,1072.2,265.0
S501!,28/09/2026,11:07,1072.1,1072.7,1072.0,1072.6,278.0
S501!,28/09/2026,11:08,1072.5,1072.5,1072.1,1072.5,109.0
S501!,28/09/2026,11:09,1072.4,1072.7,1072.4,1072.7,59.0
S501!,28/09/2026,11:10,1072.5,1072.8,1072.4,1072.4,117.0
S501!,28/09/2026,11:11,1072.4,1072.6,1072.3,1072.5,53.0
S501!,28/09/2026,11:12,1072.4,1072.5,1072.3,1072.5,26.0
S501!,28/09/2026,11:13,1072.5,1072.5,1072.2,1072.2,73.0
S501!,28/09/2026,11:14,1072.4,1072.7,1072.4,1072.7,76.0
S501!,28/09/2026,11:15,1072.4,1072.7,1072.4,1072.6,193.0
S501!,28/09/2026,11:16,1072.5,1072.6,1072.4,1072.4,89.0
S501!,28/09/2026,11:17,1072.4,1072.8,1072.4,1072.7,149.0
S501!,28/09/2026,11:18,1072.5,1072.6,1072.3,1072.4,65.0
S501!,28/09/2026,11:19,1072.6,1072.8,1072.4,1072.5,84.0
S501!,28/09/2026,11:20,1072.6,1072.6,1072.1,1072.2,119.0
S501!,28/09/2026,11:21,1072.3,1072.3,1072.1,1072.2,69.0
S501!,28/09/2026,11:22,1072.3,1072.4,1072.1,1072.3,98.0
S501!,28/09/2026,11:23,1072.2,1072.5,1072.1,1072.1,111.0
S501!,28/09/2026,11:24,1072.3,1072.5,1072.2,1072.5,118.0
S501!,28/09/2026,11:25,1072.3,1072.4,1072.0,1072.0,41.0
S501!,28/09/2026,11:26,1072.2,1072.3,1072.1,1072.2,23.0
S501!,28/09/2026,11:27,1072.2,1072.4,1072.2,1072.3,21.0
S501!,28/09/2026,11:28,1072.3,1072.5,1072.3,1072.5,22.0
S501!,28/09/2026,11:29,1072.6,1072.8,1072.6,1072.6,87.0
S501!,28/09/2026,11:30,1072.5,1072.7,1072.2,1072.2,25.0
S501!,28/09/2026,11:31,1072.2,1072.2,1072.0,1072.0,64.0
S501!,28/09/2026,11:32,1072.0,1072.2,1072.0,1072.0,80.0
S501!,28/09/2026,11:33,1072.2,1072.3,1072.1,1072.3,20.0
S501!,28/09/2026,11:34,1072.3,1072.5,1072.2,1072.5,50.0
S501!,28/09/2026,11:35,1072.4,1072.5,1072.2,1072.2,72.0
S501!,28/09/2026,11:36,1072.2,1072.5,1072.2,1072.5,4.0
S501!,28/09/2026,11:37,1072.4,1072.4,1072.4,1072.4,21.0
S501!,28/09/2026,11:38,1072.4,1072.5,1072.4,1072.4,67.0
S501!,28/09/2026,11:39,1072.4,1072.4,1072.4,1072.4,12.0
S501!,28/09/2026,11:40,1072.4,1072.4,1072.1,1072.1,128.0
S501!,28/09/2026,11:41,1072.2,1072.4,1072.1,1072.4,78.0
S501!,28/09/2026,11:42,1072.2,1072.4,1071.9,1072.0,167.0
S501!,28/09/2026,11:43,1071.9,1072.5,1071.9,1072.3,134.0
S501!,28/09/2026,11:44,1072.4,1072.6,1072.4,1072.4,128.0
S501!,28/09/2026,11:45,1072.7,1072.7,1072.4,1072.4,276.0
S501!,28/09/2026,11:46,1072.4,1072.6,1072.4,1072.6,26.0
S501!,28/09/2026,11:47,1072.5,1072.6,1072.4,1072.5,125.0
S501!,28/09/2026,11:48,1072.5,1072.6,1072.5,1072.6,84.0
S501!,28/09/2026,11:49,1072.6,1072.6,1072.5,1072.5,15.0
S501!,28/09/2026,11:50,1072.5,1072.6,1072.5,1072.6,4.0
S501!,28/09/2026,11:51,1072.6,1072.7,1072.5,1072.5,131.0
S501!,28/09/2026,11:52,1072.5,1072.7,1072.5,1072.7,33.0
S501!,28/09/2026,11:53,1072.6,1072.6,1072.6,1072.6,20.0
S501!,28/09/2026,11:54,1072.7,1072.9,1072.7,1072.8,63.0
S501!,28/09/2026,11:55,1072.8,1072.9,1072.8,1072.8,23.0
S501!,28/09/2026,11:56,1072.7,1072.7,1072.3,1072.3,408.0
S501!,28/09/2026,11:57,1072.3,1072.3,1072.0,1072.0,411.0
S501!,28/09/2026,11:58,1072.0,1072.1,1071.8,1072.1,120.0
S501!,28/09/2026,11:59,1072.0,1072.3,1072.0,1072.0,99.0
S501!,28/09/2026,12:00,1072.1,1072.5,1072.0,1072.2,64.0
S501!,28/09/2026,12:01,1072.3,1072.3,1072.3,1072.3,8.0
S501!,28/09/2026,12:02,1072.4,1072.5,1072.4,1072.4,10.0
S501!,28/09/2026,12:03,1072.4,1072.4,1071.9,1072.0,78.0
S501!,28/09/2026,12:04,1072.0,1072.0,1072.0,1072.0,16.0
S501!,28/09/2026,12:05,1072.0,1072.0,1071.8,1071.8,51.0
S501!,28/09/2026,12:06,1071.8,1071.9,1071.5,1071.5,330.0
S501!,28/09/2026,12:07,1071.6,1071.9,1071.5,1071.9,11.0
S501!,28/09/2026,12:08,1071.8,1071.9,1071.7,1071.9,57.0
S501!,28/09/2026,12:09,1072.0,1072.0,1071.7,1072.0,174.0
S501!,28/09/2026,12:10,1071.8,1071.9,1071.8,1071.9,6.0
S501!,28/09/2026,12:11,1071.9,1072.0,1071.8,1071.9,25.0
S501!,28/09/2026,12:12,1072.0,1072.1,1071.9,1071.9,116.0
S501!,28/09/2026,12:13,1072.0,1072.0,1071.8,1071.9,28.0
S501!,28/09/2026,12:14,1071.9,1072.1,1071.8,1072.1,22.0
S501!,28/09/2026,12:15,1072.1,1072.2,1072.0,1072.2,98.0
S501!,28/09/2026,12:16,1072.0,1072.4,1071.8,1072.4,139.0
S501!,28/09/2026,12:17,1072.4,1072.4,1072.3,1072.3,13.0
S501!,28/09/2026,12:18,1072.3,1072.3,1072.0,1072.0,22.0
S501!,28/09/2026,12:19,1071.9,1071.9,1071.7,1071.8,87.0
S501!,28/09/2026,12:20,1071.9,1071.9,1071.7,1071.8,18.0
S501!,28/09/2026,12:21,1071.8,1072.1,1071.7,1071.9,98.0
S501!,28/09/2026,12:22,1071.7,1072.1,1071.6,1071.7,139.0
S501!,28/09/2026,12:23,1071.7,1071.9,1071.7,1071.9,30.0
S501!,28/09/2026,12:24,1071.8,1072.0,1071.7,1071.7,33.0
S501!,28/09/2026,12:25,1071.9,1071.9,1071.7,1071.9,82.0
S501!,28/09/2026,12:26,1072.0,1072.0,1071.7,1071.7,20.0
S501!,28/09/2026,12:27,1071.9,1072.1,1071.9,1072.0,13.0
S501!,28/09/2026,12:28,1071.9,1072.0,1071.7,1071.8,143.0
S501!,28/09/2026,12:29,1071.8,1071.9,1071.8,1071.8,131.0
S501!,28/09/2026,13:45,1071.7,1071.9,1071.3,1071.3,471.0
S501!,28/09/2026,13:46,1071.4,1072.3,1071.4,1071.7,87.0
S501!,28/09/2026,13:47,1071.6,1071.6,1071.4,1071.6,66.0
S501!,28/09/2026,13:48,1071.5,1071.5,1071.4,1071.4,29.0
S501!,28/09/2026,13:49,1071.3,1071.3,1071.2,1071.2,101.0
S501!,28/09/2026,13:50,1071.2,1071.2,1071.1,1071.1,82.0
S501!,28/09/2026,13:51,1071.2,1072.8,1071.2,1071.4,574.0
S501!,28/09/2026,13:52,1071.2,1071.2,1071.1,1071.2,93.0
S501!,28/09/2026,13:53,1071.1,1071.1,1070.7,1070.9,299.0
S501!,28/09/2026,13:54,1070.9,1071.1,1070.9,1071.1,37.0
S501!,28/09/2026,13:55,1071.0,1071.0,1070.8,1071.0,106.0
S501!,28/09/2026,13:56,1071.1,1071.2,1071.1,1071.1,22.0
S501!,28/09/2026,13:57,1071.2,1071.2,1071.1,1071.1,28.0
S501!,28/09/2026,13:58,1071.1,1071.2,1071.0,1071.2,30.0
S501!,28/09/2026,13:59,1071.3,1071.6,1071.3,1071.5,67.0
S501!,28/09/2026,14:00,1071.3,1071.9,1071.3,1071.5,238.0
S501!,28/09/2026,14:01,1071.4,1071.7,1071.2,1071.6,155.0
S501!,28/09/2026,14:02,1071.3,1071.3,1071.0,1071.2,105.0
S501!,28/09/2026,14:03,1071.1,1071.1,1070.9,1070.9,166.0
S501!,28/09/2026,14:04,1070.9,1071.0,1070.7,1071.0,69.0
S501!,28/09/2026,14:05,1071.1,1071.1,1070.9,1070.9,14.0
S501!,28/09/2026,14:06,1071.0,1071.3,1070.9,1071.0,27.0
S501!,28/09/2026,14:07,1071.1,1071.1,1070.9,1071.0,33.0
S501!,28/09/2026,14:08,1070.9,1070.9,1070.7,1070.7,70.0
S501!,28/09/2026,14:09,1071.0,1071.2,1071.0,1071.2,39.0
S501!,28/09/2026,14:10,1071.1,1071.5,1071.1,1071.4,171.0
S501!,28/09/2026,14:11,1071.4,1071.5,1071.4,1071.5,54.0
S501!,28/09/2026,14:12,1071.5,1071.6,1071.3,1071.6,75.0
S501!,28/09/2026,14:13,1071.6,1071.9,1071.5,1071.8,59.0
S501!,28/09/2026,14:14,1071.6,1071.7,1071.2,1071.4,96.0
S501!,28/09/2026,14:15,1071.3,1071.4,1071.2,1071.4,28.0
S501!,28/09/2026,14:16,1071.5,1071.5,1071.4,1071.4,35.0
S501!,28/09/2026,14:17,1071.5,1071.8,1071.3,1071.8,215.0
S501!,28/09/2026,14:18,1071.7,1072.0,1071.6,1071.8,289.0
S501!,28/09/2026,14:19,1071.9,1072.1,1071.9,1072.0,118.0
S501!,28/09/2026,14:20,1072.0,1072.2,1072.0,1072.2,55.0
S501!,28/09/2026,14:21,1072.1,1072.3,1071.9,1072.0,119.0
S501!,28/09/2026,14:22,1072.0,1072.2,1072.0,1072.0,19.0
S501!,28/09/2026,14:23,1071.9,1072.2,1071.9,1072.1,25.0
S501!,28/09/2026,14:24,1072.1,1072.7,1072.0,1072.7,143.0
S501!,28/09/2026,14:25,1072.7,1072.7,1072.5,1072.7,72.0
S501!,28/09/2026,14:26,1072.7,1072.8,1072.4,1072.6,131.0
S501!,28/09/2026,14:27,1072.4,1072.5,1072.3,1072.3,72.0
S501!,28/09/2026,14:28,1072.4,1072.5,1072.2,1072.2,26.0
S501!,28/09/2026,14:29,1072.2,1072.5,1072.2,1072.4,11.0
S501!,28/09/2026,14:30,1072.5,1072.6,1072.4,1072.4,26.0
S501!,28/09/2026,14:31,1072.2,1072.5,1072.2,1072.4,35.0
S501!,28/09/2026,14:32,1072.4,1072.6,1072.3,1072.6,55.0
S501!,28/09/2026,14:33,1072.7,1072.8,1072.5,1072.7,194.0
S501!,28/09/2026,14:34,1072.8,1072.9,1072.8,1072.9,242.0
S501!,28/09/2026,14:35,1073.0,1073.0,1072.9,1073.0,180.0
S501!,28/09/2026,14:36,1073.0,1073.2,1073.0,1073.1,50.0
S501!,28/09/2026,14:37,1073.1,1073.3,1072.9,1073.0,193.0
S501!,28/09/2026,14:38,1073.1,1073.3,1073.0,1073.2,292.0
S501!,28/09/2026,14:39,1073.2,1073.4,1073.0,1073.3,68.0
S501!,28/09/2026,14:40,1073.1,1073.3,1073.0,1073.3,34.0
S501!,28/09/2026,14:41,1073.3,1073.8,1073.3,1073.8,313.0
S501!,28/09/2026,14:42,1073.8,1074.4,1073.8,1074.3,633.0
S501!,28/09/2026,14:43,1074.2,1074.3,1073.9,1073.9,159.0
S501!,28/09/2026,14:44,1073.8,1073.8,1073.3,1073.5,260.0
S501!,28/09/2026,14:45,1073.4,1073.5,1073.2,1073.5,36.0
S501!,28/09/2026,14:46,1073.5,1073.9,1073.5,1073.9,61.0
S501!,28/09/2026,14:47,1073.5,1073.9,1073.5,1073.8,143.0
S501!,28/09/2026,14:48,1073.6,1073.9,1073.6,1073.7,43.0
S501!,28/09/2026,14:49,1073.8,1073.8,1073.8,1073.8,6.0
S501!,28/09/2026,14:50,1073.8,1073.9,1073.7,1073.8,17.0
S501!,28/09/2026,14:51,1073.8,1073.8,1073.5,1073.6,33.0
S501!,28/09/2026,14:52,1073.5,1073.8,1073.5,1073.6,135.0
S501!,28/09/2026,14:53,1073.7,1073.8,1073.7,1073.8,27.0
S501!,28/09/2026,14:54,1073.8,1074.0,1073.8,1074.0,135.0
S501!,28/09/2026,14:55,1074.0,1074.3,1073.9,1074.3,110.0
S501!,28/09/2026,14:56,1074.3,1074.4,1074.2,1074.3,87.0
S501!,28/09/2026,14:57,1074.4,1074.5,1073.8,1073.9,131.0
S501!,28/09/2026,14:58,1073.8,1074.3,1073.8,1074.1,16.0
S501!,28/09/2026,14:59,1074.3,1074.3,1073.9,1073.9,101.0
S501!,28/09/2026,15:00,1073.8,1074.0,1073.7,1074.0,25.0
S501!,28/09/2026,15:01,1074.0,1074.3,1073.9,1074.3,82.0
S501!,28/09/2026,15:02,1074.3,1074.4,1074.0,1074.0,43.0
S501!,28/09/2026,15:03,1074.2,1074.2,1074.2,1074.2,14.0
S501!,28/09/2026,15:04,1074.1,1074.5,1074.1,1074.3,137.0
S501!,28/09/2026,15:05,1074.3,1074.4,1073.9,1073.9,77.0
S501!,28/09/2026,15:06,1073.8,1073.8,1073.5,1073.5,43.0
S501!,28/09/2026,15:07,1073.6,1073.9,1073.6,1073.8,50.0
S501!,28/09/2026,15:08,1073.9,1074.1,1073.9,1074.1,105.0
S501!,28/09/2026,15:09,1074.0,1074.0,1074.0,1074.0,14.0
S501!,28/09/2026,15:10,1074.0,1074.1,1073.9,1074.1,10.0
S501!,28/09/2026,15:11,1074.0,1074.1,1074.0,1074.0,34.0
S501!,28/09/2026,15:12,1073.9,1074.1,1073.9,1074.1,13.0
S501!,28/09/2026,15:13,1074.1,1074.1,1074.0,1074.1,17.0
S501!,28/09/2026,15:14,1074.2,1074.3,1074.2,1074.3,29.0
S501!,28/09/2026,15:15,1074.3,1074.5,1074.3,1074.4,19.0
S501!,28/09/2026,15:16,1074.4,1074.5,1074.3,1074.5,10.0
S501!,28/09/2026,15:17,1074.5,1074.5,1074.3,1074.4,73.0
S501!,28/09/2026,15:18,1074.4,1074.4,1074.2,1074.3,30.0
S501!,28/09/2026,15:19,1074.2,1074.2,1074.0,1074.0,28.0
S501!,28/09/2026,15:20,1074.0,1074.1,1074.0,1074.1,19.0
S501!,28/09/2026,15:21,1074.2,1074.3,1074.1,1074.1,40.0
S501!,28/09/2026,15:22,1074.0,1074.2,1074.0,1074.2,33.0
S501!,28/09/2026,15:23,1074.1,1074.2,1074.0,1074.0,13.0
S501!,28/09/2026,15:24,1074.0,1074.1,1073.7,1073.9,311.0
S501!,28/09/2026,15:25,1073.8,1074.0,1073.8,1074.0,10.0
S501!,28/09/2026,15:26,1073.9,1074.2,1073.8,1074.2,82.0
S501!,28/09/2026,15:27,1074.1,1074.3,1074.1,1074.2,31.0
S501!,28/09/2026,15:28,1074.1,1074.3,1074.1,1074.3,31.0
S501!,28/09/2026,15:29,1074.3,1074.4,1074.3,1074.3,56.0
S501!,28/09/2026,15:30,1074.4,1074.8,1074.4,1074.8,168.0
S501!,28/09/2026,15:31,1074.7,1074.8,1074.6,1074.6,6.0
S501!,28/09/2026,15:32,1074.4,1074.4,1074.1,1074.1,44.0
S501!,28/09/2026,15:33,1074.2,1074.3,1074.1,1074.1,34.0
S501!,28/09/2026,15:34,1074.0,1074.1,1073.9,1074.0,212.0
S501!,28/09/2026,15:35,1073.9,1073.9,1073.6,1073.6,63.0
S501!,28/09/2026,15:36,1073.7,1073.9,1073.7,1073.7,28.0
S501!,28/09/2026,15:37,1073.9,1073.9,1073.8,1073.8,14.0
S501!,28/09/2026,15:38,1073.7,1073.7,1073.7,1073.7,21.0
S501!,28/09/2026,15:39,1073.8,1073.8,1073.2,1073.4,190.0
S501!,28/09/2026,15:40,1073.5,1073.7,1073.5,1073.7,86.0
S501!,28/09/2026,15:41,1073.8,1074.1,1073.7,1074.1,199.0
S501!,28/09/2026,15:42,1074.1,1074.1,1073.8,1073.8,170.0
S501!,28/09/2026,15:43,1073.8,1073.8,1073.5,1073.5,85.0
S501!,28/09/2026,15:44,1073.4,1073.8,1073.4,1073.8,56.0
S501!,28/09/2026,15:45,1073.7,1073.8,1073.6,1073.6,96.0
S501!,28/09/2026,15:46,1073.5,1073.7,1073.4,1073.7,67.0
S501!,28/09/2026,15:47,1073.7,1073.8,1073.6,1073.6,19.0
S501!,28/09/2026,15:48,1073.7,1073.9,1073.7,1073.9,50.0
S501!,28/09/2026,15:49,1073.9,1074.1,1073.9,1074.1,73.0
S501!,28/09/2026,15:50,1074.1,1074.3,1073.9,1074.3,32.0
S501!,28/09/2026,15:51,1074.2,1074.3,1073.9,1074.2,124.0
S501!,28/09/2026,15:52,1074.2,1074.2,1074.0,1074.0,24.0
S501!,28/09/2026,15:53,1074.2,1074.2,1074.0,1074.2,44.0
S501!,28/09/2026,15:54,1074.3,1074.3,1074.3,1074.3,4.0
S501!,28/09/2026,15:55,1074.2,1074.3,1073.9,1074.1,141.0
S501!,28/09/2026,15:56,1074.1,1074.2,1073.9,1073.9,35.0
S501!,28/09/2026,15:57,1074.0,1074.2,1074.0,1074.0,22.0
S501!,28/09/2026,15:58,1074.0,1074.4,1074.0,1074.4,146.0
S501!,28/09/2026,15:59,1074.2,1074.3,1074.2,1074.3,16.0
S501!,28/09/2026,16:00,1074.1,1074.5,1074.1,1074.4,186.0
S501!,28/09/2026,16:01,1074.4,1074.5,1074.4,1074.5,44.0
S501!,28/09/2026,16:02,1074.4,1074.4,1074.0,1074.0,45.0
S501!,28/09/2026,16:03,1074.0,1074.0,1073.9,1074.0,67.0
S501!,28/09/2026,16:04,1074.1,1074.4,1074.0,1074.2,139.0
S501!,28/09/2026,16:05,1074.3,1074.5,1074.3,1074.5,76.0
S501!,28/09/2026,16:06,1074.5,1074.6,1074.5,1074.6,29.0
S501!,28/09/2026,16:07,1074.6,1074.6,1074.5,1074.5,16.0
S501!,28/09/2026,16:08,1074.5,1074.6,1074.2,1074.2,36.0
S501!,28/09/2026,16:09,1074.0,1074.4,1074.0,1074.3,60.0
S501!,28/09/2026,16:10,1074.1,1074.2,1073.8,1073.8,106.0
S501!,28/09/2026,16:11,1073.8,1073.8,1073.4,1073.4,246.0
S501!,28/09/2026,16:12,1073.4,1073.9,1073.3,1073.7,142.0
S501!,28/09/2026,16:13,1073.9,1073.9,1073.8,1073.9,26.0
S501!,28/09/2026,16:14,1073.7,1073.9,1073.5,1073.8,115.0
S501!,28/09/2026,16:15,1073.6,1073.7,1073.3,1073.3,90.0
S501!,28/09/2026,16:16,1073.3,1073.6,1073.2,1073.4,315.0
S501!,28/09/2026,16:17,1073.4,1073.6,1073.1,1073.6,178.0
S501!,28/09/2026,16:18,1073.6,1073.9,1073.6,1073.8,117.0
S501!,28/09/2026,16:19,1073.8,1074.3,1073.8,1074.0,344.0
S501!,28/09/2026,16:20,1074.0,1074.1,1073.9,1073.9,125.0
S501!,28/09/2026,16:21,1074.0,1074.2,1074.0,1074.2,116.0
S501!,28/09/2026,16:22,1074.2,1074.2,1073.6,1074.1,252.0
S501!,28/09/2026,16:23,1074.0,1074.1,1073.9,1073.9,71.0
S501!,28/09/2026,16:24,1074.0,1074.1,1073.8,1074.1,97.0
S501!,28/09/2026,16:25,1074.0,1074.2,1073.9,1074.1,88.0
S501!,28/09/2026,16:26,1074.0,1074.1,1073.9,1074.0,37.0
S501!,28/09/2026,16:27,1074.0,1074.2,1073.9,1073.9,94.0
S501!,28/09/2026,16:28,1074.1,1074.2,1073.7,1073.8,73.0
S501!,28/09/2026,16:29,1073.7,1074.1,1073.7,1073.8,66.0
S501!,28/09/2026,16:30,1074.0,1074.1,1073.7,1074.0,59.0
S501!,28/09/2026,16:31,1074.0,1074.1,1073.9,1074.0,68.0
S501!,28/09/2026,16:32,1073.8,1073.9,1073.6,1073.9,45.0
S501!,28/09/2026,16:33,1074.0,1074.0,1074.0,1074.0,20.0
S501!,28/09/2026,16:34,1074.1,1074.1,1074.0,1074.0,79.0
S501!,28/09/2026,16:35,1074.1,1074.3,1074.0,1074.0,225.0
S501!,28/09/2026,16:36,1074.0,1074.0,1073.8,1073.8,187.0
S501!,28/09/2026,16:37,1073.9,1074.0,1073.8,1073.9,38.0
S501!,28/09/2026,16:38,1073.8,1073.9,1073.8,1073.9,22.0
S501!,28/09/2026,16:39,1073.9,1074.0,1073.8,1074.0,42.0
S501!,28/09/2026,16:40,1074.0,1074.0,1074.0,1074.0,4.0
S501!,28/09/2026,16:41,1074.0,1074.1,1074.0,1074.0,33.0
S501!,28/09/2026,16:42,1074.3,1074.3,1074.2,1074.2,41.0
S501!,28/09/2026,16:43,1074.4,1074.4,1074.3,1074.3,22.0
S501!,28/09/2026,16:44,1074.3,1074.5,1074.3,1074.5,36.0
S501!,28/09/2026,16:45,1074.5,1074.5,1074.4,1074.5,42.0
S501!,28/09/2026,16:46,1074.5,1074.6,1074.5,1074.5,42.0
S501!,28/09/2026,16:47,1074.6,1074.7,1074.5,1074.6,29.0
S501!,28/09/2026,16:48,1074.6,1074.9,1074.6,1074.9,192.0
S501!,28/09/2026,16:49,1074.9,1075.0,1074.8,1074.9,143.0
S501!,28/09/2026,16:50,1074.9,1075.0,1074.8,1075.0,127.0
S501!,28/09/2026,16:51,1074.8,1075.0,1074.7,1074.8,88.0
S501!,28/09/2026,16:52,1075.0,1075.0,1074.8,1075.0,73.0
S501!,28/09/2026,16:53,1074.8,1075.1,1074.8,1075.1,120.0
S501!,28/09/2026,16:54,1075.1,1075.3,1075.0,1075.2,478.0
S501!,29/09/2026,09:45,1075.9,1076.2,1075.1,1075.6,1365.0
S501!,29/09/2026,09:46,1075.5,1075.6,1075.1,1075.5,700.0
S501!,29/09/2026,09:47,1075.3,1075.3,1074.5,1074.8,1014.0
S501!,29/09/2026,09:48,1074.7,1075.0,1074.7,1075.0,291.0
S501!,29/09/2026,09:49,1074.9,1075.2,1074.8,1074.9,369.0
S501!,29/09/2026,09:50,1074.8,1075.0,1074.8,1074.9,270.0
S501!,29/09/2026,09:51,1074.9,1075.5,1074.8,1075.0,412.0
S501!,29/09/2026,09:52,1075.0,1075.2,1074.9,1074.9,316.0
S501!,29/09/2026,09:53,1074.9,1074.9,1074.7,1074.8,244.0
S501!,29/09/2026,09:54,1074.8,1075.0,1074.7,1074.8,289.0
S501!,29/09/2026,09:55,1074.8,1075.1,1074.7,1074.8,419.0
S501!,29/09/2026,09:56,1074.8,1074.8,1074.3,1074.3,825.0
S501!,29/09/2026,09:57,1074.3,1074.5,1074.3,1074.5,258.0
S501!,29/09/2026,09:58,1074.4,1074.8,1074.3,1074.8,344.0
S501!,29/09/2026,09:59,1074.8,1074.8,1074.3,1074.6,1013.0
S501!,29/09/2026,10:00,1074.5,1075.0,1074.3,1075.0,1215.0
S501!,29/09/2026,10:01,1074.9,1075.8,1074.9,1075.3,1371.0
S501!,29/09/2026,10:02,1075.2,1075.5,1074.4,1075.2,2112.0
S501!,29/09/2026,10:03,1075.3,1075.4,1074.7,1074.7,956.0
S501!,29/09/2026,10:04,1074.6,1074.6,1073.6,1073.7,2255.0
S501!,29/09/2026,10:05,1073.6,1073.8,1073.5,1073.8,814.0
S501!,29/09/2026,10:06,1073.7,1073.8,1073.3,1073.3,772.0
S501!,29/09/2026,10:07,1073.3,1073.7,1073.3,1073.6,770.0
S501!,29/09/2026,10:08,1073.6,1074.2,1073.5,1073.9,479.0
S501!,29/09/2026,10:09,1073.8,1073.9,1073.6,1073.7,501.0
S501!,29/09/2026,10:10,1073.7,1073.9,1073.2,1073.5,1576.0
S501!,29/09/2026,10:11,1073.4,1073.4,1073.0,1073.1,1526.0
S501!,29/09/2026,10:12,1073.1,1073.4,1073.0,1073.2,795.0
S501!,29/09/2026,10:13,1073.1,1073.5,1073.0,1073.0,1020.0
S501!,29/09/2026,10:14,1073.0,1073.1,1072.6,1072.9,1352.0
S501!,29/09/2026,10:15,1073.0,1073.0,1072.6,1072.7,471.0
S501!,29/09/2026,10:16,1072.6,1073.3,1072.6,1073.2,800.0
S501!,29/09/2026,10:17,1073.1,1073.3,1072.6,1072.9,755.0
S501!,29/09/2026,10:18,1072.9,1073.1,1072.8,1073.1,501.0
S501!,29/09/2026,10:19,1072.9,1073.1,1072.8,1072.9,372.0
S501!,29/09/2026,10:20,1072.9,1073.2,1072.7,1073.2,579.0
S501!,29/09/2026,10:21,1073.1,1073.2,1072.5,1072.6,530.0
S501!,29/09/2026,10:22,1072.5,1072.8,1072.4,1072.5,601.0
S501!,29/09/2026,10:23,1072.4,1072.5,1072.3,1072.4,917.0
S501!,29/09/2026,10:24,1072.5,1072.6,1072.2,1072.5,520.0
S501!,29/09/2026,10:25,1072.5,1072.6,1072.1,1072.1,717.0
S501!,29/09/2026,10:26,1072.1,1072.2,1071.8,1072.0,1429.0
S501!,29/09/2026,10:27,1072.0,1072.0,1071.8,1071.9,618.0
S501!,29/09/2026,10:28,1071.8,1071.9,1071.4,1071.5,879.0
S501!,29/09/2026,10:29,1071.5,1071.5,1071.2,1071.3,773.0
S501!,29/09/2026,10:30,1071.2,1071.3,1071.1,1071.1,614.0
S501!,29/09/2026,10:31,1071.1,1071.2,1070.9,1071.1,746.0
S501!,29/09/2026,10:32,1071.0,1071.5,1071.0,1071.2,479.0
S501!,29/09/2026,10:33,1071.3,1071.3,1071.0,1071.0,505.0
S501!,29/09/2026,10:34,1071.0,1071.2,1070.9,1071.2,640.0
S501!,29/09/2026,10:35,1071.0,1071.1,1070.6,1070.7,892.0
S501!,29/09/2026,10:36,1070.6,1070.7,1070.2,1070.3,756.0
S501!,29/09/2026,10:37,1070.3,1070.4,1070.1,1070.2,777.0
S501!,29/09/2026,10:38,1070.2,1070.3,1070.0,1070.2,734.0
S501!,29/09/2026,10:39,1070.1,1070.4,1069.9,1070.2,895.0
S501!,29/09/2026,10:40,1070.1,1070.4,1070.0,1070.1,396.0
S501!,29/09/2026,10:41,1070.1,1070.3,1069.8,1070.3,626.0
S501!,29/09/2026,10:42,1070.2,1070.3,1070.0,1070.3,355.0
S501!,29/09/2026,10:43,1070.2,1070.3,1070.0,1070.0,413.0
S501!,29/09/2026,10:44,1070.0,1070.1,1069.9,1070.0,566.0
S501!,29/09/2026,10:45,1070.1,1070.5,1070.0,1070.4,533.0
S501!,29/09/2026,10:46,1070.3,1070.3,1069.9,1070.0,670.0
S501!,29/09/2026,10:47,1070.0,1070.5,1069.9,1070.5,827.0
S501!,29/09/2026,10:48,1070.5,1071.3,1070.4,1071.3,1028.0
S501!,29/09/2026,10:49,1071.3,1072.2,1071.1,1071.8,660.0
S501!,29/09/2026,10:50,1071.7,1071.7,1071.0,1071.0,929.0
S501!,29/09/2026,10:51,1071.0,1071.0,1070.3,1070.4,393.0
S501!,29/09/2026,10:52,1070.5,1070.7,1070.1,1070.2,536.0
S501!,29/09/2026,10:53,1070.2,1070.5,1070.1,1070.2,379.0
S501!,29/09/2026,10:54,1070.1,1070.3,1070.1,1070.2,158.0
S501!,29/09/2026,10:55,1070.1,1070.2,1070.0,1070.0,774.0
S501!,29/09/2026,10:56,1070.0,1070.4,1070.0,1070.4,432.0
S501!,29/09/2026,10:57,1070.4,1070.4,1070.0,1070.4,354.0
S501!,29/09/2026,10:58,1070.3,1070.4,1070.2,1070.3,189.0
S501!,29/09/2026,10:59,1070.2,1070.6,1070.1,1070.6,302.0
S501!,29/09/2026,11:00,1070.6,1071.0,1070.5,1070.6,871.0
S501!,29/09/2026,11:01,1070.6,1070.8,1070.5,1070.7,331.0
S501!,29/09/2026,11:02,1070.6,1070.9,1070.6,1070.7,288.0
S501!,29/09/2026,11:03,1070.6,1070.7,1070.5,1070.6,145.0
S501!,29/09/2026,11:04,1070.6,1071.0,1070.6,1070.9,250.0
S501!,29/09/2026,11:05,1071.0,1071.8,1070.9,1071.4,741.0
S501!,29/09/2026,11:06,1071.5,1072.0,1071.3,1071.5,477.0
S501!,29/09/2026,11:07,1071.4,1071.5,1071.1,1071.4,192.0
S501!,29/09/2026,11:08,1071.2,1071.7,1071.2,1071.7,181.0
S501!,29/09/2026,11:09,1071.6,1071.7,1071.4,1071.7,152.0
S501!,29/09/2026,11:10,1071.7,1072.0,1071.4,1071.4,342.0
S501!,29/09/2026,11:11,1071.5,1071.6,1071.5,1071.5,161.0
S501!,29/09/2026,11:12,1071.5,1071.6,1071.0,1071.2,640.0
S501!,29/09/2026,11:13,1071.2,1071.4,1071.2,1071.2,103.0
S501!,29/09/2026,11:14,1071.1,1071.1,1070.9,1070.9,367.0
S501!,29/09/2026,11:15,1071.0,1071.2,1071.0,1071.2,418.0
S501!,29/09/2026,11:16,1071.2,1071.4,1071.1,1071.1,164.0
S501!,29/09/2026,11:17,1071.1,1071.2,1070.9,1070.9,233.0
S501!,29/09/2026,11:18,1070.9,1071.1,1070.8,1071.1,196.0
S501!,29/09/2026,11:19,1071.1,1071.2,1071.0,1071.2,160.0
S501!,29/09/2026,11:20,1071.1,1071.2,1070.8,1070.8,529.0
S501!,29/09/2026,11:21,1070.8,1070.9,1070.7,1070.9,314.0
S501!,29/09/2026,11:22,1070.9,1071.0,1070.8,1070.8,41.0
S501!,29/09/2026,11:23,1070.8,1070.8,1070.5,1070.5,389.0
S501!,29/09/2026,11:24,1070.5,1070.6,1070.4,1070.5,471.0
S501!,29/09/2026,11:25,1070.5,1070.6,1070.4,1070.5,108.0
S501!,29/09/2026,11:26,1070.5,1070.5,1070.4,1070.5,121.0
S501!,29/09/2026,11:27,1070.5,1070.6,1070.4,1070.5,155.0
S501!,29/09/2026,11:28,1070.4,1070.6,1070.3,1070.3,155.0
S501!,29/09/2026,11:29,1070.4,1070.4,1070.3,1070.3,69.0
S501!,29/09/2026,11:30,1070.4,1070.4,1070.0,1070.1,759.0
S501!,29/09/2026,11:31,1070.0,1070.2,1070.0,1070.0,467.0
S501!,29/09/2026,11:32,1070.0,1070.1,1070.0,1070.0,97.0
S501!,29/09/2026,11:33,1070.0,1070.2,1069.9,1070.2,220.0
S501!,29/09/2026,11:34,1070.1,1070.5,1070.0,1070.2,312.0
S501!,29/09/2026,11:35,1070.2,1070.3,1070.0,1070.0,287.0
S501!,29/09/2026,11:36,1070.1,1070.1,1070.0,1070.1,238.0
S501!,29/09/2026,11:37,1070.0,1070.1,1070.0,1070.1,87.0
S501!,29/09/2026,11:38,1070.0,1070.4,1070.0,1070.2,205.0
S501!,29/09/2026,11:39,1070.2,1070.2,1070.0,1070.0,73.0
S501!,29/09/2026,11:40,1070.0,1070.4,1070.0,1070.4,251.0
S501!,29/09/2026,11:41,1070.4,1070.5,1070.4,1070.5,197.0
S501!,29/09/2026,11:42,1070.5,1070.8,1070.4,1070.7,262.0
S501!,29/09/2026,11:43,1070.7,1070.9,1070.6,1070.9,150.0
S501!,29/09/2026,11:44,1070.8,1070.8,1070.5,1070.7,218.0
S501!,29/09/2026,11:45,1070.8,1071.0,1070.6,1070.9,178.0
S501!,29/09/2026,11:46,1070.8,1071.1,1070.8,1071.1,125.0
S501!,29/09/2026,11:47,1071.0,1071.1,1070.9,1070.9,80.0
S501!,29/09/2026,11:48,1070.9,1071.2,1070.9,1071.2,127.0
S501!,29/09/2026,11:49,1071.1,1071.4,1071.1,1071.3,264.0
S501!,29/09/2026,11:50,1071.3,1071.5,1071.3,1071.5,85.0
S501!,29/09/2026,11:51,1071.4,1071.5,1071.3,1071.5,235.0
S501!,29/09/2026,11:52,1071.4,1071.5,1071.2,1071.2,195.0
S501!,29/09/2026,11:53,1071.4,1071.6,1071.3,1071.6,189.0
S501!,29/09/2026,11:54,1071.7,1071.7,1071.5,1071.6,135.0
S501!,29/09/2026,11:55,1071.6,1071.6,1071.3,1071.4,153.0
S501!,29/09/2026,11:56,1071.4,1071.4,1071.1,1071.2,267.0
S501!,29/09/2026,11:57,1071.2,1071.5,1071.1,1071.1,208.0
S501!,29/09/2026,11:58,1071.0,1071.3,1070.9,1071.0,225.0
S501!,29/09/2026,11:59,1071.0,1071.1,1070.9,1071.1,118.0
S501!,29/09/2026,12:00,1071.1,1071.6,1071.1,1071.5,321.0
S501!,29/09/2026,12:01,1071.6,1071.7,1071.3,1071.5,98.0
S501!,29/09/2026,12:02,1071.4,1071.9,1071.4,1071.5,336.0
S501!,29/09/2026,12:03,1071.6,1071.6,1071.3,1071.3,89.0
S501!,29/09/2026,12:04,1071.3,1071.6,1071.2,1071.6,73.0
S501!,29/09/2026,12:05,1071.5,1071.6,1071.3,1071.3,83.0
S501!,29/09/2026,12:06,1071.3,1071.8,1071.3,1071.7,409.0
S501!,29/09/2026,12:07,1071.6,1071.9,1071.6,1071.8,122.0
S501!,29/09/2026,12:08,1071.8,1072.0,1071.5,1071.8,455.0
S501!,29/09/2026,12:09,1071.7,1071.9,1071.7,1071.8,185.0
S501!,29/09/2026,12:10,1071.8,1071.8,1071.6,1071.7,97.0
S501!,29/09/2026,12:11,1071.6,1071.8,1071.6,1071.7,103.0
S501!,29/09/2026,12:12,1071.7,1071.9,1071.7,1071.9,176.0
S501!,29/09/2026,12:13,1071.8,1072.0,1071.7,1071.7,79.0
S501!,29/09/2026,12:14,1071.7,1071.9,1071.6,1071.8,72.0
S501!,29/09/2026,12:15,1071.9,1071.9,1071.8,1071.8,42.0
S501!,29/09/2026,12:16,1071.7,1071.9,1071.6,1071.8,243.0
S501!,29/09/2026,12:17,1071.7,1072.0,1071.7,1071.9,196.0
S501!,29/09/2026,12:18,1071.9,1072.2,1071.8,1071.8,453.0
S501!,29/09/2026,12:19,1071.7,1071.9,1071.6,1071.7,54.0
S501!,29/09/2026,12:20,1071.6,1071.6,1071.3,1071.4,330.0
S501!,29/09/2026,12:21,1071.4,1071.6,1071.1,1071.3,209.0
S501!,29/09/2026,12:22,1071.1,1071.3,1071.1,1071.3,53.0
S501!,29/09/2026,12:23,1071.2,1071.4,1071.2,1071.3,40.0
S501!,29/09/2026,12:24,1071.3,1071.4,1071.3,1071.3,38.0
S501!,29/09/2026,12:25,1071.4,1071.4,1071.2,1071.2,83.0
S501!,29/09/2026,12:26,1071.1,1071.2,1071.0,1071.1,144.0
S501!,29/09/2026,12:27,1071.1,1071.4,1071.1,1071.4,180.0
S501!,29/09/2026,12:28,1071.3,1071.5,1071.2,1071.4,62.0
S501!,29/09/2026,12:29,1071.4,1071.6,1071.4,1071.4,145.0
S501!,29/09/2026,13:45,1072.6,1073.0,1072.3,1072.6,1208.0
S501!,29/09/2026,13:46,1072.7,1072.9,1072.5,1072.6,273.0
S501!,29/09/2026,13:47,1072.7,1072.9,1072.6,1072.9,120.0
S501!,29/09/2026,13:48,1072.7,1072.9,1072.7,1072.8,106.0
S501!,29/09/2026,13:49,1072.8,1073.1,1072.8,1072.9,155.0
S501!,29/09/2026,13:50,1073.0,1073.2,1072.9,1073.0,218.0
S501!,29/09/2026,13:51,1072.9,1073.0,1072.6,1072.7,124.0
S501!,29/09/2026,13:52,1072.7,1072.8,1072.5,1072.5,253.0
S501!,29/09/2026,13:53,1072.6,1072.9,1072.6,1072.9,151.0
S501!,29/09/2026,13:54,1072.9,1073.0,1072.8,1072.9,67.0
S501!,29/09/2026,13:55,1072.9,1072.9,1072.7,1072.8,171.0
S501!,29/09/2026,13:56,1072.7,1072.9,1072.7,1072.7,54.0
S501!,29/09/2026,13:57,1072.6,1072.7,1072.4,1072.5,69.0
S501!,29/09/2026,13:58,1072.5,1072.6,1072.3,1072.4,307.0
S501!,29/09/2026,13:59,1072.3,1072.5,1072.0,1072.5,363.0
S501!,29/09/2026,14:00,1072.5,1073.0,1072.2,1072.8,515.0
S501!,29/09/2026,14:01,1072.8,1072.9,1072.0,1072.0,375.0
S501!,29/09/2026,14:02,1072.1,1072.2,1071.8,1071.9,546.0
S501!,29/09/2026,14:03,1071.9,1072.1,1071.7,1072.0,341.0
S501!,29/09/2026,14:04,1072.0,1072.2,1071.9,1072.1,414.0
S501!,29/09/2026,14:05,1072.0,1072.2,1071.8,1072.1,193.0
S501!,29/09/2026,14:06,1072.0,1072.4,1072.0,1072.4,240.0
S501!,29/09/2026,14:07,1072.2,1072.6,1072.0,1072.5,577.0
S501!,29/09/2026,14:08,1072.5,1072.6,1072.2,1072.4,353.0
S501!,29/09/2026,14:09,1072.4,1072.6,1072.4,1072.5,100.0
S501!,29/09/2026,14:10,1072.6,1072.6,1072.5,1072.5,118.0
S501!,29/09/2026,14:11,1072.4,1072.5,1072.1,1072.1,168.0
S501!,29/09/2026,14:12,1072.1,1072.5,1072.0,1072.4,217.0
S501!,29/09/2026,14:13,1072.3,1072.4,1072.3,1072.4,37.0
S501!,29/09/2026,14:14,1072.3,1072.4,1072.1,1072.2,297.0
S501!,29/09/2026,14:15,1072.2,1072.6,1072.0,1072.4,479.0
S501!,29/09/2026,14:16,1072.5,1072.5,1072.2,1072.5,120.0
S501!,29/09/2026,14:17,1072.5,1072.6,1072.5,1072.5,50.0
S501!,29/09/2026,14:18,1072.5,1072.6,1072.3,1072.5,185.0
S501!,29/09/2026,14:19,1072.6,1072.6,1072.4,1072.5,115.0
S501!,29/09/2026,14:20,1072.5,1072.5,1072.2,1072.4,193.0
S501!,29/09/2026,14:21,1072.5,1072.6,1072.4,1072.6,128.0
S501!,29/09/2026,14:22,1072.6,1072.7,1072.4,1072.6,96.0
S501!,29/09/2026,14:23,1072.5,1072.9,1072.5,1072.9,243.0
S501!,29/09/2026,14:24,1072.7,1073.0,1072.7,1072.9,144.0
S501!,29/09/2026,14:25,1072.8,1072.9,1072.7,1072.7,82.0
S501!,29/09/2026,14:26,1072.8,1073.0,1072.6,1073.0,201.0
S501!,29/09/2026,14:27,1072.9,1073.1,1072.7,1073.0,373.0
S501!,29/09/2026,14:28,1073.1,1073.2,1072.8,1072.8,263.0
S501!,29/09/2026,14:29,1072.9,1073.0,1072.7,1073.0,249.0
S501!,29/09/2026,14:30,1072.9,1073.0,1072.7,1072.8,208.0
S501!,29/09/2026,14:31,1072.8,1072.8,1072.4,1072.5,178.0
S501!,29/09/2026,14:32,1072.5,1073.2,1072.4,1072.6,541.0
S501!,29/09/2026,14:33,1072.5,1072.6,1072.4,1072.4,170.0
S501!,29/09/2026,14:34,1072.4,1072.6,1072.4,1072.4,161.0
S501!,29/09/2026,14:35,1072.4,1072.6,1072.3,1072.3,164.0
S501!,29/09/2026,14:36,1072.3,1072.4,1072.2,1072.3,178.0
S501!,29/09/2026,14:37,1072.3,1072.6,1072.2,1072.6,160.0
S501!,29/09/2026,14:38,1072.5,1072.5,1072.3,1072.3,115.0
S501!,29/09/2026,14:39,1072.3,1072.7,1072.3,1072.5,201.0
S501!,29/09/2026,14:40,1072.4,1072.6,1072.0,1072.2,689.0
S501!,29/09/2026,14:41,1072.2,1072.2,1071.8,1071.9,450.0
S501!,29/09/2026,14:42,1071.8,1071.9,1071.3,1071.6,507.0
S501!,29/09/2026,14:43,1071.6,1071.7,1071.4,1071.6,351.0
S501!,29/09/2026,14:44,1071.6,1071.8,1071.6,1071.8,314.0
S501!,29/09/2026,14:45,1071.7,1071.8,1071.6,1071.6,87.0
S501!,29/09/2026,14:46,1071.8,1071.8,1071.7,1071.7,41.0
S501!,29/09/2026,14:47,1071.7,1071.8,1071.6,1071.7,89.0
S501!,29/09/2026,14:48,1071.6,1071.8,1071.5,1071.5,62.0
S501!,29/09/2026,14:49,1071.5,1071.6,1071.3,1071.3,264.0
S501!,29/09/2026,14:50,1071.2,1071.3,1071.1,1071.2,188.0
S501!,29/09/2026,14:51,1071.2,1071.3,1071.1,1071.1,120.0
S501!,29/09/2026,14:52,1071.1,1071.2,1071.1,1071.1,180.0
S501!,29/09/2026,14:53,1071.1,1071.2,1071.1,1071.1,78.0
S501!,29/09/2026,14:54,1071.1,1071.2,1071.0,1071.0,135.0
S501!,29/09/2026,14:55,1071.0,1071.4,1070.9,1071.4,370.0
S501!,29/09/2026,14:56,1071.4,1071.4,1071.0,1071.0,125.0
S501!,29/09/2026,14:57,1071.0,1071.1,1070.9,1071.0,169.0
S501!,29/09/2026,14:58,1070.9,1071.1,1070.9,1071.0,144.0
S501!,29/09/2026,14:59,1071.0,1071.1,1070.9,1070.9,109.0
S501!,29/09/2026,15:00,1070.9,1071.0,1070.6,1070.6,461.0
S501!,29/09/2026,15:01,1070.6,1070.9,1070.5,1070.8,357.0
S501!,29/09/2026,15:02,1070.8,1070.9,1070.6,1070.7,123.0
S501!,29/09/2026,15:03,1070.6,1070.9,1070.6,1070.8,215.0
S501!,29/09/2026,15:04,1070.8,1070.8,1070.6,1070.8,209.0
S501!,29/09/2026,15:05,1070.6,1070.7,1070.6,1070.6,118.0
S501!,29/09/2026,15:06,1070.7,1070.7,1070.4,1070.4,310.0
S501!,29/09/2026,15:07,1070.4,1070.5,1070.2,1070.2,449.0
S501!,29/09/2026,15:08,1070.2,1070.3,1070.2,1070.3,213.0
S501!,29/09/2026,15:09,1070.2,1070.3,1070.1,1070.2,480.0
S501!,29/09/2026,15:10,1070.2,1070.3,1070.1,1070.1,273.0
S501!,29/09/2026,15:11,1070.1,1070.1,1070.0,1070.0,527.0
S501!,29/09/2026,15:12,1070.0,1070.1,1069.9,1069.9,635.0
S501!,29/09/2026,15:13,1069.9,1070.0,1069.7,1069.7,910.0
S501!,29/09/2026,15:14,1069.7,1069.8,1069.6,1069.8,349.0
S501!,29/09/2026,15:15,1069.7,1069.8,1069.6,1069.6,408.0
S501!,29/09/2026,15:16,1069.6,1069.7,1069.5,1069.6,403.0
S501!,29/09/2026,15:17,1069.5,1069.8,1069.5,1069.6,660.0
S501!,29/09/2026,15:18,1069.6,1069.6,1069.5,1069.5,196.0
S501!,29/09/2026,15:19,1069.5,1069.7,1069.5,1069.6,296.0
S501!,29/09/2026,15:20,1069.5,1070.2,1069.5,1070.2,624.0
S501!,29/09/2026,15:21,1070.2,1070.5,1070.0,1070.5,691.0
S501!,29/09/2026,15:22,1070.4,1070.5,1070.0,1070.0,281.0
S501!,29/09/2026,15:23,1070.0,1070.0,1069.7,1069.7,226.0
S501!,29/09/2026,15:24,1069.7,1069.7,1069.5,1069.5,492.0
S501!,29/09/2026,15:25,1069.5,1069.7,1069.5,1069.5,335.0
S501!,29/09/2026,15:26,1069.5,1069.6,1069.4,1069.5,251.0
S501!,29/09/2026,15:27,1069.5,1069.6,1069.4,1069.4,414.0
S501!,29/09/2026,15:28,1069.4,1069.4,1069.1,1069.2,999.0
S501!,29/09/2026,15:29,1069.2,1069.4,1069.2,1069.3,194.0
S501!,29/09/2026,15:30,1069.3,1069.5,1069.2,1069.3,390.0
S501!,29/09/2026,15:31,1069.2,1069.3,1069.0,1069.1,472.0
S501!,29/09/2026,15:32,1069.1,1069.2,1069.0,1069.0,506.0
S501!,29/09/2026,15:33,1069.0,1069.2,1069.0,1069.0,257.0
S501!,29/09/2026,15:34,1069.0,1069.1,1069.0,1069.1,164.0
S501!,29/09/2026,15:35,1069.0,1069.1,1068.9,1068.9,197.0
S501!,29/09/2026,15:36,1068.9,1069.0,1068.7,1068.9,592.0
S501!,29/09/2026,15:37,1068.7,1069.1,1068.7,1069.1,344.0
S501!,29/09/2026,15:38,1069.2,1069.4,1069.1,1069.3,260.0
S501!,29/09/2026,15:39,1069.4,1069.7,1069.2,1069.7,246.0
S501!,29/09/2026,15:40,1069.6,1069.8,1069.2,1069.3,220.0
S501!,29/09/2026,15:41,1069.3,1069.4,1069.2,1069.3,184.0
S501!,29/09/2026,15:42,1069.2,1069.2,1068.9,1069.1,193.0
S501!,29/09/2026,15:43,1069.2,1069.5,1069.2,1069.4,150.0
S501!,29/09/2026,15:44,1069.4,1069.5,1069.2,1069.2,131.0
S501!,29/09/2026,15:45,1069.3,1069.4,1069.1,1069.1,200.0
S501!,29/09/2026,15:46,1069.1,1069.2,1069.0,1069.1,161.0
S501!,29/09/2026,15:47,1069.0,1069.2,1069.0,1069.1,114.0
S501!,29/09/2026,15:48,1069.1,1069.3,1069.0,1069.3,149.0
S501!,29/09/2026,15:49,1069.2,1069.2,1069.0,1069.2,169.0
S501!,29/09/2026,15:50,1069.1,1069.3,1069.0,1069.1,138.0
S501!,29/09/2026,15:51,1069.0,1069.2,1069.0,1069.0,359.0
S501!,29/09/2026,15:52,1069.0,1069.2,1069.0,1069.0,353.0
S501!,29/09/2026,15:53,1069.0,1069.1,1068.9,1069.0,213.0
S501!,29/09/2026,15:54,1069.0,1069.0,1068.9,1068.9,82.0
S501!,29/09/2026,15:55,1068.9,1069.0,1068.8,1069.0,482.0
S501!,29/09/2026,15:56,1068.9,1069.1,1068.8,1068.8,160.0
S501!,29/09/2026,15:57,1068.8,1068.9,1068.7,1068.7,110.0
S501!,29/09/2026,15:58,1068.7,1068.9,1068.6,1068.8,263.0
S501!,29/09/2026,15:59,1068.8,1069.4,1068.7,1069.3,613.0
S501!,29/09/2026,16:00,1069.4,1069.5,1069.1,1069.2,260.0
S501!,29/09/2026,16:01,1069.2,1069.5,1069.1,1069.1,398.0
S501!,29/09/2026,16:02,1069.2,1069.3,1068.9,1068.9,460.0
S501!,29/09/2026,16:03,1069.0,1069.0,1068.9,1069.0,143.0
S501!,29/09/2026,16:04,1069.0,1069.6,1068.9,1069.5,247.0
S501!,29/09/2026,16:05,1069.6,1069.9,1069.4,1069.7,533.0
S501!,29/09/2026,16:06,1069.7,1070.0,1069.5,1069.7,370.0
S501!,29/09/2026,16:07,1069.6,1069.6,1069.2,1069.3,244.0
S501!,29/09/2026,16:08,1069.4,1069.6,1069.3,1069.5,62.0
S501!,29/09/2026,16:09,1069.5,1069.6,1069.2,1069.2,93.0
S501!,29/09/2026,16:10,1069.3,1069.5,1069.3,1069.5,92.0
S501!,29/09/2026,16:11,1069.5,1069.5,1068.9,1069.0,612.0
S501!,29/09/2026,16:12,1069.0,1069.0,1068.8,1068.9,434.0
S501!,29/09/2026,16:13,1068.9,1068.9,1068.6,1068.7,493.0
S501!,29/09/2026,16:14,1068.7,1069.4,1068.6,1069.3,994.0
S501!,29/09/2026,16:15,1069.4,1070.7,1069.4,1070.5,1858.0
S501!,29/09/2026,16:16,1070.4,1070.7,1070.1,1070.3,918.0
S501!,29/09/2026,16:17,1070.3,1070.7,1070.2,1070.5,368.0
S501!,29/09/2026,16:18,1070.4,1070.7,1070.4,1070.5,357.0
S501!,29/09/2026,16:19,1070.6,1070.8,1070.5,1070.7,311.0
S501!,29/09/2026,16:20,1070.6,1070.7,1070.3,1070.5,665.0
S501!,29/09/2026,16:21,1070.5,1070.6,1070.2,1070.6,293.0
S501!,29/09/2026,16:22,1070.5,1070.8,1070.5,1070.6,487.0
S501!,29/09/2026,16:23,1070.6,1070.8,1070.5,1070.6,321.0
S501!,29/09/2026,16:24,1070.7,1071.0,1070.6,1070.7,636.0
S501!,29/09/2026,16:25,1070.7,1071.0,1070.5,1070.6,927.0
S501!,29/09/2026,16:26,1070.5,1070.6,1070.5,1070.5,357.0
S501!,29/09/2026,16:27,1070.6,1070.6,1070.1,1070.3,923.0
S501!,29/09/2026,16:28,1070.4,1070.6,1070.3,1070.4,438.0
S501!,29/09/2026,16:29,1070.4,1070.7,1070.3,1070.3,711.0
S501!,29/09/2026,16:30,1070.3,1070.4,1069.3,1069.7,1433.0
S501!,29/09/2026,16:31,1069.8,1069.9,1069.5,1069.6,196.0
S501!,29/09/2026,16:32,1069.7,1069.9,1069.5,1069.5,211.0
S501!,29/09/2026,16:33,1069.6,1069.7,1069.3,1069.3,294.0
S501!,29/09/2026,16:34,1069.4,1069.4,1068.9,1068.9,411.0
S501!,29/09/2026,16:35,1069.0,1069.4,1069.0,1069.1,516.0
S501!,29/09/2026,16:36,1069.0,1069.3,1068.8,1069.0,397.0
S501!,29/09/2026,16:37,1069.1,1069.2,1068.9,1068.9,243.0
S501!,29/09/2026,16:38,1068.8,1068.8,1068.2,1068.2,1142.0
S501!,29/09/2026,16:39,1068.3,1068.5,1068.1,1068.2,309.0
S501!,29/09/2026,16:40,1068.4,1068.4,1068.2,1068.3,130.0
S501!,29/09/2026,16:41,1068.3,1068.5,1068.3,1068.5,144.0
S501!,29/09/2026,16:42,1068.4,1068.6,1068.3,1068.4,220.0
S501!,29/09/2026,16:43,1068.5,1068.8,1068.5,1068.6,128.0
S501!,29/09/2026,16:44,1068.7,1068.8,1068.5,1068.7,94.0
S501!,29/09/2026,16:45,1068.8,1069.3,1068.8,1069.1,398.0
S501!,29/09/2026,16:46,1069.1,1069.5,1069.1,1069.5,159.0
S501!,29/09/2026,16:47,1069.4,1069.7,1069.3,1069.7,344.0
S501!,29/09/2026,16:48,1069.6,1069.8,1069.5,1069.6,302.0
S501!,29/09/2026,16:49,1069.6,1069.8,1069.2,1069.2,314.0
S501!,29/09/2026,16:50,1069.4,1069.6,1069.0,1069.0,205.0
S501!,29/09/2026,16:51,1069.0,1069.2,1068.8,1068.8,192.0
S501!,29/09/2026,16:52,1068.8,1069.2,1068.6,1068.8,551.0
S501!,29/09/2026,16:53,1068.7,1069.1,1068.7,1069.1,425.0
S501!,29/09/2026,16:54,1069.1,1069.3,1068.9,1069.1,534.0
S501!,30/09/2026,09:45,1071.6,1072.0,1070.5,1071.5,3731.0
S501!,30/09/2026,09:46,1071.5,1072.4,1071.5,1071.9,1844.0
S501!,30/09/2026,09:47,1071.9,1072.4,1071.8,1072.0,792.0
S501!,30/09/2026,09:48,1071.9,1072.3,1071.8,1072.0,441.0
S501!,30/09/2026,09:49,1071.9,1072.2,1071.5,1071.5,424.0
S501!,30/09/2026,09:50,1071.5,1071.9,1071.5,1071.9,343.0
S501!,30/09/2026,09:51,1071.8,1071.9,1071.6,1071.7,206.0
S501!,30/09/2026,09:52,1071.7,1071.7,1070.7,1071.2,905.0
S501!,30/09/2026,09:53,1071.2,1071.4,1071.1,1071.1,178.0
S501!,30/09/2026,09:54,1071.1,1071.2,1070.8,1071.0,352.0
S501!,30/09/2026,09:55,1070.8,1070.9,1070.0,1070.1,836.0
S501!,30/09/2026,09:56,1070.1,1070.3,1070.0,1070.1,254.0
S501!,30/09/2026,09:57,1070.1,1070.2,1069.2,1069.3,1050.0
S501!,30/09/2026,09:58,1069.3,1069.7,1069.2,1069.3,902.0
S501!,30/09/2026,09:59,1069.4,1069.4,1069.2,1069.3,555.0
S501!,30/09/2026,10:00,1069.2,1069.3,1067.6,1068.0,3548.0
S501!,30/09/2026,10:01,1068.1,1068.7,1068.0,1068.1,1688.0
S501!,30/09/2026,10:02,1068.1,1068.1,1067.5,1067.7,1400.0
S501!,30/09/2026,10:03,1067.6,1068.3,1067.3,1068.0,1767.0
S501!,30/09/2026,10:04,1067.8,1068.5,1067.8,1067.9,728.0
S501!,30/09/2026,10:05,1067.8,1068.0,1067.1,1067.2,1370.0
S501!,30/09/2026,10:06,1067.2,1067.6,1066.3,1066.3,1700.0
S501!,30/09/2026,10:07,1066.3,1066.3,1065.0,1065.9,2634.0
S501!,30/09/2026,10:08,1065.7,1065.7,1064.0,1064.3,2331.0
S501!,30/09/2026,10:09,1064.4,1064.6,1062.6,1062.9,2480.0
S501!,30/09/2026,10:10,1062.8,1063.0,1061.4,1061.5,2514.0
S501!,30/09/2026,10:11,1061.5,1061.5,1060.5,1061.1,2334.0
S501!,30/09/2026,10:12,1061.0,1062.8,1060.3,1062.4,2263.0
S501!,30/09/2026,10:13,1062.2,1062.2,1061.2,1061.3,1146.0
S501!,30/09/2026,10:14,1061.2,1061.4,1060.3,1060.4,1230.0
S501!,30/09/2026,10:15,1060.4,1060.6,1060.0,1060.0,1528.0
S501!,30/09/2026,10:16,1060.0,1060.1,1059.1,1059.7,2058.0
S501!,30/09/2026,10:17,1059.9,1060.1,1059.4,1059.7,1128.0
S501!,30/09/2026,10:18,1059.7,1059.9,1059.3,1059.6,879.0
S501!,30/09/2026,10:19,1059.7,1059.8,1059.3,1059.6,812.0
S501!,30/09/2026,10:20,1059.6,1059.9,1059.3,1059.9,1190.0
S501!,30/09/2026,10:21,1059.7,1060.1,1059.4,1059.4,1492.0
S501!,30/09/2026,10:22,1059.5,1059.5,1058.8,1059.0,1363.0
S501!,30/09/2026,10:23,1059.0,1059.0,1058.5,1058.8,1323.0
S501!,30/09/2026,10:24,1058.8,1059.6,1058.7,1059.3,991.0
S501!,30/09/2026,10:25,1059.4,1059.5,1058.1,1058.2,1429.0
S501!,30/09/2026,10:26,1058.2,1058.4,1056.7,1056.8,1882.0
S501!,30/09/2026,10:27,1056.7,1056.8,1055.7,1056.0,1979.0
S501!,30/09/2026,10:28,1055.9,1056.5,1055.4,1056.4,1510.0
S501!,30/09/2026,10:29,1056.5,1057.1,1056.1,1056.6,1756.0
S501!,30/09/2026,10:30,1056.5,1056.5,1055.1,1055.6,1693.0
S501!,30/09/2026,10:31,1055.7,1055.9,1055.2,1055.6,844.0
S501!,30/09/2026,10:32,1055.5,1056.1,1055.3,1055.6,938.0
S501!,30/09/2026,10:33,1055.4,1055.6,1054.2,1054.2,1778.0
S501!,30/09/2026,10:34,1054.2,1054.2,1052.5,1052.6,1741.0
S501!,30/09/2026,10:35,1052.7,1054.0,1052.0,1053.3,2210.0
S501!,30/09/2026,10:36,1053.1,1054.7,1053.1,1054.6,1175.0
S501!,30/09/2026,10:37,1054.6,1055.0,1053.5,1053.6,1515.0
S501!,30/09/2026,10:38,1053.5,1053.7,1053.1,1053.4,729.0
S501!,30/09/2026,10:39,1053.4,1054.1,1053.2,1053.8,498.0
S501!,30/09/2026,10:40,1053.9,1053.9,1053.4,1053.7,536.0
S501!,30/09/2026,10:41,1053.7,1054.1,1053.4,1053.4,718.0
S501!,30/09/2026,10:42,1053.4,1053.4,1052.6,1052.8,1251.0
S501!,30/09/2026,10:43,1052.8,1053.0,1052.1,1052.6,1303.0
S501!,30/09/2026,10:44,1052.7,1052.7,1052.1,1052.2,508.0
S501!,30/09/2026,10:45,1052.1,1054.0,1052.0,1053.2,1384.0
S501!,30/09/2026,10:46,1053.2,1053.7,1053.0,1053.3,694.0
S501!,30/09/2026,10:47,1053.3,1053.3,1052.6,1052.8,523.0
S501!,30/09/2026,10:48,1052.8,1053.0,1052.6,1052.8,441.0
S501!,30/09/2026,10:49,1052.8,1052.8,1052.0,1052.1,1043.0
S501!,30/09/2026,10:50,1052.1,1052.2,1049.9,1050.5,3074.0
S501!,30/09/2026,10:51,1050.6,1051.0,1049.7,1050.0,1188.0
S501!,30/09/2026,10:52,1050.1,1051.2,1050.0,1051.0,1009.0
S501!,30/09/2026,10:53,1051.0,1051.0,1050.4,1050.4,461.0
S501!,30/09/2026,10:54,1050.4,1051.2,1049.9,1050.9,1084.0
S501!,30/09/2026,10:55,1050.9,1050.9,1050.5,1050.5,188.0
S501!,30/09/2026,10:56,1050.4,1050.9,1050.3,1050.3,533.0
S501!,30/09/2026,10:57,1050.4,1051.0,1050.4,1050.6,437.0
S501!,30/09/2026,10:58,1050.7,1050.8,1050.2,1050.5,415.0
S501!,30/09/2026,10:59,1050.5,1051.0,1050.3,1050.9,743.0
S501!,30/09/2026,11:00,1051.0,1051.2,1050.4,1050.4,1184.0
S501!,30/09/2026,11:01,1050.5,1050.8,1050.4,1050.5,545.0
S501!,30/09/2026,11:02,1050.5,1050.6,1049.8,1049.8,1075.0
S501!,30/09/2026,11:03,1049.8,1050.4,1049.8,1050.1,455.0
S501!,30/09/2026,11:04,1050.2,1050.3,1049.9,1050.0,344.0
S501!,30/09/2026,11:05,1050.0,1050.2,1049.3,1049.5,874.0
S501!,30/09/2026,11:06,1049.4,1049.8,1049.2,1049.2,395.0
S501!,30/09/2026,11:07,1049.3,1049.4,1048.8,1049.0,832.0
S501!,30/09/2026,11:08,1049.0,1049.5,1048.9,1049.3,510.0
S501!,30/09/2026,11:09,1049.4,1050.3,1049.4,1050.2,689.0
S501!,30/09/2026,11:10,1050.2,1051.8,1050.0,1051.2,1310.0
S501!,30/09/2026,11:11,1051.3,1051.3,1050.5,1051.3,556.0
S501!,30/09/2026,11:12,1051.1,1051.5,1050.9,1051.5,549.0
S501!,30/09/2026,11:13,1051.4,1051.6,1051.1,1051.2,431.0
S501!,30/09/2026,11:14,1051.3,1051.5,1051.2,1051.4,171.0
S501!,30/09/2026,11:15,1051.4,1052.2,1051.4,1051.8,762.0
S501!,30/09/2026,11:16,1051.8,1051.9,1050.5,1050.6,974.0
S501!,30/09/2026,11:17,1050.6,1050.9,1050.2,1050.3,559.0
S501!,30/09/2026,11:18,1050.3,1050.5,1050.1,1050.3,505.0
S501!,30/09/2026,11:19,1050.2,1050.3,1049.5,1049.6,1068.0
S501!,30/09/2026,11:20,1049.8,1050.5,1049.6,1050.4,567.0
S501!,30/09/2026,11:21,1050.4,1050.4,1050.1,1050.4,621.0
S501!,30/09/2026,11:22,1050.3,1050.3,1048.5,1048.8,1833.0
S501!,30/09/2026,11:23,1048.7,1048.9,1047.3,1047.6,1409.0
S501!,30/09/2026,11:24,1047.5,1047.9,1046.7,1046.7,1532.0
S501!,30/09/2026,11:25,1046.8,1047.9,1046.8,1047.9,1065.0
S501!,30/09/2026,11:26,1048.0,1048.3,1047.5,1048.2,922.0
S501!,30/09/2026,11:27,1048.1,1048.6,1047.8,1048.1,579.0
S501!,30/09/2026,11:28,1048.0,1048.0,1047.3,1047.4,549.0
S501!,30/09/2026,11:29,1047.4,1047.9,1047.4,1047.6,460.0
S501!,30/09/2026,11:30,1047.5,1048.5,1047.4,1048.5,365.0
S501!,30/09/2026,11:31,1048.6,1049.0,1048.4,1049.0,230.0
S501!,30/09/2026,11:32,1049.0,1049.3,1048.6,1048.6,707.0
S501!,30/09/2026,11:33,1048.7,1048.9,1048.1,1048.3,444.0
S501!,30/09/2026,11:34,1048.4,1049.4,1048.4,1049.1,253.0
S501!,30/09/2026,11:35,1049.3,1049.5,1048.6,1048.6,339.0
S501!,30/09/2026,11:36,1048.6,1048.7,1048.2,1048.6,231.0
S501!,30/09/2026,11:37,1048.6,1049.0,1048.5,1048.6,141.0
S501!,30/09/2026,11:38,1048.6,1049.0,1048.5,1048.8,280.0
S501!,30/09/2026,11:39,1048.9,1049.4,1048.7,1049.4,308.0
S501!,30/09/2026,11:40,1049.4,1049.4,1048.7,1048.9,366.0
S501!,30/09/2026,11:41,1048.9,1049.2,1048.7,1048.9,239.0
S501!,30/09/2026,11:42,1048.8,1048.8,1048.3,1048.4,331.0
S501!,30/09/2026,11:43,1048.4,1048.6,1048.3,1048.4,112.0
S501!,30/09/2026,11:44,1048.4,1049.1,1048.3,1048.9,267.0
S501!,30/09/2026,11:45,1048.9,1048.9,1048.3,1048.4,441.0
S501!,30/09/2026,11:46,1048.5,1049.0,1048.5,1048.9,241.0
S501!,30/09/2026,11:47,1048.9,1049.4,1048.9,1049.4,279.0
S501!,30/09/2026,11:48,1049.4,1049.7,1048.8,1048.8,432.0
S501!,30/09/2026,11:49,1048.7,1049.2,1048.6,1049.2,276.0
S501!,30/09/2026,11:50,1049.1,1049.1,1048.3,1048.4,441.0
S501!,30/09/2026,11:51,1048.3,1048.7,1048.3,1048.6,102.0
S501!,30/09/2026,11:52,1048.6,1048.9,1048.6,1048.9,55.0
S501!,30/09/2026,11:53,1048.9,1048.9,1048.7,1048.9,93.0
S501!,30/09/2026,11:54,1048.9,1048.9,1048.5,1048.5,144.0
S501!,30/09/2026,11:55,1048.4,1048.5,1048.0,1048.0,342.0
S501!,30/09/2026,11:56,1048.0,1048.4,1048.0,1048.3,374.0
S501!,30/09/2026,11:57,1048.2,1048.7,1048.2,1048.7,118.0
S501!,30/09/2026,11:58,1048.7,1048.7,1048.5,1048.5,45.0
S501!,30/09/2026,11:59,1048.6,1048.6,1048.1,1048.1,124.0
S501!,30/09/2026,12:00,1048.1,1048.2,1047.9,1048.0,443.0
S501!,30/09/2026,12:01,1048.0,1048.3,1047.4,1047.6,542.0
S501!,30/09/2026,12:02,1047.7,1047.7,1047.3,1047.4,261.0
S501!,30/09/2026,12:03,1047.4,1047.5,1046.5,1046.8,965.0
S501!,30/09/2026,12:04,1046.8,1046.8,1045.8,1046.0,1041.0
S501!,30/09/2026,12:05,1046.0,1047.2,1046.0,1047.2,555.0
S501!,30/09/2026,12:06,1047.3,1047.7,1047.1,1047.2,384.0
S501!,30/09/2026,12:07,1047.2,1047.2,1046.6,1046.8,272.0
S501!,30/09/2026,12:08,1046.9,1047.6,1046.9,1047.4,404.0
S501!,30/09/2026,12:09,1047.4,1047.7,1047.1,1047.6,123.0
S501!,30/09/2026,12:10,1047.7,1048.0,1047.6,1047.9,151.0
S501!,30/09/2026,12:11,1047.9,1048.2,1047.6,1047.7,425.0
S501!,30/09/2026,12:12,1047.7,1048.2,1047.7,1048.0,393.0
S501!,30/09/2026,12:13,1048.1,1048.1,1047.6,1047.6,175.0
S501!,30/09/2026,12:14,1047.5,1047.6,1047.5,1047.5,113.0
S501!,30/09/2026,12:15,1047.5,1047.8,1047.5,1047.6,156.0
S501!,30/09/2026,12:16,1047.6,1047.7,1046.7,1046.9,455.0
S501!,30/09/2026,12:17,1047.0,1047.2,1046.8,1046.9,135.0
S501!,30/09/2026,12:18,1046.9,1047.4,1046.8,1047.3,151.0
S501!,30/09/2026,12:19,1047.4,1047.4,1047.0,1047.1,128.0
S501!,30/09/2026,12:20,1047.0,1047.8,1047.0,1047.7,259.0
S501!,30/09/2026,12:21,1047.6,1047.8,1047.5,1047.5,123.0
S501!,30/09/2026,12:22,1047.5,1047.5,1047.1,1047.2,294.0
S501!,30/09/2026,12:23,1047.2,1047.3,1046.7,1047.0,318.0
S501!,30/09/2026,12:24,1047.0,1047.3,1046.7,1047.1,219.0
S501!,30/09/2026,12:25,1047.1,1047.2,1046.5,1046.5,257.0
S501!,30/09/2026,12:26,1046.5,1046.8,1046.2,1046.6,271.0
S501!,30/09/2026,12:27,1046.5,1046.8,1046.5,1046.6,178.0
S501!,30/09/2026,12:28,1046.7,1046.9,1046.5,1046.6,126.0
S501!,30/09/2026,12:29,1046.9,1046.9,1046.3,1046.9,379.0
S501!,30/09/2026,13:45,1047.0,1047.2,1046.8,1047.0,249.0
S501!,30/09/2026,13:46,1046.9,1046.9,1046.0,1046.6,861.0
S501!,30/09/2026,13:47,1046.7,1046.9,1046.3,1046.8,317.0
S501!,30/09/2026,13:48,1046.8,1047.2,1046.5,1046.8,222.0
S501!,30/09/2026,13:49,1046.8,1047.1,1046.6,1047.0,141.0
S501!,30/09/2026,13:50,1046.8,1047.3,1046.7,1047.2,206.0
S501!,30/09/2026,13:51,1046.9,1047.2,1046.7,1046.9,160.0
S501!,30/09/2026,13:52,1046.7,1047.2,1046.6,1047.2,206.0
S501!,30/09/2026,13:53,1047.0,1047.3,1046.8,1046.9,331.0
S501!,30/09/2026,13:54,1047.0,1047.0,1046.1,1046.2,449.0
S501!,30/09/2026,13:55,1046.2,1046.5,1046.0,1046.5,562.0
S501!,30/09/2026,13:56,1046.3,1046.6,1046.1,1046.2,216.0
S501!,30/09/2026,13:57,1046.2,1046.9,1046.0,1046.6,383.0
S501!,30/09/2026,13:58,1046.7,1047.0,1046.3,1046.5,218.0
S501!,30/09/2026,13:59,1046.4,1046.6,1045.9,1045.9,468.0
S501!,30/09/2026,14:00,1046.1,1046.1,1044.8,1045.1,1740.0
S501!,30/09/2026,14:01,1045.1,1045.6,1045.0,1045.1,470.0
S501!,30/09/2026,14:02,1045.1,1045.1,1044.5,1044.7,535.0
S501!,30/09/2026,14:03,1044.5,1044.8,1044.2,1044.4,571.0
S501!,30/09/2026,14:04,1044.5,1044.7,1044.2,1044.4,479.0
S501!,30/09/2026,14:05,1044.3,1044.6,1043.9,1044.0,935.0
S501!,30/09/2026,14:06,1043.9,1044.1,1043.5,1043.9,614.0
S501!,30/09/2026,14:07,1043.8,1044.1,1043.7,1044.1,491.0
S501!,30/09/2026,14:08,1043.9,1045.2,1043.9,1045.0,654.0
S501!,30/09/2026,14:09,1045.0,1046.0,1044.7,1045.5,462.0
S501!,30/09/2026,14:10,1045.6,1046.6,1045.4,1046.3,507.0
S501!,30/09/2026,14:11,1046.2,1047.3,1046.2,1046.3,598.0
S501!,30/09/2026,14:12,1046.5,1046.7,1046.1,1046.7,385.0
S501!,30/09/2026,14:13,1046.6,1047.1,1046.5,1046.6,211.0
S501!,30/09/2026,14:14,1046.6,1046.7,1046.1,1046.4,149.0
S501!,30/09/2026,14:15,1046.4,1046.6,1045.6,1046.3,796.0
S501!,30/09/2026,14:16,1046.3,1046.3,1045.0,1045.4,504.0
S501!,30/09/2026,14:17,1045.3,1045.9,1045.2,1045.5,214.0
S501!,30/09/2026,14:18,1045.7,1045.9,1045.4,1045.6,228.0
S501!,30/09/2026,14:19,1045.5,1045.6,1045.0,1045.2,165.0
S501!,30/09/2026,14:20,1045.2,1045.6,1044.8,1045.1,475.0
S501!,30/09/2026,14:21,1045.1,1045.1,1044.8,1045.0,153.0
S501!,30/09/2026,14:22,1045.0,1045.0,1044.7,1044.8,265.0
S501!,30/09/2026,14:23,1044.7,1044.7,1044.1,1044.2,596.0
S501!,30/09/2026,14:24,1044.1,1044.3,1043.6,1043.9,527.0
S501!,30/09/2026,14:25,1043.7,1044.2,1043.6,1043.9,345.0
S501!,30/09/2026,14:26,1044.0,1044.1,1043.5,1043.6,646.0
S501!,30/09/2026,14:27,1043.6,1043.7,1042.5,1043.1,1883.0
S501!,30/09/2026,14:28,1043.1,1043.7,1042.7,1043.6,768.0
S501!,30/09/2026,14:29,1043.5,1044.1,1043.3,1043.8,439.0
S501!,30/09/2026,14:30,1043.7,1044.9,1043.6,1044.9,655.0
S501!,30/09/2026,14:31,1044.9,1045.2,1044.2,1045.1,530.0
S501!,30/09/2026,14:32,1045.1,1045.1,1044.4,1044.7,385.0
S501!,30/09/2026,14:33,1044.6,1045.8,1044.5,1045.7,726.0
S501!,30/09/2026,14:34,1045.5,1045.6,1045.0,1045.2,169.0
S501!,30/09/2026,14:35,1045.1,1045.9,1045.0,1045.9,278.0
S501!,30/09/2026,14:36,1045.9,1046.0,1044.8,1045.0,370.0
S501!,30/09/2026,14:37,1044.9,1045.7,1044.8,1045.7,252.0
S501!,30/09/2026,14:38,1045.7,1045.8,1045.4,1045.4,120.0
S501!,30/09/2026,14:39,1045.4,1045.6,1045.3,1045.5,167.0
S501!,30/09/2026,14:40,1045.4,1046.2,1045.4,1046.2,292.0
S501!,30/09/2026,14:41,1046.2,1046.8,1046.2,1046.6,820.0
S501!,30/09/2026,14:42,1046.6,1046.9,1046.5,1046.6,390.0
S501!,30/09/2026,14:43,1046.7,1046.7,1046.5,1046.5,166.0
S501!,30/09/2026,14:44,1046.5,1047.0,1046.3,1046.9,341.0
S501!,30/09/2026,14:45,1046.8,1047.8,1046.8,1047.4,1026.0
S501!,30/09/2026,14:46,1047.3,1047.6,1047.1,1047.4,596.0
S501!,30/09/2026,14:47,1047.3,1047.4,1046.7,1047.1,442.0
S501!,30/09/2026,14:48,1047.0,1047.5,1047.0,1047.5,298.0
S501!,30/09/2026,14:49,1047.5,1047.6,1047.1,1047.2,342.0
S501!,30/09/2026,14:50,1047.2,1047.8,1047.2,1047.7,240.0
S501!,30/09/2026,14:51,1047.6,1048.0,1047.5,1047.5,568.0
S501!,30/09/2026,14:52,1047.5,1047.6,1046.8,1046.9,605.0
S501!,30/09/2026,14:53,1046.8,1047.0,1046.8,1046.9,147.0
S501!,30/09/2026,14:54,1046.8,1047.0,1046.3,1046.5,288.0
S501!,30/09/2026,14:55,1046.5,1046.8,1046.5,1046.6,239.0
S501!,30/09/2026,14:56,1046.5,1046.7,1046.2,1046.3,237.0
S501!,30/09/2026,14:57,1046.3,1046.6,1046.3,1046.3,88.0
S501!,30/09/2026,14:58,1046.3,1046.4,1046.0,1046.0,150.0
S501!,30/09/2026,14:59,1046.1,1046.2,1045.7,1045.9,501.0
S501!,30/09/2026,15:00,1046.0,1046.5,1045.9,1046.3,305.0
S501!,30/09/2026,15:01,1046.3,1046.7,1046.0,1046.7,275.0
S501!,30/09/2026,15:02,1046.6,1046.8,1046.4,1046.4,245.0
S501!,30/09/2026,15:03,1046.4,1046.9,1046.4,1046.9,144.0
S501!,30/09/2026,15:04,1046.9,1047.2,1046.9,1047.0,298.0
S501!,30/09/2026,15:05,1046.9,1047.1,1046.8,1047.0,233.0
S501!,30/09/2026,15:06,1046.9,1047.3,1046.9,1046.9,195.0
S501!,30/09/2026,15:07,1046.9,1047.1,1046.8,1046.8,136.0
S501!,30/09/2026,15:08,1046.9,1047.0,1046.7,1046.7,228.0
S501!,30/09/2026,15:09,1046.6,1046.7,1046.3,1046.4,112.0
S501!,30/09/2026,15:10,1046.4,1046.4,1046.1,1046.1,147.0
S501!,30/09/2026,15:11,1046.1,1046.2,1046.0,1046.1,256.0
S501!,30/09/2026,15:12,1046.2,1046.5,1046.1,1046.3,193.0
S501!,30/09/2026,15:13,1046.3,1046.5,1046.2,1046.4,106.0
S501!,30/09/2026,15:14,1046.2,1046.2,1045.4,1045.6,467.0
S501!,30/09/2026,15:15,1045.7,1046.0,1045.6,1045.9,287.0
S501!,30/09/2026,15:16,1045.9,1045.9,1045.6,1045.8,283.0
S501!,30/09/2026,15:17,1045.9,1046.0,1045.7,1045.8,145.0
S501!,30/09/2026,15:18,1045.8,1045.9,1045.5,1045.6,239.0
S501!,30/09/2026,15:19,1045.7,1045.9,1045.1,1045.2,659.0
S501!,30/09/2026,15:20,1045.1,1045.2,1045.0,1045.0,265.0
S501!,30/09/2026,15:21,1045.0,1045.3,1044.7,1045.3,393.0
S501!,30/09/2026,15:22,1045.3,1045.3,1045.0,1045.0,106.0
S501!,30/09/2026,15:23,1044.9,1045.0,1044.9,1045.0,117.0
S501!,30/09/2026,15:24,1045.0,1045.3,1045.0,1045.3,433.0
S501!,30/09/2026,15:25,1045.5,1045.5,1045.4,1045.4,40.0
S501!,30/09/2026,15:26,1045.5,1046.2,1045.5,1046.1,318.0
S501!,30/09/2026,15:27,1046.1,1046.4,1046.1,1046.4,282.0
S501!,30/09/2026,15:28,1046.3,1046.7,1046.3,1046.5,134.0
S501!,30/09/2026,15:29,1046.5,1046.5,1046.2,1046.3,80.0
S501!,30/09/2026,15:30,1046.3,1046.4,1045.8,1045.8,239.0
S501!,30/09/2026,15:31,1045.8,1046.0,1045.7,1046.0,96.0
S501!,30/09/2026,15:32,1046.0,1046.3,1046.0,1046.0,158.0
S501!,30/09/2026,15:33,1045.9,1046.3,1045.8,1046.2,227.0
S501!,30/09/2026,15:34,1046.2,1046.6,1046.2,1046.3,277.0
S501!,30/09/2026,15:35,1046.3,1046.7,1046.2,1046.7,133.0
S501!,30/09/2026,15:36,1046.7,1046.9,1046.7,1046.7,235.0
S501!,30/09/2026,15:37,1046.7,1046.9,1046.6,1046.7,191.0
S501!,30/09/2026,15:38,1046.8,1046.8,1046.5,1046.8,303.0
S501!,30/09/2026,15:39,1046.8,1047.0,1046.6,1046.7,261.0
S501!,30/09/2026,15:40,1046.5,1047.4,1046.5,1047.2,510.0
S501!,30/09/2026,15:41,1047.2,1047.3,1047.0,1047.3,129.0
S501!,30/09/2026,15:42,1047.3,1047.3,1047.0,1047.1,359.0
S501!,30/09/2026,15:43,1047.0,1047.0,1046.8,1046.8,151.0
S501!,30/09/2026,15:44,1046.8,1046.9,1046.7,1046.9,194.0
S501!,30/09/2026,15:45,1046.8,1047.2,1046.6,1046.6,338.0
S501!,30/09/2026,15:46,1046.5,1047.1,1046.5,1046.7,152.0
S501!,30/09/2026,15:47,1046.7,1046.7,1046.1,1046.2,283.0
S501!,30/09/2026,15:48,1046.2,1046.4,1046.1,1046.2,136.0
S501!,30/09/2026,15:49,1046.3,1046.3,1046.0,1046.1,71.0
S501!,30/09/2026,15:50,1046.1,1046.5,1046.0,1046.5,178.0
S501!,30/09/2026,15:51,1046.5,1046.6,1046.2,1046.2,115.0
S501!,30/09/2026,15:52,1046.1,1046.5,1046.1,1046.5,203.0
S501!,30/09/2026,15:53,1046.5,1046.7,1046.4,1046.4,47.0
S501!,30/09/2026,15:54,1046.5,1046.5,1045.8,1046.0,357.0
S501!,30/09/2026,15:55,1045.9,1046.3,1045.9,1046.3,320.0
S501!,30/09/2026,15:56,1046.4,1046.5,1046.3,1046.4,116.0
S501!,30/09/2026,15:57,1046.4,1046.5,1046.1,1046.3,168.0
S501!,30/09/2026,15:58,1046.2,1046.4,1046.0,1046.1,118.0
S501!,30/09/2026,15:59,1046.0,1046.1,1045.5,1045.8,497.0
S501!,30/09/2026,16:00,1045.9,1046.3,1045.9,1046.3,244.0
S501!,30/09/2026,16:01,1046.2,1046.4,1045.8,1046.0,308.0
S501!,30/09/2026,16:02,1046.0,1046.3,1045.6,1045.8,326.0
S501!,30/09/2026,16:03,1045.8,1046.0,1045.7,1045.7,176.0
S501!,30/09/2026,16:04,1045.8,1045.9,1045.6,1045.7,156.0
S501!,30/09/2026,16:05,1045.7,1045.8,1045.2,1045.3,498.0
S501!,30/09/2026,16:06,1045.3,1045.5,1045.2,1045.2,382.0
S501!,30/09/2026,16:07,1045.2,1045.3,1044.9,1045.1,534.0
S501!,30/09/2026,16:08,1045.0,1045.1,1044.6,1044.6,411.0
S501!,30/09/2026,16:09,1044.6,1044.8,1044.5,1044.7,279.0
S501!,30/09/2026,16:10,1044.6,1045.1,1044.6,1045.0,281.0
S501!,30/09/2026,16:11,1045.1,1046.1,1044.9,1045.8,697.0
S501!,30/09/2026,16:12,1045.7,1046.1,1045.7,1045.7,296.0
S501!,30/09/2026,16:13,1045.7,1045.9,1045.5,1045.5,167.0
S501!,30/09/2026,16:14,1045.5,1045.8,1045.2,1045.6,311.0
S501!,30/09/2026,16:15,1045.5,1046.0,1044.7,1044.7,707.0
S501!,30/09/2026,16:16,1044.7,1045.0,1044.5,1044.6,257.0
S501!,30/09/2026,16:17,1044.5,1044.7,1044.0,1044.3,746.0
S501!,30/09/2026,16:18,1044.3,1044.5,1044.1,1044.2,188.0
S501!,30/09/2026,16:19,1044.5,1044.6,1044.0,1044.1,515.0
S501!,30/09/2026,16:20,1044.1,1044.4,1043.7,1044.0,513.0
S501!,30/09/2026,16:21,1044.0,1044.4,1043.6,1043.6,542.0
S501!,30/09/2026,16:22,1043.6,1044.1,1043.5,1044.1,439.0
S501!,30/09/2026,16:23,1043.9,1044.0,1043.8,1043.9,219.0
S501!,30/09/2026,16:24,1044.0,1044.5,1043.9,1044.1,501.0
S501!,30/09/2026,16:25,1044.2,1044.4,1044.0,1044.0,383.0
S501!,30/09/2026,16:26,1044.0,1044.2,1043.5,1043.5,445.0
S501!,30/09/2026,16:27,1043.5,1044.1,1043.5,1043.8,441.0
S501!,30/09/2026,16:28,1043.7,1044.0,1043.5,1043.7,425.0
S501!,30/09/2026,16:29,1043.7,1044.0,1043.4,1043.9,744.0
S501!,30/09/2026,16:30,1043.7,1044.3,1043.7,1044.3,816.0
S501!,30/09/2026,16:31,1044.3,1044.4,1043.5,1043.7,729.0
S501!,30/09/2026,16:32,1043.7,1044.3,1043.0,1043.3,1115.0
S501!,30/09/2026,16:33,1043.3,1043.6,1043.0,1043.5,935.0
S501!,30/09/2026,16:34,1043.5,1043.5,1042.8,1043.0,622.0
S501!,30/09/2026,16:35,1043.0,1043.9,1042.9,1043.0,1009.0
S501!,30/09/2026,16:36,1043.0,1043.1,1041.1,1041.6,2546.0
S501!,30/09/2026,16:37,1041.7,1042.0,1040.3,1040.4,1716.0
S501!,30/09/2026,16:38,1040.5,1041.2,1040.4,1040.9,578.0
S501!,30/09/2026,16:39,1040.9,1041.6,1040.7,1041.2,512.0
S501!,30/09/2026,16:40,1041.1,1041.4,1040.7,1040.7,635.0
S501!,30/09/2026,16:41,1040.7,1041.2,1040.5,1040.6,628.0
S501!,30/09/2026,16:42,1040.6,1041.1,1040.5,1040.9,554.0
S501!,30/09/2026,16:43,1040.9,1041.1,1040.8,1040.9,521.0
S501!,30/09/2026,16:44,1041.0,1041.4,1040.8,1041.0,452.0
S501!,30/09/2026,16:45,1041.1,1041.6,1041.1,1041.6,720.0
S501!,30/09/2026,16:46,1041.7,1042.6,1041.5,1042.6,812.0
S501!,30/09/2026,16:47,1042.5,1042.7,1042.1,1042.1,424.0
S501!,30/09/2026,16:48,1042.3,1042.3,1041.9,1042.0,472.0
S501!,30/09/2026,16:49,1042.0,1042.2,1041.6,1041.7,415.0
S501!,30/09/2026,16:50,1041.7,1042.0,1041.5,1041.9,438.0
S501!,30/09/2026,16:51,1041.9,1041.9,1041.4,1041.4,571.0
S501!,30/09/2026,16:52,1041.5,1041.7,1041.2,1041.4,599.0
S501!,30/09/2026,16:53,1041.5,1042.0,1041.4,1041.9,1050.0
S501!,30/09/2026,16:54,1042.0,1042.0,1041.7,1041.9,1161.0
S501!,01/10/2026,09:45,1044.2,1046.9,1043.5,1046.5,4006.0
S501!,01/10/2026,09:46,1046.3,1046.5,1041.1,1043.0,2273.0
S501!,01/10/2026,09:47,1042.9,1045.0,1042.2,1044.6,1585.0
S501!,01/10/2026,09:48,1044.6,1046.6,1044.6,1045.7,1224.0
S501!,01/10/2026,09:49,1045.8,1046.6,1045.5,1046.1,1127.0
S501!,01/10/2026,09:50,1046.0,1046.2,1044.2,1044.3,1129.0
S501!,01/10/2026,09:51,1044.4,1046.5,1044.3,1046.1,1005.0
S501!,01/10/2026,09:52,1046.1,1046.1,1045.1,1045.4,839.0
S501!,01/10/2026,09:53,1045.2,1045.5,1044.7,1045.2,388.0
S501!,01/10/2026,09:54,1045.2,1045.3,1044.9,1045.3,445.0
S501!,01/10/2026,09:55,1045.3,1045.3,1044.7,1045.1,605.0
S501!,01/10/2026,09:56,1045.0,1045.5,1043.7,1044.1,1594.0
S501!,01/10/2026,09:57,1044.1,1045.8,1043.9,1045.8,901.0
S501!,01/10/2026,09:58,1045.7,1047.3,1045.7,1047.3,1216.0
S501!,01/10/2026,09:59,1047.3,1048.0,1046.4,1046.8,1635.0
S501!,01/10/2026,10:00,1046.8,1046.8,1044.6,1046.0,2350.0
S501!,01/10/2026,10:01,1045.9,1047.5,1045.7,1047.4,1446.0
S501!,01/10/2026,10:02,1047.3,1047.4,1045.9,1047.0,1036.0
S501!,01/10/2026,10:03,1046.8,1046.9,1046.0,1046.7,714.0
S501!,01/10/2026,10:04,1046.7,1047.5,1046.6,1047.4,960.0
S501!,01/10/2026,10:05,1047.3,1047.4,1045.1,1045.6,1118.0
S501!,01/10/2026,10:06,1045.5,1046.6,1045.5,1045.7,730.0
S501!,01/10/2026,10:07,1045.7,1046.1,1045.3,1045.6,676.0
S501!,01/10/2026,10:08,1045.5,1046.3,1045.5,1045.8,506.0
S501!,01/10/2026,10:09,1045.9,1046.4,1045.8,1046.0,872.0
S501!,01/10/2026,10:10,1045.9,1046.3,1045.3,1045.3,853.0
S501!,01/10/2026,10:11,1045.3,1045.3,1042.4,1043.3,2376.0
S501!,01/10/2026,10:12,1043.4,1044.0,1042.7,1043.0,880.0
S501!,01/10/2026,10:13,1043.0,1043.6,1042.6,1042.9,1051.0
S501!,01/10/2026,10:14,1042.9,1042.9,1040.5,1040.7,2529.0
S501!,01/10/2026,10:15,1040.8,1040.9,1038.4,1038.4,2977.0
S501!,01/10/2026,10:16,1038.4,1038.5,1037.6,1037.9,2195.0
S501!,01/10/2026,10:17,1037.7,1038.0,1037.4,1037.9,1021.0
S501!,01/10/2026,10:18,1037.9,1039.1,1037.9,1038.9,1174.0
S501!,01/10/2026,10:19,1038.9,1040.3,1038.9,1040.2,946.0
S501!,01/10/2026,10:20,1040.3,1042.0,1040.0,1041.1,1635.0
S501!,01/10/2026,10:21,1041.1,1043.0,1041.1,1042.4,1738.0
S501!,01/10/2026,10:22,1042.3,1042.7,1041.5,1041.7,1138.0
S501!,01/10/2026,10:23,1041.7,1042.2,1041.6,1041.9,676.0
S501!,01/10/2026,10:24,1041.9,1043.0,1041.6,1042.8,765.0
S501!,01/10/2026,10:25,1042.7,1042.8,1042.1,1042.1,534.0
S501!,01/10/2026,10:26,1042.0,1042.2,1041.8,1042.0,285.0
S501!,01/10/2026,10:27,1042.0,1042.0,1040.5,1040.7,1213.0
S501!,01/10/2026,10:28,1040.6,1041.3,1040.0,1041.1,1000.0
S501!,01/10/2026,10:29,1041.1,1041.7,1040.9,1041.7,376.0
S501!,01/10/2026,10:30,1041.7,1041.7,1040.9,1041.0,421.0
S501!,01/10/2026,10:31,1040.9,1041.2,1040.5,1041.2,522.0
S501!,01/10/2026,10:32,1041.2,1041.8,1041.2,1041.8,354.0
S501!,01/10/2026,10:33,1041.7,1042.2,1041.5,1041.7,643.0
S501!,01/10/2026,10:34,1041.6,1041.7,1041.1,1041.3,439.0
S501!,01/10/2026,10:35,1041.4,1041.8,1041.1,1041.7,370.0
S501!,01/10/2026,10:36,1041.7,1042.0,1041.5,1042.0,438.0
S501!,01/10/2026,10:37,1042.0,1042.2,1041.9,1042.2,257.0
S501!,01/10/2026,10:38,1042.3,1042.4,1041.1,1041.3,679.0
S501!,01/10/2026,10:39,1041.4,1042.4,1041.2,1042.4,249.0
S501!,01/10/2026,10:40,1042.4,1043.0,1042.0,1042.2,941.0
S501!,01/10/2026,10:41,1042.1,1042.9,1042.1,1042.9,270.0
S501!,01/10/2026,10:42,1042.8,1042.8,1042.0,1042.6,358.0
S501!,01/10/2026,10:43,1042.7,1043.0,1042.4,1043.0,253.0
S501!,01/10/2026,10:44,1043.0,1043.2,1042.6,1042.7,745.0
S501!,01/10/2026,10:45,1042.9,1044.9,1042.8,1044.8,1400.0
S501!,01/10/2026,10:46,1044.6,1045.1,1044.1,1044.2,871.0
S501!,01/10/2026,10:47,1044.1,1044.6,1044.0,1044.5,402.0
S501!,01/10/2026,10:48,1044.5,1044.5,1043.6,1043.8,498.0
S501!,01/10/2026,10:49,1043.9,1044.2,1043.0,1043.1,419.0
S501!,01/10/2026,10:50,1043.1,1043.7,1042.8,1043.0,418.0
S501!,01/10/2026,10:51,1043.0,1043.2,1042.6,1042.6,458.0
S501!,01/10/2026,10:52,1042.6,1043.4,1042.5,1043.4,399.0
S501!,01/10/2026,10:53,1043.4,1043.7,1042.8,1043.6,327.0
S501!,01/10/2026,10:54,1043.6,1043.7,1043.3,1043.5,262.0
S501!,01/10/2026,10:55,1043.5,1044.1,1043.3,1043.4,406.0
S501!,01/10/2026,10:56,1043.4,1043.7,1043.3,1043.4,394.0
S501!,01/10/2026,10:57,1043.4,1044.0,1043.4,1043.9,370.0
S501!,01/10/2026,10:58,1044.0,1044.0,1043.5,1043.7,549.0
S501!,01/10/2026,10:59,1043.7,1044.2,1043.6,1044.1,355.0
S501!,01/10/2026,11:00,1044.2,1044.2,1043.4,1043.8,311.0
S501!,01/10/2026,11:01,1043.9,1044.3,1043.6,1044.0,512.0
S501!,01/10/2026,11:02,1044.0,1044.2,1043.9,1044.0,241.0
S501!,01/10/2026,11:03,1043.9,1044.1,1043.8,1044.1,200.0
S501!,01/10/2026,11:04,1044.1,1044.2,1043.9,1044.2,334.0
S501!,01/10/2026,11:05,1044.3,1044.4,1044.1,1044.3,406.0
S501!,01/10/2026,11:06,1044.2,1044.2,1043.3,1043.3,363.0
S501!,01/10/2026,11:07,1043.4,1043.6,1043.2,1043.4,318.0
S501!,01/10/2026,11:08,1043.4,1043.4,1043.2,1043.4,161.0
S501!,01/10/2026,11:09,1043.3,1043.5,1043.1,1043.3,217.0
S501!,01/10/2026,11:10,1043.3,1043.4,1043.1,1043.1,107.0
S501!,01/10/2026,11:11,1043.1,1043.3,1042.8,1043.3,339.0
S501!,01/10/2026,11:12,1043.2,1043.7,1043.2,1043.4,208.0
S501!,01/10/2026,11:13,1043.5,1044.1,1043.4,1044.0,335.0
S501!,01/10/2026,11:14,1044.0,1044.0,1043.4,1043.5,470.0
S501!,01/10/2026,11:15,1043.5,1043.5,1042.9,1042.9,235.0
S501!,01/10/2026,11:16,1042.9,1043.0,1042.1,1042.1,546.0
S501!,01/10/2026,11:17,1042.2,1042.3,1041.5,1041.9,687.0
S501!,01/10/2026,11:18,1041.7,1042.4,1041.7,1042.4,510.0
S501!,01/10/2026,11:19,1042.4,1042.9,1042.4,1042.8,336.0
S501!,01/10/2026,11:20,1042.9,1043.2,1042.9,1043.2,305.0
S501!,01/10/2026,11:21,1043.1,1043.5,1043.1,1043.5,163.0
S501!,01/10/2026,11:22,1043.4,1043.4,1042.8,1043.4,475.0
S501!,01/10/2026,11:23,1043.3,1043.8,1043.0,1043.7,321.0
S501!,01/10/2026,11:24,1043.6,1043.9,1043.3,1043.9,268.0
S501!,01/10/2026,11:25,1043.8,1043.9,1043.7,1043.9,240.0
S501!,01/10/2026,11:26,1043.8,1043.9,1043.3,1043.7,281.0
S501!,01/10/2026,11:27,1043.7,1043.8,1043.5,1043.6,122.0
S501!,01/10/2026,11:28,1043.6,1044.0,1043.6,1044.0,126.0
S501!,01/10/2026,11:29,1044.0,1044.2,1043.9,1044.1,195.0
S501!,01/10/2026,11:30,1044.2,1044.3,1044.1,1044.3,134.0
S501!,01/10/2026,11:31,1044.3,1044.5,1044.3,1044.5,169.0
S501!,01/10/2026,11:32,1044.5,1044.5,1044.0,1044.3,228.0
S501!,01/10/2026,11:33,1044.4,1044.4,1044.1,1044.2,168.0
S501!,01/10/2026,11:34,1044.3,1044.8,1044.3,1044.7,277.0
S501!,01/10/2026,11:35,1044.7,1045.3,1044.5,1045.0,820.0
S501!,01/10/2026,11:36,1045.1,1045.1,1044.7,1045.0,212.0
S501!,01/10/2026,11:37,1044.9,1045.1,1044.8,1045.0,177.0
S501!,01/10/2026,11:38,1045.0,1045.1,1044.8,1044.8,184.0
S501!,01/10/2026,11:39,1044.8,1045.0,1044.6,1044.9,187.0
S501!,01/10/2026,11:40,1044.9,1044.9,1044.5,1044.6,197.0
S501!,01/10/2026,11:41,1044.8,1045.0,1044.5,1044.6,171.0
S501!,01/10/2026,11:42,1044.7,1045.2,1044.5,1045.0,256.0
S501!,01/10/2026,11:43,1044.9,1045.1,1044.4,1044.5,202.0
S501!,01/10/2026,11:44,1044.5,1044.9,1044.5,1044.6,181.0
S501!,01/10/2026,11:45,1044.6,1044.9,1044.4,1044.4,194.0
S501!,01/10/2026,11:46,1044.5,1045.2,1044.3,1045.2,197.0
S501!,01/10/2026,11:47,1045.1,1045.4,1044.9,1045.2,300.0
S501!,01/10/2026,11:48,1045.2,1045.3,1044.9,1045.3,225.0
S501!,01/10/2026,11:49,1045.2,1045.4,1045.0,1045.0,210.0
S501!,01/10/2026,11:50,1045.0,1045.2,1044.7,1045.2,208.0
S501!,01/10/2026,11:51,1045.1,1045.2,1045.0,1045.0,187.0
S501!,01/10/2026,11:52,1045.0,1045.2,1044.9,1045.0,122.0
S501!,01/10/2026,11:53,1045.0,1045.2,1045.0,1045.0,159.0
S501!,01/10/2026,11:54,1045.0,1045.0,1044.9,1044.9,66.0
S501!,01/10/2026,11:55,1045.0,1045.7,1044.9,1045.5,580.0
S501!,01/10/2026,11:56,1045.4,1045.5,1045.3,1045.4,222.0
S501!,01/10/2026,11:57,1045.4,1045.4,1045.1,1045.2,119.0
S501!,01/10/2026,11:58,1045.3,1045.3,1044.6,1044.7,335.0
S501!,01/10/2026,11:59,1044.8,1044.9,1044.2,1044.7,343.0
S501!,01/10/2026,12:00,1044.7,1045.0,1044.6,1044.8,166.0
S501!,01/10/2026,12:01,1044.9,1045.1,1044.8,1045.1,128.0
S501!,01/10/2026,12:02,1045.0,1045.3,1044.9,1045.0,147.0
S501!,01/10/2026,12:03,1044.9,1045.2,1044.9,1045.2,212.0
S501!,01/10/2026,12:04,1045.2,1045.2,1044.9,1045.0,171.0
S501!,01/10/2026,12:05,1044.9,1045.3,1044.7,1045.1,119.0
S501!,01/10/2026,12:06,1045.2,1046.3,1045.1,1045.8,936.0
S501!,01/10/2026,12:07,1045.8,1046.0,1045.5,1045.8,246.0
S501!,01/10/2026,12:08,1045.8,1046.1,1045.1,1045.8,524.0
S501!,01/10/2026,12:09,1045.9,1046.3,1045.8,1046.2,153.0
S501!,01/10/2026,12:10,1046.2,1046.2,1045.8,1045.8,209.0
S501!,01/10/2026,12:11,1045.7,1046.0,1045.4,1045.9,313.0
S501!,01/10/2026,12:12,1046.0,1046.2,1045.8,1046.0,272.0
S501!,01/10/2026,12:13,1046.1,1046.3,1045.9,1045.9,302.0
S501!,01/10/2026,12:14,1045.9,1046.2,1045.9,1046.1,218.0
S501!,01/10/2026,12:15,1046.1,1046.2,1045.9,1046.2,153.0
S501!,01/10/2026,12:16,1046.2,1046.5,1046.1,1046.3,302.0
S501!,01/10/2026,12:17,1046.3,1046.5,1046.0,1046.4,520.0
S501!,01/10/2026,12:18,1046.4,1046.5,1046.3,1046.4,185.0
S501!,01/10/2026,12:19,1046.4,1046.5,1046.3,1046.3,171.0
S501!,01/10/2026,12:20,1046.3,1046.5,1045.9,1046.2,347.0
S501!,01/10/2026,12:21,1046.2,1046.5,1046.1,1046.4,128.0
S501!,01/10/2026,12:22,1046.5,1046.6,1046.2,1046.5,166.0
S501!,01/10/2026,12:23,1046.5,1046.5,1046.2,1046.4,186.0
S501!,01/10/2026,12:24,1046.5,1046.6,1045.8,1045.9,301.0
S501!,01/10/2026,12:25,1046.0,1046.3,1045.9,1046.1,155.0
S501!,01/10/2026,12:26,1046.2,1046.2,1045.9,1046.0,182.0
S501!,01/10/2026,12:27,1046.0,1046.1,1045.9,1046.0,126.0
S501!,01/10/2026,12:28,1046.0,1046.5,1046.0,1046.3,170.0
S501!,01/10/2026,12:29,1046.3,1046.4,1046.1,1046.3,219.0
S501!,01/10/2026,13:45,1045.9,1046.3,1045.0,1045.3,1133.0
S501!,01/10/2026,13:46,1045.4,1045.6,1044.8,1045.0,431.0
S501!,01/10/2026,13:47,1045.0,1045.0,1044.5,1044.7,425.0
S501!,01/10/2026,13:48,1044.8,1045.6,1044.7,1045.5,149.0
S501!,01/10/2026,13:49,1045.5,1045.5,1044.7,1044.8,201.0
S501!,01/10/2026,13:50,1044.9,1044.9,1044.5,1044.6,170.0
S501!,01/10/2026,13:51,1044.6,1045.1,1044.6,1045.1,196.0
S501!,01/10/2026,13:52,1045.1,1045.1,1044.7,1044.8,134.0
S501!,01/10/2026,13:53,1044.8,1044.9,1044.5,1044.6,259.0
S501!,01/10/2026,13:54,1044.6,1044.7,1044.5,1044.7,178.0
S501!,01/10/2026,13:55,1044.7,1044.9,1044.6,1044.6,206.0
S501!,01/10/2026,13:56,1044.6,1044.6,1044.2,1044.4,288.0
S501!,01/10/2026,13:57,1044.5,1044.5,1043.7,1043.7,297.0
S501!,01/10/2026,13:58,1043.8,1043.9,1043.5,1043.5,344.0
S501!,01/10/2026,13:59,1043.4,1043.6,1043.2,1043.5,311.0
S501!,01/10/2026,14:00,1043.6,1044.5,1043.2,1044.2,849.0
S501!,01/10/2026,14:01,1044.2,1044.3,1043.8,1043.9,653.0
S501!,01/10/2026,14:02,1044.0,1044.1,1043.4,1043.4,222.0
S501!,01/10/2026,14:03,1043.4,1043.6,1043.3,1043.4,248.0
S501!,01/10/2026,14:04,1043.3,1043.3,1042.8,1042.9,412.0
S501!,01/10/2026,14:05,1043.0,1043.8,1043.0,1043.5,437.0
S501!,01/10/2026,14:06,1043.5,1044.0,1043.3,1043.9,271.0
S501!,01/10/2026,14:07,1043.9,1043.9,1043.3,1043.5,219.0
S501!,01/10/2026,14:08,1043.5,1043.8,1043.5,1043.8,144.0
S501!,01/10/2026,14:09,1043.8,1043.8,1043.6,1043.6,129.0
S501!,01/10/2026,14:10,1043.7,1043.8,1043.4,1043.6,380.0
S501!,01/10/2026,14:11,1043.7,1043.9,1043.7,1043.8,158.0
S501!,01/10/2026,14:12,1043.7,1043.7,1043.1,1043.2,346.0
S501!,01/10/2026,14:13,1043.1,1043.4,1042.9,1043.1,241.0
S501!,01/10/2026,14:14,1043.1,1043.3,1042.3,1042.3,551.0
S501!,01/10/2026,14:15,1042.4,1042.9,1042.0,1042.8,656.0
S501!,01/10/2026,14:16,1042.7,1042.8,1042.5,1042.6,244.0
S501!,01/10/2026,14:17,1042.7,1042.7,1042.3,1042.3,237.0
S501!,01/10/2026,14:18,1042.4,1042.7,1042.2,1042.4,303.0
S501!,01/10/2026,14:19,1042.5,1042.8,1042.5,1042.8,184.0
S501!,01/10/2026,14:20,1042.8,1043.1,1042.5,1042.6,312.0
S501!,01/10/2026,14:21,1042.7,1042.8,1042.3,1042.5,493.0
S501!,01/10/2026,14:22,1042.5,1042.7,1042.2,1042.4,364.0
S501!,01/10/2026,14:23,1042.4,1042.4,1042.0,1042.2,293.0
S501!,01/10/2026,14:24,1042.1,1042.2,1041.8,1041.8,446.0
S501!,01/10/2026,14:25,1041.8,1042.0,1041.7,1041.7,431.0
S501!,01/10/2026,14:26,1041.7,1041.8,1041.2,1041.3,616.0
S501!,01/10/2026,14:27,1041.2,1041.6,1041.1,1041.4,507.0
S501!,01/10/2026,14:28,1041.4,1041.6,1041.3,1041.4,362.0
S501!,01/10/2026,14:29,1041.5,1042.0,1041.4,1042.0,364.0
S501!,01/10/2026,14:30,1041.9,1042.7,1041.9,1042.3,546.0
S501!,01/10/2026,14:31,1042.2,1042.8,1042.2,1042.8,403.0
S501!,01/10/2026,14:32,1042.7,1043.2,1042.7,1043.1,321.0
S501!,01/10/2026,14:33,1043.2,1043.6,1043.2,1043.5,278.0
S501!,01/10/2026,14:34,1043.6,1043.8,1043.5,1043.6,347.0
S501!,01/10/2026,14:35,1043.6,1043.8,1043.5,1043.7,280.0
S501!,01/10/2026,14:36,1043.7,1043.8,1043.6,1043.8,176.0
S501!,01/10/2026,14:37,1043.8,1043.8,1043.2,1043.2,186.0
S501!,01/10/2026,14:38,1043.2,1043.5,1043.1,1043.4,293.0
S501!,01/10/2026,14:39,1043.5,1043.5,1043.0,1043.0,196.0
S501!,01/10/2026,14:40,1043.1,1043.1,1042.6,1042.8,235.0
S501!,01/10/2026,14:41,1042.8,1042.8,1042.6,1042.7,207.0
S501!,01/10/2026,14:42,1042.7,1042.9,1042.6,1042.6,256.0
S501!,01/10/2026,14:43,1042.5,1042.8,1042.4,1042.4,179.0
S501!,01/10/2026,14:44,1042.4,1042.5,1042.0,1042.3,522.0
S501!,01/10/2026,14:45,1042.3,1042.6,1042.3,1042.6,157.0
S501!,01/10/2026,14:46,1042.6,1042.6,1042.3,1042.4,208.0
S501!,01/10/2026,14:47,1042.4,1042.5,1042.2,1042.4,348.0
S501!,01/10/2026,14:48,1042.3,1042.6,1042.2,1042.2,503.0
S501!,01/10/2026,14:49,1042.2,1042.5,1042.2,1042.5,236.0
S501!,01/10/2026,14:50,1042.6,1043.1,1042.5,1043.1,407.0
S501!,01/10/2026,14:51,1043.0,1043.4,1042.9,1043.2,208.0
S501!,01/10/2026,14:52,1043.1,1043.1,1042.2,1042.5,335.0
S501!,01/10/2026,14:53,1042.6,1043.2,1042.5,1043.0,216.0
S501!,01/10/2026,14:54,1043.0,1043.3,1043.0,1043.2,204.0
S501!,01/10/2026,14:55,1043.1,1043.3,1043.1,1043.1,116.0
S501!,01/10/2026,14:56,1043.1,1043.3,1043.0,1043.1,187.0
S501!,01/10/2026,14:57,1042.9,1042.9,1042.3,1042.4,200.0
S501!,01/10/2026,14:58,1042.4,1042.5,1042.2,1042.3,144.0
S501!,01/10/2026,14:59,1042.3,1042.5,1042.1,1042.1,227.0
S501!,01/10/2026,15:00,1042.1,1042.2,1041.7,1042.0,381.0
S501!,01/10/2026,15:01,1042.0,1042.1,1041.9,1042.1,146.0
S501!,01/10/2026,15:02,1042.2,1042.9,1042.1,1042.7,232.0
S501!,01/10/2026,15:03,1042.7,1042.8,1042.5,1042.5,125.0
S501!,01/10/2026,15:04,1042.5,1042.5,1042.3,1042.5,121.0
S501!,01/10/2026,15:05,1042.6,1042.6,1042.3,1042.3,103.0
S501!,01/10/2026,15:06,1042.3,1042.6,1042.3,1042.6,92.0
S501!,01/10/2026,15:07,1042.4,1042.5,1042.1,1042.2,205.0
S501!,01/10/2026,15:08,1042.2,1042.2,1041.7,1041.8,231.0
S501!,01/10/2026,15:09,1041.9,1042.0,1041.6,1041.7,202.0
S501!,01/10/2026,15:10,1041.6,1041.8,1041.5,1041.7,290.0
S501!,01/10/2026,15:11,1041.6,1041.8,1041.5,1041.7,116.0
S501!,01/10/2026,15:12,1041.6,1041.6,1040.9,1041.2,794.0
S501!,01/10/2026,15:13,1041.2,1041.3,1041.1,1041.2,65.0
S501!,01/10/2026,15:14,1041.2,1041.2,1040.9,1040.9,380.0
S501!,01/10/2026,15:15,1041.0,1041.0,1040.7,1040.9,282.0
S501!,01/10/2026,15:16,1040.8,1041.0,1040.7,1040.9,136.0
S501!,01/10/2026,15:17,1040.9,1041.2,1040.8,1041.2,300.0
S501!,01/10/2026,15:18,1041.3,1041.6,1041.3,1041.6,211.0
S501!,01/10/2026,15:19,1041.5,1041.7,1041.4,1041.4,369.0
S501!,01/10/2026,15:20,1041.4,1041.5,1041.4,1041.4,68.0
S501!,01/10/2026,15:21,1041.4,1041.4,1041.2,1041.2,220.0
S501!,01/10/2026,15:22,1041.2,1041.5,1040.9,1041.5,414.0
S501!,01/10/2026,15:23,1041.5,1042.0,1041.4,1041.8,438.0
S501!,01/10/2026,15:24,1041.8,1042.0,1041.5,1041.5,404.0
S501!,01/10/2026,15:25,1041.5,1041.5,1041.2,1041.4,238.0
S501!,01/10/2026,15:26,1041.5,1042.0,1041.5,1042.0,252.0
S501!,01/10/2026,15:27,1041.9,1042.2,1041.7,1041.8,382.0
S501!,01/10/2026,15:28,1041.8,1041.8,1041.1,1041.1,142.0
S501!,01/10/2026,15:29,1041.1,1041.1,1040.7,1040.8,129.0
S501!,01/10/2026,15:30,1040.8,1040.9,1040.2,1040.3,527.0
S501!,01/10/2026,15:31,1040.5,1040.6,1039.8,1040.0,801.0
S501!,01/10/2026,15:32,1039.9,1040.1,1039.5,1039.6,462.0
S501!,01/10/2026,15:33,1039.7,1040.1,1039.6,1039.9,229.0
S501!,01/10/2026,15:34,1039.9,1040.7,1039.8,1040.7,437.0
S501!,01/10/2026,15:35,1040.7,1041.0,1040.5,1040.6,485.0
S501!,01/10/2026,15:36,1040.5,1040.6,1040.0,1040.0,170.0
S501!,01/10/2026,15:37,1040.1,1040.4,1040.0,1040.3,714.0
S501!,01/10/2026,15:38,1040.3,1040.4,1040.0,1040.0,200.0
S501!,01/10/2026,15:39,1040.1,1040.2,1039.8,1039.8,170.0
S501!,01/10/2026,15:40,1039.9,1040.3,1039.8,1039.9,222.0
S501!,01/10/2026,15:41,1039.9,1040.1,1039.8,1040.0,317.0
S501!,01/10/2026,15:42,1040.0,1040.8,1040.0,1040.6,407.0
S501!,01/10/2026,15:43,1040.6,1040.7,1040.3,1040.3,83.0
S501!,01/10/2026,15:44,1040.3,1040.5,1040.2,1040.4,277.0
S501!,01/10/2026,15:45,1040.3,1040.4,1040.1,1040.1,134.0
S501!,01/10/2026,15:46,1040.0,1040.6,1039.9,1040.6,269.0
S501!,01/10/2026,15:47,1040.4,1040.5,1040.3,1040.5,89.0
S501!,01/10/2026,15:48,1040.5,1040.5,1040.3,1040.5,19.0
S501!,01/10/2026,15:49,1040.5,1040.8,1040.5,1040.7,223.0
S501!,01/10/2026,15:50,1040.8,1041.4,1040.7,1041.4,427.0
S501!,01/10/2026,15:51,1041.5,1041.7,1041.3,1041.7,385.0
S501!,01/10/2026,15:52,1041.7,1042.5,1041.7,1042.2,689.0
S501!,01/10/2026,15:53,1042.1,1042.2,1041.9,1042.1,183.0
S501!,01/10/2026,15:54,1042.0,1042.1,1041.8,1041.9,111.0
S501!,01/10/2026,15:55,1041.9,1041.9,1041.7,1041.8,191.0
S501!,01/10/2026,15:56,1041.9,1042.1,1041.9,1042.0,199.0
S501!,01/10/2026,15:57,1042.0,1042.3,1041.9,1041.9,340.0
S501!,01/10/2026,15:58,1041.9,1042.0,1041.6,1041.7,200.0
S501!,01/10/2026,15:59,1041.6,1042.2,1041.5,1042.1,198.0
S501!,01/10/2026,16:00,1042.1,1042.4,1042.0,1042.4,296.0
S501!,01/10/2026,16:01,1042.4,1042.7,1042.3,1042.6,374.0
S501!,01/10/2026,16:02,1042.6,1042.7,1042.0,1042.0,195.0
S501!,01/10/2026,16:03,1042.0,1042.3,1041.9,1042.3,130.0
S501!,01/10/2026,16:04,1042.3,1042.5,1042.1,1042.1,157.0
S501!,01/10/2026,16:05,1042.2,1042.8,1042.2,1042.8,183.0
S501!,01/10/2026,16:06,1042.8,1042.8,1042.3,1042.4,215.0
S501!,01/10/2026,16:07,1042.4,1042.4,1042.1,1042.2,124.0
S501!,01/10/2026,16:08,1042.2,1042.5,1042.1,1042.2,185.0
S501!,01/10/2026,16:09,1042.1,1042.4,1041.9,1042.0,267.0
S501!,01/10/2026,16:10,1042.1,1042.2,1041.7,1041.9,333.0
S501!,01/10/2026,16:11,1041.9,1041.9,1041.2,1041.5,468.0
S501!,01/10/2026,16:12,1041.6,1041.6,1041.2,1041.5,342.0
S501!,01/10/2026,16:13,1041.5,1041.9,1041.3,1041.9,302.0
S501!,01/10/2026,16:14,1041.9,1041.9,1041.5,1041.7,120.0
S501!,01/10/2026,16:15,1041.9,1041.9,1041.5,1041.7,158.0
S501!,01/10/2026,16:16,1041.8,1042.1,1041.6,1042.0,404.0
S501!,01/10/2026,16:17,1042.0,1042.0,1041.8,1042.0,103.0
S501!,01/10/2026,16:18,1042.0,1042.0,1041.8,1041.8,97.0
S501!,01/10/2026,16:19,1041.8,1041.9,1041.6,1041.7,185.0
S501!,01/10/2026,16:20,1041.8,1042.2,1041.8,1042.2,334.0
S501!,01/10/2026,16:21,1042.0,1042.4,1041.7,1042.0,572.0
S501!,01/10/2026,16:22,1042.1,1042.4,1041.8,1042.3,343.0
S501!,01/10/2026,16:23,1042.2,1042.5,1042.2,1042.3,351.0
S501!,01/10/2026,16:24,1042.4,1042.5,1042.2,1042.3,423.0
S501!,01/10/2026,16:25,1042.3,1042.6,1042.2,1042.5,359.0
S501!,01/10/2026,16:26,1042.5,1042.7,1041.6,1042.0,546.0
S501!,01/10/2026,16:27,1042.0,1042.5,1042.0,1042.4,270.0
S501!,01/10/2026,16:28,1042.4,1042.4,1042.1,1042.2,207.0
S501!,01/10/2026,16:29,1042.2,1042.5,1041.8,1042.0,434.0
S501!,01/10/2026,16:30,1042.2,1042.3,1041.8,1041.8,248.0
S501!,01/10/2026,16:31,1041.7,1041.7,1041.2,1041.7,381.0
S501!,01/10/2026,16:32,1041.7,1041.7,1041.3,1041.5,226.0
S501!,01/10/2026,16:33,1041.5,1041.8,1041.4,1041.8,180.0
S501!,01/10/2026,16:34,1041.8,1042.1,1041.5,1041.9,229.0
S501!,01/10/2026,16:35,1042.0,1042.4,1042.0,1042.2,243.0
S501!,01/10/2026,16:36,1042.2,1042.2,1042.0,1042.2,246.0
S501!,01/10/2026,16:37,1042.1,1042.5,1042.1,1042.3,309.0
S501!,01/10/2026,16:38,1042.3,1042.5,1042.2,1042.3,308.0
S501!,01/10/2026,16:39,1042.5,1042.7,1041.9,1042.4,949.0
S501!,01/10/2026,16:40,1042.4,1042.5,1042.1,1042.3,183.0
S501!,01/10/2026,16:41,1042.2,1042.3,1041.7,1041.8,285.0
S501!,01/10/2026,16:42,1041.9,1042.3,1041.9,1042.2,177.0
S501!,01/10/2026,16:43,1042.2,1042.4,1042.2,1042.3,115.0
S501!,01/10/2026,16:44,1042.3,1042.3,1042.1,1042.2,259.0
S501!,01/10/2026,16:45,1042.2,1042.2,1041.9,1041.9,226.0
S501!,01/10/2026,16:46,1042.0,1042.3,1041.9,1042.3,345.0
S501!,01/10/2026,16:47,1042.3,1042.4,1042.1,1042.4,190.0
S501!,01/10/2026,16:48,1042.4,1042.4,1042.2,1042.3,318.0
S501!,01/10/2026,16:49,1042.3,1042.5,1042.1,1042.1,328.0
S501!,01/10/2026,16:50,1042.2,1042.4,1042.1,1042.1,100.0
S501!,01/10/2026,16:51,1042.2,1042.3,1041.9,1042.2,362.0
S501!,01/10/2026,16:52,1042.1,1042.3,1042.1,1042.2,195.0
S501!,01/10/2026,16:53,1042.2,1042.3,1042.0,1042.0,496.0
S501!,01/10/2026,16:54,1042.1,1042.1,1041.7,1041.9,563.0
S501!,02/10/2026,09:45,1041.0,1042.8,1040.5,1042.6,2060.0
S501!,02/10/2026,09:46,1042.5,1042.9,1042.0,1042.8,1005.0
S501!,02/10/2026,09:47,1042.9,1043.5,1042.8,1043.2,1122.0
S501!,02/10/2026,09:48,1043.2,1043.7,1043.1,1043.2,656.0
S501!,02/10/2026,09:49,1043.4,1043.9,1042.6,1043.1,738.0
S501!,02/10/2026,09:50,1043.2,1043.2,1041.7,1041.8,843.0
S501!,02/10/2026,09:51,1042.0,1042.3,1041.6,1042.0,336.0
S501!,02/10/2026,09:52,1042.0,1042.3,1041.8,1042.2,304.0
S501!,02/10/2026,09:53,1042.2,1042.3,1041.9,1042.0,415.0
S501!,02/10/2026,09:54,1042.1,1042.2,1041.6,1042.2,322.0
S501!,02/10/2026,09:55,1042.1,1043.4,1042.1,1043.0,792.0
S501!,02/10/2026,09:56,1043.1,1043.8,1043.0,1043.7,501.0
S501!,02/10/2026,09:57,1043.7,1043.8,1042.8,1043.6,475.0
S501!,02/10/2026,09:58,1043.6,1043.7,1043.1,1043.6,373.0
S501!,02/10/2026,09:59,1043.5,1044.8,1043.5,1044.8,989.0
S501!,02/10/2026,10:00,1044.8,1045.4,1044.3,1044.3,2553.0
S501!,02/10/2026,10:01,1044.3,1045.0,1043.9,1043.9,1936.0
S501!,02/10/2026,10:02,1043.9,1044.4,1042.9,1043.2,1942.0
S501!,02/10/2026,10:03,1043.3,1043.9,1042.7,1042.8,1176.0
S501!,02/10/2026,10:04,1042.8,1043.1,1041.8,1042.7,2202.0
S501!,02/10/2026,10:05,1042.7,1043.0,1041.9,1042.3,1328.0
S501!,02/10/2026,10:06,1042.3,1044.3,1042.1,1043.4,1255.0
S501!,02/10/2026,10:07,1043.4,1044.3,1043.3,1043.8,713.0
S501!,02/10/2026,10:08,1043.9,1044.0,1043.2,1043.9,818.0
S501!,02/10/2026,10:09,1043.9,1045.1,1043.6,1045.0,1613.0
S501!,02/10/2026,10:10,1045.1,1046.8,1044.9,1046.7,2195.0
S501!,02/10/2026,10:11,1046.8,1047.5,1046.3,1047.3,1601.0
S501!,02/10/2026,10:12,1047.3,1047.7,1046.4,1046.4,1638.0
S501!,02/10/2026,10:13,1046.4,1047.2,1046.4,1047.2,703.0
S501!,02/10/2026,10:14,1047.2,1047.3,1046.7,1046.8,872.0
S501!,02/10/2026,10:15,1046.9,1047.0,1046.2,1046.6,936.0
S501!,02/10/2026,10:16,1046.6,1046.8,1046.3,1046.8,1015.0
S501!,02/10/2026,10:17,1046.9,1047.5,1046.6,1047.0,1359.0
S501!,02/10/2026,10:18,1047.0,1047.5,1047.0,1047.5,661.0
S501!,02/10/2026,10:19,1047.5,1047.6,1047.0,1047.0,777.0
S501!,02/10/2026,10:20,1047.1,1048.7,1047.1,1048.7,2023.0
S501!,02/10/2026,10:21,1048.6,1049.7,1048.6,1048.9,1787.0
S501!,02/10/2026,10:22,1049.0,1049.5,1048.7,1049.5,653.0
S501!,02/10/2026,10:23,1049.5,1050.2,1049.1,1049.2,2667.0
S501!,02/10/2026,10:24,1049.3,1049.4,1048.7,1049.1,627.0
S501!,02/10/2026,10:25,1049.1,1049.2,1047.9,1048.1,716.0
S501!,02/10/2026,10:26,1048.2,1048.5,1047.5,1047.8,807.0
S501!,02/10/2026,10:27,1047.9,1048.2,1047.7,1048.2,552.0
S501!,02/10/2026,10:28,1048.2,1048.2,1047.2,1047.5,504.0
S501!,02/10/2026,10:29,1047.5,1048.1,1047.2,1047.9,578.0
S501!,02/10/2026,10:30,1048.0,1048.2,1047.2,1047.3,796.0
S501!,02/10/2026,10:31,1047.4,1048.3,1047.4,1048.3,752.0
S501!,02/10/2026,10:32,1048.2,1048.4,1047.7,1047.8,500.0
S501!,02/10/2026,10:33,1047.8,1048.5,1047.8,1048.3,678.0
S501!,02/10/2026,10:34,1048.4,1048.5,1047.9,1048.2,357.0
S501!,02/10/2026,10:35,1048.2,1048.8,1048.2,1048.7,614.0
S501!,02/10/2026,10:36,1048.7,1049.5,1048.7,1049.1,709.0
S501!,02/10/2026,10:37,1049.1,1049.3,1049.0,1049.2,284.0
S501!,02/10/2026,10:38,1049.1,1049.2,1048.7,1048.7,369.0
S501!,02/10/2026,10:39,1048.7,1048.8,1048.2,1048.4,356.0
S501!,02/10/2026,10:40,1048.5,1048.6,1048.0,1048.5,762.0
S501!,02/10/2026,10:41,1048.5,1049.2,1048.5,1049.0,601.0
S501!,02/10/2026,10:42,1049.0,1049.0,1048.4,1048.4,377.0
S501!,02/10/2026,10:43,1048.5,1048.7,1048.1,1048.4,447.0
S501!,02/10/2026,10:44,1048.4,1049.0,1048.4,1048.5,350.0
S501!,02/10/2026,10:45,1048.4,1048.7,1047.7,1047.8,717.0
S501!,02/10/2026,10:46,1047.8,1048.2,1047.8,1048.2,712.0
S501!,02/10/2026,10:47,1048.2,1048.7,1048.2,1048.4,604.0
S501!,02/10/2026,10:48,1048.4,1048.8,1048.3,1048.7,598.0
S501!,02/10/2026,10:49,1048.8,1048.9,1048.4,1048.4,294.0
S501!,02/10/2026,10:50,1048.5,1048.8,1048.2,1048.4,582.0
S501!,02/10/2026,10:51,1048.5,1048.5,1048.0,1048.3,486.0
S501!,02/10/2026,10:52,1048.3,1048.6,1048.3,1048.6,419.0
S501!,02/10/2026,10:53,1048.6,1048.7,1048.3,1048.3,214.0
S501!,02/10/2026,10:54,1048.3,1049.3,1048.3,1049.0,768.0
S501!,02/10/2026,10:55,1049.0,1049.4,1048.8,1048.8,325.0
S501!,02/10/2026,10:56,1048.7,1048.8,1048.3,1048.4,329.0
S501!,02/10/2026,10:57,1048.4,1048.4,1047.9,1047.9,654.0
S501!,02/10/2026,10:58,1047.9,1048.0,1047.7,1048.0,476.0
S501!,02/10/2026,10:59,1048.1,1048.6,1048.1,1048.6,450.0
S501!,02/10/2026,11:00,1048.6,1049.4,1048.6,1049.0,813.0
S501!,02/10/2026,11:01,1049.0,1049.5,1049.0,1049.3,508.0
S501!,02/10/2026,11:02,1049.4,1049.5,1048.9,1049.1,446.0
S501!,02/10/2026,11:03,1049.1,1049.1,1048.5,1048.5,186.0
S501!,02/10/2026,11:04,1048.6,1048.7,1048.2,1048.2,206.0
S501!,02/10/2026,11:05,1048.3,1048.5,1047.9,1047.9,443.0
S501!,02/10/2026,11:06,1047.8,1048.5,1047.7,1048.5,461.0
S501!,02/10/2026,11:07,1048.5,1048.6,1048.3,1048.3,155.0
S501!,02/10/2026,11:08,1048.3,1048.3,1047.8,1047.9,289.0
S501!,02/10/2026,11:09,1047.9,1048.2,1047.9,1048.0,235.0
S501!,02/10/2026,11:10,1048.1,1048.1,1046.3,1047.0,1657.0
S501!,02/10/2026,11:11,1047.1,1047.1,1046.9,1047.0,518.0
S501!,02/10/2026,11:12,1047.0,1047.2,1046.6,1047.2,710.0
S501!,02/10/2026,11:13,1047.2,1047.3,1047.0,1047.2,285.0
S501!,02/10/2026,11:14,1047.2,1047.3,1046.8,1047.0,520.0
S501!,02/10/2026,11:15,1047.0,1047.1,1046.7,1046.9,395.0
S501!,02/10/2026,11:16,1047.0,1047.5,1046.9,1047.3,409.0
S501!,02/10/2026,11:17,1047.3,1047.6,1047.2,1047.4,709.0
S501!,02/10/2026,11:18,1047.5,1047.6,1047.1,1047.1,215.0
S501!,02/10/2026,11:19,1047.1,1047.2,1046.5,1046.5,252.0
S501!,02/10/2026,11:20,1046.5,1046.6,1046.3,1046.4,512.0
S501!,02/10/2026,11:21,1046.4,1046.6,1046.3,1046.4,382.0
S501!,02/10/2026,11:22,1046.5,1046.8,1046.5,1046.6,149.0
S501!,02/10/2026,11:23,1046.5,1046.7,1046.3,1046.5,412.0
S501!,02/10/2026,11:24,1046.4,1046.8,1046.4,1046.8,435.0
S501!,02/10/2026,11:25,1046.8,1047.2,1046.8,1047.0,359.0
S501!,02/10/2026,11:26,1047.0,1047.0,1046.6,1046.7,161.0
S501!,02/10/2026,11:27,1046.6,1046.8,1046.5,1046.8,251.0
S501!,02/10/2026,11:28,1046.7,1046.8,1046.6,1046.6,97.0
S501!,02/10/2026,11:29,1046.8,1047.1,1046.8,1047.0,279.0
S501!,02/10/2026,11:30,1046.9,1047.1,1046.7,1047.0,185.0
S501!,02/10/2026,11:31,1046.9,1047.2,1046.8,1047.0,241.0
S501!,02/10/2026,11:32,1046.8,1046.9,1046.4,1046.5,220.0
S501!,02/10/2026,11:33,1046.5,1046.9,1046.4,1046.9,351.0
S501!,02/10/2026,11:34,1046.8,1046.8,1046.6,1046.6,96.0
S501!,02/10/2026,11:35,1046.6,1046.7,1046.4,1046.6,233.0
S501!,02/10/2026,11:36,1046.7,1047.5,1046.6,1047.5,809.0
S501!,02/10/2026,11:37,1047.3,1047.5,1047.2,1047.3,183.0
S501!,02/10/2026,11:38,1047.2,1047.2,1046.8,1046.8,100.0
S501!,02/10/2026,11:39,1046.8,1047.0,1046.5,1046.8,233.0
S501!,02/10/2026,11:40,1046.7,1047.2,1046.7,1047.1,156.0
S501!,02/10/2026,11:41,1047.2,1047.5,1047.0,1047.4,189.0
S501!,02/10/2026,11:42,1047.4,1047.4,1047.0,1047.4,236.0
S501!,02/10/2026,11:43,1047.4,1047.9,1047.4,1047.5,350.0
S501!,02/10/2026,11:44,1047.5,1047.6,1047.2,1047.5,198.0
S501!,02/10/2026,11:45,1047.5,1047.6,1047.3,1047.4,264.0
S501!,02/10/2026,11:46,1047.4,1047.4,1047.2,1047.2,139.0
S501!,02/10/2026,11:47,1047.2,1047.2,1047.0,1047.0,209.0
S501!,02/10/2026,11:48,1047.0,1047.2,1046.9,1047.2,129.0
S501!,02/10/2026,11:49,1047.2,1047.2,1046.9,1047.0,75.0
S501!,02/10/2026,11:50,1047.0,1047.2,1046.9,1047.2,240.0
S501!,02/10/2026,11:51,1047.2,1047.3,1047.0,1047.1,141.0
S501!,02/10/2026,11:52,1047.1,1047.2,1047.0,1047.0,128.0
S501!,02/10/2026,11:53,1047.1,1047.7,1047.1,1047.6,258.0
S501!,02/10/2026,11:54,1047.6,1048.0,1047.6,1047.9,394.0
S501!,02/10/2026,11:55,1047.9,1048.5,1047.7,1047.8,633.0
S501!,02/10/2026,11:56,1047.8,1047.9,1047.7,1047.8,236.0
S501!,02/10/2026,11:57,1047.8,1048.2,1047.8,1047.9,231.0
S501!,02/10/2026,11:58,1047.9,1048.1,1047.9,1047.9,156.0
S501!,02/10/2026,11:59,1047.8,1048.1,1047.7,1048.1,179.0
S501!,02/10/2026,12:00,1048.1,1048.2,1047.7,1048.1,168.0
S501!,02/10/2026,12:01,1048.1,1048.1,1047.9,1048.0,108.0
S501!,02/10/2026,12:02,1048.0,1048.3,1048.0,1048.1,191.0
S501!,02/10/2026,12:03,1048.0,1048.0,1047.5,1047.5,128.0
S501!,02/10/2026,12:04,1047.5,1047.7,1047.4,1047.4,135.0
S501!,02/10/2026,12:05,1047.3,1047.6,1047.1,1047.5,321.0
S501!,02/10/2026,12:06,1047.5,1047.8,1047.4,1047.4,177.0
S501!,02/10/2026,12:07,1047.5,1047.8,1047.5,1047.8,121.0
S501!,02/10/2026,12:08,1047.9,1048.2,1047.8,1047.9,164.0
S501!,02/10/2026,12:09,1047.9,1048.0,1047.6,1047.7,125.0
S501!,02/10/2026,12:10,1047.7,1047.7,1047.2,1047.2,174.0
S501!,02/10/2026,12:11,1047.2,1047.6,1047.2,1047.6,140.0
S501!,02/10/2026,12:12,1047.5,1047.6,1047.2,1047.6,153.0
S501!,02/10/2026,12:13,1047.5,1047.5,1047.3,1047.4,125.0
S501!,02/10/2026,12:14,1047.5,1047.8,1047.2,1047.8,230.0
S501!,02/10/2026,12:15,1047.5,1047.9,1047.3,1047.3,307.0
S501!,02/10/2026,12:16,1047.3,1047.4,1047.1,1047.2,101.0
S501!,02/10/2026,12:17,1047.2,1047.4,1047.1,1047.4,79.0
S501!,02/10/2026,12:18,1047.3,1047.6,1047.3,1047.4,148.0
S501!,02/10/2026,12:19,1047.3,1047.4,1047.1,1047.4,156.0
S501!,02/10/2026,12:20,1047.3,1047.3,1046.9,1046.9,142.0
S501!,02/10/2026,12:21,1047.0,1047.1,1047.0,1047.0,136.0
S501!,02/10/2026,12:22,1047.0,1047.4,1047.0,1047.3,258.0
S501!,02/10/2026,12:23,1047.3,1047.4,1047.1,1047.3,159.0
S501!,02/10/2026,12:24,1047.3,1047.6,1047.3,1047.4,128.0
S501!,02/10/2026,12:25,1047.3,1047.8,1047.2,1047.6,141.0
S501!,02/10/2026,12:26,1047.5,1047.6,1047.3,1047.4,114.0
S501!,02/10/2026,12:27,1047.2,1047.6,1047.1,1047.3,219.0
S501!,02/10/2026,12:28,1047.2,1047.6,1047.2,1047.6,162.0
S501!,02/10/2026,12:29,1047.4,1047.7,1047.4,1047.7,220.0
S501!,02/10/2026,13:45,1046.9,1047.2,1046.4,1046.6,655.0
S501!,02/10/2026,13:46,1046.7,1047.1,1046.7,1046.8,164.0
S501!,02/10/2026,13:47,1046.9,1047.2,1046.8,1047.1,208.0
S501!,02/10/2026,13:48,1047.0,1047.1,1046.6,1046.6,77.0
S501!,02/10/2026,13:49,1046.7,1046.7,1046.5,1046.5,156.0
S501!,02/10/2026,13:50,1046.4,1046.4,1046.1,1046.1,324.0
S501!,02/10/2026,13:51,1046.1,1046.3,1046.1,1046.2,157.0
S501!,02/10/2026,13:52,1046.2,1046.3,1046.1,1046.3,176.0
S501!,02/10/2026,13:53,1046.2,1046.4,1046.2,1046.3,96.0
S501!,02/10/2026,13:54,1046.3,1046.9,1046.3,1046.9,161.0
S501!,02/10/2026,13:55,1046.9,1047.0,1046.5,1046.5,178.0
S501!,02/10/2026,13:56,1046.6,1046.7,1046.2,1046.6,278.0
S501!,02/10/2026,13:57,1046.6,1046.7,1046.5,1046.6,127.0
S501!,02/10/2026,13:58,1046.6,1046.7,1046.4,1046.6,218.0
S501!,02/10/2026,13:59,1046.7,1046.7,1046.5,1046.5,125.0
S501!,02/10/2026,14:00,1046.5,1046.6,1045.4,1045.8,1414.0
S501!,02/10/2026,14:01,1045.7,1045.7,1045.4,1045.4,374.0
S501!,02/10/2026,14:02,1045.5,1045.6,1045.3,1045.4,361.0
S501!,02/10/2026,14:03,1045.4,1045.5,1045.1,1045.5,443.0
S501!,02/10/2026,14:04,1045.6,1045.6,1045.3,1045.4,279.0
S501!,02/10/2026,14:05,1045.5,1045.7,1045.2,1045.2,228.0
S501!,02/10/2026,14:06,1045.2,1045.3,1044.7,1045.0,713.0
S501!,02/10/2026,14:07,1045.1,1045.6,1045.1,1045.4,348.0
S501!,02/10/2026,14:08,1045.3,1045.7,1045.3,1045.5,235.0
S501!,02/10/2026,14:09,1045.5,1045.5,1045.1,1045.1,93.0
S501!,02/10/2026,14:10,1045.1,1045.3,1045.1,1045.3,201.0
S501!,02/10/2026,14:11,1045.3,1045.5,1045.1,1045.5,260.0
S501!,02/10/2026,14:12,1045.5,1045.9,1045.5,1045.8,284.0
S501!,02/10/2026,14:13,1045.8,1046.2,1045.8,1046.1,363.0
S501!,02/10/2026,14:14,1046.0,1046.1,1045.7,1045.7,195.0
S501!,02/10/2026,14:15,1045.8,1046.1,1045.8,1046.1,214.0
S501!,02/10/2026,14:16,1046.1,1046.3,1045.7,1045.8,314.0
S501!,02/10/2026,14:17,1045.7,1045.7,1045.1,1045.3,320.0
S501!,02/10/2026,14:18,1045.3,1045.7,1045.2,1045.4,278.0
S501!,02/10/2026,14:19,1045.4,1045.5,1045.2,1045.3,266.0
S501!,02/10/2026,14:20,1045.3,1045.5,1044.9,1044.9,352.0
S501!,02/10/2026,14:21,1045.0,1045.2,1045.0,1045.0,249.0
S501!,02/10/2026,14:22,1045.0,1045.4,1044.9,1045.4,237.0
S501!,02/10/2026,14:23,1045.4,1045.4,1044.9,1044.9,186.0
S501!,02/10/2026,14:24,1044.9,1045.2,1044.9,1045.1,199.0
S501!,02/10/2026,14:25,1045.1,1045.8,1045.1,1045.7,250.0
S501!,02/10/2026,14:26,1045.6,1045.7,1045.2,1045.5,219.0
S501!,02/10/2026,14:27,1045.5,1045.5,1044.9,1045.0,221.0
S501!,02/10/2026,14:28,1045.0,1045.0,1044.8,1044.8,128.0
S501!,02/10/2026,14:29,1044.9,1045.0,1044.7,1044.9,292.0
S501!,02/10/2026,14:30,1044.9,1045.0,1044.9,1044.9,73.0
S501!,02/10/2026,14:31,1044.9,1045.3,1044.9,1045.3,178.0
S501!,02/10/2026,14:32,1045.2,1045.5,1045.1,1045.3,267.0
S501!,02/10/2026,14:33,1045.2,1045.3,1045.1,1045.3,116.0
S501!,02/10/2026,14:34,1045.2,1045.2,1044.9,1044.9,176.0
S501!,02/10/2026,14:35,1044.8,1045.3,1044.7,1045.3,370.0
S501!,02/10/2026,14:36,1045.2,1045.3,1044.8,1044.9,151.0
S501!,02/10/2026,14:37,1044.9,1045.0,1044.6,1044.8,282.0
S501!,02/10/2026,14:38,1044.9,1045.0,1044.8,1045.0,147.0
S501!,02/10/2026,14:39,1045.0,1045.5,1045.0,1045.5,393.0
S501!,02/10/2026,14:40,1045.4,1045.4,1045.1,1045.1,106.0
S501!,02/10/2026,14:41,1045.2,1045.6,1045.1,1045.6,308.0
S501!,02/10/2026,14:42,1045.5,1045.8,1045.4,1045.7,285.0
S501!,02/10/2026,14:43,1045.6,1045.6,1045.3,1045.6,494.0
S501!,02/10/2026,14:44,1045.5,1045.9,1045.4,1045.4,225.0
S501!,02/10/2026,14:45,1045.5,1045.5,1045.3,1045.4,297.0
S501!,02/10/2026,14:46,1045.3,1045.4,1045.3,1045.3,104.0
S501!,02/10/2026,14:47,1045.3,1045.6,1045.3,1045.5,173.0
S501!,02/10/2026,14:48,1045.5,1045.6,1045.5,1045.6,253.0
S501!,02/10/2026,14:49,1045.5,1045.6,1045.4,1045.4,149.0
S501!,02/10/2026,14:50,1045.4,1045.6,1045.4,1045.6,167.0
S501!,02/10/2026,14:51,1045.5,1045.6,1045.3,1045.5,317.0
S501!,02/10/2026,14:52,1045.5,1045.5,1045.2,1045.5,169.0
S501!,02/10/2026,14:53,1045.4,1045.5,1045.3,1045.5,132.0
S501!,02/10/2026,14:54,1045.5,1045.5,1045.4,1045.4,84.0
S501!,02/10/2026,14:55,1045.5,1045.5,1045.1,1045.1,123.0
S501!,02/10/2026,14:56,1045.1,1046.0,1045.1,1046.0,329.0
S501!,02/10/2026,14:57,1046.1,1046.9,1046.0,1046.9,492.0
S501!,02/10/2026,14:58,1046.9,1048.0,1046.9,1047.4,832.0
S501!,02/10/2026,14:59,1047.3,1047.3,1046.7,1046.8,385.0
S501!,02/10/2026,15:00,1046.8,1047.3,1046.8,1047.3,200.0
S501!,02/10/2026,15:01,1047.2,1047.4,1046.7,1046.8,207.0
S501!,02/10/2026,15:02,1046.8,1046.9,1046.5,1046.7,214.0
S501!,02/10/2026,15:03,1046.7,1046.9,1046.3,1046.8,334.0
S501!,02/10/2026,15:04,1046.8,1046.8,1046.6,1046.7,141.0
S501!,02/10/2026,15:05,1046.6,1047.0,1046.6,1046.9,221.0
S501!,02/10/2026,15:06,1046.8,1047.2,1046.8,1047.1,187.0
S501!,02/10/2026,15:07,1047.2,1047.8,1047.2,1047.8,608.0
S501!,02/10/2026,15:08,1047.8,1048.2,1047.6,1047.9,294.0
S501!,02/10/2026,15:09,1047.9,1048.1,1047.8,1047.8,99.0
S501!,02/10/2026,15:10,1047.8,1047.9,1047.7,1047.9,159.0
S501!,02/10/2026,15:11,1047.8,1048.2,1047.8,1047.8,194.0
S501!,02/10/2026,15:12,1047.7,1048.1,1047.7,1047.8,235.0
S501!,02/10/2026,15:13,1047.9,1048.1,1047.9,1048.0,115.0
S501!,02/10/2026,15:14,1048.0,1048.3,1047.9,1048.2,121.0
S501!,02/10/2026,15:15,1048.1,1048.2,1047.8,1047.8,145.0
S501!,02/10/2026,15:16,1047.8,1048.0,1047.8,1047.8,147.0
S501!,02/10/2026,15:17,1047.7,1047.8,1047.5,1047.5,230.0
S501!,02/10/2026,15:18,1047.5,1047.5,1046.8,1046.8,170.0
S501!,02/10/2026,15:19,1046.8,1047.2,1046.8,1047.2,174.0
S501!,02/10/2026,15:20,1047.2,1047.2,1046.7,1046.7,93.0
S501!,02/10/2026,15:21,1046.7,1047.4,1046.7,1046.9,297.0
S501!,02/10/2026,15:22,1046.8,1047.0,1046.8,1046.9,89.0
S501!,02/10/2026,15:23,1046.8,1047.2,1046.7,1047.0,244.0
S501!,02/10/2026,15:24,1046.9,1047.0,1046.8,1046.8,95.0
S501!,02/10/2026,15:25,1046.8,1047.2,1046.8,1047.1,187.0
S501!,02/10/2026,15:26,1047.1,1047.1,1047.0,1047.0,80.0
S501!,02/10/2026,15:27,1047.0,1047.1,1046.5,1046.5,211.0
S501!,02/10/2026,15:28,1046.5,1046.6,1046.2,1046.4,364.0
S501!,02/10/2026,15:29,1046.5,1046.6,1046.2,1046.2,206.0
S501!,02/10/2026,15:30,1046.2,1046.6,1046.1,1046.6,294.0
S501!,02/10/2026,15:31,1046.7,1046.8,1046.4,1046.7,230.0
S501!,02/10/2026,15:32,1046.8,1047.0,1046.6,1046.7,264.0
S501!,02/10/2026,15:33,1046.6,1046.7,1046.2,1046.2,141.0
S501!,02/10/2026,15:34,1046.2,1046.4,1046.1,1046.2,209.0
S501!,02/10/2026,15:35,1046.2,1046.3,1046.0,1046.3,123.0
S501!,02/10/2026,15:36,1046.3,1046.6,1046.1,1046.5,281.0
S501!,02/10/2026,15:37,1046.6,1046.7,1046.0,1046.1,351.0
S501!,02/10/2026,15:38,1046.2,1046.3,1046.0,1046.1,115.0
S501!,02/10/2026,15:39,1046.1,1046.1,1045.9,1046.0,184.0
S501!,02/10/2026,15:40,1046.0,1046.0,1045.6,1045.6,128.0
S501!,02/10/2026,15:41,1045.6,1045.9,1045.5,1045.7,358.0
S501!,02/10/2026,15:42,1045.7,1046.0,1045.6,1045.8,232.0
S501!,02/10/2026,15:43,1045.8,1046.3,1045.8,1046.2,184.0
S501!,02/10/2026,15:44,1046.1,1046.1,1045.6,1045.6,109.0
S501!,02/10/2026,15:45,1045.7,1045.9,1045.6,1045.7,123.0
S501!,02/10/2026,15:46,1045.7,1046.0,1045.6,1045.9,100.0
S501!,02/10/2026,15:47,1045.9,1045.9,1045.8,1045.8,44.0
S501!,02/10/2026,15:48,1045.8,1045.9,1045.6,1045.7,77.0
S501!,02/10/2026,15:49,1045.7,1045.8,1045.5,1045.6,98.0
S501!,02/10/2026,15:50,1045.6,1046.1,1045.5,1046.0,194.0
S501!,02/10/2026,15:51,1046.0,1046.1,1046.0,1046.1,95.0
S501!,02/10/2026,15:52,1046.0,1046.3,1046.0,1046.2,167.0
S501!,02/10/2026,15:53,1046.2,1046.3,1046.1,1046.2,214.0
S501!,02/10/2026,15:54,1046.3,1046.4,1046.2,1046.3,92.0
S501!,02/10/2026,15:55,1046.3,1046.6,1046.3,1046.5,218.0
S501!,02/10/2026,15:56,1046.5,1047.0,1046.5,1046.7,344.0
S501!,02/10/2026,15:57,1046.6,1046.7,1046.4,1046.4,359.0
S501!,02/10/2026,15:58,1046.4,1046.6,1046.3,1046.3,157.0
S501!,02/10/2026,15:59,1046.4,1046.9,1046.3,1046.6,300.0
S501!,02/10/2026,16:00,1046.6,1047.0,1046.5,1046.9,144.0
S501!,02/10/2026,16:01,1046.9,1046.9,1046.3,1046.3,237.0
S501!,02/10/2026,16:02,1046.4,1046.5,1046.0,1046.0,421.0
S501!,02/10/2026,16:03,1046.0,1046.3,1045.9,1046.1,389.0
S501!,02/10/2026,16:04,1046.2,1046.5,1046.2,1046.5,148.0
S501!,02/10/2026,16:05,1046.5,1046.7,1046.4,1046.6,150.0
S501!,02/10/2026,16:06,1046.6,1047.2,1046.6,1046.8,372.0
S501!,02/10/2026,16:07,1046.8,1046.8,1046.6,1046.6,171.0
S501!,02/10/2026,16:08,1046.6,1046.7,1046.5,1046.5,154.0
S501!,02/10/2026,16:09,1046.5,1046.6,1046.3,1046.4,541.0
S501!,02/10/2026,16:10,1046.3,1046.6,1046.2,1046.3,332.0
S501!,02/10/2026,16:11,1046.3,1046.3,1045.8,1045.8,247.0
S501!,02/10/2026,16:12,1045.8,1045.9,1045.7,1045.7,393.0
S501!,02/10/2026,16:13,1045.7,1046.2,1045.4,1046.1,844.0
S501!,02/10/2026,16:14,1046.1,1046.8,1046.1,1046.6,461.0
S501!,02/10/2026,16:15,1046.4,1047.2,1046.3,1047.0,512.0
S501!,02/10/2026,16:16,1046.8,1047.4,1046.8,1047.3,369.0
S501!,02/10/2026,16:17,1047.3,1047.4,1046.9,1047.0,458.0
S501!,02/10/2026,16:18,1047.0,1047.0,1046.8,1046.9,128.0
S501!,02/10/2026,16:19,1046.9,1047.3,1046.8,1047.3,240.0
S501!,02/10/2026,16:20,1047.2,1047.4,1046.6,1046.6,398.0
S501!,02/10/2026,16:21,1046.6,1046.9,1046.4,1046.6,446.0
S501!,02/10/2026,16:22,1046.5,1046.7,1046.3,1046.5,281.0
S501!,02/10/2026,16:23,1046.6,1046.6,1046.2,1046.2,409.0
S501!,02/10/2026,16:24,1046.2,1046.9,1046.2,1046.8,373.0
S501!,02/10/2026,16:25,1046.8,1047.0,1046.7,1046.9,299.0
S501!,02/10/2026,16:26,1046.9,1047.1,1046.5,1046.8,614.0
S501!,02/10/2026,16:27,1046.8,1047.0,1046.6,1046.7,152.0
S501!,02/10/2026,16:28,1046.7,1046.9,1046.5,1046.7,312.0
S501!,02/10/2026,16:29,1046.7,1046.9,1046.4,1046.4,289.0
S501!,02/10/2026,16:30,1046.4,1046.9,1046.3,1046.7,478.0
S501!,02/10/2026,16:31,1046.7,1046.9,1046.5,1046.7,280.0
S501!,02/10/2026,16:32,1046.7,1047.0,1046.6,1046.6,192.0
S501!,02/10/2026,16:33,1046.6,1046.8,1046.4,1046.6,211.0
S501!,02/10/2026,16:34,1046.6,1047.3,1046.5,1047.2,491.0
S501!,02/10/2026,16:35,1047.1,1047.5,1046.7,1047.5,802.0
S501!,02/10/2026,16:36,1047.2,1047.7,1047.0,1047.2,600.0
S501!,02/10/2026,16:37,1047.2,1047.9,1047.2,1047.7,607.0
S501!,02/10/2026,16:38,1047.6,1047.7,1047.2,1047.5,256.0
S501!,02/10/2026,16:39,1047.5,1047.7,1047.3,1047.5,262.0
S501!,02/10/2026,16:40,1047.3,1047.6,1047.2,1047.3,232.0
S501!,02/10/2026,16:41,1047.2,1047.2,1046.8,1047.0,466.0
S501!,02/10/2026,16:42,1047.1,1047.3,1047.1,1047.2,99.0
S501!,02/10/2026,16:43,1047.2,1047.3,1047.1,1047.3,151.0
S501!,02/10/2026,16:44,1047.3,1047.4,1047.2,1047.2,154.0
S501!,02/10/2026,16:45,1047.2,1047.3,1047.1,1047.2,133.0
S501!,02/10/2026,16:46,1047.2,1047.3,1047.1,1047.1,233.0
S501!,02/10/2026,16:47,1047.1,1047.2,1047.0,1047.0,249.0
S501!,02/10/2026,16:48,1047.0,1047.1,1047.0,1047.0,372.0
S501!,02/10/2026,16:49,1047.0,1047.5,1046.9,1047.2,655.0
S501!,02/10/2026,16:50,1047.2,1047.3,1047.1,1047.3,243.0
S501!,02/10/2026,16:51,1047.2,1047.2,1047.1,1047.1,212.0
S501!,02/10/2026,16:52,1047.1,1047.2,1047.0,1047.0,341.0
S501!,02/10/2026,16:53,1047.1,1047.2,1047.0,1047.0,319.0
S501!,02/10/2026,16:54,1047.0,1047.7,1046.9,1047.2,1010.0
S501!,05/10/2026,09:45,1050.0,1055.0,1050.0,1052.4,3905.0
S501!,05/10/2026,09:46,1052.4,1054.9,1052.4,1054.5,1220.0
S501!,05/10/2026,09:47,1054.4,1054.4,1052.9,1053.3,683.0
S501!,05/10/2026,09:48,1053.3,1053.4,1052.9,1052.9,535.0
S501!,05/10/2026,09:49,1053.0,1053.5,1052.9,1053.1,470.0
S501!,05/10/2026,09:50,1053.1,1053.9,1053.1,1053.9,524.0
S501!,05/10/2026,09:51,1053.9,1054.0,1053.6,1053.8,498.0
S501!,05/10/2026,09:52,1053.8,1054.1,1053.7,1053.9,439.0
S501!,05/10/2026,09:53,1053.9,1053.9,1053.1,1053.4,284.0
S501!,05/10/2026,09:54,1053.4,1053.5,1053.2,1053.3,342.0
S501!,05/10/2026,09:55,1053.3,1053.5,1052.5,1052.9,824.0
S501!,05/10/2026,09:56,1052.8,1053.2,1052.5,1053.1,370.0
S501!,05/10/2026,09:57,1053.1,1054.2,1052.9,1054.0,579.0
S501!,05/10/2026,09:58,1054.1,1054.5,1053.5,1053.5,930.0
S501!,05/10/2026,09:59,1053.6,1053.7,1052.6,1052.7,481.0
S501!,05/10/2026,10:00,1052.8,1053.2,1052.2,1052.2,1009.0
S501!,05/10/2026,10:01,1052.3,1052.6,1050.4,1050.8,1664.0
S501!,05/10/2026,10:02,1050.9,1051.2,1049.1,1050.1,1736.0
S501!,05/10/2026,10:03,1050.1,1051.1,1050.1,1050.7,846.0
S501!,05/10/2026,10:04,1050.7,1051.1,1050.1,1050.2,668.0
S501!,05/10/2026,10:05,1050.1,1050.1,1049.5,1050.0,810.0
S501!,05/10/2026,10:06,1049.9,1050.0,1048.6,1049.2,1201.0
S501!,05/10/2026,10:07,1049.3,1049.4,1048.9,1049.1,407.0
S501!,05/10/2026,10:08,1049.2,1049.6,1048.8,1049.2,847.0
S501!,05/10/2026,10:09,1049.1,1049.3,1048.9,1049.0,468.0
S501!,05/10/2026,10:10,1048.9,1048.9,1048.3,1048.5,974.0
S501!,05/10/2026,10:11,1048.5,1048.5,1047.8,1048.0,764.0
S501!,05/10/2026,10:12,1047.9,1048.5,1047.7,1048.2,1048.0
S501!,05/10/2026,10:13,1048.2,1049.6,1048.1,1049.4,732.0
S501!,05/10/2026,10:14,1049.4,1050.2,1049.4,1049.8,772.0
S501!,05/10/2026,10:15,1049.7,1049.9,1049.3,1049.5,296.0
S501!,05/10/2026,10:16,1049.5,1050.0,1049.5,1049.8,470.0
S501!,05/10/2026,10:17,1049.8,1051.0,1049.7,1050.7,779.0
S501!,05/10/2026,10:18,1050.7,1050.9,1050.3,1050.3,376.0
S501!,05/10/2026,10:19,1050.2,1050.4,1050.2,1050.4,258.0
S501!,05/10/2026,10:20,1050.4,1050.4,1048.1,1048.5,1481.0
S501!,05/10/2026,10:21,1048.5,1048.5,1047.9,1048.4,483.0
S501!,05/10/2026,10:22,1048.3,1048.6,1048.2,1048.4,254.0
S501!,05/10/2026,10:23,1048.3,1048.5,1048.2,1048.3,356.0
S501!,05/10/2026,10:24,1048.2,1048.3,1047.1,1047.1,1126.0
S501!,05/10/2026,10:25,1047.2,1047.4,1046.5,1047.3,988.0
S501!,05/10/2026,10:26,1047.3,1047.3,1047.0,1047.3,246.0
S501!,05/10/2026,10:27,1047.4,1048.1,1047.4,1047.9,373.0
S501!,05/10/2026,10:28,1047.8,1048.1,1047.7,1048.0,189.0
S501!,05/10/2026,10:29,1048.0,1048.0,1047.4,1047.6,438.0
S501!,05/10/2026,10:30,1047.7,1048.0,1047.4,1047.8,409.0
S501!,05/10/2026,10:31,1047.7,1048.2,1047.7,1048.0,278.0
S501!,05/10/2026,10:32,1047.9,1048.1,1047.8,1048.0,283.0
S501!,05/10/2026,10:33,1048.0,1048.1,1047.4,1047.5,496.0
S501!,05/10/2026,10:34,1047.4,1047.5,1046.8,1047.2,432.0
S501!,05/10/2026,10:35,1047.1,1047.3,1046.9,1047.2,248.0
S501!,05/10/2026,10:36,1047.2,1047.4,1047.0,1047.0,162.0
S501!,05/10/2026,10:37,1047.0,1047.1,1046.0,1046.3,995.0
S501!,05/10/2026,10:38,1046.2,1046.9,1046.2,1046.8,461.0
S501!,05/10/2026,10:39,1046.9,1047.7,1046.8,1047.4,294.0
S501!,05/10/2026,10:40,1047.3,1048.0,1047.1,1047.8,373.0
S501!,05/10/2026,10:41,1047.8,1048.2,1047.7,1047.7,266.0
S501!,05/10/2026,10:42,1047.7,1048.2,1047.6,1048.2,549.0
S501!,05/10/2026,10:43,1048.1,1048.1,1047.3,1047.7,309.0
S501!,05/10/2026,10:44,1047.6,1047.7,1047.3,1047.3,356.0
S501!,05/10/2026,10:45,1047.4,1048.5,1047.2,1048.5,490.0
S501!,05/10/2026,10:46,1048.4,1048.6,1048.1,1048.2,326.0
S501!,05/10/2026,10:47,1048.3,1048.9,1048.1,1048.2,362.0
S501!,05/10/2026,10:48,1048.2,1048.2,1047.3,1047.5,258.0
S501!,05/10/2026,10:49,1047.4,1047.5,1046.8,1047.1,497.0
S501!,05/10/2026,10:50,1047.1,1047.4,1047.0,1047.1,195.0
S501!,05/10/2026,10:51,1047.0,1047.0,1046.5,1046.6,340.0
S501!,05/10/2026,10:52,1046.5,1046.7,1046.5,1046.5,162.0
S501!,05/10/2026,10:53,1046.6,1046.9,1046.5,1046.8,391.0
S501!,05/10/2026,10:54,1046.8,1046.9,1046.6,1046.9,276.0
S501!,05/10/2026,10:55,1046.8,1047.0,1046.8,1046.9,216.0
S501!,05/10/2026,10:56,1047.0,1047.1,1046.2,1046.4,458.0
S501!,05/10/2026,10:57,1046.5,1046.6,1046.2,1046.3,312.0
S501!,05/10/2026,10:58,1046.3,1046.5,1046.2,1046.3,346.0
S501!,05/10/2026,10:59,1046.2,1046.3,1046.0,1046.2,308.0
S501!,05/10/2026,11:00,1046.2,1046.5,1046.0,1046.3,313.0
S501!,05/10/2026,11:01,1046.3,1046.6,1046.3,1046.6,241.0
S501!,05/10/2026,11:02,1046.5,1046.6,1046.3,1046.4,125.0
S501!,05/10/2026,11:03,1046.3,1046.4,1046.2,1046.2,197.0
S501!,05/10/2026,11:04,1046.2,1046.3,1046.0,1046.1,240.0
S501!,05/10/2026,11:05,1046.1,1046.3,1045.3,1045.3,918.0
S501!,05/10/2026,11:06,1045.4,1045.6,1045.0,1045.0,1029.0
S501!,05/10/2026,11:07,1045.0,1045.1,1043.6,1043.9,1697.0
S501!,05/10/2026,11:08,1043.9,1044.7,1043.9,1044.7,436.0
S501!,05/10/2026,11:09,1044.6,1044.8,1044.4,1044.7,304.0
S501!,05/10/2026,11:10,1044.8,1045.3,1044.7,1045.2,375.0
S501!,05/10/2026,11:11,1045.2,1045.3,1044.4,1045.0,496.0
S501!,05/10/2026,11:12,1044.9,1045.8,1044.9,1045.8,238.0
S501!,05/10/2026,11:13,1045.8,1046.2,1045.6,1045.6,268.0
S501!,05/10/2026,11:14,1045.7,1045.7,1045.3,1045.3,269.0
S501!,05/10/2026,11:15,1045.4,1045.4,1045.0,1045.2,333.0
S501!,05/10/2026,11:16,1045.1,1045.4,1045.1,1045.1,210.0
S501!,05/10/2026,11:17,1045.1,1045.2,1045.0,1045.1,228.0
S501!,05/10/2026,11:18,1045.1,1045.2,1044.8,1044.9,214.0
S501!,05/10/2026,11:19,1044.8,1044.8,1044.6,1044.6,122.0
S501!,05/10/2026,11:20,1044.7,1044.9,1044.6,1044.8,206.0
S501!,05/10/2026,11:21,1044.8,1044.8,1044.7,1044.7,245.0
S501!,05/10/2026,11:22,1044.8,1044.9,1044.7,1044.9,187.0
S501!,05/10/2026,11:23,1044.8,1044.8,1044.6,1044.6,171.0
S501!,05/10/2026,11:24,1044.6,1044.8,1044.5,1044.7,142.0
S501!,05/10/2026,11:25,1044.8,1044.8,1044.6,1044.7,93.0
S501!,05/10/2026,11:26,1044.6,1044.9,1044.5,1044.7,370.0
S501!,05/10/2026,11:27,1044.8,1044.8,1044.5,1044.5,116.0
S501!,05/10/2026,11:28,1044.6,1044.6,1044.4,1044.5,153.0
S501!,05/10/2026,11:29,1044.5,1044.5,1044.0,1044.1,322.0
S501!,05/10/2026,11:30,1044.1,1044.6,1044.1,1044.3,438.0
S501!,05/10/2026,11:31,1044.2,1044.3,1043.8,1044.0,369.0
S501!,05/10/2026,11:32,1043.8,1044.2,1043.3,1043.6,826.0
S501!,05/10/2026,11:33,1043.6,1044.3,1043.6,1044.3,162.0
S501!,05/10/2026,11:34,1044.3,1044.7,1044.0,1044.2,216.0
S501!,05/10/2026,11:35,1044.3,1045.0,1044.2,1044.4,394.0
S501!,05/10/2026,11:36,1044.5,1044.8,1044.4,1044.7,174.0
S501!,05/10/2026,11:37,1044.7,1045.7,1044.7,1045.6,442.0
S501!,05/10/2026,11:38,1045.5,1045.5,1045.0,1045.1,132.0
S501!,05/10/2026,11:39,1045.2,1045.3,1045.1,1045.3,148.0
S501!,05/10/2026,11:40,1045.2,1045.4,1045.2,1045.3,118.0
S501!,05/10/2026,11:41,1045.3,1045.5,1045.1,1045.4,256.0
S501!,05/10/2026,11:42,1045.4,1046.3,1045.4,1046.0,569.0
S501!,05/10/2026,11:43,1045.9,1046.0,1045.8,1045.9,76.0
S501!,05/10/2026,11:44,1045.8,1046.2,1045.8,1046.2,148.0
S501!,05/10/2026,11:45,1046.2,1046.4,1046.0,1046.2,324.0
S501!,05/10/2026,11:46,1046.1,1046.4,1045.8,1045.8,327.0
S501!,05/10/2026,11:47,1045.8,1045.8,1045.6,1045.7,142.0
S501!,05/10/2026,11:48,1045.6,1046.0,1045.6,1046.0,151.0
S501!,05/10/2026,11:49,1045.9,1045.9,1045.6,1045.7,103.0
S501!,05/10/2026,11:50,1045.7,1046.3,1045.6,1046.2,371.0
S501!,05/10/2026,11:51,1046.0,1046.1,1045.7,1045.7,141.0
S501!,05/10/2026,11:52,1045.6,1045.6,1045.3,1045.4,159.0
S501!,05/10/2026,11:53,1045.3,1046.1,1045.3,1046.1,162.0
S501!,05/10/2026,11:54,1046.1,1046.4,1046.0,1046.0,240.0
S501!,05/10/2026,11:55,1046.1,1046.2,1046.1,1046.2,69.0
S501!,05/10/2026,11:56,1046.2,1047.2,1046.2,1046.9,824.0
S501!,05/10/2026,11:57,1046.9,1047.2,1046.5,1046.7,333.0
S501!,05/10/2026,11:58,1046.5,1046.7,1046.4,1046.6,83.0
S501!,05/10/2026,11:59,1046.7,1046.7,1046.4,1046.6,128.0
S501!,05/10/2026,12:00,1046.7,1046.7,1046.4,1046.5,108.0
S501!,05/10/2026,12:01,1046.5,1046.7,1046.4,1046.4,133.0
S501!,05/10/2026,12:02,1046.4,1046.4,1045.9,1046.1,269.0
S501!,05/10/2026,12:03,1046.1,1046.1,1046.0,1046.0,105.0
S501!,05/10/2026,12:04,1046.0,1046.2,1045.8,1045.9,168.0
S501!,05/10/2026,12:05,1045.9,1046.2,1045.8,1046.1,186.0
S501!,05/10/2026,12:06,1046.1,1046.4,1046.0,1046.2,158.0
S501!,05/10/2026,12:07,1046.2,1046.3,1046.0,1046.2,168.0
S501!,05/10/2026,12:08,1046.1,1046.1,1045.6,1045.9,211.0
S501!,05/10/2026,12:09,1045.8,1045.8,1045.5,1045.5,158.0
S501!,05/10/2026,12:10,1045.5,1045.6,1045.4,1045.6,147.0
S501!,05/10/2026,12:11,1045.5,1045.6,1045.3,1045.4,142.0
S501!,05/10/2026,12:12,1045.4,1045.5,1045.4,1045.4,71.0
S501!,05/10/2026,12:13,1045.4,1045.8,1045.4,1045.8,192.0
S501!,05/10/2026,12:14,1045.8,1046.2,1045.7,1046.2,104.0
S501!,05/10/2026,12:15,1046.1,1046.3,1046.0,1046.3,170.0
S501!,05/10/2026,12:16,1046.2,1046.2,1045.9,1045.9,135.0
S501!,05/10/2026,12:17,1046.0,1046.2,1046.0,1046.1,117.0
S501!,05/10/2026,12:18,1046.1,1046.2,1045.9,1046.2,96.0
S501!,05/10/2026,12:19,1046.2,1046.3,1046.1,1046.1,108.0
S501!,05/10/2026,12:20,1046.0,1046.2,1046.0,1046.2,86.0
S501!,05/10/2026,12:21,1046.2,1046.2,1045.6,1045.6,107.0
S501!,05/10/2026,12:22,1045.7,1045.9,1045.6,1045.9,91.0
S501!,05/10/2026,12:23,1045.9,1045.9,1045.5,1045.7,127.0
S501!,05/10/2026,12:24,1045.7,1045.9,1045.5,1045.9,196.0
S501!,05/10/2026,12:25,1045.9,1046.0,1045.8,1045.9,131.0
S501!,05/10/2026,12:26,1045.9,1045.9,1045.6,1045.7,125.0
S501!,05/10/2026,12:27,1045.6,1045.8,1045.6,1045.7,83.0
S501!,05/10/2026,12:28,1045.6,1045.8,1045.5,1045.5,117.0
S501!,05/10/2026,12:29,1045.4,1045.6,1045.3,1045.5,105.0
S501!,05/10/2026,13:45,1045.5,1045.5,1044.7,1045.1,649.0
S501!,05/10/2026,13:46,1045.1,1045.6,1045.0,1045.4,270.0
S501!,05/10/2026,13:47,1045.5,1045.7,1045.2,1045.2,133.0
S501!,05/10/2026,13:48,1045.3,1045.6,1045.2,1045.3,100.0
S501!,05/10/2026,13:49,1045.3,1045.6,1045.2,1045.3,134.0
S501!,05/10/2026,13:50,1045.3,1045.3,1045.0,1045.0,134.0
S501!,05/10/2026,13:51,1045.0,1045.3,1044.9,1045.1,109.0
S501!,05/10/2026,13:52,1045.0,1045.3,1045.0,1045.2,98.0
S501!,05/10/2026,13:53,1045.1,1045.4,1045.0,1045.2,132.0
S501!,05/10/2026,13:54,1045.4,1045.8,1045.2,1045.5,337.0
S501!,05/10/2026,13:55,1045.7,1045.8,1045.6,1045.6,112.0
S501!,05/10/2026,13:56,1045.8,1045.8,1045.3,1045.6,266.0
S501!,05/10/2026,13:57,1045.6,1045.6,1045.4,1045.6,153.0
S501!,05/10/2026,13:58,1045.7,1046.0,1045.4,1045.7,368.0
S501!,05/10/2026,13:59,1045.6,1045.7,1045.5,1045.7,170.0
S501!,05/10/2026,14:00,1045.5,1045.8,1045.0,1045.6,339.0
S501!,05/10/2026,14:01,1045.5,1045.6,1044.6,1045.1,417.0
S501!,05/10/2026,14:02,1045.2,1045.2,1044.8,1044.8,217.0
S501!,05/10/2026,14:03,1044.8,1044.8,1044.6,1044.7,90.0
S501!,05/10/2026,14:04,1044.6,1044.7,1044.6,1044.7,76.0
S501!,05/10/2026,14:05,1044.7,1045.2,1044.7,1045.2,206.0
S501!,05/10/2026,14:06,1045.2,1045.4,1045.0,1045.0,83.0
S501!,05/10/2026,14:07,1045.0,1045.1,1044.8,1044.9,111.0
S501!,05/10/2026,14:08,1044.9,1044.9,1043.8,1043.9,641.0
S501!,05/10/2026,14:09,1043.8,1044.2,1043.7,1044.0,506.0
S501!,05/10/2026,14:10,1043.9,1044.3,1043.8,1044.2,153.0
S501!,05/10/2026,14:11,1044.2,1044.5,1044.1,1044.2,162.0
S501!,05/10/2026,14:12,1044.3,1044.7,1044.2,1044.6,146.0
S501!,05/10/2026,14:13,1044.7,1044.9,1044.6,1044.9,136.0
S501!,05/10/2026,14:14,1044.8,1044.9,1044.4,1044.4,217.0
S501!,05/10/2026,14:15,1044.4,1044.7,1044.1,1044.3,286.0
S501!,05/10/2026,14:16,1044.3,1044.3,1043.9,1044.0,181.0
S501!,05/10/2026,14:17,1044.0,1044.6,1043.9,1044.3,226.0
S501!,05/10/2026,14:18,1044.3,1044.4,1044.1,1044.3,112.0
S501!,05/10/2026,14:19,1044.3,1044.3,1043.9,1043.9,103.0
S501!,05/10/2026,14:20,1043.9,1044.0,1043.7,1043.8,331.0
S501!,05/10/2026,14:21,1043.8,1044.0,1043.7,1043.9,111.0
S501!,05/10/2026,14:22,1043.9,1043.9,1043.7,1043.8,259.0
S501!,05/10/2026,14:23,1043.8,1043.8,1043.4,1043.4,451.0
S501!,05/10/2026,14:24,1043.5,1043.5,1043.1,1043.3,557.0
S501!,05/10/2026,14:25,1043.4,1043.8,1043.2,1043.8,263.0
S501!,05/10/2026,14:26,1043.8,1044.2,1043.8,1044.1,192.0
S501!,05/10/2026,14:27,1044.0,1044.1,1044.0,1044.1,141.0
S501!,05/10/2026,14:28,1044.0,1044.3,1044.0,1044.2,170.0
S501!,05/10/2026,14:29,1044.1,1044.6,1044.0,1044.5,443.0
S501!,05/10/2026,14:30,1044.5,1045.2,1044.3,1045.0,784.0
S501!,05/10/2026,14:31,1045.0,1045.8,1045.0,1045.5,572.0
S501!,05/10/2026,14:32,1045.6,1045.6,1045.2,1045.4,221.0
S501!,05/10/2026,14:33,1045.4,1045.5,1045.0,1045.0,152.0
S501!,05/10/2026,14:34,1045.0,1045.3,1045.0,1045.0,183.0
S501!,05/10/2026,14:35,1044.9,1045.1,1044.7,1044.7,166.0
S501!,05/10/2026,14:36,1044.8,1045.3,1044.7,1045.3,159.0
S501!,05/10/2026,14:37,1045.2,1045.3,1045.0,1045.3,144.0
S501!,05/10/2026,14:38,1045.2,1045.7,1045.2,1045.6,240.0
S501!,05/10/2026,14:39,1045.7,1045.7,1045.2,1045.3,179.0
S501!,05/10/2026,14:40,1045.3,1045.8,1045.3,1045.6,106.0
S501!,05/10/2026,14:41,1045.7,1046.7,1045.7,1046.3,518.0
S501!,05/10/2026,14:42,1046.3,1046.5,1045.9,1046.1,210.0
S501!,05/10/2026,14:43,1046.1,1046.5,1046.0,1046.3,271.0
S501!,05/10/2026,14:44,1046.4,1046.5,1046.2,1046.5,93.0
S501!,05/10/2026,14:45,1046.5,1046.6,1046.3,1046.3,144.0
S501!,05/10/2026,14:46,1046.4,1046.4,1046.0,1046.2,126.0
S501!,05/10/2026,14:47,1046.2,1046.7,1046.1,1046.4,219.0
S501!,05/10/2026,14:48,1046.4,1046.4,1046.2,1046.3,141.0
S501!,05/10/2026,14:49,1046.1,1046.4,1046.0,1046.4,129.0
S501!,05/10/2026,14:50,1046.4,1046.4,1045.8,1045.9,165.0
S501!,05/10/2026,14:51,1045.9,1046.5,1045.8,1046.3,155.0
S501!,05/10/2026,14:52,1046.4,1046.5,1046.2,1046.2,136.0
S501!,05/10/2026,14:53,1046.3,1046.3,1045.8,1046.0,137.0
S501!,05/10/2026,14:54,1045.8,1046.0,1045.8,1045.9,120.0
S501!,05/10/2026,14:55,1045.7,1045.8,1045.6,1045.6,126.0
S501!,05/10/2026,14:56,1045.7,1045.7,1045.4,1045.5,102.0
S501!,05/10/2026,14:57,1045.4,1045.9,1045.4,1045.8,129.0
S501!,05/10/2026,14:58,1045.7,1045.8,1045.6,1045.7,51.0
S501!,05/10/2026,14:59,1045.6,1045.8,1045.4,1045.8,195.0
S501!,05/10/2026,15:00,1045.9,1046.4,1045.7,1046.3,254.0
S501!,05/10/2026,15:01,1046.2,1046.5,1046.2,1046.5,107.0
S501!,05/10/2026,15:02,1046.5,1046.8,1046.4,1046.7,162.0
S501!,05/10/2026,15:03,1046.7,1046.7,1046.5,1046.6,102.0
S501!,05/10/2026,15:04,1046.6,1046.9,1046.5,1046.8,94.0
S501!,05/10/2026,15:05,1046.8,1047.7,1046.8,1047.2,432.0
S501!,05/10/2026,15:06,1047.2,1047.7,1047.2,1047.5,197.0
S501!,05/10/2026,15:07,1047.6,1047.7,1047.3,1047.3,86.0
S501!,05/10/2026,15:08,1047.3,1047.4,1047.1,1047.2,97.0
S501!,05/10/2026,15:09,1047.2,1047.5,1047.2,1047.3,192.0
S501!,05/10/2026,15:10,1047.3,1048.0,1047.3,1047.9,415.0
S501!,05/10/2026,15:11,1048.0,1048.3,1047.8,1048.1,454.0
S501!,05/10/2026,15:12,1048.1,1048.1,1047.9,1048.1,138.0
S501!,05/10/2026,15:13,1048.1,1048.8,1048.1,1048.5,483.0
S501!,05/10/2026,15:14,1048.5,1048.6,1047.9,1048.1,203.0
S501!,05/10/2026,15:15,1048.0,1048.2,1047.8,1047.8,139.0
S501!,05/10/2026,15:16,1047.9,1048.5,1047.8,1048.3,259.0
S501!,05/10/2026,15:17,1048.4,1048.4,1048.2,1048.2,145.0
S501!,05/10/2026,15:18,1048.2,1048.6,1048.1,1048.6,261.0
S501!,05/10/2026,15:19,1048.6,1048.7,1048.4,1048.6,110.0
S501!,05/10/2026,15:20,1048.6,1048.7,1048.5,1048.7,88.0
S501!,05/10/2026,15:21,1048.6,1048.7,1048.4,1048.6,150.0
S501!,05/10/2026,15:22,1048.7,1049.2,1048.7,1049.0,442.0
S501!,05/10/2026,15:23,1049.0,1049.1,1048.9,1048.9,160.0
S501!,05/10/2026,15:24,1048.8,1049.0,1048.8,1049.0,30.0
S501!,05/10/2026,15:25,1048.9,1049.0,1048.7,1048.7,219.0
S501!,05/10/2026,15:26,1048.7,1048.9,1048.5,1048.8,163.0
S501!,05/10/2026,15:27,1048.9,1049.0,1048.7,1048.9,135.0
S501!,05/10/2026,15:28,1048.8,1049.0,1048.7,1048.7,203.0
S501!,05/10/2026,15:29,1048.7,1048.7,1048.5,1048.6,94.0
S501!,05/10/2026,15:30,1048.5,1048.6,1048.2,1048.4,289.0
S501!,05/10/2026,15:31,1048.4,1048.7,1048.4,1048.6,86.0
S501!,05/10/2026,15:32,1048.6,1048.9,1048.6,1048.8,219.0
S501!,05/10/2026,15:33,1048.8,1049.0,1048.7,1048.9,271.0
S501!,05/10/2026,15:34,1049.0,1049.0,1048.5,1048.9,278.0
S501!,05/10/2026,15:35,1048.8,1049.1,1048.5,1048.5,150.0
S501!,05/10/2026,15:36,1048.5,1048.5,1048.2,1048.4,162.0
S501!,05/10/2026,15:37,1048.3,1048.4,1048.1,1048.2,170.0
S501!,05/10/2026,15:38,1048.2,1048.5,1048.1,1048.4,140.0
S501!,05/10/2026,15:39,1048.5,1048.5,1048.3,1048.5,34.0
S501!,05/10/2026,15:40,1048.3,1048.5,1048.2,1048.2,62.0
S501!,05/10/2026,15:41,1048.2,1048.2,1047.6,1048.0,384.0
S501!,05/10/2026,15:42,1048.0,1048.0,1047.4,1047.6,334.0
S501!,05/10/2026,15:43,1047.5,1047.6,1047.1,1047.4,165.0
S501!,05/10/2026,15:44,1047.6,1047.7,1047.4,1047.5,83.0
S501!,05/10/2026,15:45,1047.5,1047.6,1047.3,1047.5,130.0
S501!,05/10/2026,15:46,1047.5,1047.6,1047.3,1047.4,250.0
S501!,05/10/2026,15:47,1047.5,1047.5,1047.3,1047.5,75.0
S501!,05/10/2026,15:48,1047.4,1048.1,1047.4,1048.1,118.0
S501!,05/10/2026,15:49,1048.1,1048.6,1048.0,1048.5,232.0
S501!,05/10/2026,15:50,1048.6,1048.6,1048.4,1048.4,99.0
S501!,05/10/2026,15:51,1048.4,1048.6,1048.4,1048.6,77.0
S501!,05/10/2026,15:52,1048.6,1048.9,1048.6,1048.9,177.0
S501!,05/10/2026,15:53,1048.9,1048.9,1048.5,1048.6,125.0
S501!,05/10/2026,15:54,1048.6,1048.6,1048.5,1048.5,8.0
