Ticker,Date,Time,Open,High,Low,Close,Volume
USD1!,11/09/2026,18:50,33.01,33.03,33.01,33.03,260.0
USD1!,11/09/2026,18:52,33.03,33.03,33.03,33.03,1.0
USD1!,11/09/2026,18:58,33.02,33.03,33.02,33.02,35.0
USD1!,11/09/2026,18:59,33.03,33.03,33.03,33.03,15.0
USD1!,11/09/2026,19:05,33.02,33.02,33.02,33.02,127.0
USD1!,11/09/2026,19:09,33.03,33.03,33.03,33.03,20.0
USD1!,11/09/2026,19:10,33.03,33.03,33.03,33.03,1.0
USD1!,11/09/2026,19:12,33.02,33.02,33.02,33.02,1.0
USD1!,11/09/2026,19:14,33.02,33.02,33.02,33.02,6.0
USD1!,11/09/2026,19:20,33.02,33.02,33.02,33.02,10.0
USD1!,11/09/2026,19:22,33.02,33.02,33.02,33.02,40.0
USD1!,11/09/2026,19:25,33.03,33.03,33.03,33.03,2.0
USD1!,11/09/2026,19:27,33.02,33.02,33.02,33.02,39.0
USD1!,11/09/2026,19:28,33.02,33.02,33.02,33.02,4.0
USD1!,11/09/2026,19:30,33.02,33.06,33.01,33.06,516.0
USD1!,11/09/2026,19:31,33.07,33.1,33.07,33.09,99.0
USD1!,11/09/2026,19:32,33.09,33.09,33.08,33.08,140.0
USD1!,11/09/2026,19:33,33.08,33.08,33.05,33.05,44.0
USD1!,11/09/2026,19:37,33.03,33.03,33.03,33.03,39.0
USD1!,11/09/2026,19:38,33.03,33.03,33.03,33.03,78.0
USD1!,11/09/2026,19:39,33.02,33.02,33.01,33.01,158.0
USD1!,11/09/2026,19:40,33.01,33.01,33.01,33.01,36.0
USD1!,11/09/2026,19:41,33.0,33.0,33.0,33.0,68.0
USD1!,11/09/2026,19:42,33.0,33.0,32.99,32.99,22.0
USD1!,11/09/2026,19:43,33.0,33.0,32.99,32.99,85.0
USD1!,11/09/2026,19:44,32.99,33.0,32.99,33.0,14.0
USD1!,11/09/2026,19:45,32.99,32.99,32.99,32.99,30.0
USD1!,11/09/2026,19:46,32.99,32.99,32.97,32.97,127.0
USD1!,11/09/2026,19:47,32.97,32.98,32.97,32.98,15.0
USD1!,11/09/2026,19:48,32.98,32.98,32.98,32.98,66.0
USD1!,11/09/2026,19:49,32.97,32.97,32.97,32.97,180.0
USD1!,11/09/2026,19:50,32.97,32.98,32.97,32.98,60.0
USD1!,11/09/2026,19:51,32.97,32.97,32.97,32.97,50.0
USD1!,11/09/2026,19:52,32.96,32.96,32.95,32.95,171.0
USD1!,11/09/2026,19:53,32.95,32.95,32.95,32.95,10.0
USD1!,11/09/2026,19:54,32.96,32.98,32.95,32.98,64.0
USD1!,11/09/2026,19:55,32.98,32.98,32.98,32.98,9.0
USD1!,11/09/2026,19:57,32.96,32.96,32.95,32.95,76.0
USD1!,11/09/2026,19:58,32.95,32.95,32.95,32.95,21.0
USD1!,11/09/2026,19:59,32.95,32.95,32.95,32.95,23.0
USD1!,11/09/2026,20:00,32.95,32.96,32.94,32.95,216.0
USD1!,11/09/2026,20:01,32.95,32.95,32.95,32.95,4.0
USD1!,11/09/2026,20:02,32.95,32.95,32.95,32.95,18.0
USD1!,11/09/2026,20:03,32.94,32.95,32.94,32.95,209.0
USD1!,11/09/2026,20:05,32.95,32.95,32.95,32.95,11.0
USD1!,11/09/2026,20:06,32.95,32.95,32.95,32.95,1.0
USD1!,11/09/2026,20:07,32.95,32.95,32.95,32.95,6.0
USD1!,11/09/2026,20:08,32.97,32.97,32.97,32.97,109.0
USD1!,11/09/2026,20:09,32.97,32.98,32.97,32.98,150.0
USD1!,11/09/2026,20:11,32.97,32.97,32.97,32.97,2.0
USD1!,11/09/2026,20:12,32.98,32.99,32.98,32.99,13.0
USD1!,11/09/2026,20:14,32.98,32.98,32.98,32.98,4.0
USD1!,11/09/2026,20:17,32.98,32.98,32.98,32.98,1.0
USD1!,11/09/2026,20:20,32.98,32.98,32.98,32.98,27.0
USD1!,11/09/2026,20:28,32.97,32.97,32.97,32.97,68.0
USD1!,11/09/2026,20:29,32.96,32.96,32.96,32.96,1.0
USD1!,11/09/2026,20:31,32.98,32.98,32.98,32.98,40.0
USD1!,11/09/2026,20:34,32.96,32.96,32.96,32.96,40.0
USD1!,11/09/2026,20:35,32.96,32.96,32.96,32.96,67.0
USD1!,11/09/2026,20:40,32.96,32.96,32.96,32.96,515.0
USD1!,11/09/2026,20:44,32.96,32.96,32.96,32.96,10.0
USD1!,11/09/2026,20:46,32.96,32.96,32.96,32.96,210.0
USD1!,11/09/2026,20:53,32.97,32.97,32.96,32.96,248.0
USD1!,11/09/2026,20:54,32.96,32.96,32.96,32.96,13.0
USD1!,11/09/2026,20:59,32.96,32.96,32.96,32.96,71.0
USD1!,11/09/2026,21:02,32.96,32.99,32.96,32.98,70.0
USD1!,11/09/2026,21:05,32.97,32.97,32.97,32.97,20.0
USD1!,11/09/2026,21:08,32.96,32.96,32.96,32.96,18.0
USD1!,11/09/2026,21:12,32.96,32.96,32.96,32.96,5.0
USD1!,11/09/2026,21:18,32.97,32.97,32.97,32.97,10.0
USD1!,11/09/2026,21:19,32.96,32.96,32.96,32.96,52.0
USD1!,11/09/2026,21:26,32.96,32.96,32.96,32.96,21.0
USD1!,11/09/2026,21:30,32.98,32.98,32.98,32.98,2.0
USD1!,11/09/2026,21:33,32.99,32.99,32.99,32.99,192.0
USD1!,11/09/2026,21:39,32.99,32.99,32.99,32.99,52.0
USD1!,11/09/2026,21:40,32.99,32.99,32.99,32.99,51.0
USD1!,11/09/2026,21:42,32.99,32.99,32.99,32.99,2.0
USD1!,11/09/2026,21:43,32.99,32.99,32.99,32.99,36.0
USD1!,11/09/2026,21:44,32.99,32.99,32.99,32.99,40.0
USD1!,11/09/2026,21:48,32.98,32.98,32.97,32.97,132.0
USD1!,11/09/2026,21:51,32.96,32.96,32.96,32.96,1.0
USD1!,11/09/2026,21:55,32.96,32.96,32.95,32.95,84.0
USD1!,11/09/2026,22:01,32.96,32.99,32.96,32.99,22.0
USD1!,11/09/2026,22:13,32.99,33.0,32.99,33.0,40.0
USD1!,11/09/2026,22:15,32.99,32.99,32.99,32.99,10.0
USD1!,11/09/2026,22:17,32.99,32.99,32.99,32.99,1.0
USD1!,11/09/2026,22:19,33.0,33.0,33.0,33.0,2.0
USD1!,11/09/2026,22:21,32.99,32.99,32.99,32.99,4.0
USD1!,11/09/2026,22:30,32.99,32.99,32.99,32.99,2.0
USD1!,11/09/2026,22:33,32.98,32.98,32.98,32.98,26.0
USD1!,11/09/2026,22:37,32.98,32.98,32.98,32.98,2.0
USD1!,11/09/2026,22:51,32.98,32.98,32.98,32.98,1.0
USD1!,11/09/2026,22:53,32.98,32.98,32.98,32.98,1.0
USD1!,11/09/2026,23:01,32.96,32.96,32.96,32.96,51.0
USD1!,11/09/2026,23:16,32.99,32.99,32.99,32.99,200.0
USD1!,11/09/2026,23:34,32.98,32.98,32.98,32.98,20.0
USD1!,11/09/2026,23:39,32.99,32.99,32.99,32.99,1.0
USD1!,11/09/2026,23:41,32.98,32.98,32.98,32.98,8.0
USD1!,11/09/2026,23:51,32.99,32.99,32.99,32.99,43.0
USD1!,12/09/2026,00:07,32.99,33.0,32.99,33.0,55.0
USD1!,12/09/2026,00:09,33.0,33.0,33.0,33.0,146.0
USD1!,12/09/2026,00:23,32.99,32.99,32.99,32.99,40.0
USD1!,12/09/2026,00:24,32.99,32.99,32.99,32.99,40.0
USD1!,12/09/2026,00:25,32.99,32.99,32.99,32.99,40.0
USD1!,12/09/2026,00:31,32.99,32.99,32.99,32.99,40.0
USD1!,12/09/2026,01:14,33.0,33.0,33.0,33.0,40.0
USD1!,12/09/2026,01:20,32.99,32.99,32.99,32.99,1.0
USD1!,12/09/2026,01:21,33.01,33.02,33.01,33.02,83.0
USD1!,12/09/2026,01:23,33.02,33.02,33.02,33.02,3.0
USD1!,12/09/2026,01:25,33.02,33.02,33.02,33.02,3.0
USD1!,12/09/2026,01:26,33.02,33.02,33.01,33.01,28.0
USD1!,12/09/2026,01:46,33.03,33.03,33.03,33.03,43.0
USD1!,12/09/2026,01:49,33.03,33.03,33.03,33.03,1.0
USD1!,12/09/2026,01:59,33.03,33.03,33.03,33.03,157.0
USD1!,12/09/2026,02:07,33.04,33.05,33.04,33.05,33.0
USD1!,12/09/2026,02:08,33.05,33.05,33.05,33.05,20.0
USD1!,12/09/2026,02:09,33.05,33.05,33.05,33.05,131.0
USD1!,12/09/2026,02:10,33.05,33.05,33.05,33.05,71.0
USD1!,12/09/2026,02:14,33.04,33.04,33.04,33.04,2.0
USD1!,12/09/2026,02:15,33.04,33.04,33.04,33.04,8.0
USD1!,12/09/2026,02:22,33.05,33.05,33.05,33.05,2.0
USD1!,12/09/2026,02:24,33.03,33.03,33.03,33.03,4.0
USD1!,12/09/2026,02:25,33.03,33.03,33.03,33.03,1.0
USD1!,12/09/2026,02:34,33.03,33.03,33.02,33.02,40.0
USD1!,12/09/2026,02:49,33.03,33.03,33.03,33.03,10.0
USD1!,12/09/2026,02:58,33.02,33.02,33.02,33.02,27.0
USD1!,14/09/2026,09:45,33.08,33.09,33.08,33.09,273.0
USD1!,14/09/2026,09:46,33.08,33.08,33.08,33.08,10.0
USD1!,14/09/2026,09:47,33.08,33.08,33.08,33.08,8.0
USD1!,14/09/2026,09:50,33.09,33.09,33.09,33.09,8.0
USD1!,14/09/2026,09:52,33.09,33.09,33.08,33.08,215.0
USD1!,14/09/2026,09:53,33.09,33.09,33.08,33.08,14.0
USD1!,14/09/2026,09:54,33.09,33.09,33.09,33.09,15.0
USD1!,14/09/2026,09:55,33.09,33.09,33.09,33.09,2.0
USD1!,14/09/2026,09:56,33.09,33.09,33.09,33.09,20.0
USD1!,14/09/2026,09:57,33.1,33.1,33.1,33.1,7.0
USD1!,14/09/2026,09:59,33.09,33.09,33.09,33.09,5.0
USD1!,14/09/2026,10:01,33.09,33.1,33.09,33.1,73.0
USD1!,14/09/2026,10:02,33.1,33.1,33.1,33.1,212.0
USD1!,14/09/2026,10:03,33.09,33.1,33.09,33.1,67.0
USD1!,14/09/2026,10:05,33.1,33.1,33.1,33.1,39.0
USD1!,14/09/2026,10:06,33.1,33.1,33.1,33.1,19.0
USD1!,14/09/2026,10:07,33.1,33.1,33.09,33.09,10.0
USD1!,14/09/2026,10:08,33.09,33.1,33.09,33.1,30.0
USD1!,14/09/2026,10:09,33.1,33.1,33.1,33.1,10.0
USD1!,14/09/2026,10:10,33.1,33.1,33.1,33.1,157.0
USD1!,14/09/2026,10:11,33.1,33.1,33.1,33.1,34.0
USD1!,14/09/2026,10:14,33.11,33.11,33.11,33.11,15.0
USD1!,14/09/2026,10:20,33.1,33.11,33.1,33.11,24.0
USD1!,14/09/2026,10:25,33.1,33.1,33.1,33.1,1.0
USD1!,14/09/2026,10:26,33.1,33.1,33.1,33.1,16.0
USD1!,14/09/2026,10:27,33.1,33.1,33.1,33.1,1.0
USD1!,14/09/2026,10:28,33.11,33.11,33.11,33.11,5.0
USD1!,14/09/2026,10:29,33.11,33.11,33.11,33.11,2.0
USD1!,14/09/2026,10:30,33.11,33.11,33.11,33.11,122.0
USD1!,14/09/2026,10:31,33.1,33.1,33.1,33.1,10.0
USD1!,14/09/2026,10:32,33.1,33.1,33.1,33.1,5.0
USD1!,14/09/2026,10:33,33.11,33.11,33.11,33.11,1.0
USD1!,14/09/2026,10:40,33.11,33.12,33.11,33.12,145.0
USD1!,14/09/2026,10:41,33.12,33.12,33.11,33.11,80.0
USD1!,14/09/2026,10:42,33.12,33.12,33.12,33.12,10.0
USD1!,14/09/2026,10:43,33.12,33.12,33.12,33.12,10.0
USD1!,14/09/2026,10:44,33.13,33.13,33.13,33.13,1.0
USD1!,14/09/2026,10:45,33.12,33.12,33.12,33.12,5.0
USD1!,14/09/2026,10:48,33.11,33.11,33.11,33.11,10.0
USD1!,14/09/2026,10:49,33.11,33.11,33.11,33.11,28.0
USD1!,14/09/2026,10:53,33.11,33.11,33.11,33.11,167.0
USD1!,14/09/2026,10:54,33.1,33.11,33.1,33.11,101.0
USD1!,14/09/2026,10:55,33.11,33.11,33.11,33.11,39.0
USD1!,14/09/2026,10:57,33.11,33.11,33.11,33.11,20.0
USD1!,14/09/2026,11:00,33.11,33.11,33.11,33.11,10.0
USD1!,14/09/2026,11:01,33.11,33.11,33.11,33.11,1.0
USD1!,14/09/2026,11:02,33.11,33.11,33.11,33.11,20.0
USD1!,14/09/2026,11:04,33.11,33.11,33.11,33.11,1.0
USD1!,14/09/2026,11:12,33.1,33.1,33.1,33.1,2.0
USD1!,14/09/2026,11:14,33.1,33.1,33.1,33.1,197.0
USD1!,14/09/2026,11:15,33.09,33.1,33.09,33.1,154.0
USD1!,14/09/2026,11:16,33.1,33.1,33.1,33.1,2.0
USD1!,14/09/2026,11:18,33.1,33.1,33.1,33.1,189.0
USD1!,14/09/2026,11:20,33.1,33.1,33.1,33.1,1.0
USD1!,14/09/2026,11:22,33.1,33.1,33.1,33.1,25.0
USD1!,14/09/2026,11:24,33.1,33.11,33.1,33.11,162.0
USD1!,14/09/2026,11:39,33.11,33.11,33.11,33.11,18.0
USD1!,14/09/2026,11:41,33.12,33.12,33.12,33.12,39.0
USD1!,14/09/2026,11:43,33.12,33.12,33.12,33.12,500.0
USD1!,14/09/2026,11:44,33.11,33.11,33.11,33.11,4.0
USD1!,14/09/2026,11:45,33.11,33.11,33.11,33.11,1.0
USD1!,14/09/2026,11:49,33.11,33.11,33.11,33.11,4.0
USD1!,14/09/2026,12:09,33.11,33.11,33.11,33.11,4.0
USD1!,14/09/2026,12:10,33.12,33.12,33.12,33.12,32.0
USD1!,14/09/2026,12:11,33.13,33.14,33.13,33.14,262.0
USD1!,14/09/2026,12:13,33.14,33.14,33.14,33.14,2.0
USD1!,14/09/2026,12:14,33.13,33.13,33.13,33.13,1.0
USD1!,14/09/2026,12:15,33.13,33.13,33.13,33.13,69.0
USD1!,14/09/2026,12:16,33.14,33.14,33.14,33.14,8.0
USD1!,14/09/2026,12:17,33.14,33.14,33.14,33.14,211.0
USD1!,14/09/2026,12:18,33.14,33.14,33.14,33.14,10.0
USD1!,14/09/2026,12:25,33.14,33.14,33.14,33.14,1.0
USD1!,14/09/2026,12:27,33.13,33.13,33.13,33.13,13.0
USD1!,14/09/2026,13:45,33.13,33.13,33.13,33.13,13.0
USD1!,14/09/2026,13:46,33.14,33.14,33.14,33.14,14.0
USD1!,14/09/2026,13:48,33.14,33.14,33.14,33.14,5.0
USD1!,14/09/2026,13:50,33.15,33.15,33.14,33.14,539.0
USD1!,14/09/2026,13:51,33.14,33.14,33.14,33.14,11.0
USD1!,14/09/2026,13:53,33.15,33.15,33.15,33.15,467.0
USD1!,14/09/2026,13:54,33.16,33.16,33.16,33.16,4.0
USD1!,14/09/2026,13:55,33.15,33.15,33.15,33.15,65.0
USD1!,14/09/2026,13:56,33.15,33.15,33.15,33.15,6.0
USD1!,14/09/2026,13:57,33.15,33.15,33.15,33.15,12.0
USD1!,14/09/2026,13:58,33.15,33.15,33.15,33.15,6.0
USD1!,14/09/2026,13:59,33.15,33.15,33.15,33.15,13.0
USD1!,14/09/2026,14:02,33.15,33.15,33.15,33.15,8.0
USD1!,14/09/2026,14:04,33.15,33.15,33.15,33.15,70.0
USD1!,14/09/2026,14:05,33.15,33.15,33.14,33.14,198.0
USD1!,14/09/2026,14:07,33.14,33.14,33.14,33.14,75.0
USD1!,14/09/2026,14:08,33.15,33.15,33.15,33.15,1.0
USD1!,14/09/2026,14:11,33.14,33.14,33.14,33.14,100.0
USD1!,14/09/2026,14:13,33.13,33.13,33.13,33.13,25.0
USD1!,14/09/2026,14:16,33.13,33.13,33.13,33.13,197.0
USD1!,14/09/2026,14:18,33.13,33.13,33.13,33.13,15.0
USD1!,14/09/2026,14:19,33.13,33.13,33.13,33.13,2.0
USD1!,14/09/2026,14:20,33.13,33.14,33.13,33.14,53.0
USD1!,14/09/2026,14:26,33.13,33.13,33.13,33.13,40.0
USD1!,14/09/2026,14:30,33.15,33.15,33.15,33.15,100.0
USD1!,14/09/2026,14:32,33.15,33.15,33.15,33.15,24.0
USD1!,14/09/2026,14:36,33.15,33.15,33.15,33.15,7.0
USD1!,14/09/2026,14:37,33.15,33.15,33.15,33.15,55.0
USD1!,14/09/2026,14:40,33.15,33.15,33.15,33.15,7.0
USD1!,14/09/2026,14:41,33.15,33.15,33.15,33.15,4.0
USD1!,14/09/2026,14:42,33.15,33.15,33.15,33.15,7.0
USD1!,14/09/2026,14:45,33.14,33.14,33.14,33.14,21.0
USD1!,14/09/2026,14:46,33.14,33.15,33.14,33.15,209.0
USD1!,14/09/2026,14:51,33.15,33.16,33.15,33.16,91.0
USD1!,14/09/2026,14:52,33.16,33.16,33.16,33.16,183.0
USD1!,14/09/2026,14:53,33.17,33.19,33.17,33.17,1825.0
USD1!,14/09/2026,14:54,33.18,33.18,33.18,33.18,123.0
USD1!,14/09/2026,14:55,33.18,33.19,33.18,33.19,16.0
USD1!,14/09/2026,14:56,33.19,33.19,33.19,33.19,21.0
USD1!,14/09/2026,14:57,33.19,33.19,33.19,33.19,13.0
USD1!,14/09/2026,14:58,33.18,33.19,33.18,33.19,3.0
USD1!,14/09/2026,14:59,33.19,33.19,33.19,33.19,10.0
USD1!,14/09/2026,15:00,33.19,33.19,33.19,33.19,24.0
USD1!,14/09/2026,15:01,33.18,33.19,33.18,33.19,11.0
USD1!,14/09/2026,15:03,33.19,33.19,33.19,33.19,9.0
USD1!,14/09/2026,15:04,33.18,33.18,33.18,33.18,1.0
USD1!,14/09/2026,15:05,33.19,33.2,33.19,33.2,444.0
USD1!,14/09/2026,15:06,33.19,33.19,33.19,33.19,20.0
USD1!,14/09/2026,15:07,33.19,33.19,33.19,33.19,40.0
USD1!,14/09/2026,15:08,33.19,33.19,33.19,33.19,14.0
USD1!,14/09/2026,15:12,33.19,33.19,33.19,33.19,25.0
USD1!,14/09/2026,15:13,33.19,33.19,33.19,33.19,5.0
USD1!,14/09/2026,15:15,33.2,33.2,33.2,33.2,702.0
USD1!,14/09/2026,15:16,33.2,33.2,33.2,33.2,5.0
USD1!,14/09/2026,15:18,33.2,33.2,33.2,33.2,134.0
USD1!,14/09/2026,15:20,33.2,33.2,33.2,33.2,100.0
USD1!,14/09/2026,15:21,33.2,33.2,33.2,33.2,9.0
USD1!,14/09/2026,15:22,33.2,33.2,33.2,33.2,1.0
USD1!,14/09/2026,15:23,33.2,33.2,33.2,33.2,10.0
USD1!,14/09/2026,15:29,33.2,33.21,33.2,33.21,257.0
USD1!,14/09/2026,15:30,33.21,33.21,33.21,33.21,1.0
USD1!,14/09/2026,15:31,33.21,33.21,33.21,33.21,539.0
USD1!,14/09/2026,15:32,33.21,33.21,33.21,33.21,2.0
USD1!,14/09/2026,15:34,33.21,33.21,33.21,33.21,210.0
USD1!,14/09/2026,15:35,33.2,33.2,33.2,33.2,10.0
USD1!,14/09/2026,15:36,33.21,33.21,33.2,33.2,21.0
USD1!,14/09/2026,15:40,33.19,33.19,33.19,33.19,2.0
USD1!,14/09/2026,15:42,33.19,33.19,33.18,33.18,281.0
USD1!,14/09/2026,15:44,33.19,33.19,33.19,33.19,28.0
USD1!,14/09/2026,15:45,33.19,33.19,33.18,33.18,4.0
USD1!,14/09/2026,15:47,33.19,33.19,33.19,33.19,5.0
USD1!,14/09/2026,15:49,33.2,33.21,33.2,33.21,229.0
USD1!,14/09/2026,15:56,33.21,33.21,33.21,33.21,39.0
USD1!,14/09/2026,15:57,33.21,33.21,33.21,33.21,1.0
USD1!,14/09/2026,16:00,33.21,33.21,33.21,33.21,50.0
USD1!,14/09/2026,16:01,33.2,33.2,33.2,33.2,2.0
USD1!,14/09/2026,16:03,33.19,33.19,33.19,33.19,1.0
USD1!,14/09/2026,16:04,33.18,33.18,33.18,33.18,200.0
USD1!,14/09/2026,16:06,33.19,33.19,33.19,33.19,175.0
USD1!,14/09/2026,16:09,33.19,33.19,33.19,33.19,9.0
USD1!,14/09/2026,16:11,33.19,33.19,33.19,33.19,2.0
USD1!,14/09/2026,16:12,33.19,33.19,33.19,33.19,3.0
USD1!,14/09/2026,16:13,33.19,33.19,33.19,33.19,5.0
USD1!,14/09/2026,16:14,33.19,33.21,33.18,33.18,1002.0
USD1!,14/09/2026,16:15,33.2,33.2,33.2,33.2,1.0
USD1!,14/09/2026,16:17,33.2,33.2,33.2,33.2,11.0
USD1!,14/09/2026,16:19,33.22,33.22,33.22,33.22,198.0
USD1!,14/09/2026,16:20,33.21,33.21,33.21,33.21,15.0
USD1!,14/09/2026,16:21,33.21,33.21,33.21,33.21,235.0
USD1!,14/09/2026,16:22,33.22,33.22,33.22,33.22,4.0
USD1!,14/09/2026,16:23,33.21,33.22,33.21,33.21,22.0
USD1!,14/09/2026,16:24,33.23,33.23,33.23,33.23,110.0
USD1!,14/09/2026,16:27,33.21,33.21,33.21,33.21,1.0
USD1!,14/09/2026,16:28,33.21,33.21,33.21,33.21,86.0
USD1!,14/09/2026,16:29,33.21,33.21,33.21,33.21,14.0
USD1!,14/09/2026,16:31,33.22,33.22,33.22,33.22,2.0
USD1!,14/09/2026,16:32,33.22,33.22,33.21,33.21,2.0
USD1!,14/09/2026,16:36,33.21,33.21,33.21,33.21,1.0
USD1!,14/09/2026,16:38,33.2,33.2,33.2,33.2,50.0
USD1!,14/09/2026,16:39,33.21,33.21,33.21,33.21,130.0
USD1!,14/09/2026,16:40,33.21,33.21,33.21,33.21,10.0
USD1!,14/09/2026,16:41,33.21,33.21,33.2,33.2,44.0
USD1!,14/09/2026,16:44,33.2,33.2,33.2,33.2,15.0
USD1!,14/09/2026,16:45,33.2,33.21,33.2,33.21,40.0
USD1!,14/09/2026,16:46,33.2,33.2,33.2,33.2,4.0
USD1!,14/09/2026,16:48,33.2,33.2,33.2,33.2,46.0
USD1!,14/09/2026,16:51,33.2,33.21,33.2,33.21,80.0
USD1!,14/09/2026,16:53,33.21,33.21,33.21,33.21,2.0
USD1!,14/09/2026,16:54,33.21,33.21,33.21,33.21,7.0
USD1!,14/09/2026,18:50,33.21,33.21,33.21,33.21,25.0
USD1!,14/09/2026,18:55,33.21,33.21,33.21,33.21,22.0
USD1!,14/09/2026,18:56,33.21,33.21,33.21,33.21,11.0
USD1!,14/09/2026,18:59,33.22,33.22,33.22,33.22,11.0
USD1!,14/09/2026,19:10,33.21,33.21,33.21,33.21,5.0
USD1!,14/09/2026,19:11,33.2,33.2,33.2,33.2,1.0
USD1!,14/09/2026,19:12,33.2,33.2,33.2,33.2,95.0
USD1!,14/09/2026,19:13,33.2,33.2,33.2,33.2,101.0
USD1!,14/09/2026,19:14,33.2,33.21,33.2,33.21,251.0
USD1!,14/09/2026,19:16,33.2,33.2,33.2,33.2,100.0
USD1!,14/09/2026,19:17,33.2,33.2,33.2,33.2,563.0
USD1!,14/09/2026,19:18,33.2,33.2,33.2,33.2,1.0
USD1!,14/09/2026,19:20,33.21,33.21,33.21,33.21,6.0
USD1!,14/09/2026,19:21,33.21,33.21,33.21,33.21,1.0
USD1!,14/09/2026,19:22,33.21,33.22,33.21,33.21,8.0
USD1!,14/09/2026,19:33,33.22,33.22,33.22,33.22,166.0
USD1!,14/09/2026,19:34,33.22,33.22,33.22,33.22,3.0
USD1!,14/09/2026,19:35,33.23,33.23,33.23,33.23,803.0
USD1!,14/09/2026,19:36,33.23,33.23,33.23,33.23,505.0
USD1!,14/09/2026,19:37,33.23,33.23,33.23,33.23,1145.0
USD1!,14/09/2026,19:38,33.23,33.23,33.23,33.23,926.0
USD1!,14/09/2026,19:39,33.22,33.23,33.22,33.23,74.0
USD1!,14/09/2026,19:40,33.23,33.23,33.23,33.23,4.0
USD1!,14/09/2026,19:41,33.23,33.23,33.23,33.23,68.0
USD1!,14/09/2026,19:42,33.22,33.22,33.22,33.22,41.0
USD1!,14/09/2026,19:43,33.21,33.21,33.21,33.21,9.0
USD1!,14/09/2026,19:46,33.22,33.22,33.22,33.22,11.0
USD1!,14/09/2026,19:48,33.23,33.23,33.23,33.23,39.0
USD1!,14/09/2026,19:49,33.23,33.23,33.23,33.23,39.0
USD1!,14/09/2026,19:50,33.23,33.23,33.23,33.23,39.0
USD1!,14/09/2026,19:51,33.22,33.22,33.21,33.21,7.0
USD1!,14/09/2026,19:53,33.23,33.23,33.23,33.23,580.0
USD1!,14/09/2026,19:54,33.23,33.24,33.23,33.23,861.0
USD1!,14/09/2026,19:55,33.23,33.23,33.23,33.23,139.0
USD1!,14/09/2026,19:56,33.23,33.24,33.23,33.23,1302.0
USD1!,14/09/2026,19:57,33.23,33.24,33.22,33.22,2027.0
USD1!,14/09/2026,19:58,33.23,33.23,33.23,33.23,1200.0
USD1!,14/09/2026,19:59,33.23,33.24,33.23,33.23,682.0
USD1!,14/09/2026,20:00,33.23,33.23,33.22,33.22,1179.0
USD1!,14/09/2026,20:01,33.23,33.23,33.22,33.22,1202.0
USD1!,14/09/2026,20:02,33.22,33.23,33.22,33.23,1001.0
USD1!,14/09/2026,20:03,33.23,33.24,33.23,33.23,1815.0
USD1!,14/09/2026,20:04,33.23,33.25,33.23,33.23,1551.0
USD1!,14/09/2026,20:05,33.23,33.24,33.23,33.23,1567.0
USD1!,14/09/2026,20:06,33.23,33.23,33.23,33.23,1189.0
USD1!,14/09/2026,20:07,33.23,33.25,33.23,33.23,2078.0
USD1!,14/09/2026,20:08,33.23,33.23,33.22,33.23,246.0
USD1!,14/09/2026,20:09,33.23,33.25,33.22,33.23,587.0
USD1!,14/09/2026,20:10,33.23,33.23,33.23,33.23,500.0
USD1!,14/09/2026,20:11,33.23,33.25,33.23,33.25,104.0
USD1!,14/09/2026,20:12,33.25,33.25,33.22,33.25,509.0
USD1!,14/09/2026,20:13,33.25,33.25,33.25,33.25,3.0
USD1!,14/09/2026,20:14,33.25,33.26,33.24,33.26,54.0
USD1!,14/09/2026,20:15,33.25,33.26,33.25,33.26,5.0
USD1!,14/09/2026,20:17,33.26,33.26,33.26,33.26,3.0
USD1!,14/09/2026,20:18,33.25,33.25,33.25,33.25,1.0
USD1!,14/09/2026,20:20,33.25,33.25,33.25,33.25,5.0
USD1!,14/09/2026,20:21,33.24,33.24,33.24,33.24,2.0
USD1!,14/09/2026,20:23,33.24,33.24,33.24,33.24,6.0
USD1!,14/09/2026,20:25,33.24,33.24,33.24,33.24,1.0
USD1!,14/09/2026,20:26,33.24,33.24,33.24,33.24,1.0
USD1!,14/09/2026,20:27,33.25,33.25,33.25,33.25,39.0
USD1!,14/09/2026,20:28,33.25,33.25,33.25,33.25,107.0
USD1!,14/09/2026,20:30,33.26,33.26,33.26,33.26,10.0
USD1!,14/09/2026,20:31,33.25,33.25,33.25,33.25,1.0
USD1!,14/09/2026,20:32,33.25,33.25,33.25,33.25,1.0
USD1!,14/09/2026,20:33,33.25,33.25,33.25,33.25,5.0
USD1!,14/09/2026,20:37,33.25,33.25,33.25,33.25,1.0
USD1!,14/09/2026,20:39,33.25,33.25,33.25,33.25,10.0
USD1!,14/09/2026,20:42,33.25,33.25,33.25,33.25,17.0
USD1!,14/09/2026,20:44,33.25,33.25,33.25,33.25,3.0
USD1!,14/09/2026,20:45,33.25,33.26,33.25,33.26,83.0
USD1!,14/09/2026,20:47,33.25,33.25,33.25,33.25,32.0
USD1!,14/09/2026,20:48,33.25,33.25,33.25,33.25,100.0
USD1!,14/09/2026,20:49,33.25,33.25,33.25,33.25,2.0
USD1!,14/09/2026,20:51,33.25,33.25,33.25,33.25,6.0
USD1!,14/09/2026,20:52,33.25,33.25,33.25,33.25,3.0
USD1!,14/09/2026,20:54,33.26,33.26,33.26,33.26,243.0
USD1!,14/09/2026,20:55,33.26,33.26,33.26,33.26,1.0
USD1!,14/09/2026,20:56,33.26,33.26,33.26,33.26,22.0
USD1!,14/09/2026,20:57,33.26,33.26,33.26,33.26,200.0
USD1!,14/09/2026,20:58,33.26,33.26,33.26,33.26,1.0
USD1!,14/09/2026,20:59,33.26,33.26,33.26,33.26,1.0
USD1!,14/09/2026,21:01,33.26,33.26,33.26,33.26,70.0
USD1!,14/09/2026,21:02,33.26,33.26,33.26,33.26,2.0
USD1!,14/09/2026,21:07,33.26,33.26,33.26,33.26,50.0
USD1!,14/09/2026,21:08,33.25,33.25,33.25,33.25,2.0
USD1!,14/09/2026,21:11,33.25,33.25,33.25,33.25,15.0
USD1!,14/09/2026,21:12,33.25,33.25,33.25,33.25,231.0
USD1!,14/09/2026,21:13,33.25,33.25,33.24,33.24,128.0
USD1!,14/09/2026,21:14,33.23,33.23,33.21,33.21,30.0
USD1!,14/09/2026,21:19,33.23,33.23,33.23,33.23,4.0
USD1!,14/09/2026,21:21,33.23,33.24,33.23,33.24,70.0
USD1!,14/09/2026,21:23,33.24,33.24,33.24,33.24,1.0
USD1!,14/09/2026,21:24,33.24,33.24,33.24,33.24,55.0
USD1!,14/09/2026,21:33,33.24,33.24,33.24,33.24,100.0
USD1!,14/09/2026,21:34,33.24,33.24,33.24,33.24,1.0
USD1!,14/09/2026,21:42,33.22,33.22,33.22,33.22,10.0
USD1!,14/09/2026,21:43,33.22,33.22,33.22,33.22,96.0
USD1!,14/09/2026,21:44,33.21,33.21,33.2,33.21,172.0
USD1!,14/09/2026,21:45,33.2,33.2,33.2,33.2,100.0
USD1!,14/09/2026,21:46,33.2,33.2,33.2,33.2,5.0
USD1!,14/09/2026,21:47,33.2,33.2,33.2,33.2,195.0
USD1!,14/09/2026,21:48,33.21,33.21,33.2,33.2,101.0
USD1!,14/09/2026,21:50,33.2,33.2,33.2,33.2,7.0
USD1!,14/09/2026,21:53,33.21,33.21,33.21,33.21,39.0
USD1!,14/09/2026,21:55,33.2,33.2,33.2,33.2,3.0
USD1!,14/09/2026,22:00,33.2,33.2,33.2,33.2,4.0
USD1!,14/09/2026,22:01,33.19,33.19,33.19,33.19,28.0
USD1!,14/09/2026,22:02,33.2,33.2,33.19,33.19,6.0
USD1!,14/09/2026,22:04,33.19,33.2,33.19,33.2,92.0
USD1!,14/09/2026,22:05,33.19,33.19,33.19,33.19,5.0
USD1!,14/09/2026,22:06,33.18,33.18,33.17,33.17,108.0
USD1!,14/09/2026,22:07,33.17,33.17,33.16,33.17,335.0
USD1!,14/09/2026,22:08,33.17,33.17,33.17,33.17,100.0
USD1!,14/09/2026,22:09,33.18,33.18,33.17,33.17,55.0
USD1!,14/09/2026,22:10,33.17,33.18,33.17,33.18,83.0
USD1!,14/09/2026,22:11,33.18,33.18,33.18,33.18,22.0
USD1!,14/09/2026,22:13,33.17,33.17,33.17,33.17,4.0
USD1!,14/09/2026,22:15,33.18,33.19,33.18,33.19,44.0
USD1!,14/09/2026,22:16,33.19,33.19,33.19,33.19,10.0
USD1!,14/09/2026,22:17,33.19,33.19,33.19,33.19,86.0
USD1!,14/09/2026,22:18,33.19,33.19,33.19,33.19,5.0
USD1!,14/09/2026,22:19,33.19,33.19,33.19,33.19,50.0
USD1!,14/09/2026,22:22,33.19,33.19,33.19,33.19,1.0
USD1!,14/09/2026,22:29,33.17,33.17,33.17,33.17,2.0
USD1!,14/09/2026,22:30,33.17,33.17,33.17,33.17,1.0
USD1!,14/09/2026,22:31,33.18,33.18,33.18,33.18,26.0
USD1!,14/09/2026,22:33,33.17,33.17,33.17,33.17,33.0
USD1!,14/09/2026,22:34,33.16,33.16,33.15,33.15,72.0
USD1!,14/09/2026,22:35,33.15,33.15,33.14,33.14,142.0
USD1!,14/09/2026,22:36,33.15,33.15,33.15,33.15,112.0
USD1!,14/09/2026,22:38,33.15,33.15,33.15,33.15,2.0
USD1!,14/09/2026,22:39,33.15,33.15,33.15,33.15,1.0
USD1!,14/09/2026,22:40,33.15,33.15,33.15,33.15,8.0
USD1!,14/09/2026,22:42,33.15,33.15,33.15,33.15,5.0
USD1!,14/09/2026,22:43,33.15,33.15,33.15,33.15,101.0
USD1!,14/09/2026,22:45,33.15,33.15,33.15,33.15,5.0
USD1!,14/09/2026,22:48,33.15,33.15,33.15,33.15,2.0
USD1!,14/09/2026,22:51,33.15,33.15,33.15,33.15,1.0
USD1!,14/09/2026,22:55,33.15,33.15,33.15,33.15,1.0
USD1!,14/09/2026,23:03,33.15,33.15,33.15,33.15,5.0
USD1!,14/09/2026,23:04,33.15,33.15,33.15,33.15,3.0
USD1!,14/09/2026,23:09,33.15,33.15,33.15,33.15,59.0
USD1!,14/09/2026,23:10,33.15,33.15,33.15,33.15,25.0
USD1!,14/09/2026,23:13,33.14,33.14,33.14,33.14,41.0
USD1!,14/09/2026,23:14,33.15,33.15,33.15,33.15,1.0
USD1!,14/09/2026,23:19,33.14,33.14,33.14,33.14,39.0
USD1!,14/09/2026,23:22,33.14,33.14,33.14,33.14,10.0
USD1!,14/09/2026,23:26,33.14,33.14,33.14,33.14,31.0
USD1!,14/09/2026,23:28,33.14,33.14,33.14,33.14,1.0
USD1!,14/09/2026,23:30,33.13,33.13,33.13,33.13,1.0
USD1!,14/09/2026,23:31,33.14,33.14,33.14,33.14,175.0
USD1!,14/09/2026,23:32,33.15,33.15,33.15,33.15,133.0
USD1!,14/09/2026,23:33,33.15,33.15,33.15,33.15,267.0
USD1!,14/09/2026,23:41,33.14,33.14,33.14,33.14,10.0
USD1!,14/09/2026,23:42,33.14,33.14,33.13,33.13,17.0
USD1!,14/09/2026,23:44,33.15,33.15,33.13,33.13,38.0
USD1!,14/09/2026,23:46,33.13,33.13,33.13,33.13,18.0
USD1!,14/09/2026,23:48,33.13,33.13,33.11,33.11,93.0
USD1!,14/09/2026,23:49,33.12,33.12,33.11,33.11,98.0
USD1!,14/09/2026,23:50,33.11,33.11,33.11,33.11,72.0
USD1!,14/09/2026,23:52,33.13,33.13,33.11,33.11,102.0
USD1!,14/09/2026,23:53,33.1,33.1,33.1,33.1,405.0
USD1!,14/09/2026,23:55,33.12,33.12,33.12,33.12,2.0
USD1!,14/09/2026,23:56,33.12,33.12,33.12,33.12,3.0
USD1!,14/09/2026,23:59,33.12,33.12,33.12,33.12,1.0
USD1!,15/09/2026,00:01,33.12,33.12,33.12,33.12,100.0
USD1!,15/09/2026,00:02,33.12,33.12,33.12,33.12,9.0
USD1!,15/09/2026,00:11,33.13,33.13,33.13,33.13,4.0
USD1!,15/09/2026,00:16,33.13,33.13,33.13,33.13,7.0
USD1!,15/09/2026,00:17,33.13,33.14,33.13,33.14,7.0
USD1!,15/09/2026,00:18,33.13,33.13,33.13,33.13,31.0
USD1!,15/09/2026,00:19,33.13,33.13,33.13,33.13,51.0
USD1!,15/09/2026,00:20,33.13,33.13,33.13,33.13,117.0
USD1!,15/09/2026,00:21,33.15,33.15,33.15,33.15,8.0
USD1!,15/09/2026,00:23,33.14,33.14,33.14,33.14,7.0
USD1!,15/09/2026,00:24,33.15,33.15,33.13,33.13,12.0
USD1!,15/09/2026,00:26,33.15,33.15,33.15,33.15,6.0
USD1!,15/09/2026,00:27,33.15,33.15,33.13,33.13,12.0
USD1!,15/09/2026,00:57,33.13,33.13,33.13,33.13,50.0
USD1!,15/09/2026,01:10,33.14,33.14,33.14,33.14,11.0
USD1!,15/09/2026,01:15,33.13,33.13,33.13,33.13,36.0
USD1!,15/09/2026,01:47,33.14,33.14,33.14,33.14,1.0
USD1!,15/09/2026,02:08,33.14,33.14,33.14,33.14,40.0
USD1!,15/09/2026,02:18,33.14,33.14,33.14,33.14,1.0
USD1!,15/09/2026,02:19,33.14,33.14,33.14,33.14,2.0
USD1!,15/09/2026,02:32,33.13,33.13,33.13,33.13,96.0
USD1!,15/09/2026,02:33,33.13,33.14,33.13,33.14,41.0
USD1!,15/09/2026,02:59,33.15,33.15,33.15,33.15,14.0
USD1!,15/09/2026,09:45,33.2,33.22,33.2,33.21,136.0
USD1!,15/09/2026,09:46,33.21,33.21,33.21,33.21,41.0
USD1!,15/09/2026,09:47,33.2,33.2,33.2,33.2,10.0
USD1!,15/09/2026,09:48,33.21,33.21,33.21,33.21,41.0
USD1!,15/09/2026,09:49,33.2,33.2,33.2,33.2,203.0
USD1!,15/09/2026,09:51,33.2,33.2,33.2,33.2,5.0
USD1!,15/09/2026,09:52,33.2,33.2,33.2,33.2,1.0
USD1!,15/09/2026,09:53,33.2,33.2,33.2,33.2,366.0
USD1!,15/09/2026,09:54,33.2,33.2,33.2,33.2,41.0
USD1!,15/09/2026,09:55,33.2,33.2,33.2,33.2,1.0
USD1!,15/09/2026,10:00,33.19,33.19,33.19,33.19,5.0
USD1!,15/09/2026,10:03,33.19,33.19,33.19,33.19,10.0
USD1!,15/09/2026,10:04,33.19,33.19,33.19,33.19,1.0
USD1!,15/09/2026,10:07,33.19,33.19,33.19,33.19,11.0
USD1!,15/09/2026,10:10,33.19,33.19,33.19,33.19,50.0
USD1!,15/09/2026,10:15,33.2,33.2,33.2,33.2,5.0
USD1!,15/09/2026,10:16,33.19,33.19,33.19,33.19,6.0
USD1!,15/09/2026,10:21,33.19,33.2,33.19,33.2,41.0
USD1!,15/09/2026,10:22,33.2,33.2,33.2,33.2,27.0
USD1!,15/09/2026,10:23,33.2,33.2,33.2,33.2,109.0
USD1!,15/09/2026,10:24,33.2,33.21,33.2,33.21,104.0
USD1!,15/09/2026,10:30,33.2,33.2,33.2,33.2,4.0
USD1!,15/09/2026,10:37,33.2,33.2,33.2,33.2,1.0
USD1!,15/09/2026,10:40,33.2,33.2,33.2,33.2,2.0
USD1!,15/09/2026,10:41,33.19,33.2,33.19,33.2,100.0
USD1!,15/09/2026,10:47,33.2,33.2,33.2,33.2,5.0
USD1!,15/09/2026,10:54,33.2,33.2,33.2,33.2,1.0
USD1!,15/09/2026,10:55,33.2,33.2,33.2,33.2,1.0
USD1!,15/09/2026,10:59,33.2,33.2,33.2,33.2,1.0
USD1!,15/09/2026,11:02,33.2,33.2,33.2,33.2,5.0
USD1!,15/09/2026,11:06,33.2,33.2,33.2,33.2,5.0
USD1!,15/09/2026,11:08,33.19,33.19,33.19,33.19,2.0
USD1!,15/09/2026,11:12,33.2,33.2,33.2,33.2,53.0
USD1!,15/09/2026,11:13,33.19,33.19,33.19,33.19,2.0
USD1!,15/09/2026,11:14,33.19,33.2,33.19,33.19,1538.0
USD1!,15/09/2026,11:16,33.19,33.19,33.19,33.19,5.0
USD1!,15/09/2026,11:17,33.2,33.2,33.2,33.2,271.0
USD1!,15/09/2026,11:18,33.2,33.2,33.2,33.2,3.0
USD1!,15/09/2026,11:19,33.2,33.2,33.2,33.2,100.0
USD1!,15/09/2026,11:24,33.21,33.21,33.21,33.21,48.0
USD1!,15/09/2026,11:25,33.21,33.21,33.21,33.21,4.0
USD1!,15/09/2026,11:27,33.22,33.22,33.22,33.22,1.0
USD1!,15/09/2026,11:31,33.22,33.22,33.22,33.22,5.0
USD1!,15/09/2026,11:33,33.21,33.21,33.21,33.21,9.0
USD1!,15/09/2026,11:34,33.21,33.21,33.21,33.21,2.0
USD1!,15/09/2026,11:40,33.21,33.22,33.21,33.22,208.0
USD1!,15/09/2026,11:41,33.21,33.21,33.21,33.21,197.0
USD1!,15/09/2026,11:44,33.2,33.2,33.2,33.2,23.0
USD1!,15/09/2026,11:45,33.2,33.2,33.2,33.2,2.0
USD1!,15/09/2026,11:46,33.2,33.2,33.2,33.2,3.0
USD1!,15/09/2026,11:50,33.2,33.2,33.2,33.2,2.0
USD1!,15/09/2026,11:51,33.2,33.2,33.2,33.2,50.0
USD1!,15/09/2026,11:52,33.21,33.21,33.21,33.21,1.0
USD1!,15/09/2026,11:57,33.2,33.2,33.2,33.2,50.0
USD1!,15/09/2026,11:58,33.2,33.2,33.2,33.2,210.0
USD1!,15/09/2026,11:59,33.2,33.2,33.2,33.2,10.0
USD1!,15/09/2026,12:03,33.2,33.2,33.2,33.2,20.0
USD1!,15/09/2026,12:05,33.21,33.22,33.21,33.22,13.0
USD1!,15/09/2026,12:15,33.22,33.23,33.22,33.23,88.0
USD1!,15/09/2026,12:17,33.23,33.24,33.23,33.23,521.0
USD1!,15/09/2026,12:18,33.23,33.23,33.23,33.23,1.0
USD1!,15/09/2026,12:22,33.24,33.24,33.24,33.24,197.0
USD1!,15/09/2026,12:23,33.24,33.24,33.24,33.24,10.0
USD1!,15/09/2026,12:24,33.24,33.24,33.24,33.24,1.0
USD1!,15/09/2026,12:26,33.24,33.24,33.24,33.24,100.0
USD1!,15/09/2026,12:28,33.25,33.25,33.24,33.24,14.0
USD1!,15/09/2026,13:45,33.25,33.25,33.25,33.25,386.0
USD1!,15/09/2026,13:46,33.25,33.25,33.25,33.25,4.0
USD1!,15/09/2026,13:50,33.25,33.25,33.25,33.25,1.0
USD1!,15/09/2026,13:51,33.25,33.25,33.25,33.25,10.0
USD1!,15/09/2026,13:54,33.25,33.25,33.25,33.25,10.0
USD1!,15/09/2026,13:55,33.25,33.25,33.25,33.25,10.0
USD1!,15/09/2026,13:56,33.25,33.25,33.25,33.25,1.0
USD1!,15/09/2026,13:58,33.24,33.24,33.24,33.24,2.0
USD1!,15/09/2026,13:59,33.25,33.25,33.25,33.25,1.0
USD1!,15/09/2026,14:00,33.25,33.25,33.24,33.24,209.0
USD1!,15/09/2026,14:01,33.23,33.24,33.23,33.24,7.0
USD1!,15/09/2026,14:02,33.24,33.25,33.24,33.25,3.0
USD1!,15/09/2026,14:03,33.25,33.25,33.25,33.25,2.0
USD1!,15/09/2026,14:04,33.25,33.25,33.25,33.25,8.0
USD1!,15/09/2026,14:05,33.24,33.24,33.24,33.24,7.0
USD1!,15/09/2026,14:07,33.23,33.24,33.23,33.24,3.0
USD1!,15/09/2026,14:09,33.24,33.24,33.24,33.24,1.0
USD1!,15/09/2026,14:10,33.23,33.23,33.23,33.23,227.0
USD1!,15/09/2026,14:13,33.24,33.24,33.24,33.24,13.0
USD1!,15/09/2026,14:16,33.24,33.24,33.24,33.24,3.0
USD1!,15/09/2026,14:22,33.24,33.24,33.24,33.24,1.0
USD1!,15/09/2026,14:27,33.23,33.23,33.23,33.23,10.0
USD1!,15/09/2026,14:28,33.23,33.23,33.23,33.23,7.0
USD1!,15/09/2026,14:30,33.22,33.22,33.22,33.22,7.0
USD1!,15/09/2026,14:31,33.22,33.23,33.22,33.23,8.0
USD1!,15/09/2026,14:32,33.23,33.23,33.23,33.23,18.0
USD1!,15/09/2026,14:33,33.23,33.23,33.23,33.23,9.0
USD1!,15/09/2026,14:35,33.23,33.23,33.23,33.23,1.0
USD1!,15/09/2026,14:40,33.23,33.23,33.23,33.23,1.0
USD1!,15/09/2026,14:41,33.23,33.23,33.23,33.23,1.0
USD1!,15/09/2026,14:43,33.23,33.23,33.23,33.23,6.0
USD1!,15/09/2026,14:45,33.22,33.22,33.22,33.22,15.0
USD1!,15/09/2026,14:46,33.22,33.22,33.22,33.22,210.0
USD1!,15/09/2026,14:48,33.22,33.22,33.22,33.22,10.0
USD1!,15/09/2026,14:50,33.22,33.22,33.22,33.22,11.0
USD1!,15/09/2026,14:53,33.23,33.23,33.23,33.23,421.0
USD1!,15/09/2026,14:54,33.24,33.24,33.24,33.24,4.0
USD1!,15/09/2026,14:55,33.24,33.24,33.24,33.24,100.0
USD1!,15/09/2026,14:56,33.24,33.24,33.24,33.24,400.0
USD1!,15/09/2026,15:00,33.24,33.24,33.24,33.24,8.0
USD1!,15/09/2026,15:02,33.25,33.25,33.25,33.25,99.0
USD1!,15/09/2026,15:04,33.25,33.25,33.25,33.25,2.0
USD1!,15/09/2026,15:05,33.26,33.26,33.26,33.26,1.0
USD1!,15/09/2026,15:06,33.26,33.26,33.26,33.26,1.0
USD1!,15/09/2026,15:08,33.26,33.26,33.26,33.26,183.0
USD1!,15/09/2026,15:10,33.27,33.27,33.26,33.26,2.0
USD1!,15/09/2026,15:11,33.27,33.27,33.27,33.27,1.0
USD1!,15/09/2026,15:13,33.26,33.26,33.26,33.26,6.0
USD1!,15/09/2026,15:14,33.26,33.26,33.26,33.26,1.0
USD1!,15/09/2026,15:17,33.25,33.26,33.25,33.26,3.0
USD1!,15/09/2026,15:18,33.26,33.26,33.25,33.25,249.0
USD1!,15/09/2026,15:20,33.25,33.25,33.25,33.25,2.0
USD1!,15/09/2026,15:21,33.25,33.25,33.25,33.25,53.0
USD1!,15/09/2026,15:23,33.25,33.25,33.25,33.25,54.0
USD1!,15/09/2026,15:25,33.24,33.24,33.24,33.24,1.0
USD1!,15/09/2026,15:28,33.24,33.24,33.24,33.24,50.0
USD1!,15/09/2026,15:29,33.25,33.25,33.25,33.25,2.0
USD1!,15/09/2026,15:31,33.25,33.25,33.25,33.25,189.0
USD1!,15/09/2026,15:36,33.25,33.25,33.25,33.25,58.0
USD1!,15/09/2026,15:37,33.25,33.25,33.25,33.25,110.0
USD1!,15/09/2026,15:38,33.26,33.26,33.26,33.26,302.0
USD1!,15/09/2026,15:44,33.27,33.27,33.27,33.27,359.0
USD1!,15/09/2026,15:45,33.27,33.27,33.27,33.27,10.0
USD1!,15/09/2026,15:46,33.27,33.27,33.27,33.27,3.0
USD1!,15/09/2026,15:47,33.27,33.27,33.27,33.27,8.0
USD1!,15/09/2026,15:48,33.27,33.27,33.27,33.27,33.0
USD1!,15/09/2026,15:49,33.27,33.27,33.27,33.27,19.0
USD1!,15/09/2026,15:50,33.27,33.27,33.27,33.27,1.0
USD1!,15/09/2026,15:51,33.27,33.27,33.27,33.27,246.0
USD1!,15/09/2026,15:52,33.27,33.27,33.27,33.27,44.0
USD1!,15/09/2026,15:53,33.27,33.27,33.27,33.27,200.0
USD1!,15/09/2026,15:54,33.28,33.28,33.26,33.26,160.0
USD1!,15/09/2026,15:55,33.26,33.26,33.26,33.26,15.0
USD1!,15/09/2026,15:56,33.26,33.26,33.26,33.26,1.0
USD1!,15/09/2026,15:57,33.26,33.26,33.26,33.26,1.0
USD1!,15/09/2026,15:58,33.26,33.26,33.26,33.26,1.0
USD1!,15/09/2026,16:00,33.27,33.27,33.27,33.27,1.0
USD1!,15/09/2026,16:02,33.27,33.27,33.26,33.26,8.0
USD1!,15/09/2026,16:03,33.26,33.26,33.26,33.26,5.0
USD1!,15/09/2026,16:04,33.27,33.27,33.27,33.27,20.0
USD1!,15/09/2026,16:05,33.27,33.27,33.27,33.27,1.0
USD1!,15/09/2026,16:07,33.26,33.26,33.26,33.26,130.0
USD1!,15/09/2026,16:11,33.27,33.27,33.27,33.27,3.0
USD1!,15/09/2026,16:18,33.26,33.27,33.26,33.27,40.0
USD1!,15/09/2026,16:22,33.27,33.27,33.27,33.27,1.0
USD1!,15/09/2026,16:23,33.27,33.27,33.27,33.27,7.0
USD1!,15/09/2026,16:24,33.28,33.28,33.28,33.28,9.0
USD1!,15/09/2026,16:25,33.28,33.28,33.28,33.28,7.0
USD1!,15/09/2026,16:26,33.27,33.29,33.27,33.28,326.0
USD1!,15/09/2026,16:27,33.28,33.28,33.28,33.28,287.0
USD1!,15/09/2026,16:28,33.28,33.28,33.28,33.28,1.0
USD1!,15/09/2026,16:31,33.28,33.28,33.28,33.28,3.0
USD1!,15/09/2026,16:35,33.28,33.28,33.28,33.28,21.0
USD1!,15/09/2026,16:37,33.27,33.27,33.27,33.27,10.0
USD1!,15/09/2026,16:39,33.27,33.27,33.27,33.27,2.0
USD1!,15/09/2026,16:41,33.26,33.26,33.26,33.26,30.0
USD1!,15/09/2026,16:49,33.26,33.26,33.26,33.26,1.0
USD1!,15/09/2026,16:50,33.26,33.26,33.26,33.26,1.0
USD1!,15/09/2026,16:53,33.25,33.25,33.25,33.25,11.0
USD1!,15/09/2026,16:54,33.25,33.25,33.25,33.25,119.0
USD1!,15/09/2026,18:50,33.22,33.22,33.22,33.22,83.0
USD1!,15/09/2026,18:51,33.22,33.23,33.22,33.22,31.0
USD1!,15/09/2026,18:52,33.22,33.23,33.22,33.23,20.0
USD1!,15/09/2026,18:54,33.23,33.23,33.23,33.23,5.0
USD1!,15/09/2026,18:56,33.23,33.23,33.23,33.23,39.0
USD1!,15/09/2026,18:58,33.24,33.24,33.24,33.24,10.0
USD1!,15/09/2026,19:02,33.24,33.24,33.24,33.24,1.0
USD1!,15/09/2026,19:03,33.24,33.24,33.24,33.24,3.0
USD1!,15/09/2026,19:04,33.24,33.24,33.24,33.24,1.0
USD1!,15/09/2026,19:05,33.24,33.24,33.24,33.24,21.0
USD1!,15/09/2026,19:06,33.24,33.24,33.24,33.24,100.0
USD1!,15/09/2026,19:08,33.25,33.25,33.25,33.25,64.0
USD1!,15/09/2026,19:09,33.25,33.25,33.25,33.25,20.0
USD1!,15/09/2026,19:10,33.25,33.25,33.25,33.25,39.0
USD1!,15/09/2026,19:11,33.25,33.25,33.25,33.25,1.0
USD1!,15/09/2026,19:17,33.25,33.25,33.25,33.25,20.0
USD1!,15/09/2026,19:22,33.26,33.26,33.26,33.26,1.0
USD1!,15/09/2026,19:29,33.25,33.25,33.25,33.25,18.0
USD1!,15/09/2026,19:30,33.25,33.25,33.25,33.25,1.0
USD1!,15/09/2026,19:31,33.25,33.25,33.25,33.25,1.0
USD1!,15/09/2026,19:34,33.24,33.24,33.24,33.24,3.0
USD1!,15/09/2026,19:35,33.24,33.24,33.24,33.24,9.0
USD1!,15/09/2026,19:36,33.24,33.24,33.24,33.24,1.0
USD1!,15/09/2026,19:37,33.23,33.23,33.23,33.23,40.0
USD1!,15/09/2026,19:38,33.24,33.24,33.24,33.24,2.0
USD1!,15/09/2026,19:45,33.23,33.23,33.22,33.22,336.0
USD1!,15/09/2026,19:46,33.23,33.23,33.23,33.23,1.0
USD1!,15/09/2026,19:47,33.22,33.22,33.22,33.22,12.0
USD1!,15/09/2026,19:48,33.22,33.22,33.21,33.21,33.0
USD1!,15/09/2026,19:49,33.21,33.21,33.2,33.2,671.0
USD1!,15/09/2026,19:50,33.21,33.21,33.2,33.2,580.0
USD1!,15/09/2026,19:51,33.21,33.21,33.21,33.21,52.0
USD1!,15/09/2026,19:52,33.22,33.23,33.22,33.23,21.0
USD1!,15/09/2026,19:53,33.23,33.23,33.23,33.23,1.0
USD1!,15/09/2026,19:54,33.21,33.21,33.21,33.21,1.0
USD1!,15/09/2026,19:57,33.22,33.22,33.22,33.22,2.0
USD1!,15/09/2026,19:59,33.22,33.22,33.21,33.21,2.0
USD1!,15/09/2026,20:04,33.21,33.22,33.21,33.22,6.0
USD1!,15/09/2026,20:05,33.22,33.22,33.22,33.22,1.0
USD1!,15/09/2026,20:09,33.23,33.23,33.23,33.23,1.0
USD1!,15/09/2026,20:14,33.22,33.22,33.22,33.22,20.0
USD1!,15/09/2026,20:20,33.23,33.23,33.23,33.23,18.0
USD1!,15/09/2026,20:22,33.23,33.23,33.23,33.23,301.0
USD1!,15/09/2026,20:23,33.23,33.23,33.23,33.23,1.0
USD1!,15/09/2026,20:30,33.23,33.23,33.23,33.23,16.0
USD1!,15/09/2026,20:31,33.24,33.24,33.24,33.24,31.0
USD1!,15/09/2026,20:32,33.24,33.25,33.24,33.25,30.0
USD1!,15/09/2026,20:34,33.25,33.25,33.25,33.25,100.0
USD1!,15/09/2026,20:35,33.24,33.24,33.24,33.24,21.0
USD1!,15/09/2026,20:36,33.24,33.24,33.24,33.24,55.0
USD1!,15/09/2026,20:39,33.24,33.24,33.24,33.24,1.0
USD1!,15/09/2026,20:48,33.24,33.24,33.24,33.24,185.0
USD1!,15/09/2026,20:49,33.24,33.24,33.24,33.24,22.0
USD1!,15/09/2026,20:50,33.24,33.24,33.24,33.24,1.0
USD1!,15/09/2026,20:51,33.24,33.24,33.23,33.23,324.0
USD1!,15/09/2026,20:52,33.23,33.23,33.23,33.23,1.0
USD1!,15/09/2026,20:57,33.23,33.23,33.23,33.23,101.0
USD1!,15/09/2026,20:58,33.22,33.22,33.22,33.22,10.0
USD1!,15/09/2026,21:04,33.23,33.23,33.23,33.23,104.0
USD1!,15/09/2026,21:10,33.23,33.23,33.23,33.23,1.0
USD1!,15/09/2026,21:14,33.22,33.22,33.22,33.22,6.0
USD1!,15/09/2026,21:18,33.24,33.24,33.24,33.24,25.0
USD1!,15/09/2026,21:22,33.24,33.24,33.24,33.24,5.0
USD1!,15/09/2026,21:26,33.23,33.23,33.23,33.23,5.0
USD1!,15/09/2026,21:27,33.24,33.24,33.24,33.24,2.0
USD1!,15/09/2026,21:28,33.24,33.24,33.24,33.24,45.0
USD1!,15/09/2026,21:34,33.25,33.25,33.25,33.25,5.0
USD1!,15/09/2026,21:39,33.25,33.25,33.25,33.25,100.0
USD1!,15/09/2026,21:40,33.25,33.25,33.25,33.25,100.0
USD1!,15/09/2026,21:41,33.25,33.25,33.25,33.25,2.0
USD1!,15/09/2026,21:48,33.24,33.25,33.24,33.25,114.0
USD1!,15/09/2026,21:49,33.25,33.25,33.25,33.25,2.0
USD1!,15/09/2026,21:50,33.25,33.26,33.25,33.26,15.0
USD1!,15/09/2026,21:51,33.25,33.25,33.25,33.25,1.0
USD1!,15/09/2026,21:52,33.25,33.26,33.25,33.25,12.0
USD1!,15/09/2026,21:53,33.25,33.26,33.25,33.26,2.0
USD1!,15/09/2026,21:54,33.25,33.25,33.25,33.25,55.0
USD1!,15/09/2026,21:58,33.25,33.25,33.25,33.25,1.0
USD1!,15/09/2026,22:00,33.26,33.26,33.26,33.26,2.0
USD1!,15/09/2026,22:01,33.26,33.26,33.26,33.26,200.0
USD1!,15/09/2026,22:02,33.25,33.25,33.25,33.25,1.0
USD1!,15/09/2026,22:05,33.25,33.25,33.25,33.25,39.0
USD1!,15/09/2026,22:06,33.25,33.25,33.25,33.25,201.0
USD1!,15/09/2026,22:08,33.24,33.24,33.24,33.24,10.0
USD1!,15/09/2026,22:14,33.25,33.25,33.25,33.25,3.0
USD1!,15/09/2026,22:24,33.24,33.24,33.24,33.24,95.0
USD1!,15/09/2026,22:46,33.24,33.24,33.24,33.24,1.0
USD1!,15/09/2026,23:17,33.24,33.24,33.23,33.23,5.0
USD1!,15/09/2026,23:31,33.23,33.23,33.23,33.23,50.0
USD1!,15/09/2026,23:56,33.24,33.24,33.24,33.24,1.0
USD1!,16/09/2026,00:00,33.24,33.24,33.24,33.24,1.0
USD1!,16/09/2026,00:34,33.23,33.23,33.23,33.23,50.0
USD1!,16/09/2026,00:58,33.24,33.24,33.24,33.24,6.0
USD1!,16/09/2026,01:06,33.24,33.24,33.24,33.24,110.0
USD1!,16/09/2026,01:08,33.24,33.24,33.24,33.24,20.0
USD1!,16/09/2026,01:13,33.23,33.23,33.23,33.23,20.0
USD1!,16/09/2026,01:15,33.23,33.23,33.23,33.23,5.0
USD1!,16/09/2026,01:45,33.24,33.24,33.24,33.24,7.0
USD1!,16/09/2026,01:49,33.24,33.24,33.24,33.24,1.0
USD1!,16/09/2026,01:54,33.24,33.24,33.24,33.24,27.0
USD1!,16/09/2026,02:00,33.25,33.25,33.25,33.25,80.0
USD1!,16/09/2026,02:03,33.24,33.24,33.24,33.24,13.0
USD1!,16/09/2026,02:33,33.24,33.24,33.24,33.24,20.0
USD1!,16/09/2026,02:45,33.25,33.25,33.25,33.25,54.0
USD1!,16/09/2026,09:45,33.19,33.21,33.19,33.2,162.0
USD1!,16/09/2026,09:46,33.2,33.2,33.2,33.2,697.0
USD1!,16/09/2026,09:47,33.2,33.2,33.2,33.2,81.0
USD1!,16/09/2026,09:48,33.21,33.21,33.21,33.21,398.0
USD1!,16/09/2026,09:49,33.21,33.21,33.21,33.21,10.0
USD1!,16/09/2026,09:50,33.21,33.21,33.21,33.21,123.0
USD1!,16/09/2026,09:51,33.2,33.2,33.2,33.2,1.0
USD1!,16/09/2026,09:52,33.2,33.2,33.2,33.2,745.0
USD1!,16/09/2026,09:53,33.2,33.2,33.19,33.2,15.0
USD1!,16/09/2026,09:54,33.19,33.2,33.19,33.2,218.0
USD1!,16/09/2026,09:55,33.19,33.2,33.19,33.19,302.0
USD1!,16/09/2026,09:56,33.19,33.19,33.19,33.19,100.0
USD1!,16/09/2026,09:57,33.2,33.2,33.2,33.2,1.0
USD1!,16/09/2026,09:58,33.2,33.2,33.2,33.2,10.0
USD1!,16/09/2026,09:59,33.2,33.2,33.19,33.19,61.0
USD1!,16/09/2026,10:00,33.2,33.2,33.2,33.2,11.0
USD1!,16/09/2026,10:01,33.19,33.19,33.19,33.19,500.0
USD1!,16/09/2026,10:02,33.19,33.2,33.18,33.18,551.0
USD1!,16/09/2026,10:03,33.18,33.19,33.18,33.19,839.0
USD1!,16/09/2026,10:04,33.2,33.2,33.2,33.2,426.0
USD1!,16/09/2026,10:07,33.2,33.2,33.2,33.2,1.0
USD1!,16/09/2026,10:09,33.21,33.21,33.21,33.21,14.0
USD1!,16/09/2026,10:10,33.21,33.21,33.21,33.21,1.0
USD1!,16/09/2026,10:11,33.21,33.21,33.21,33.21,195.0
USD1!,16/09/2026,10:12,33.2,33.2,33.2,33.2,21.0
USD1!,16/09/2026,10:14,33.22,33.22,33.21,33.21,41.0
USD1!,16/09/2026,10:15,33.21,33.21,33.2,33.2,39.0
USD1!,16/09/2026,10:16,33.21,33.21,33.21,33.21,20.0
USD1!,16/09/2026,10:18,33.21,33.21,33.21,33.21,116.0
USD1!,16/09/2026,10:20,33.21,33.21,33.21,33.21,3.0
USD1!,16/09/2026,10:21,33.21,33.21,33.21,33.21,66.0
USD1!,16/09/2026,10:28,33.22,33.22,33.22,33.22,5.0
USD1!,16/09/2026,10:29,33.22,33.22,33.22,33.22,6.0
USD1!,16/09/2026,10:30,33.23,33.23,33.23,33.23,3.0
USD1!,16/09/2026,10:31,33.23,33.23,33.23,33.23,208.0
USD1!,16/09/2026,10:32,33.24,33.24,33.24,33.24,2.0
USD1!,16/09/2026,10:34,33.24,33.24,33.24,33.24,10.0
USD1!,16/09/2026,10:35,33.24,33.24,33.24,33.24,1.0
USD1!,16/09/2026,10:39,33.23,33.23,33.23,33.23,21.0
USD1!,16/09/2026,10:42,33.22,33.22,33.22,33.22,83.0
USD1!,16/09/2026,10:45,33.22,33.22,33.22,33.22,15.0
USD1!,16/09/2026,10:54,33.22,33.22,33.21,33.21,89.0
USD1!,16/09/2026,10:56,33.22,33.22,33.22,33.22,1.0
USD1!,16/09/2026,10:57,33.22,33.22,33.22,33.22,265.0
USD1!,16/09/2026,10:58,33.22,33.22,33.22,33.22,8.0
USD1!,16/09/2026,11:09,33.23,33.23,33.22,33.22,180.0
USD1!,16/09/2026,11:11,33.22,33.22,33.22,33.22,50.0
USD1!,16/09/2026,11:13,33.22,33.22,33.22,33.22,1.0
USD1!,16/09/2026,11:20,33.22,33.22,33.22,33.22,10.0
USD1!,16/09/2026,11:31,33.22,33.22,33.22,33.22,72.0
USD1!,16/09/2026,11:33,33.21,33.21,33.21,33.21,5.0
USD1!,16/09/2026,11:36,33.22,33.22,33.22,33.22,1.0
USD1!,16/09/2026,11:42,33.22,33.22,33.22,33.22,5.0
USD1!,16/09/2026,11:43,33.22,33.22,33.22,33.22,6.0
USD1!,16/09/2026,11:46,33.22,33.22,33.22,33.22,1.0
USD1!,16/09/2026,11:47,33.23,33.23,33.23,33.23,19.0
USD1!,16/09/2026,11:52,33.23,33.23,33.23,33.23,5.0
USD1!,16/09/2026,11:55,33.24,33.24,33.24,33.24,10.0
USD1!,16/09/2026,11:56,33.24,33.24,33.24,33.24,1.0
USD1!,16/09/2026,12:00,33.23,33.23,33.23,33.23,3.0
USD1!,16/09/2026,12:01,33.23,33.23,33.23,33.23,32.0
USD1!,16/09/2026,12:13,33.24,33.24,33.24,33.24,4.0
USD1!,16/09/2026,12:20,33.22,33.22,33.22,33.22,8.0
USD1!,16/09/2026,12:26,33.23,33.23,33.23,33.23,5.0
USD1!,16/09/2026,13:54,33.23,33.23,33.23,33.23,40.0
USD1!,16/09/2026,13:59,33.22,33.22,33.22,33.22,13.0
USD1!,16/09/2026,14:03,33.22,33.22,33.22,33.22,5.0
USD1!,16/09/2026,14:08,33.22,33.22,33.22,33.22,13.0
USD1!,16/09/2026,14:19,33.22,33.22,33.21,33.21,14.0
USD1!,16/09/2026,14:20,33.22,33.22,33.22,33.22,17.0
USD1!,16/09/2026,14:28,33.23,33.23,33.22,33.23,402.0
USD1!,16/09/2026,14:29,33.22,33.22,33.22,33.22,5.0
USD1!,16/09/2026,14:30,33.21,33.21,33.21,33.21,42.0
USD1!,16/09/2026,14:31,33.2,33.2,33.2,33.2,25.0
USD1!,16/09/2026,14:32,33.2,33.2,33.2,33.2,10.0
USD1!,16/09/2026,14:33,33.2,33.2,33.2,33.2,1.0
USD1!,16/09/2026,14:34,33.2,33.2,33.2,33.2,73.0
USD1!,16/09/2026,14:35,33.2,33.2,33.2,33.2,5.0
USD1!,16/09/2026,14:36,33.2,33.2,33.2,33.2,404.0
USD1!,16/09/2026,14:37,33.21,33.21,33.21,33.21,555.0
USD1!,16/09/2026,14:39,33.2,33.2,33.2,33.2,200.0
USD1!,16/09/2026,14:43,33.2,33.2,33.2,33.2,1.0
USD1!,16/09/2026,14:45,33.21,33.21,33.21,33.21,2.0
USD1!,16/09/2026,14:48,33.21,33.21,33.21,33.21,20.0
USD1!,16/09/2026,14:53,33.22,33.22,33.22,33.22,196.0
USD1!,16/09/2026,14:54,33.22,33.22,33.22,33.22,7.0
USD1!,16/09/2026,14:56,33.22,33.22,33.22,33.22,4.0
USD1!,16/09/2026,14:58,33.22,33.22,33.22,33.22,22.0
USD1!,16/09/2026,15:00,33.22,33.22,33.22,33.22,74.0
USD1!,16/09/2026,15:04,33.22,33.22,33.22,33.22,2.0
USD1!,16/09/2026,15:05,33.23,33.24,33.23,33.24,18.0
USD1!,16/09/2026,15:12,33.23,33.23,33.23,33.23,27.0
USD1!,16/09/2026,15:21,33.22,33.22,33.22,33.22,2.0
USD1!,16/09/2026,15:28,33.23,33.23,33.23,33.23,6.0
USD1!,16/09/2026,15:30,33.23,33.23,33.23,33.23,1.0
USD1!,16/09/2026,15:31,33.23,33.23,33.23,33.23,5.0
USD1!,16/09/2026,15:32,33.22,33.22,33.22,33.22,140.0
USD1!,16/09/2026,15:35,33.23,33.23,33.23,33.23,10.0
USD1!,16/09/2026,15:37,33.22,33.22,33.22,33.22,10.0
USD1!,16/09/2026,15:39,33.22,33.22,33.22,33.22,10.0
USD1!,16/09/2026,15:41,33.23,33.23,33.23,33.23,100.0
USD1!,16/09/2026,15:44,33.22,33.23,33.22,33.23,19.0
USD1!,16/09/2026,15:46,33.24,33.24,33.24,33.24,7.0
USD1!,16/09/2026,15:47,33.23,33.23,33.23,33.23,15.0
USD1!,16/09/2026,15:51,33.24,33.24,33.24,33.24,178.0
USD1!,16/09/2026,15:53,33.23,33.23,33.23,33.23,5.0
USD1!,16/09/2026,16:00,33.23,33.23,33.23,33.23,400.0
USD1!,16/09/2026,16:01,33.24,33.24,33.24,33.24,1.0
USD1!,16/09/2026,16:02,33.24,33.24,33.24,33.24,19.0
USD1!,16/09/2026,16:15,33.25,33.25,33.25,33.25,13.0
USD1!,16/09/2026,16:17,33.25,33.25,33.25,33.25,20.0
USD1!,16/09/2026,16:19,33.25,33.25,33.25,33.25,59.0
USD1!,16/09/2026,16:23,33.25,33.25,33.25,33.25,10.0
USD1!,16/09/2026,16:27,33.24,33.24,33.24,33.24,50.0
USD1!,16/09/2026,16:31,33.24,33.24,33.24,33.24,10.0
USD1!,16/09/2026,16:32,33.25,33.25,33.25,33.25,108.0
USD1!,16/09/2026,16:35,33.25,33.25,33.25,33.25,2.0
USD1!,16/09/2026,16:37,33.25,33.25,33.25,33.25,10.0
USD1!,16/09/2026,16:39,33.25,33.25,33.25,33.25,5.0
USD1!,16/09/2026,16:44,33.25,33.25,33.25,33.25,20.0
USD1!,16/09/2026,16:53,33.24,33.24,33.24,33.24,40.0
USD1!,16/09/2026,16:54,33.24,33.24,33.24,33.24,56.0
USD1!,16/09/2026,18:50,33.23,33.23,33.22,33.23,6.0
USD1!,16/09/2026,18:51,33.21,33.22,33.21,33.21,80.0
USD1!,16/09/2026,18:52,33.22,33.22,33.21,33.21,142.0
USD1!,16/09/2026,18:54,33.21,33.21,33.21,33.21,20.0
USD1!,16/09/2026,18:55,33.22,33.22,33.22,33.22,12.0
USD1!,16/09/2026,18:57,33.22,33.22,33.22,33.22,1.0
USD1!,16/09/2026,18:58,33.22,33.22,33.22,33.22,9.0
USD1!,16/09/2026,19:00,33.23,33.23,33.22,33.22,41.0
USD1!,16/09/2026,19:04,33.21,33.21,33.21,33.21,240.0
USD1!,16/09/2026,19:05,33.22,33.22,33.22,33.22,5.0
USD1!,16/09/2026,19:06,33.21,33.21,33.21,33.21,39.0
USD1!,16/09/2026,19:08,33.21,33.21,33.21,33.21,5.0
USD1!,16/09/2026,19:09,33.22,33.22,33.22,33.22,2.0
USD1!,16/09/2026,19:11,33.22,33.22,33.22,33.22,20.0
USD1!,16/09/2026,19:12,33.23,33.23,33.23,33.23,5.0
USD1!,16/09/2026,19:20,33.23,33.23,33.23,33.23,1.0
USD1!,16/09/2026,19:21,33.23,33.23,33.23,33.23,1.0
USD1!,16/09/2026,19:22,33.23,33.23,33.23,33.23,28.0
USD1!,16/09/2026,19:24,33.22,33.22,33.22,33.22,5.0
USD1!,16/09/2026,19:27,33.23,33.23,33.23,33.23,26.0
USD1!,16/09/2026,19:30,33.22,33.22,33.22,33.22,105.0
USD1!,16/09/2026,19:31,33.22,33.22,33.22,33.22,30.0
USD1!,16/09/2026,19:32,33.21,33.21,33.21,33.21,3.0
USD1!,16/09/2026,19:49,33.21,33.21,33.21,33.21,30.0
USD1!,16/09/2026,19:51,33.21,33.21,33.21,33.21,39.0
USD1!,16/09/2026,19:54,33.21,33.21,33.21,33.21,1.0
USD1!,16/09/2026,20:04,33.21,33.21,33.21,33.21,9.0
USD1!,16/09/2026,20:10,33.21,33.21,33.21,33.21,100.0
USD1!,16/09/2026,20:22,33.21,33.21,33.21,33.21,3.0
USD1!,16/09/2026,20:24,33.21,33.21,33.21,33.21,2.0
USD1!,16/09/2026,20:25,33.22,33.22,33.22,33.22,3.0
USD1!,16/09/2026,20:26,33.21,33.21,33.21,33.21,5.0
USD1!,16/09/2026,20:29,33.21,33.21,33.21,33.21,100.0
USD1!,16/09/2026,20:31,33.22,33.22,33.22,33.22,50.0
USD1!,16/09/2026,20:38,33.22,33.22,33.22,33.22,2.0
USD1!,16/09/2026,20:41,33.22,33.22,33.22,33.22,13.0
USD1!,16/09/2026,20:42,33.22,33.22,33.21,33.21,6.0
USD1!,16/09/2026,20:43,33.21,33.21,33.21,33.21,8.0
USD1!,16/09/2026,20:45,33.22,33.22,33.22,33.22,9.0
USD1!,16/09/2026,20:49,33.22,33.22,33.22,33.22,10.0
USD1!,16/09/2026,20:50,33.22,33.22,33.22,33.22,10.0
USD1!,16/09/2026,20:52,33.23,33.23,33.23,33.23,39.0
USD1!,16/09/2026,20:56,33.23,33.23,33.23,33.23,49.0
USD1!,16/09/2026,20:58,33.23,33.23,33.23,33.23,20.0
USD1!,16/09/2026,20:59,33.23,33.23,33.23,33.23,10.0
USD1!,16/09/2026,21:01,33.22,33.22,33.22,33.22,10.0
USD1!,16/09/2026,21:05,33.22,33.22,33.22,33.22,10.0
USD1!,16/09/2026,21:06,33.23,33.23,33.22,33.22,105.0
USD1!,16/09/2026,21:07,33.23,33.23,33.23,33.23,1.0
USD1!,16/09/2026,21:10,33.22,33.22,33.22,33.22,10.0
USD1!,16/09/2026,21:11,33.22,33.22,33.22,33.22,3.0
USD1!,16/09/2026,21:12,33.22,33.22,33.22,33.22,3.0
USD1!,16/09/2026,21:13,33.22,33.22,33.22,33.22,20.0
USD1!,16/09/2026,21:16,33.22,33.22,33.22,33.22,20.0
USD1!,16/09/2026,21:19,33.22,33.22,33.22,33.22,1.0
USD1!,16/09/2026,21:23,33.22,33.22,33.22,33.22,29.0
USD1!,16/09/2026,21:24,33.21,33.21,33.21,33.21,220.0
USD1!,16/09/2026,21:26,33.22,33.22,33.22,33.22,1.0
USD1!,16/09/2026,21:27,33.22,33.22,33.22,33.22,1.0
USD1!,16/09/2026,21:28,33.21,33.21,33.21,33.21,56.0
USD1!,16/09/2026,21:30,33.22,33.22,33.22,33.22,1.0
USD1!,16/09/2026,21:31,33.21,33.21,33.21,33.21,8.0
USD1!,16/09/2026,21:32,33.21,33.21,33.21,33.21,5.0
USD1!,16/09/2026,21:34,33.2,33.2,33.2,33.2,20.0
USD1!,16/09/2026,21:35,33.2,33.2,33.2,33.2,110.0
USD1!,16/09/2026,21:36,33.2,33.2,33.2,33.2,10.0
USD1!,16/09/2026,21:37,33.2,33.2,33.2,33.2,1.0
USD1!,16/09/2026,21:38,33.21,33.21,33.21,33.21,3.0
USD1!,16/09/2026,21:44,33.2,33.2,33.19,33.19,196.0
USD1!,16/09/2026,21:45,33.19,33.19,33.19,33.19,100.0
USD1!,16/09/2026,21:51,33.19,33.19,33.19,33.19,21.0
USD1!,16/09/2026,21:54,33.19,33.19,33.19,33.19,362.0
USD1!,16/09/2026,21:56,33.2,33.2,33.2,33.2,24.0
USD1!,16/09/2026,22:00,33.19,33.19,33.19,33.19,10.0
USD1!,16/09/2026,22:04,33.19,33.19,33.19,33.19,5.0
USD1!,16/09/2026,22:06,33.19,33.19,33.19,33.19,1.0
USD1!,16/09/2026,22:07,33.19,33.19,33.19,33.19,34.0
USD1!,16/09/2026,22:09,33.18,33.18,33.18,33.18,1.0
USD1!,16/09/2026,22:11,33.18,33.18,33.18,33.18,100.0
USD1!,16/09/2026,22:12,33.18,33.18,33.18,33.18,1.0
USD1!,16/09/2026,22:14,33.18,33.18,33.17,33.17,17.0
USD1!,16/09/2026,22:17,33.18,33.18,33.18,33.18,18.0
USD1!,16/09/2026,22:28,33.2,33.2,33.2,33.2,1.0
USD1!,16/09/2026,22:30,33.2,33.2,33.2,33.2,14.0
USD1!,16/09/2026,22:36,33.2,33.2,33.2,33.2,3.0
USD1!,16/09/2026,22:42,33.21,33.21,33.2,33.2,33.0
USD1!,16/09/2026,22:43,33.2,33.2,33.2,33.2,50.0
USD1!,16/09/2026,22:47,33.19,33.19,33.19,33.19,49.0
USD1!,16/09/2026,22:50,33.2,33.2,33.2,33.2,1.0
USD1!,16/09/2026,22:51,33.2,33.2,33.2,33.2,1.0
USD1!,16/09/2026,22:53,33.2,33.2,33.2,33.2,1.0
USD1!,16/09/2026,23:00,33.21,33.21,33.2,33.2,12.0
USD1!,16/09/2026,23:01,33.21,33.21,33.21,33.21,10.0
USD1!,16/09/2026,23:04,33.2,33.2,33.2,33.2,11.0
USD1!,16/09/2026,23:05,33.2,33.2,33.2,33.2,10.0
USD1!,16/09/2026,23:06,33.2,33.2,33.2,33.2,10.0
USD1!,16/09/2026,23:09,33.21,33.21,33.21,33.21,1.0
USD1!,16/09/2026,23:16,33.2,33.2,33.2,33.2,10.0
USD1!,16/09/2026,23:23,33.21,33.21,33.21,33.21,130.0
USD1!,16/09/2026,23:25,33.2,33.2,33.2,33.2,50.0
USD1!,16/09/2026,23:36,33.2,33.2,33.2,33.2,2.0
USD1!,16/09/2026,23:40,33.2,33.2,33.2,33.2,108.0
USD1!,16/09/2026,23:43,33.19,33.19,33.19,33.19,50.0
USD1!,16/09/2026,23:54,33.19,33.19,33.19,33.19,1.0
USD1!,17/09/2026,00:03,33.2,33.2,33.2,33.2,5.0
USD1!,17/09/2026,00:05,33.2,33.2,33.2,33.2,1.0
USD1!,17/09/2026,00:06,33.2,33.2,33.2,33.2,45.0
USD1!,17/09/2026,00:08,33.2,33.2,33.2,33.2,11.0
USD1!,17/09/2026,00:34,33.21,33.21,33.21,33.21,1.0
USD1!,17/09/2026,00:40,33.22,33.22,33.22,33.22,28.0
USD1!,17/09/2026,00:45,33.22,33.22,33.22,33.22,16.0
USD1!,17/09/2026,00:47,33.22,33.22,33.22,33.22,40.0
USD1!,17/09/2026,00:49,33.22,33.22,33.22,33.22,5.0
USD1!,17/09/2026,00:57,33.22,33.22,33.22,33.22,58.0
USD1!,17/09/2026,01:00,33.2,33.23,33.18,33.23,78.0
USD1!,17/09/2026,01:01,33.23,33.26,33.23,33.26,737.0
USD1!,17/09/2026,01:02,33.26,33.26,33.25,33.25,101.0
USD1!,17/09/2026,01:03,33.24,33.24,33.24,33.24,5.0
USD1!,17/09/2026,01:04,33.25,33.25,33.25,33.25,10.0
USD1!,17/09/2026,01:08,33.24,33.24,33.24,33.24,5.0
USD1!,17/09/2026,01:10,33.25,33.25,33.25,33.25,5.0
USD1!,17/09/2026,01:11,33.26,33.26,33.26,33.26,20.0
USD1!,17/09/2026,01:12,33.27,33.28,33.27,33.28,236.0
USD1!,17/09/2026,01:13,33.27,33.27,33.27,33.27,172.0
USD1!,17/09/2026,01:15,33.28,33.28,33.28,33.28,3.0
USD1!,17/09/2026,01:16,33.29,33.29,33.27,33.27,89.0
USD1!,17/09/2026,01:17,33.28,33.28,33.28,33.28,39.0
USD1!,17/09/2026,01:20,33.27,33.27,33.27,33.27,50.0
USD1!,17/09/2026,01:24,33.25,33.25,33.25,33.25,10.0
USD1!,17/09/2026,01:25,33.26,33.26,33.26,33.26,10.0
USD1!,17/09/2026,01:26,33.27,33.27,33.27,33.27,20.0
USD1!,17/09/2026,01:29,33.27,33.27,33.27,33.27,20.0
USD1!,17/09/2026,01:30,33.27,33.27,33.27,33.27,4.0
USD1!,17/09/2026,01:31,33.28,33.28,33.28,33.28,22.0
USD1!,17/09/2026,01:32,33.29,33.3,33.29,33.29,254.0
USD1!,17/09/2026,01:33,33.3,33.3,33.3,33.3,228.0
USD1!,17/09/2026,01:34,33.31,33.32,33.3,33.3,256.0
USD1!,17/09/2026,01:35,33.32,33.32,33.32,33.32,553.0
USD1!,17/09/2026,01:36,33.32,33.32,33.32,33.32,6.0
USD1!,17/09/2026,01:37,33.32,33.32,33.32,33.32,4.0
USD1!,17/09/2026,01:38,33.31,33.31,33.3,33.3,227.0
USD1!,17/09/2026,01:39,33.3,33.3,33.29,33.29,116.0
USD1!,17/09/2026,01:40,33.3,33.31,33.3,33.31,290.0
USD1!,17/09/2026,01:42,33.31,33.31,33.31,33.31,200.0
USD1!,17/09/2026,01:43,33.29,33.29,33.28,33.28,60.0
USD1!,17/09/2026,01:44,33.29,33.29,33.29,33.29,100.0
USD1!,17/09/2026,01:49,33.3,33.3,33.3,33.3,95.0
USD1!,17/09/2026,01:52,33.31,33.33,33.31,33.33,183.0
USD1!,17/09/2026,01:53,33.31,33.31,33.31,33.31,1.0
USD1!,17/09/2026,01:56,33.33,33.33,33.33,33.33,194.0
USD1!,17/09/2026,01:57,33.32,33.32,33.32,33.32,3.0
USD1!,17/09/2026,01:59,33.33,33.33,33.33,33.33,1.0
USD1!,17/09/2026,02:00,33.32,33.32,33.32,33.32,22.0
USD1!,17/09/2026,02:01,33.32,33.32,33.32,33.32,5.0
USD1!,17/09/2026,02:02,33.33,33.33,33.33,33.33,93.0
USD1!,17/09/2026,02:07,33.34,33.34,33.34,33.34,39.0
USD1!,17/09/2026,02:09,33.33,33.35,33.33,33.33,180.0
USD1!,17/09/2026,02:10,33.32,33.35,33.32,33.35,75.0
USD1!,17/09/2026,02:11,33.35,33.35,33.35,33.35,1.0
USD1!,17/09/2026,02:12,33.35,33.35,33.32,33.32,59.0
USD1!,17/09/2026,02:14,33.33,33.33,33.33,33.33,4.0
USD1!,17/09/2026,02:16,33.33,33.33,33.33,33.33,8.0
USD1!,17/09/2026,02:22,33.33,33.33,33.33,33.33,10.0
USD1!,17/09/2026,02:23,33.33,33.33,33.33,33.33,10.0
USD1!,17/09/2026,02:26,33.34,33.34,33.34,33.34,1.0
USD1!,17/09/2026,02:29,33.35,33.35,33.35,33.35,100.0
USD1!,17/09/2026,02:33,33.34,33.34,33.34,33.34,12.0
USD1!,17/09/2026,02:36,33.34,33.34,33.34,33.34,2.0
USD1!,17/09/2026,02:38,33.34,33.34,33.34,33.34,51.0
USD1!,17/09/2026,02:39,33.34,33.35,33.34,33.35,100.0
USD1!,17/09/2026,02:40,33.34,33.34,33.34,33.34,35.0
USD1!,17/09/2026,02:44,33.33,33.33,33.33,33.33,32.0
USD1!,17/09/2026,02:45,33.33,33.33,33.33,33.33,49.0
USD1!,17/09/2026,02:48,33.32,33.35,33.32,33.35,40.0
USD1!,17/09/2026,02:50,33.34,33.34,33.32,33.32,13.0
USD1!,17/09/2026,02:51,33.34,33.35,33.34,33.35,3.0
USD1!,17/09/2026,02:53,33.33,33.33,33.33,33.33,4.0
USD1!,17/09/2026,02:54,33.34,33.34,33.31,33.31,17.0
USD1!,17/09/2026,02:55,33.33,33.33,33.33,33.33,5.0
USD1!,17/09/2026,02:57,33.32,33.32,33.32,33.32,32.0
USD1!,17/09/2026,02:58,33.31,33.31,33.31,33.31,26.0
USD1!,17/09/2026,02:59,33.31,33.32,33.31,33.32,21.0
USD1!,17/09/2026,09:45,33.36,33.36,33.35,33.36,411.0
USD1!,17/09/2026,09:46,33.37,33.37,33.36,33.36,56.0
USD1!,17/09/2026,09:47,33.36,33.36,33.36,33.36,26.0
USD1!,17/09/2026,09:48,33.37,33.37,33.37,33.37,23.0
USD1!,17/09/2026,09:49,33.38,33.38,33.37,33.37,53.0
USD1!,17/09/2026,09:50,33.37,33.37,33.37,33.37,8.0
USD1!,17/09/2026,09:52,33.37,33.38,33.37,33.37,29.0
USD1!,17/09/2026,09:53,33.38,33.38,33.37,33.37,2.0
USD1!,17/09/2026,09:54,33.38,33.38,33.38,33.38,5.0
USD1!,17/09/2026,09:55,33.38,33.38,33.38,33.38,2.0
USD1!,17/09/2026,09:56,33.37,33.38,33.37,33.37,32.0
USD1!,17/09/2026,09:57,33.38,33.38,33.37,33.37,20.0
USD1!,17/09/2026,09:58,33.37,33.37,33.37,33.37,208.0
USD1!,17/09/2026,09:59,33.37,33.37,33.37,33.37,199.0
USD1!,17/09/2026,10:00,33.37,33.37,33.37,33.37,107.0
USD1!,17/09/2026,10:01,33.37,33.37,33.37,33.37,147.0
USD1!,17/09/2026,10:02,33.37,33.37,33.37,33.37,18.0
USD1!,17/09/2026,10:03,33.37,33.37,33.37,33.37,4.0
USD1!,17/09/2026,10:04,33.37,33.37,33.37,33.37,257.0
USD1!,17/09/2026,10:05,33.37,33.37,33.36,33.36,16.0
USD1!,17/09/2026,10:06,33.37,33.38,33.36,33.36,372.0
USD1!,17/09/2026,10:07,33.36,33.36,33.36,33.36,41.0
USD1!,17/09/2026,10:08,33.36,33.36,33.35,33.35,5.0
USD1!,17/09/2026,10:09,33.36,33.36,33.36,33.36,56.0
USD1!,17/09/2026,10:10,33.36,33.36,33.36,33.36,6.0
USD1!,17/09/2026,10:11,33.36,33.36,33.36,33.36,35.0
USD1!,17/09/2026,10:12,33.36,33.37,33.36,33.37,109.0
USD1!,17/09/2026,10:13,33.36,33.36,33.36,33.36,75.0
USD1!,17/09/2026,10:14,33.36,33.36,33.36,33.36,52.0
USD1!,17/09/2026,10:15,33.36,33.36,33.36,33.36,36.0
USD1!,17/09/2026,10:16,33.36,33.36,33.36,33.36,6.0
USD1!,17/09/2026,10:17,33.36,33.36,33.36,33.36,13.0
USD1!,17/09/2026,10:18,33.36,33.36,33.36,33.36,310.0
USD1!,17/09/2026,10:19,33.36,33.36,33.36,33.36,150.0
USD1!,17/09/2026,10:20,33.36,33.36,33.36,33.36,1.0
USD1!,17/09/2026,10:21,33.37,33.37,33.37,33.37,17.0
USD1!,17/09/2026,10:22,33.37,33.37,33.37,33.37,1.0
USD1!,17/09/2026,10:23,33.37,33.37,33.37,33.37,1.0
USD1!,17/09/2026,10:26,33.37,33.37,33.37,33.37,10.0
USD1!,17/09/2026,10:27,33.37,33.37,33.37,33.37,1.0
USD1!,17/09/2026,10:31,33.37,33.37,33.37,33.37,2.0
USD1!,17/09/2026,10:33,33.37,33.37,33.37,33.37,1.0
USD1!,17/09/2026,10:35,33.38,33.38,33.38,33.38,1.0
USD1!,17/09/2026,10:36,33.38,33.38,33.38,33.38,1.0
USD1!,17/09/2026,10:38,33.37,33.37,33.37,33.37,197.0
USD1!,17/09/2026,10:41,33.37,33.37,33.37,33.37,10.0
USD1!,17/09/2026,10:47,33.38,33.39,33.37,33.37,820.0
USD1!,17/09/2026,10:50,33.38,33.38,33.38,33.38,2.0
USD1!,17/09/2026,10:51,33.37,33.37,33.37,33.37,2.0
USD1!,17/09/2026,10:52,33.38,33.38,33.38,33.38,5.0
USD1!,17/09/2026,10:53,33.37,33.37,33.37,33.37,10.0
USD1!,17/09/2026,10:58,33.38,33.38,33.38,33.38,200.0
USD1!,17/09/2026,10:59,33.38,33.38,33.38,33.38,3.0
USD1!,17/09/2026,11:00,33.38,33.39,33.38,33.38,157.0
USD1!,17/09/2026,11:01,33.38,33.38,33.38,33.38,4.0
USD1!,17/09/2026,11:04,33.37,33.37,33.37,33.37,1.0
USD1!,17/09/2026,11:06,33.36,33.36,33.36,33.36,5.0
USD1!,17/09/2026,11:08,33.36,33.36,33.36,33.36,1.0
USD1!,17/09/2026,11:10,33.36,33.36,33.36,33.36,10.0
USD1!,17/09/2026,11:11,33.37,33.37,33.37,33.37,11.0
USD1!,17/09/2026,11:12,33.37,33.37,33.37,33.37,1.0
USD1!,17/09/2026,11:15,33.37,33.37,33.37,33.37,1.0
USD1!,17/09/2026,11:16,33.37,33.37,33.37,33.37,3.0
USD1!,17/09/2026,11:20,33.37,33.37,33.37,33.37,1.0
USD1!,17/09/2026,11:24,33.37,33.37,33.37,33.37,5.0
USD1!,17/09/2026,11:25,33.38,33.38,33.38,33.38,15.0
USD1!,17/09/2026,11:27,33.38,33.38,33.38,33.38,10.0
USD1!,17/09/2026,11:31,33.37,33.37,33.37,33.37,1.0
USD1!,17/09/2026,11:36,33.36,33.36,33.36,33.36,2.0
USD1!,17/09/2026,11:37,33.36,33.36,33.36,33.36,4.0
USD1!,17/09/2026,11:39,33.36,33.36,33.36,33.36,5.0
USD1!,17/09/2026,11:46,33.35,33.35,33.35,33.35,545.0
USD1!,17/09/2026,11:47,33.35,33.35,33.35,33.35,25.0
USD1!,17/09/2026,11:49,33.35,33.35,33.35,33.35,6.0
USD1!,17/09/2026,11:51,33.35,33.35,33.35,33.35,4.0
USD1!,17/09/2026,11:53,33.35,33.35,33.35,33.35,1.0
USD1!,17/09/2026,12:02,33.35,33.36,33.35,33.36,24.0
USD1!,17/09/2026,12:04,33.35,33.35,33.35,33.35,500.0
USD1!,17/09/2026,12:08,33.35,33.35,33.35,33.35,4.0
USD1!,17/09/2026,12:11,33.35,33.35,33.35,33.35,77.0
USD1!,17/09/2026,12:12,33.35,33.35,33.35,33.35,2.0
USD1!,17/09/2026,12:14,33.34,33.35,33.34,33.35,50.0
USD1!,17/09/2026,12:15,33.35,33.35,33.35,33.35,1.0
USD1!,17/09/2026,12:22,33.36,33.36,33.36,33.36,8.0
USD1!,17/09/2026,12:23,33.36,33.36,33.36,33.36,15.0
USD1!,17/09/2026,12:26,33.35,33.35,33.35,33.35,100.0
USD1!,17/09/2026,13:45,33.32,33.32,33.3,33.3,199.0
USD1!,17/09/2026,13:49,33.3,33.3,33.3,33.3,165.0
USD1!,17/09/2026,13:53,33.3,33.3,33.3,33.3,4.0
USD1!,17/09/2026,13:56,33.3,33.3,33.3,33.3,3.0
USD1!,17/09/2026,13:58,33.29,33.29,33.29,33.29,10.0
USD1!,17/09/2026,13:59,33.29,33.29,33.29,33.29,50.0
USD1!,17/09/2026,14:01,33.29,33.29,33.29,33.29,5.0
USD1!,17/09/2026,14:02,33.29,33.29,33.29,33.29,84.0
USD1!,17/09/2026,14:04,33.3,33.3,33.3,33.3,204.0
USD1!,17/09/2026,14:05,33.3,33.3,33.3,33.3,97.0
USD1!,17/09/2026,14:08,33.29,33.29,33.29,33.29,1.0
USD1!,17/09/2026,14:10,33.29,33.29,33.29,33.29,501.0
USD1!,17/09/2026,14:11,33.28,33.29,33.28,33.29,10.0
USD1!,17/09/2026,14:13,33.29,33.3,33.29,33.3,410.0
USD1!,17/09/2026,14:16,33.3,33.3,33.29,33.29,509.0
USD1!,17/09/2026,14:18,33.29,33.3,33.29,33.3,700.0
USD1!,17/09/2026,14:20,33.29,33.3,33.29,33.3,698.0
USD1!,17/09/2026,14:25,33.3,33.3,33.3,33.3,503.0
USD1!,17/09/2026,14:27,33.3,33.3,33.3,33.3,130.0
USD1!,17/09/2026,14:28,33.3,33.3,33.29,33.29,1011.0
USD1!,17/09/2026,14:29,33.29,33.29,33.29,33.29,539.0
USD1!,17/09/2026,14:30,33.29,33.29,33.29,33.29,500.0
USD1!,17/09/2026,14:31,33.29,33.29,33.29,33.29,38.0
USD1!,17/09/2026,14:32,33.29,33.3,33.29,33.3,500.0
USD1!,17/09/2026,14:33,33.31,33.31,33.3,33.3,501.0
USD1!,17/09/2026,14:34,33.3,33.3,33.3,33.3,125.0
USD1!,17/09/2026,14:35,33.31,33.31,33.31,33.31,700.0
USD1!,17/09/2026,14:36,33.31,33.31,33.3,33.3,501.0
USD1!,17/09/2026,14:37,33.3,33.3,33.3,33.3,10.0
USD1!,17/09/2026,14:41,33.3,33.3,33.3,33.3,12.0
USD1!,17/09/2026,14:42,33.31,33.31,33.31,33.31,3.0
USD1!,17/09/2026,14:43,33.31,33.31,33.31,33.31,1.0
USD1!,17/09/2026,14:44,33.3,33.31,33.3,33.31,6.0
USD1!,17/09/2026,14:47,33.3,33.3,33.3,33.3,13.0
USD1!,17/09/2026,14:51,33.3,33.3,33.3,33.3,7.0
USD1!,17/09/2026,14:55,33.31,33.32,33.31,33.32,26.0
USD1!,17/09/2026,14:56,33.32,33.32,33.32,33.32,15.0
USD1!,17/09/2026,14:57,33.32,33.32,33.32,33.32,34.0
USD1!,17/09/2026,14:58,33.32,33.32,33.32,33.32,30.0
USD1!,17/09/2026,15:00,33.32,33.32,33.3,33.31,100.0
USD1!,17/09/2026,15:03,33.32,33.32,33.32,33.32,197.0
USD1!,17/09/2026,15:04,33.32,33.32,33.32,33.32,20.0
USD1!,17/09/2026,15:06,33.33,33.33,33.32,33.32,516.0
USD1!,17/09/2026,15:07,33.31,33.31,33.31,33.31,1.0
USD1!,17/09/2026,15:09,33.32,33.32,33.32,33.32,90.0
USD1!,17/09/2026,15:11,33.33,33.33,33.33,33.33,4.0
USD1!,17/09/2026,15:13,33.34,33.34,33.34,33.34,5.0
USD1!,17/09/2026,15:14,33.35,33.35,33.35,33.35,2.0
USD1!,17/09/2026,15:15,33.34,33.34,33.34,33.34,210.0
USD1!,17/09/2026,15:16,33.34,33.34,33.34,33.34,10.0
USD1!,17/09/2026,15:17,33.34,33.34,33.34,33.34,200.0
USD1!,17/09/2026,15:24,33.34,33.34,33.34,33.34,1.0
USD1!,17/09/2026,15:34,33.33,33.33,33.33,33.33,265.0
USD1!,17/09/2026,15:37,33.32,33.32,33.32,33.32,40.0
USD1!,17/09/2026,15:42,33.32,33.32,33.32,33.32,5.0
USD1!,17/09/2026,15:45,33.33,33.33,33.33,33.33,1.0
USD1!,17/09/2026,15:50,33.34,33.34,33.34,33.34,20.0
USD1!,17/09/2026,15:52,33.33,33.33,33.33,33.33,500.0
USD1!,17/09/2026,15:56,33.33,33.33,33.33,33.33,1.0
USD1!,17/09/2026,15:57,33.33,33.33,33.33,33.33,1.0
USD1!,17/09/2026,16:00,33.33,33.33,33.33,33.33,501.0
USD1!,17/09/2026,16:02,33.32,33.32,33.32,33.32,2.0
USD1!,17/09/2026,16:06,33.32,33.32,33.32,33.32,753.0
USD1!,17/09/2026,16:08,33.31,33.31,33.31,33.31,20.0
USD1!,17/09/2026,16:13,33.32,33.32,33.32,33.32,1000.0
USD1!,17/09/2026,16:14,33.31,33.32,33.31,33.32,560.0
USD1!,17/09/2026,16:16,33.31,33.31,33.31,33.31,1.0
USD1!,17/09/2026,16:17,33.3,33.3,33.3,33.3,1.0
USD1!,17/09/2026,16:18,33.31,33.31,33.31,33.31,10.0
USD1!,17/09/2026,16:19,33.32,33.32,33.32,33.32,5.0
USD1!,17/09/2026,16:22,33.32,33.32,33.32,33.32,48.0
USD1!,17/09/2026,16:23,33.32,33.32,33.32,33.32,452.0
USD1!,17/09/2026,16:27,33.33,33.33,33.33,33.33,5.0
USD1!,17/09/2026,16:28,33.33,33.33,33.33,33.33,2.0
USD1!,17/09/2026,16:32,33.32,33.32,33.32,33.32,516.0
USD1!,17/09/2026,16:37,33.32,33.32,33.32,33.32,40.0
USD1!,17/09/2026,16:39,33.32,33.32,33.32,33.32,3.0
USD1!,17/09/2026,16:43,33.32,33.32,33.31,33.31,540.0
USD1!,17/09/2026,16:49,33.32,33.32,33.32,33.32,10.0
USD1!,17/09/2026,16:54,33.32,33.32,33.32,33.32,4.0
USD1!,17/09/2026,18:50,33.32,33.33,33.32,33.33,13.0
USD1!,17/09/2026,18:51,33.32,33.32,33.32,33.32,2.0
USD1!,17/09/2026,18:52,33.33,33.33,33.33,33.33,13.0
USD1!,17/09/2026,18:55,33.31,33.31,33.31,33.31,2.0
USD1!,17/09/2026,18:58,33.3,33.3,33.29,33.29,48.0
USD1!,17/09/2026,19:00,33.29,33.29,33.28,33.28,29.0
USD1!,17/09/2026,19:01,33.28,33.29,33.28,33.29,3.0
USD1!,17/09/2026,19:03,33.28,33.28,33.28,33.28,20.0
USD1!,17/09/2026,19:04,33.29,33.29,33.28,33.28,54.0
USD1!,17/09/2026,19:05,33.29,33.29,33.29,33.29,2.0
USD1!,17/09/2026,19:07,33.28,33.28,33.28,33.28,20.0
USD1!,17/09/2026,19:08,33.27,33.27,33.27,33.27,2.0
USD1!,17/09/2026,19:09,33.27,33.27,33.27,33.27,53.0
USD1!,17/09/2026,19:11,33.26,33.26,33.26,33.26,734.0
USD1!,17/09/2026,19:12,33.26,33.26,33.26,33.26,30.0
USD1!,17/09/2026,19:13,33.26,33.26,33.26,33.26,1.0
USD1!,17/09/2026,19:15,33.26,33.26,33.26,33.26,33.0
USD1!,17/09/2026,19:16,33.25,33.25,33.25,33.25,406.0
USD1!,17/09/2026,19:19,33.25,33.25,33.23,33.23,91.0
USD1!,17/09/2026,19:21,33.23,33.23,33.22,33.22,186.0
USD1!,17/09/2026,19:22,33.22,33.22,33.22,33.22,241.0
USD1!,17/09/2026,19:23,33.23,33.23,33.23,33.23,6.0
USD1!,17/09/2026,19:24,33.24,33.24,33.24,33.24,1.0
USD1!,17/09/2026,19:26,33.24,33.24,33.21,33.21,617.0
USD1!,17/09/2026,19:27,33.21,33.21,33.18,33.18,545.0
USD1!,17/09/2026,19:28,33.2,33.2,33.2,33.2,11.0
USD1!,17/09/2026,19:29,33.19,33.19,33.18,33.18,5.0
USD1!,17/09/2026,19:30,33.19,33.19,33.18,33.19,340.0
USD1!,17/09/2026,19:31,33.19,33.19,33.19,33.19,177.0
USD1!,17/09/2026,19:32,33.19,33.19,33.19,33.19,93.0
USD1!,17/09/2026,19:33,33.19,33.19,33.19,33.19,5.0
USD1!,17/09/2026,19:34,33.2,33.2,33.2,33.2,50.0
USD1!,17/09/2026,19:35,33.2,33.21,33.2,33.2,384.0
USD1!,17/09/2026,19:36,33.2,33.21,33.2,33.2,313.0
USD1!,17/09/2026,19:37,33.21,33.21,33.21,33.21,1.0
USD1!,17/09/2026,19:38,33.22,33.22,33.22,33.22,179.0
USD1!,17/09/2026,19:39,33.22,33.22,33.2,33.2,550.0
USD1!,17/09/2026,19:42,33.22,33.22,33.22,33.22,5.0
USD1!,17/09/2026,19:43,33.23,33.23,33.23,33.23,13.0
USD1!,17/09/2026,19:44,33.23,33.23,33.23,33.23,1.0
USD1!,17/09/2026,19:45,33.23,33.23,33.22,33.23,32.0
USD1!,17/09/2026,19:46,33.23,33.23,33.23,33.23,26.0
USD1!,17/09/2026,19:47,33.23,33.25,33.23,33.25,83.0
USD1!,17/09/2026,19:50,33.23,33.23,33.23,33.23,4.0
USD1!,17/09/2026,19:52,33.23,33.23,33.23,33.23,2.0
USD1!,17/09/2026,19:57,33.22,33.22,33.22,33.22,1.0
USD1!,17/09/2026,19:58,33.22,33.22,33.22,33.22,23.0
USD1!,17/09/2026,20:00,33.22,33.22,33.22,33.22,1.0
USD1!,17/09/2026,20:03,33.23,33.23,33.23,33.23,2.0
USD1!,17/09/2026,20:04,33.23,33.23,33.23,33.23,92.0
USD1!,17/09/2026,20:05,33.24,33.24,33.24,33.24,39.0
USD1!,17/09/2026,20:06,33.24,33.24,33.24,33.24,1.0
USD1!,17/09/2026,20:07,33.24,33.24,33.24,33.24,300.0
USD1!,17/09/2026,20:08,33.24,33.24,33.24,33.24,1.0
USD1!,17/09/2026,20:11,33.24,33.24,33.24,33.24,10.0
USD1!,17/09/2026,20:13,33.25,33.25,33.25,33.25,2.0
USD1!,17/09/2026,20:15,33.24,33.24,33.23,33.23,104.0
USD1!,17/09/2026,20:19,33.22,33.22,33.22,33.22,25.0
USD1!,17/09/2026,20:22,33.22,33.22,33.22,33.22,1.0
USD1!,17/09/2026,20:23,33.23,33.23,33.23,33.23,1.0
USD1!,17/09/2026,20:24,33.23,33.23,33.23,33.23,25.0
USD1!,17/09/2026,20:30,33.23,33.23,33.23,33.23,56.0
USD1!,17/09/2026,20:35,33.23,33.23,33.23,33.23,310.0
USD1!,17/09/2026,20:36,33.22,33.22,33.22,33.22,30.0
USD1!,17/09/2026,20:40,33.24,33.24,33.24,33.24,4.0
USD1!,17/09/2026,20:42,33.24,33.24,33.24,33.24,19.0
USD1!,17/09/2026,20:46,33.25,33.25,33.24,33.24,14.0
USD1!,17/09/2026,20:47,33.23,33.23,33.23,33.23,15.0
USD1!,17/09/2026,20:48,33.23,33.23,33.23,33.23,1.0
USD1!,17/09/2026,20:50,33.23,33.23,33.23,33.23,1.0
USD1!,17/09/2026,20:52,33.23,33.23,33.23,33.23,5.0
USD1!,17/09/2026,21:06,33.22,33.22,33.2,33.2,50.0
USD1!,17/09/2026,21:08,33.22,33.22,33.21,33.21,48.0
USD1!,17/09/2026,21:09,33.21,33.21,33.21,33.21,110.0
USD1!,17/09/2026,21:18,33.22,33.22,33.22,33.22,1.0
USD1!,17/09/2026,21:19,33.22,33.22,33.22,33.22,1.0
USD1!,17/09/2026,21:26,33.21,33.21,33.21,33.21,50.0
USD1!,17/09/2026,21:30,33.22,33.22,33.22,33.22,15.0
USD1!,17/09/2026,21:32,33.2,33.2,33.2,33.2,20.0
USD1!,17/09/2026,21:33,33.22,33.22,33.22,33.22,5.0
USD1!,17/09/2026,21:38,33.22,33.22,33.22,33.22,1.0
USD1!,17/09/2026,21:39,33.23,33.23,33.23,33.23,1.0
USD1!,17/09/2026,21:40,33.23,33.23,33.23,33.23,6.0
USD1!,17/09/2026,21:46,33.22,33.22,33.22,33.22,2.0
USD1!,17/09/2026,21:53,33.23,33.23,33.23,33.23,1.0
USD1!,17/09/2026,21:54,33.23,33.23,33.23,33.23,2.0
USD1!,17/09/2026,21:57,33.24,33.24,33.24,33.24,52.0
USD1!,17/09/2026,22:02,33.24,33.24,33.24,33.24,69.0
USD1!,17/09/2026,22:03,33.24,33.24,33.24,33.24,1.0
USD1!,17/09/2026,22:13,33.23,33.23,33.23,33.23,39.0
USD1!,17/09/2026,22:17,33.23,33.23,33.23,33.23,73.0
USD1!,17/09/2026,22:18,33.23,33.23,33.23,33.23,94.0
USD1!,17/09/2026,22:34,33.24,33.24,33.24,33.24,1.0
USD1!,17/09/2026,22:41,33.24,33.24,33.24,33.24,1.0
USD1!,17/09/2026,22:44,33.23,33.23,33.21,33.21,39.0
USD1!,17/09/2026,23:00,33.24,33.24,33.24,33.24,320.0
USD1!,17/09/2026,23:16,33.22,33.22,33.22,33.22,20.0
USD1!,17/09/2026,23:55,33.24,33.24,33.24,33.24,10.0
USD1!,18/09/2026,00:10,33.24,33.24,33.24,33.24,20.0
USD1!,18/09/2026,00:16,33.25,33.25,33.25,33.25,302.0
USD1!,18/09/2026,00:17,33.25,33.25,33.25,33.25,1.0
USD1!,18/09/2026,00:25,33.25,33.25,33.25,33.25,2.0
USD1!,18/09/2026,00:34,33.26,33.26,33.26,33.26,11.0
USD1!,18/09/2026,00:43,33.26,33.26,33.26,33.26,1.0
USD1!,18/09/2026,01:21,33.26,33.26,33.26,33.26,107.0
USD1!,18/09/2026,01:30,33.27,33.27,33.27,33.27,57.0
USD1!,18/09/2026,01:38,33.27,33.27,33.27,33.27,30.0
USD1!,18/09/2026,01:40,33.27,33.27,33.27,33.27,6.0
USD1!,18/09/2026,01:44,33.27,33.27,33.27,33.27,24.0
USD1!,18/09/2026,01:55,33.27,33.27,33.27,33.27,2.0
USD1!,18/09/2026,02:41,33.26,33.26,33.26,33.26,5.0
USD1!,18/09/2026,02:47,33.26,33.26,33.26,33.26,10.0
USD1!,18/09/2026,02:50,33.27,33.27,33.27,33.27,4.0
USD1!,18/09/2026,02:51,33.27,33.27,33.26,33.26,2.0
USD1!,18/09/2026,09:45,33.22,33.22,33.22,33.22,50.0
USD1!,18/09/2026,09:47,33.23,33.23,33.23,33.23,5.0
USD1!,18/09/2026,09:48,33.23,33.23,33.23,33.23,3.0
USD1!,18/09/2026,09:49,33.22,33.22,33.22,33.22,162.0
USD1!,18/09/2026,09:51,33.22,33.22,33.22,33.22,180.0
USD1!,18/09/2026,09:53,33.23,33.23,33.23,33.23,3.0
USD1!,18/09/2026,09:54,33.24,33.25,33.24,33.25,199.0
USD1!,18/09/2026,09:55,33.25,33.25,33.25,33.25,815.0
USD1!,18/09/2026,09:56,33.25,33.25,33.25,33.25,1.0
USD1!,18/09/2026,09:57,33.24,33.25,33.24,33.25,511.0
USD1!,18/09/2026,10:02,33.24,33.24,33.23,33.23,102.0
USD1!,18/09/2026,10:04,33.23,33.23,33.23,33.23,50.0
USD1!,18/09/2026,10:05,33.23,33.23,33.23,33.23,15.0
USD1!,18/09/2026,10:06,33.23,33.23,33.23,33.23,10.0
USD1!,18/09/2026,10:08,33.24,33.24,33.24,33.24,1.0
USD1!,18/09/2026,10:09,33.24,33.24,33.24,33.24,1.0
USD1!,18/09/2026,10:12,33.24,33.24,33.24,33.24,20.0
USD1!,18/09/2026,10:13,33.24,33.24,33.24,33.24,1.0
USD1!,18/09/2026,10:14,33.24,33.24,33.24,33.24,1.0
USD1!,18/09/2026,10:15,33.24,33.24,33.24,33.24,2.0
USD1!,18/09/2026,10:16,33.24,33.24,33.23,33.23,6.0
USD1!,18/09/2026,10:18,33.24,33.24,33.24,33.24,50.0
USD1!,18/09/2026,10:19,33.24,33.24,33.24,33.24,20.0
USD1!,18/09/2026,10:20,33.24,33.24,33.24,33.24,11.0
USD1!,18/09/2026,10:22,33.25,33.25,33.25,33.25,53.0
USD1!,18/09/2026,10:23,33.26,33.26,33.25,33.26,210.0
USD1!,18/09/2026,10:24,33.26,33.26,33.26,33.26,34.0
USD1!,18/09/2026,10:26,33.26,33.26,33.26,33.26,1500.0
USD1!,18/09/2026,10:30,33.25,33.25,33.25,33.25,283.0
USD1!,18/09/2026,10:31,33.25,33.25,33.25,33.25,2.0
USD1!,18/09/2026,10:36,33.24,33.24,33.24,33.24,50.0
USD1!,18/09/2026,10:38,33.25,33.25,33.25,33.25,5.0
USD1!,18/09/2026,10:40,33.25,33.25,33.25,33.25,77.0
USD1!,18/09/2026,10:41,33.25,33.25,33.25,33.25,1.0
USD1!,18/09/2026,10:48,33.24,33.24,33.24,33.24,54.0
USD1!,18/09/2026,10:49,33.24,33.24,33.24,33.24,96.0
USD1!,18/09/2026,10:50,33.24,33.24,33.24,33.24,2.0
USD1!,18/09/2026,10:51,33.24,33.25,33.24,33.25,9.0
USD1!,18/09/2026,10:53,33.25,33.25,33.24,33.24,95.0
USD1!,18/09/2026,10:59,33.25,33.25,33.25,33.25,150.0
USD1!,18/09/2026,11:05,33.23,33.23,33.23,33.23,68.0
USD1!,18/09/2026,11:06,33.23,33.23,33.23,33.23,1.0
USD1!,18/09/2026,11:12,33.23,33.23,33.23,33.23,1.0
USD1!,18/09/2026,11:16,33.23,33.23,33.23,33.23,383.0
USD1!,18/09/2026,11:24,33.24,33.24,33.24,33.24,33.0
USD1!,18/09/2026,11:28,33.24,33.24,33.24,33.24,1.0
USD1!,18/09/2026,11:34,33.24,33.24,33.24,33.24,1.0
USD1!,18/09/2026,11:35,33.24,33.24,33.24,33.24,9.0
USD1!,18/09/2026,11:36,33.24,33.24,33.24,33.24,32.0
USD1!,18/09/2026,11:37,33.24,33.24,33.24,33.24,108.0
USD1!,18/09/2026,11:44,33.23,33.23,33.23,33.23,40.0
USD1!,18/09/2026,11:53,33.24,33.24,33.24,33.24,10.0
USD1!,18/09/2026,12:02,33.24,33.24,33.24,33.24,20.0
USD1!,18/09/2026,12:09,33.24,33.24,33.24,33.24,9.0
USD1!,18/09/2026,12:11,33.23,33.23,33.23,33.23,1000.0
USD1!,18/09/2026,12:14,33.24,33.24,33.24,33.24,1.0
USD1!,18/09/2026,12:18,33.25,33.25,33.25,33.25,6.0
USD1!,18/09/2026,12:19,33.25,33.25,33.25,33.25,4.0
USD1!,18/09/2026,12:22,33.25,33.25,33.25,33.25,5.0
USD1!,18/09/2026,12:29,33.26,33.26,33.26,33.26,4.0
USD1!,18/09/2026,13:45,33.24,33.24,33.23,33.23,18.0
USD1!,18/09/2026,13:47,33.23,33.23,33.23,33.23,8.0
USD1!,18/09/2026,13:48,33.22,33.22,33.22,33.22,2.0
USD1!,18/09/2026,13:52,33.23,33.23,33.22,33.22,161.0
USD1!,18/09/2026,13:57,33.23,33.23,33.23,33.23,100.0
USD1!,18/09/2026,13:59,33.23,33.23,33.23,33.23,10.0
USD1!,18/09/2026,14:03,33.24,33.24,33.24,33.24,10.0
USD1!,18/09/2026,14:05,33.23,33.23,33.23,33.23,1.0
USD1!,18/09/2026,14:06,33.23,33.23,33.22,33.22,500.0
USD1!,18/09/2026,14:11,33.24,33.24,33.24,33.24,7.0
USD1!,18/09/2026,14:14,33.25,33.25,33.25,33.25,20.0
USD1!,18/09/2026,14:15,33.25,33.25,33.25,33.25,5.0
USD1!,18/09/2026,14:16,33.25,33.25,33.25,33.25,45.0
USD1!,18/09/2026,14:26,33.25,33.25,33.25,33.25,50.0
USD1!,18/09/2026,14:27,33.25,33.25,33.25,33.25,50.0
USD1!,18/09/2026,14:28,33.25,33.25,33.25,33.25,9.0
USD1!,18/09/2026,14:30,33.25,33.25,33.25,33.25,41.0
USD1!,18/09/2026,14:31,33.25,33.25,33.25,33.25,50.0
USD1!,18/09/2026,14:32,33.25,33.25,33.25,33.25,38.0
USD1!,18/09/2026,14:33,33.25,33.25,33.25,33.25,10.0
USD1!,18/09/2026,14:36,33.26,33.26,33.26,33.26,303.0
USD1!,18/09/2026,14:40,33.25,33.25,33.25,33.25,150.0
USD1!,18/09/2026,14:44,33.25,33.25,33.25,33.25,3.0
USD1!,18/09/2026,14:51,33.24,33.24,33.24,33.24,1.0
USD1!,18/09/2026,14:57,33.25,33.25,33.25,33.25,11.0
USD1!,18/09/2026,14:59,33.25,33.25,33.25,33.25,1.0
USD1!,18/09/2026,15:01,33.26,33.26,33.26,33.26,31.0
USD1!,18/09/2026,15:09,33.25,33.25,33.25,33.25,3.0
USD1!,18/09/2026,15:14,33.25,33.25,33.25,33.25,2.0
USD1!,18/09/2026,15:19,33.25,33.25,33.25,33.25,30.0
USD1!,18/09/2026,15:20,33.25,33.25,33.25,33.25,15.0
USD1!,18/09/2026,15:21,33.25,33.25,33.25,33.25,95.0
USD1!,18/09/2026,15:22,33.26,33.26,33.26,33.26,100.0
USD1!,18/09/2026,15:23,33.26,33.26,33.26,33.26,2.0
USD1!,18/09/2026,15:24,33.25,33.25,33.25,33.25,6.0
USD1!,18/09/2026,15:25,33.25,33.25,33.25,33.25,7.0
USD1!,18/09/2026,15:31,33.27,33.27,33.27,33.27,461.0
USD1!,18/09/2026,15:32,33.28,33.29,33.28,33.29,101.0
USD1!,18/09/2026,15:33,33.28,33.28,33.28,33.28,2.0
USD1!,18/09/2026,15:35,33.28,33.28,33.28,33.28,35.0
USD1!,18/09/2026,15:36,33.28,33.28,33.28,33.28,33.0
USD1!,18/09/2026,15:37,33.28,33.28,33.28,33.28,197.0
USD1!,18/09/2026,15:38,33.29,33.29,33.29,33.29,10.0
USD1!,18/09/2026,15:39,33.29,33.29,33.29,33.29,343.0
USD1!,18/09/2026,15:40,33.29,33.29,33.29,33.29,32.0
USD1!,18/09/2026,15:41,33.29,33.29,33.28,33.28,6.0
USD1!,18/09/2026,15:42,33.29,33.29,33.29,33.29,895.0
USD1!,18/09/2026,15:43,33.29,33.29,33.29,33.29,21.0
USD1!,18/09/2026,15:44,33.29,33.3,33.29,33.29,2695.0
USD1!,18/09/2026,15:45,33.28,33.28,33.28,33.28,20.0
USD1!,18/09/2026,15:49,33.29,33.29,33.29,33.29,1.0
USD1!,18/09/2026,15:51,33.28,33.28,33.28,33.28,321.0
USD1!,18/09/2026,15:52,33.29,33.29,33.29,33.29,4.0
USD1!,18/09/2026,15:55,33.28,33.28,33.28,33.28,32.0
USD1!,18/09/2026,15:56,33.27,33.27,33.27,33.27,1.0
USD1!,18/09/2026,15:58,33.27,33.27,33.27,33.27,26.0
USD1!,18/09/2026,16:00,33.27,33.27,33.27,33.27,8.0
USD1!,18/09/2026,16:03,33.27,33.27,33.27,33.27,1.0
USD1!,18/09/2026,16:04,33.27,33.27,33.26,33.26,175.0
USD1!,18/09/2026,16:06,33.27,33.27,33.27,33.27,100.0
USD1!,18/09/2026,16:11,33.27,33.27,33.26,33.26,21.0
USD1!,18/09/2026,16:13,33.27,33.27,33.27,33.27,10.0
USD1!,18/09/2026,16:15,33.27,33.27,33.27,33.27,10.0
USD1!,18/09/2026,16:16,33.27,33.27,33.27,33.27,1.0
USD1!,18/09/2026,16:17,33.27,33.27,33.27,33.27,107.0
USD1!,18/09/2026,16:24,33.27,33.27,33.27,33.27,143.0
USD1!,18/09/2026,16:26,33.28,33.28,33.28,33.28,3.0
USD1!,18/09/2026,16:27,33.28,33.28,33.28,33.28,1.0
USD1!,18/09/2026,16:28,33.28,33.28,33.28,33.28,22.0
USD1!,18/09/2026,16:29,33.28,33.28,33.28,33.28,45.0
USD1!,18/09/2026,16:31,33.28,33.28,33.28,33.28,25.0
USD1!,18/09/2026,16:32,33.28,33.28,33.28,33.28,1.0
USD1!,18/09/2026,16:35,33.28,33.28,33.28,33.28,50.0
USD1!,18/09/2026,16:36,33.28,33.28,33.28,33.28,1.0
USD1!,18/09/2026,16:39,33.29,33.29,33.29,33.29,53.0
USD1!,18/09/2026,16:40,33.29,33.3,33.29,33.3,21.0
USD1!,18/09/2026,16:41,33.3,33.3,33.3,33.3,4.0
USD1!,18/09/2026,16:42,33.29,33.29,33.29,33.29,25.0
USD1!,18/09/2026,16:44,33.3,33.3,33.3,33.3,51.0
USD1!,18/09/2026,16:46,33.3,33.31,33.3,33.31,101.0
USD1!,18/09/2026,16:47,33.3,33.3,33.3,33.3,36.0
USD1!,18/09/2026,16:48,33.3,33.31,33.3,33.31,53.0
USD1!,18/09/2026,16:49,33.31,33.31,33.31,33.31,7.0
USD1!,18/09/2026,16:51,33.3,33.3,33.3,33.3,61.0
USD1!,18/09/2026,16:52,33.3,33.3,33.3,33.3,5.0
USD1!,18/09/2026,16:53,33.31,33.31,33.31,33.31,6.0
USD1!,18/09/2026,16:54,33.31,33.31,33.3,33.3,64.0
USD1!,18/09/2026,18:50,33.32,33.32,33.31,33.31,44.0
USD1!,18/09/2026,18:51,33.32,33.32,33.32,33.32,204.0
USD1!,18/09/2026,18:52,33.32,33.32,33.32,33.32,1.0
USD1!,18/09/2026,18:54,33.32,33.32,33.32,33.32,4.0
USD1!,18/09/2026,18:55,33.32,33.32,33.32,33.32,29.0
USD1!,18/09/2026,18:56,33.31,33.31,33.31,33.31,50.0
USD1!,18/09/2026,18:59,33.31,33.31,33.31,33.31,10.0
USD1!,18/09/2026,19:00,33.31,33.32,33.31,33.32,7.0
USD1!,18/09/2026,19:01,33.32,33.32,33.32,33.32,3.0
USD1!,18/09/2026,19:07,33.32,33.32,33.32,33.32,36.0
USD1!,18/09/2026,19:09,33.32,33.32,33.32,33.32,5.0
USD1!,18/09/2026,19:10,33.32,33.32,33.32,33.32,100.0
USD1!,18/09/2026,19:14,33.32,33.32,33.32,33.32,50.0
USD1!,18/09/2026,19:19,33.32,33.32,33.32,33.32,30.0
USD1!,18/09/2026,19:20,33.32,33.32,33.32,33.32,5.0
USD1!,18/09/2026,19:21,33.32,33.32,33.32,33.32,1.0
USD1!,18/09/2026,19:23,33.33,33.34,33.33,33.34,324.0
USD1!,18/09/2026,19:24,33.34,33.34,33.34,33.34,15.0
USD1!,18/09/2026,19:27,33.35,33.37,33.35,33.37,673.0
USD1!,18/09/2026,19:28,33.37,33.37,33.36,33.36,105.0
USD1!,18/09/2026,19:29,33.36,33.36,33.35,33.35,9.0
USD1!,18/09/2026,19:31,33.36,33.36,33.36,33.36,9.0
USD1!,18/09/2026,19:32,33.36,33.36,33.35,33.35,8.0
USD1!,18/09/2026,19:33,33.35,33.36,33.35,33.36,2.0
USD1!,18/09/2026,19:35,33.34,33.34,33.34,33.34,100.0
USD1!,18/09/2026,19:36,33.34,33.35,33.34,33.35,102.0
USD1!,18/09/2026,19:42,33.35,33.35,33.35,33.35,42.0
USD1!,18/09/2026,19:43,33.35,33.35,33.35,33.35,4.0
USD1!,18/09/2026,19:48,33.34,33.34,33.34,33.34,1.0
USD1!,18/09/2026,19:49,33.34,33.34,33.34,33.34,10.0
USD1!,18/09/2026,19:50,33.34,33.34,33.34,33.34,20.0
USD1!,18/09/2026,19:51,33.34,33.35,33.34,33.35,25.0
USD1!,18/09/2026,19:52,33.34,33.34,33.34,33.34,4.0
USD1!,18/09/2026,19:53,33.35,33.35,33.35,33.35,1.0
USD1!,18/09/2026,19:55,33.35,33.35,33.35,33.35,1.0
USD1!,18/09/2026,19:56,33.34,33.34,33.34,33.34,1.0
USD1!,18/09/2026,19:58,33.33,33.33,33.33,33.33,27.0
USD1!,18/09/2026,19:59,33.33,33.33,33.32,33.32,10.0
USD1!,18/09/2026,20:00,33.32,33.33,33.32,33.33,25.0
USD1!,18/09/2026,20:01,33.33,33.33,33.33,33.33,1.0
USD1!,18/09/2026,20:03,33.34,33.34,33.34,33.34,30.0
USD1!,18/09/2026,20:04,33.33,33.33,33.33,33.33,30.0
USD1!,18/09/2026,20:05,33.33,33.33,33.33,33.33,3.0
USD1!,18/09/2026,20:11,33.33,33.33,33.33,33.33,2.0
USD1!,18/09/2026,20:12,33.33,33.33,33.33,33.33,15.0
USD1!,18/09/2026,20:13,33.33,33.33,33.33,33.33,1.0
USD1!,18/09/2026,20:15,33.33,33.33,33.32,33.32,7.0
USD1!,18/09/2026,20:17,33.32,33.32,33.32,33.32,22.0
USD1!,18/09/2026,20:19,33.32,33.32,33.32,33.32,1.0
USD1!,18/09/2026,20:22,33.33,33.33,33.33,33.33,1.0
USD1!,18/09/2026,20:25,33.33,33.33,33.33,33.33,2.0
USD1!,18/09/2026,20:26,33.33,33.33,33.33,33.33,1.0
USD1!,18/09/2026,20:28,33.33,33.33,33.33,33.33,105.0
USD1!,18/09/2026,20:29,33.33,33.33,33.33,33.33,3.0
USD1!,18/09/2026,20:36,33.34,33.34,33.34,33.34,5.0
USD1!,18/09/2026,20:37,33.34,33.34,33.34,33.34,61.0
USD1!,18/09/2026,20:42,33.34,33.34,33.34,33.34,10.0
USD1!,18/09/2026,20:43,33.35,33.35,33.35,33.35,2.0
USD1!,18/09/2026,20:47,33.34,33.34,33.34,33.34,1.0
USD1!,18/09/2026,20:50,33.34,33.34,33.34,33.34,2.0
USD1!,18/09/2026,20:52,33.35,33.36,33.35,33.36,160.0
USD1!,18/09/2026,20:53,33.36,33.36,33.36,33.36,8.0
USD1!,18/09/2026,20:54,33.34,33.34,33.34,33.34,19.0
USD1!,18/09/2026,20:55,33.34,33.36,33.34,33.36,142.0
USD1!,18/09/2026,21:05,33.35,33.35,33.35,33.35,5.0
USD1!,18/09/2026,21:18,33.35,33.35,33.35,33.35,15.0
USD1!,18/09/2026,21:19,33.35,33.35,33.35,33.35,3.0
USD1!,18/09/2026,21:20,33.36,33.36,33.36,33.36,1.0
USD1!,18/09/2026,21:21,33.35,33.35,33.35,33.35,9.0
USD1!,18/09/2026,21:23,33.34,33.34,33.34,33.34,241.0
USD1!,18/09/2026,21:24,33.34,33.34,33.34,33.34,33.0
USD1!,18/09/2026,21:25,33.34,33.34,33.34,33.34,1.0
USD1!,18/09/2026,21:26,33.34,33.34,33.34,33.34,2.0
USD1!,18/09/2026,21:27,33.35,33.35,33.35,33.35,4.0
USD1!,18/09/2026,21:28,33.35,33.35,33.35,33.35,1.0
USD1!,18/09/2026,21:30,33.35,33.35,33.35,33.35,2.0
USD1!,18/09/2026,21:41,33.34,33.34,33.34,33.34,20.0
USD1!,18/09/2026,21:42,33.34,33.34,33.34,33.34,10.0
USD1!,18/09/2026,21:43,33.34,33.34,33.34,33.34,70.0
USD1!,18/09/2026,21:44,33.34,33.34,33.34,33.34,70.0
USD1!,18/09/2026,21:46,33.34,33.34,33.34,33.34,10.0
USD1!,18/09/2026,21:47,33.34,33.34,33.34,33.34,50.0
USD1!,18/09/2026,21:48,33.34,33.34,33.34,33.34,51.0
USD1!,18/09/2026,21:49,33.34,33.34,33.34,33.34,119.0
USD1!,18/09/2026,21:51,33.33,33.33,33.33,33.33,2.0
USD1!,18/09/2026,21:58,33.34,33.34,33.34,33.34,6.0
USD1!,18/09/2026,21:59,33.34,33.34,33.34,33.34,14.0
USD1!,18/09/2026,22:05,33.34,33.34,33.34,33.34,1.0
USD1!,18/09/2026,22:14,33.34,33.34,33.34,33.34,2.0
USD1!,18/09/2026,23:11,33.33,33.33,33.32,33.32,20.0
USD1!,18/09/2026,23:17,33.32,33.32,33.32,33.32,10.0
USD1!,18/09/2026,23:28,33.32,33.32,33.32,33.32,34.0
USD1!,18/09/2026,23:29,33.31,33.31,33.31,33.31,39.0
USD1!,18/09/2026,23:30,33.31,33.31,33.31,33.31,4.0
USD1!,18/09/2026,23:33,33.3,33.3,33.3,33.3,100.0
USD1!,18/09/2026,23:34,33.3,33.3,33.3,33.3,10.0
USD1!,18/09/2026,23:41,33.31,33.31,33.31,33.31,5.0
USD1!,19/09/2026,00:04,33.3,33.3,33.3,33.3,20.0
USD1!,19/09/2026,00:14,33.3,33.3,33.3,33.3,1.0
USD1!,19/09/2026,00:30,33.3,33.3,33.3,33.3,31.0
USD1!,19/09/2026,00:36,33.3,33.3,33.3,33.3,108.0
USD1!,19/09/2026,00:49,33.29,33.29,33.28,33.28,76.0
USD1!,19/09/2026,01:03,33.28,33.28,33.28,33.28,30.0
USD1!,19/09/2026,01:35,33.28,33.28,33.28,33.28,1.0
USD1!,19/09/2026,01:37,33.28,33.28,33.28,33.28,6.0
USD1!,19/09/2026,02:02,33.28,33.28,33.28,33.28,16.0
USD1!,19/09/2026,02:06,33.28,33.28,33.28,33.28,1.0
USD1!,19/09/2026,02:21,33.27,33.27,33.27,33.27,81.0
USD1!,19/09/2026,02:28,33.28,33.28,33.28,33.28,19.0
USD1!,19/09/2026,02:32,33.27,33.27,33.27,33.27,27.0
USD1!,19/09/2026,02:36,33.27,33.27,33.26,33.26,104.0
USD1!,19/09/2026,02:37,33.28,33.28,33.28,33.28,1.0
USD1!,19/09/2026,02:41,33.28,33.28,33.28,33.28,1.0
USD1!,19/09/2026,02:45,33.28,33.28,33.28,33.28,30.0
USD1!,19/09/2026,02:57,33.28,33.28,33.28,33.28,39.0
USD1!,21/09/2026,09:45,33.26,33.26,33.25,33.25,61.0
USD1!,21/09/2026,09:46,33.26,33.26,33.26,33.26,5.0
USD1!,21/09/2026,09:47,33.26,33.26,33.26,33.26,13.0
USD1!,21/09/2026,09:50,33.28,33.28,33.28,33.28,21.0
USD1!,21/09/2026,09:52,33.27,33.27,33.27,33.27,5.0
USD1!,21/09/2026,09:53,33.27,33.27,33.27,33.27,60.0
USD1!,21/09/2026,09:54,33.26,33.26,33.26,33.26,197.0
USD1!,21/09/2026,09:57,33.26,33.26,33.26,33.26,97.0
USD1!,21/09/2026,10:00,33.27,33.27,33.27,33.27,13.0
USD1!,21/09/2026,10:02,33.26,33.26,33.25,33.25,130.0
USD1!,21/09/2026,10:03,33.27,33.27,33.25,33.25,1502.0
USD1!,21/09/2026,10:11,33.25,33.26,33.25,33.26,10.0
USD1!,21/09/2026,10:12,33.26,33.26,33.26,33.26,2.0
USD1!,21/09/2026,10:14,33.26,33.26,33.26,33.26,3.0
USD1!,21/09/2026,10:19,33.25,33.25,33.24,33.24,160.0
USD1!,21/09/2026,10:20,33.24,33.24,33.24,33.24,1.0
USD1!,21/09/2026,10:32,33.25,33.25,33.25,33.25,56.0
USD1!,21/09/2026,10:41,33.25,33.25,33.25,33.25,1.0
USD1!,21/09/2026,10:42,33.25,33.25,33.25,33.25,1.0
USD1!,21/09/2026,10:43,33.25,33.25,33.25,33.25,1.0
USD1!,21/09/2026,10:45,33.25,33.25,33.25,33.25,8.0
USD1!,21/09/2026,10:50,33.26,33.26,33.26,33.26,15.0
USD1!,21/09/2026,10:51,33.26,33.26,33.26,33.26,1.0
USD1!,21/09/2026,10:53,33.26,33.26,33.26,33.26,3.0
USD1!,21/09/2026,10:58,33.26,33.26,33.26,33.26,1.0
USD1!,21/09/2026,10:59,33.26,33.26,33.26,33.26,1.0
USD1!,21/09/2026,11:00,33.26,33.26,33.26,33.26,1.0
USD1!,21/09/2026,11:04,33.27,33.27,33.27,33.27,7.0
USD1!,21/09/2026,11:05,33.27,33.27,33.27,33.27,1.0
USD1!,21/09/2026,11:10,33.27,33.27,33.27,33.27,3.0
USD1!,21/09/2026,11:11,33.28,33.28,33.28,33.28,5.0
USD1!,21/09/2026,11:16,33.27,33.27,33.27,33.27,2.0
USD1!,21/09/2026,11:20,33.27,33.27,33.27,33.27,3.0
USD1!,21/09/2026,11:21,33.27,33.27,33.27,33.27,2.0
USD1!,21/09/2026,11:22,33.26,33.26,33.26,33.26,2.0
USD1!,21/09/2026,11:23,33.26,33.26,33.26,33.26,3.0
USD1!,21/09/2026,11:24,33.26,33.27,33.26,33.26,3.0
USD1!,21/09/2026,11:26,33.27,33.27,33.27,33.27,5.0
USD1!,21/09/2026,11:30,33.27,33.27,33.27,33.27,196.0
USD1!,21/09/2026,11:34,33.28,33.28,33.28,33.28,6.0
USD1!,21/09/2026,11:57,33.28,33.28,33.28,33.28,14.0
USD1!,21/09/2026,11:58,33.29,33.29,33.29,33.29,1.0
USD1!,21/09/2026,12:08,33.29,33.29,33.29,33.29,2.0
USD1!,21/09/2026,12:21,33.29,33.29,33.29,33.29,20.0
USD1!,21/09/2026,12:23,33.28,33.28,33.28,33.28,1.0
USD1!,21/09/2026,12:24,33.27,33.27,33.27,33.27,140.0
USD1!,21/09/2026,13:45,33.27,33.27,33.27,33.27,46.0
USD1!,21/09/2026,13:48,33.27,33.28,33.27,33.28,3.0
USD1!,21/09/2026,13:54,33.26,33.26,33.26,33.26,1.0
USD1!,21/09/2026,13:59,33.26,33.26,33.26,33.26,20.0
USD1!,21/09/2026,14:01,33.28,33.28,33.28,33.28,108.0
USD1!,21/09/2026,14:03,33.27,33.27,33.27,33.27,5.0
USD1!,21/09/2026,14:07,33.28,33.28,33.28,33.28,2.0
USD1!,21/09/2026,14:09,33.28,33.28,33.28,33.28,1.0
USD1!,21/09/2026,14:11,33.29,33.29,33.28,33.28,15.0
USD1!,21/09/2026,14:12,33.28,33.28,33.28,33.28,1.0
USD1!,21/09/2026,14:19,33.28,33.28,33.28,33.28,3.0
USD1!,21/09/2026,14:33,33.27,33.27,33.27,33.27,5.0
USD1!,21/09/2026,14:34,33.27,33.27,33.27,33.27,1.0
USD1!,21/09/2026,14:35,33.27,33.27,33.27,33.27,1.0
USD1!,21/09/2026,14:44,33.28,33.28,33.28,33.28,5.0
USD1!,21/09/2026,14:58,33.27,33.27,33.27,33.27,200.0
USD1!,21/09/2026,15:08,33.26,33.26,33.25,33.25,101.0
USD1!,21/09/2026,15:09,33.26,33.26,33.26,33.26,16.0
USD1!,21/09/2026,15:15,33.26,33.26,33.26,33.26,1.0
USD1!,21/09/2026,15:17,33.26,33.26,33.26,33.26,4.0
USD1!,21/09/2026,15:18,33.25,33.25,33.25,33.25,257.0
USD1!,21/09/2026,15:19,33.25,33.25,33.25,33.25,10.0
USD1!,21/09/2026,15:25,33.26,33.26,33.26,33.26,2.0
USD1!,21/09/2026,15:27,33.24,33.24,33.23,33.23,144.0
USD1!,21/09/2026,15:29,33.24,33.24,33.24,33.24,20.0
USD1!,21/09/2026,15:31,33.23,33.23,33.22,33.23,480.0
USD1!,21/09/2026,15:32,33.23,33.23,33.23,33.23,30.0
USD1!,21/09/2026,15:33,33.23,33.23,33.23,33.23,1.0
USD1!,21/09/2026,15:36,33.23,33.23,33.23,33.23,20.0
USD1!,21/09/2026,15:37,33.23,33.23,33.23,33.23,10.0
USD1!,21/09/2026,15:43,33.24,33.24,33.24,33.24,69.0
USD1!,21/09/2026,15:45,33.24,33.24,33.24,33.24,1.0
USD1!,21/09/2026,15:46,33.24,33.24,33.24,33.24,3.0
USD1!,21/09/2026,15:47,33.23,33.24,33.22,33.23,14.0
USD1!,21/09/2026,15:48,33.24,33.24,33.24,33.24,10.0
USD1!,21/09/2026,15:49,33.24,33.24,33.24,33.24,1.0
USD1!,21/09/2026,15:53,33.24,33.25,33.24,33.25,12.0
USD1!,21/09/2026,15:56,33.25,33.25,33.25,33.25,6.0
USD1!,21/09/2026,16:01,33.24,33.24,33.24,33.24,2.0
USD1!,21/09/2026,16:05,33.25,33.25,33.25,33.25,4.0
USD1!,21/09/2026,16:09,33.25,33.25,33.25,33.25,9.0
USD1!,21/09/2026,16:10,33.24,33.24,33.24,33.24,30.0
USD1!,21/09/2026,16:12,33.24,33.24,33.24,33.24,5.0
USD1!,21/09/2026,16:20,33.24,33.24,33.24,33.24,102.0
USD1!,21/09/2026,16:22,33.24,33.24,33.24,33.24,170.0
USD1!,21/09/2026,16:26,33.25,33.25,33.25,33.25,90.0
USD1!,21/09/2026,16:27,33.25,33.25,33.25,33.25,3.0
USD1!,21/09/2026,16:33,33.26,33.26,33.26,33.26,1.0
USD1!,21/09/2026,16:34,33.26,33.26,33.26,33.26,20.0
USD1!,21/09/2026,16:35,33.27,33.27,33.26,33.27,809.0
USD1!,21/09/2026,16:36,33.27,33.27,33.27,33.27,6.0
USD1!,21/09/2026,16:37,33.26,33.26,33.26,33.26,3.0
USD1!,21/09/2026,16:38,33.26,33.26,33.26,33.26,2.0
USD1!,21/09/2026,16:39,33.26,33.26,33.26,33.26,39.0
USD1!,21/09/2026,16:40,33.25,33.25,33.25,33.25,11.0
USD1!,21/09/2026,18:50,33.23,33.23,33.22,33.22,94.0
USD1!,21/09/2026,18:51,33.22,33.22,33.22,33.22,50.0
USD1!,21/09/2026,18:53,33.22,33.22,33.22,33.22,39.0
USD1!,21/09/2026,18:54,33.22,33.22,33.22,33.22,9.0
USD1!,21/09/2026,18:55,33.22,33.22,33.22,33.22,217.0
USD1!,21/09/2026,18:56,33.21,33.21,33.2,33.21,152.0
USD1!,21/09/2026,18:57,33.2,33.21,33.2,33.21,173.0
USD1!,21/09/2026,19:03,33.21,33.21,33.21,33.21,30.0
USD1!,21/09/2026,19:05,33.21,33.21,33.21,33.21,22.0
USD1!,21/09/2026,19:14,33.21,33.21,33.21,33.21,2.0
USD1!,21/09/2026,19:20,33.22,33.22,33.22,33.22,1.0
USD1!,21/09/2026,19:21,33.21,33.21,33.2,33.2,261.0
USD1!,21/09/2026,19:38,33.23,33.23,33.22,33.22,51.0
USD1!,21/09/2026,19:39,33.23,33.23,33.23,33.23,40.0
USD1!,21/09/2026,19:42,33.23,33.23,33.23,33.23,31.0
USD1!,21/09/2026,19:44,33.22,33.22,33.22,33.22,41.0
USD1!,21/09/2026,19:52,33.23,33.23,33.23,33.23,1.0
USD1!,21/09/2026,19:54,33.22,33.22,33.22,33.22,43.0
USD1!,21/09/2026,19:55,33.22,33.22,33.22,33.22,107.0
USD1!,21/09/2026,20:05,33.23,33.23,33.23,33.23,1.0
USD1!,21/09/2026,20:07,33.22,33.22,33.22,33.22,5.0
USD1!,21/09/2026,20:08,33.24,33.24,33.24,33.24,170.0
USD1!,21/09/2026,20:15,33.23,33.23,33.23,33.23,10.0
USD1!,21/09/2026,20:17,33.23,33.23,33.23,33.23,11.0
USD1!,21/09/2026,20:18,33.23,33.23,33.23,33.23,1.0
USD1!,21/09/2026,20:23,33.23,33.23,33.23,33.23,10.0
USD1!,21/09/2026,20:32,33.23,33.23,33.23,33.23,1.0
USD1!,21/09/2026,20:46,33.24,33.24,33.24,33.24,1.0
USD1!,21/09/2026,20:48,33.24,33.24,33.23,33.23,405.0
USD1!,21/09/2026,21:01,33.25,33.25,33.25,33.25,57.0
USD1!,21/09/2026,21:03,33.26,33.26,33.26,33.26,20.0
USD1!,21/09/2026,21:06,33.27,33.27,33.27,33.27,92.0
USD1!,21/09/2026,21:07,33.27,33.27,33.27,33.27,1.0
USD1!,21/09/2026,21:08,33.25,33.25,33.25,33.25,10.0
USD1!,21/09/2026,21:15,33.25,33.25,33.25,33.25,1.0
USD1!,21/09/2026,21:22,33.26,33.26,33.26,33.26,1.0
USD1!,21/09/2026,21:23,33.26,33.26,33.26,33.26,1.0
USD1!,21/09/2026,21:24,33.26,33.26,33.26,33.26,20.0
USD1!,21/09/2026,21:27,33.25,33.25,33.25,33.25,30.0
USD1!,21/09/2026,21:28,33.25,33.25,33.25,33.25,71.0
USD1!,21/09/2026,22:10,33.24,33.24,33.24,33.24,253.0
USD1!,21/09/2026,22:17,33.24,33.24,33.24,33.24,1.0
USD1!,21/09/2026,22:18,33.24,33.24,33.24,33.24,3.0
USD1!,21/09/2026,22:20,33.24,33.24,33.24,33.24,1.0
USD1!,21/09/2026,22:23,33.24,33.24,33.24,33.24,5.0
USD1!,21/09/2026,22:33,33.24,33.24,33.24,33.24,2.0
USD1!,21/09/2026,22:36,33.24,33.24,33.24,33.24,8.0
USD1!,21/09/2026,22:54,33.25,33.25,33.25,33.25,1.0
USD1!,21/09/2026,22:55,33.25,33.25,33.25,33.25,9.0
USD1!,21/09/2026,23:03,33.25,33.25,33.25,33.25,4.0
USD1!,21/09/2026,23:07,33.23,33.23,33.23,33.23,15.0
USD1!,21/09/2026,23:11,33.23,33.23,33.23,33.23,12.0
USD1!,21/09/2026,23:36,33.24,33.24,33.24,33.24,100.0
USD1!,21/09/2026,23:38,33.22,33.22,33.22,33.22,10.0
USD1!,21/09/2026,23:44,33.23,33.23,33.23,33.23,4.0
USD1!,21/09/2026,23:45,33.23,33.23,33.23,33.23,6.0
USD1!,21/09/2026,23:50,33.23,33.24,33.23,33.23,60.0
USD1!,22/09/2026,00:10,33.23,33.23,33.22,33.22,24.0
USD1!,22/09/2026,00:14,33.22,33.22,33.22,33.22,1.0
USD1!,22/09/2026,00:40,33.23,33.23,33.23,33.23,5.0
USD1!,22/09/2026,00:46,33.23,33.23,33.23,33.23,9.0
USD1!,22/09/2026,00:47,33.23,33.24,33.23,33.24,15.0
USD1!,22/09/2026,01:33,33.22,33.22,33.22,33.22,1.0
USD1!,22/09/2026,01:48,33.23,33.23,33.22,33.22,52.0
USD1!,22/09/2026,02:15,33.22,33.22,33.22,33.22,216.0
USD1!,22/09/2026,02:21,33.22,33.22,33.22,33.22,70.0
USD1!,22/09/2026,02:50,33.22,33.22,33.22,33.22,13.0
USD1!,22/09/2026,02:59,33.23,33.23,33.23,33.23,1.0
USD1!,22/09/2026,09:46,33.22,33.22,33.22,33.22,2.0
USD1!,22/09/2026,09:47,33.22,33.22,33.22,33.22,13.0
USD1!,22/09/2026,09:48,33.22,33.22,33.22,33.22,10.0
USD1!,22/09/2026,09:49,33.22,33.23,33.22,33.23,25.0
USD1!,22/09/2026,09:54,33.23,33.23,33.23,33.23,100.0
USD1!,22/09/2026,09:56,33.23,33.23,33.21,33.21,30.0
USD1!,22/09/2026,09:58,33.22,33.22,33.22,33.22,5.0
USD1!,22/09/2026,10:05,33.23,33.23,33.22,33.22,60.0
USD1!,22/09/2026,10:12,33.22,33.22,33.22,33.22,9.0
USD1!,22/09/2026,10:22,33.22,33.22,33.22,33.22,60.0
USD1!,22/09/2026,10:28,33.21,33.21,33.2,33.2,31.0
USD1!,22/09/2026,10:34,33.21,33.21,33.21,33.21,1.0
USD1!,22/09/2026,10:44,33.21,33.21,33.2,33.2,8.0
USD1!,22/09/2026,10:45,33.2,33.2,33.2,33.2,7.0
USD1!,22/09/2026,10:52,33.21,33.21,33.21,33.21,8.0
USD1!,22/09/2026,10:56,33.21,33.22,33.21,33.21,11.0
USD1!,22/09/2026,11:02,33.23,33.23,33.22,33.22,3.0
USD1!,22/09/2026,11:03,33.22,33.22,33.22,33.22,3.0
USD1!,22/09/2026,11:04,33.22,33.22,33.22,33.22,3.0
USD1!,22/09/2026,11:05,33.22,33.22,33.22,33.22,3.0
USD1!,22/09/2026,11:06,33.22,33.22,33.22,33.22,4.0
USD1!,22/09/2026,11:08,33.22,33.22,33.22,33.22,3.0
USD1!,22/09/2026,11:11,33.21,33.22,33.21,33.22,22.0
USD1!,22/09/2026,11:12,33.22,33.22,33.22,33.22,2.0
USD1!,22/09/2026,11:13,33.22,33.22,33.22,33.22,7.0
USD1!,22/09/2026,11:15,33.21,33.21,33.21,33.21,18.0
USD1!,22/09/2026,11:22,33.23,33.23,33.23,33.23,7.0
USD1!,22/09/2026,11:23,33.23,33.23,33.23,33.23,1.0
USD1!,22/09/2026,11:24,33.23,33.23,33.23,33.23,1.0
USD1!,22/09/2026,11:25,33.24,33.24,33.24,33.24,1.0
USD1!,22/09/2026,11:37,33.22,33.22,33.22,33.22,13.0
USD1!,22/09/2026,11:38,33.21,33.21,33.21,33.21,19.0
USD1!,22/09/2026,11:39,33.2,33.2,33.2,33.2,1.0
USD1!,22/09/2026,11:40,33.2,33.2,33.2,33.2,2.0
USD1!,22/09/2026,11:42,33.2,33.2,33.2,33.2,81.0
USD1!,22/09/2026,11:43,33.21,33.21,33.21,33.21,12.0
USD1!,22/09/2026,11:45,33.21,33.21,33.21,33.21,1.0
USD1!,22/09/2026,11:48,33.21,33.21,33.21,33.21,1.0
USD1!,22/09/2026,11:56,33.2,33.2,33.2,33.2,30.0
USD1!,22/09/2026,11:58,33.2,33.2,33.2,33.2,414.0
USD1!,22/09/2026,12:01,33.2,33.2,33.2,33.2,2.0
USD1!,22/09/2026,12:06,33.2,33.2,33.2,33.2,10.0
USD1!,22/09/2026,12:09,33.2,33.2,33.2,33.2,1.0
USD1!,22/09/2026,12:10,33.2,33.2,33.2,33.2,3.0
USD1!,22/09/2026,12:18,33.2,33.2,33.2,33.2,10.0
USD1!,22/09/2026,12:19,33.19,33.21,33.19,33.21,253.0
USD1!,22/09/2026,12:24,33.21,33.22,33.21,33.22,9.0
USD1!,22/09/2026,13:45,33.24,33.25,33.24,33.24,30.0
USD1!,22/09/2026,13:47,33.25,33.25,33.25,33.25,10.0
USD1!,22/09/2026,13:48,33.24,33.24,33.24,33.24,97.0
USD1!,22/09/2026,13:55,33.24,33.24,33.24,33.24,2.0
USD1!,22/09/2026,13:56,33.24,33.24,33.24,33.24,1.0
USD1!,22/09/2026,13:57,33.23,33.23,33.23,33.23,1.0
USD1!,22/09/2026,13:59,33.24,33.24,33.24,33.24,3.0
USD1!,22/09/2026,14:04,33.24,33.24,33.24,33.24,17.0
USD1!,22/09/2026,14:10,33.23,33.23,33.23,33.23,196.0
USD1!,22/09/2026,14:11,33.23,33.23,33.23,33.23,2.0
USD1!,22/09/2026,14:14,33.22,33.22,33.22,33.22,300.0
USD1!,22/09/2026,14:18,33.22,33.22,33.22,33.22,41.0
USD1!,22/09/2026,14:20,33.23,33.23,33.23,33.23,39.0
USD1!,22/09/2026,14:26,33.23,33.23,33.23,33.23,96.0
USD1!,22/09/2026,14:29,33.24,33.25,33.24,33.25,280.0
USD1!,22/09/2026,14:30,33.24,33.24,33.24,33.24,197.0
USD1!,22/09/2026,14:32,33.24,33.24,33.24,33.24,12.0
USD1!,22/09/2026,14:33,33.25,33.25,33.24,33.24,12.0
USD1!,22/09/2026,14:34,33.24,33.24,33.24,33.24,29.0
USD1!,22/09/2026,14:40,33.24,33.24,33.24,33.24,5.0
USD1!,22/09/2026,14:44,33.25,33.25,33.25,33.25,3.0
USD1!,22/09/2026,14:46,33.24,33.24,33.24,33.24,4.0
USD1!,22/09/2026,14:49,33.25,33.25,33.25,33.25,500.0
USD1!,22/09/2026,14:50,33.25,33.25,33.25,33.25,1.0
USD1!,22/09/2026,14:53,33.25,33.25,33.25,33.25,3.0
USD1!,22/09/2026,14:58,33.25,33.25,33.25,33.25,1.0
USD1!,22/09/2026,15:02,33.26,33.26,33.26,33.26,5.0
USD1!,22/09/2026,15:04,33.26,33.26,33.26,33.26,138.0
USD1!,22/09/2026,15:07,33.26,33.26,33.26,33.26,198.0
USD1!,22/09/2026,15:08,33.26,33.27,33.26,33.27,3.0
USD1!,22/09/2026,15:10,33.26,33.26,33.26,33.26,29.0
USD1!,22/09/2026,15:12,33.26,33.26,33.26,33.26,2.0
USD1!,22/09/2026,15:15,33.27,33.27,33.27,33.27,197.0
USD1!,22/09/2026,15:16,33.27,33.27,33.27,33.27,1.0
USD1!,22/09/2026,15:19,33.27,33.27,33.27,33.27,10.0
USD1!,22/09/2026,15:21,33.26,33.26,33.26,33.26,13.0
USD1!,22/09/2026,15:26,33.27,33.27,33.27,33.27,301.0
USD1!,22/09/2026,15:28,33.27,33.27,33.27,33.27,2.0
USD1!,22/09/2026,15:29,33.27,33.28,33.26,33.28,44.0
USD1!,22/09/2026,15:31,33.28,33.28,33.28,33.28,157.0
USD1!,22/09/2026,15:32,33.27,33.27,33.27,33.27,207.0
USD1!,22/09/2026,15:34,33.27,33.27,33.27,33.27,11.0
USD1!,22/09/2026,15:35,33.27,33.27,33.27,33.27,1.0
USD1!,22/09/2026,15:37,33.26,33.26,33.26,33.26,1.0
USD1!,22/09/2026,15:39,33.26,33.26,33.26,33.26,1.0
USD1!,22/09/2026,15:40,33.25,33.25,33.25,33.25,1.0
USD1!,22/09/2026,15:41,33.24,33.24,33.22,33.22,406.0
USD1!,22/09/2026,15:42,33.22,33.22,33.21,33.21,49.0
USD1!,22/09/2026,15:43,33.2,33.2,33.2,33.2,2.0
USD1!,22/09/2026,15:44,33.2,33.2,33.2,33.2,40.0
USD1!,22/09/2026,15:49,33.2,33.2,33.19,33.19,469.0
USD1!,22/09/2026,15:50,33.18,33.18,33.18,33.18,61.0
USD1!,22/09/2026,15:51,33.18,33.18,33.18,33.18,44.0
USD1!,22/09/2026,15:52,33.18,33.18,33.15,33.15,1972.0
USD1!,22/09/2026,15:53,33.15,33.15,33.13,33.14,63.0
USD1!,22/09/2026,15:54,33.15,33.16,33.15,33.15,201.0
USD1!,22/09/2026,15:56,33.16,33.17,33.16,33.17,131.0
USD1!,22/09/2026,15:57,33.18,33.18,33.18,33.18,4.0
USD1!,22/09/2026,15:58,33.18,33.18,33.18,33.18,118.0
USD1!,22/09/2026,15:59,33.18,33.18,33.17,33.17,67.0
USD1!,22/09/2026,16:00,33.17,33.17,33.17,33.17,125.0
USD1!,22/09/2026,16:03,33.19,33.2,33.19,33.2,4.0
USD1!,22/09/2026,16:04,33.18,33.19,33.18,33.19,21.0
USD1!,22/09/2026,16:05,33.2,33.2,33.2,33.2,301.0
USD1!,22/09/2026,16:06,33.19,33.19,33.19,33.19,6.0
USD1!,22/09/2026,16:07,33.19,33.2,33.19,33.2,420.0
USD1!,22/09/2026,16:11,33.2,33.2,33.19,33.19,144.0
USD1!,22/09/2026,16:15,33.19,33.19,33.18,33.18,15.0
USD1!,22/09/2026,16:19,33.19,33.19,33.19,33.19,5.0
USD1!,22/09/2026,16:23,33.19,33.19,33.18,33.19,2001.0
USD1!,22/09/2026,16:24,33.19,33.19,33.19,33.19,100.0
USD1!,22/09/2026,16:29,33.19,33.19,33.19,33.19,1.0
USD1!,22/09/2026,16:32,33.19,33.19,33.18,33.18,35.0
USD1!,22/09/2026,16:33,33.18,33.18,33.18,33.18,131.0
USD1!,22/09/2026,16:35,33.18,33.18,33.18,33.18,2.0
USD1!,22/09/2026,16:37,33.18,33.18,33.18,33.18,11.0
USD1!,22/09/2026,16:38,33.18,33.18,33.18,33.18,4.0
USD1!,22/09/2026,16:39,33.18,33.18,33.18,33.18,2.0
USD1!,22/09/2026,16:41,33.17,33.17,33.17,33.17,754.0
USD1!,22/09/2026,16:42,33.18,33.18,33.18,33.18,2.0
USD1!,22/09/2026,16:43,33.18,33.18,33.17,33.17,2.0
USD1!,22/09/2026,16:44,33.18,33.18,33.17,33.17,6.0
USD1!,22/09/2026,16:47,33.17,33.17,33.17,33.17,20.0
USD1!,22/09/2026,16:48,33.17,33.17,33.17,33.17,80.0
USD1!,22/09/2026,16:49,33.16,33.16,33.16,33.16,1.0
USD1!,22/09/2026,16:52,33.16,33.16,33.15,33.15,123.0
USD1!,22/09/2026,16:53,33.14,33.14,33.13,33.13,51.0
USD1!,22/09/2026,16:54,33.14,33.14,33.13,33.13,250.0
USD1!,22/09/2026,18:50,33.13,33.13,33.12,33.13,66.0
USD1!,22/09/2026,18:54,33.13,33.13,33.13,33.13,5.0
USD1!,22/09/2026,18:55,33.13,33.13,33.12,33.12,195.0
USD1!,22/09/2026,19:01,33.12,33.12,33.12,33.12,1.0
USD1!,22/09/2026,19:02,33.13,33.13,33.13,33.13,10.0
USD1!,22/09/2026,19:03,33.12,33.12,33.12,33.12,19.0
USD1!,22/09/2026,19:05,33.11,33.11,33.11,33.11,39.0
USD1!,22/09/2026,19:08,33.11,33.11,33.11,33.11,30.0
USD1!,22/09/2026,19:10,33.13,33.13,33.13,33.13,22.0
USD1!,22/09/2026,19:12,33.13,33.13,33.13,33.13,5.0
USD1!,22/09/2026,19:14,33.13,33.14,33.13,33.14,6.0
USD1!,22/09/2026,19:16,33.14,33.14,33.14,33.14,15.0
USD1!,22/09/2026,19:18,33.13,33.13,33.13,33.13,11.0
USD1!,22/09/2026,19:20,33.12,33.12,33.12,33.12,25.0
USD1!,22/09/2026,19:22,33.12,33.12,33.12,33.12,4.0
USD1!,22/09/2026,19:23,33.12,33.12,33.12,33.12,3.0
USD1!,22/09/2026,19:25,33.12,33.12,33.12,33.12,3.0
USD1!,22/09/2026,19:26,33.12,33.12,33.12,33.12,2.0
USD1!,22/09/2026,19:31,33.11,33.11,33.1,33.1,77.0
USD1!,22/09/2026,19:35,33.12,33.12,33.12,33.12,320.0
USD1!,22/09/2026,19:36,33.11,33.11,33.11,33.11,1.0
USD1!,22/09/2026,19:38,33.13,33.13,33.13,33.13,255.0
USD1!,22/09/2026,19:40,33.13,33.13,33.13,33.13,1.0
USD1!,22/09/2026,19:41,33.12,33.12,33.12,33.12,10.0
USD1!,22/09/2026,19:42,33.12,33.12,33.11,33.11,2.0
USD1!,22/09/2026,19:44,33.13,33.13,33.13,33.13,10.0
USD1!,22/09/2026,19:47,33.14,33.14,33.14,33.14,1.0
USD1!,22/09/2026,19:54,33.14,33.14,33.14,33.14,5.0
USD1!,22/09/2026,19:55,33.14,33.14,33.14,33.14,21.0
USD1!,22/09/2026,19:56,33.12,33.12,33.12,33.12,40.0
USD1!,22/09/2026,19:59,33.14,33.14,33.14,33.14,30.0
USD1!,22/09/2026,20:00,33.14,33.14,33.14,33.14,1.0
USD1!,22/09/2026,20:01,33.14,33.14,33.13,33.13,52.0
USD1!,22/09/2026,20:02,33.13,33.13,33.13,33.13,5.0
USD1!,22/09/2026,20:04,33.13,33.13,33.13,33.13,105.0
USD1!,22/09/2026,20:05,33.13,33.13,33.13,33.13,50.0
USD1!,22/09/2026,20:07,33.12,33.12,33.12,33.12,6.0
USD1!,22/09/2026,20:08,33.11,33.11,33.11,33.11,338.0
USD1!,22/09/2026,20:09,33.11,33.11,33.11,33.11,10.0
USD1!,22/09/2026,20:10,33.1,33.1,33.1,33.1,1.0
USD1!,22/09/2026,20:15,33.11,33.11,33.11,33.11,100.0
USD1!,22/09/2026,20:17,33.1,33.1,33.1,33.1,1.0
USD1!,22/09/2026,20:19,33.11,33.11,33.11,33.11,1.0
USD1!,22/09/2026,20:20,33.1,33.1,33.1,33.1,1.0
USD1!,22/09/2026,20:26,33.11,33.11,33.11,33.11,39.0
USD1!,22/09/2026,20:28,33.11,33.11,33.1,33.1,50.0
USD1!,22/09/2026,20:39,33.11,33.11,33.11,33.11,1.0
USD1!,22/09/2026,20:41,33.13,33.13,33.13,33.13,1.0
USD1!,22/09/2026,20:42,33.14,33.14,33.12,33.12,231.0
USD1!,22/09/2026,20:43,33.11,33.11,33.11,33.11,40.0
USD1!,22/09/2026,20:44,33.1,33.1,33.1,33.1,39.0
USD1!,22/09/2026,20:47,33.11,33.11,33.11,33.11,1.0
USD1!,22/09/2026,20:48,33.11,33.11,33.11,33.11,1.0
USD1!,22/09/2026,20:49,33.1,33.1,33.1,33.1,278.0
USD1!,22/09/2026,20:51,33.1,33.1,33.1,33.1,45.0
USD1!,22/09/2026,20:52,33.1,33.1,33.1,33.1,45.0
USD1!,22/09/2026,20:53,33.1,33.1,33.1,33.1,9.0
USD1!,22/09/2026,20:54,33.11,33.11,33.11,33.11,40.0
USD1!,22/09/2026,20:55,33.11,33.11,33.1,33.1,10.0
USD1!,22/09/2026,21:01,33.11,33.11,33.11,33.11,45.0
USD1!,22/09/2026,21:03,33.11,33.11,33.11,33.11,39.0
USD1!,22/09/2026,21:17,33.12,33.12,33.12,33.12,1.0
USD1!,22/09/2026,21:19,33.11,33.11,33.11,33.11,39.0
USD1!,22/09/2026,21:21,33.11,33.11,33.11,33.11,39.0
USD1!,22/09/2026,21:28,33.12,33.12,33.12,33.12,1.0
USD1!,22/09/2026,21:29,33.13,33.13,33.13,33.13,2.0
USD1!,22/09/2026,21:34,33.13,33.13,33.12,33.13,86.0
USD1!,22/09/2026,21:36,33.13,33.13,33.13,33.13,200.0
USD1!,22/09/2026,21:39,33.13,33.13,33.13,33.13,15.0
USD1!,22/09/2026,21:40,33.14,33.14,33.14,33.14,1.0
USD1!,22/09/2026,21:41,33.15,33.16,33.15,33.16,89.0
USD1!,22/09/2026,21:45,33.17,33.17,33.17,33.17,1.0
USD1!,22/09/2026,21:47,33.16,33.16,33.16,33.16,5.0
USD1!,22/09/2026,21:50,33.15,33.15,33.15,33.15,3.0
USD1!,22/09/2026,21:52,33.15,33.15,33.15,33.15,10.0
USD1!,22/09/2026,21:57,33.16,33.16,33.16,33.16,1.0
USD1!,22/09/2026,21:59,33.15,33.15,33.15,33.15,11.0
USD1!,22/09/2026,22:00,33.15,33.15,33.15,33.15,16.0
USD1!,22/09/2026,22:05,33.15,33.15,33.15,33.15,1.0
USD1!,22/09/2026,22:07,33.15,33.15,33.13,33.13,39.0
USD1!,22/09/2026,22:15,33.14,33.14,33.14,33.14,39.0
USD1!,22/09/2026,22:16,33.14,33.14,33.14,33.14,1.0
USD1!,22/09/2026,22:24,33.14,33.14,33.13,33.13,39.0
USD1!,22/09/2026,22:42,33.15,33.15,33.15,33.15,1.0
USD1!,22/09/2026,22:46,33.16,33.16,33.16,33.16,94.0
USD1!,22/09/2026,22:49,33.17,33.17,33.17,33.17,1.0
USD1!,22/09/2026,22:54,33.16,33.16,33.16,33.16,1.0
USD1!,22/09/2026,22:57,33.16,33.16,33.16,33.16,5.0
USD1!,22/09/2026,23:10,33.16,33.16,33.16,33.16,820.0
USD1!,22/09/2026,23:11,33.16,33.16,33.16,33.16,426.0
USD1!,22/09/2026,23:13,33.16,33.16,33.16,33.16,1394.0
USD1!,22/09/2026,23:25,33.16,33.16,33.16,33.16,1.0
USD1!,22/09/2026,23:26,33.17,33.18,33.17,33.18,595.0
USD1!,22/09/2026,23:27,33.18,33.19,33.18,33.19,1994.0
USD1!,22/09/2026,23:30,33.17,33.17,33.17,33.17,1.0
USD1!,22/09/2026,23:37,33.16,33.16,33.16,33.16,1.0
USD1!,22/09/2026,23:41,33.16,33.16,33.16,33.16,10.0
USD1!,22/09/2026,23:43,33.16,33.16,33.16,33.16,10.0
USD1!,22/09/2026,23:44,33.16,33.16,33.16,33.16,80.0
USD1!,22/09/2026,23:49,33.15,33.15,33.15,33.15,103.0
USD1!,22/09/2026,23:50,33.15,33.15,33.15,33.15,50.0
USD1!,22/09/2026,23:56,33.16,33.16,33.16,33.16,1.0
USD1!,22/09/2026,23:58,33.15,33.15,33.15,33.15,3.0
USD1!,23/09/2026,00:15,33.14,33.14,33.14,33.14,51.0
USD1!,23/09/2026,00:35,33.15,33.15,33.15,33.15,160.0
USD1!,23/09/2026,00:52,33.15,33.15,33.14,33.14,249.0
USD1!,23/09/2026,00:54,33.13,33.13,33.13,33.13,39.0
USD1!,23/09/2026,00:55,33.13,33.13,33.13,33.13,14.0
USD1!,23/09/2026,01:06,33.12,33.12,33.12,33.12,40.0
USD1!,23/09/2026,01:21,33.12,33.12,33.12,33.12,39.0
USD1!,23/09/2026,01:22,33.11,33.11,33.11,33.11,450.0
USD1!,23/09/2026,01:36,33.13,33.13,33.13,33.13,4.0
USD1!,23/09/2026,01:47,33.14,33.14,33.14,33.14,11.0
USD1!,23/09/2026,02:07,33.14,33.14,33.14,33.14,3.0
USD1!,23/09/2026,02:16,33.14,33.15,33.14,33.15,70.0
USD1!,23/09/2026,02:22,33.13,33.13,33.13,33.13,40.0
USD1!,23/09/2026,02:31,33.13,33.13,33.13,33.13,88.0
USD1!,23/09/2026,02:32,33.12,33.12,33.12,33.12,2.0
USD1!,23/09/2026,02:34,33.11,33.11,33.11,33.11,49.0
USD1!,23/09/2026,02:35,33.1,33.1,33.1,33.1,370.0
USD1!,23/09/2026,02:36,33.1,33.1,33.1,33.1,1.0
USD1!,23/09/2026,02:39,33.1,33.1,33.1,33.1,1.0
USD1!,23/09/2026,02:41,33.09,33.09,33.09,33.09,15.0
USD1!,23/09/2026,02:47,33.1,33.1,33.1,33.1,2.0
USD1!,23/09/2026,02:48,33.1,33.1,33.1,33.1,1.0
USD1!,23/09/2026,02:51,33.1,33.1,33.1,33.1,5.0
USD1!,23/09/2026,02:53,33.1,33.1,33.1,33.1,2.0
USD1!,23/09/2026,02:54,33.1,33.1,33.1,33.1,40.0
USD1!,23/09/2026,02:55,33.09,33.09,33.09,33.09,30.0
USD1!,23/09/2026,02:59,33.09,33.09,33.09,33.09,21.0
USD1!,23/09/2026,09:45,33.15,33.15,33.15,33.15,240.0
USD1!,23/09/2026,09:46,33.15,33.15,33.15,33.15,5.0
USD1!,23/09/2026,09:47,33.16,33.16,33.16,33.16,10.0
USD1!,23/09/2026,09:48,33.16,33.16,33.16,33.16,3.0
USD1!,23/09/2026,09:49,33.16,33.16,33.16,33.16,82.0
USD1!,23/09/2026,09:50,33.16,33.16,33.16,33.16,10.0
USD1!,23/09/2026,09:51,33.16,33.16,33.16,33.16,1.0
USD1!,23/09/2026,09:52,33.17,33.17,33.16,33.16,3.0
USD1!,23/09/2026,09:54,33.17,33.17,33.17,33.17,4.0
USD1!,23/09/2026,09:55,33.17,33.17,33.17,33.17,8.0
USD1!,23/09/2026,09:56,33.17,33.17,33.17,33.17,10.0
USD1!,23/09/2026,09:57,33.18,33.18,33.18,33.18,5.0
USD1!,23/09/2026,09:58,33.18,33.18,33.17,33.17,6.0
USD1!,23/09/2026,09:59,33.18,33.18,33.18,33.18,5.0
USD1!,23/09/2026,10:01,33.18,33.18,33.17,33.17,207.0
USD1!,23/09/2026,10:02,33.17,33.17,33.17,33.17,150.0
USD1!,23/09/2026,10:06,33.16,33.17,33.16,33.17,12.0
USD1!,23/09/2026,10:07,33.16,33.16,33.16,33.16,145.0
USD1!,23/09/2026,10:09,33.17,33.17,33.17,33.17,500.0
USD1!,23/09/2026,10:11,33.17,33.17,33.17,33.17,33.0
USD1!,23/09/2026,10:12,33.17,33.17,33.17,33.17,10.0
USD1!,23/09/2026,10:15,33.17,33.17,33.17,33.17,2.0
USD1!,23/09/2026,10:17,33.17,33.17,33.17,33.17,51.0
USD1!,23/09/2026,10:19,33.17,33.17,33.17,33.17,500.0
USD1!,23/09/2026,10:21,33.17,33.17,33.17,33.17,500.0
USD1!,23/09/2026,10:26,33.17,33.17,33.17,33.17,12.0
USD1!,23/09/2026,10:27,33.17,33.17,33.17,33.17,500.0
USD1!,23/09/2026,10:29,33.17,33.17,33.17,33.17,2.0
USD1!,23/09/2026,10:31,33.17,33.17,33.17,33.17,500.0
USD1!,23/09/2026,10:32,33.17,33.17,33.17,33.17,10.0
USD1!,23/09/2026,10:34,33.17,33.17,33.17,33.17,1.0
USD1!,23/09/2026,10:35,33.17,33.17,33.17,33.17,57.0
USD1!,23/09/2026,10:36,33.17,33.17,33.17,33.17,13.0
USD1!,23/09/2026,10:37,33.17,33.17,33.17,33.17,500.0
USD1!,23/09/2026,10:38,33.17,33.17,33.17,33.17,100.0
USD1!,23/09/2026,10:40,33.17,33.17,33.17,33.17,151.0
USD1!,23/09/2026,10:41,33.17,33.17,33.17,33.17,1.0
USD1!,23/09/2026,10:42,33.18,33.18,33.18,33.18,138.0
USD1!,23/09/2026,10:43,33.18,33.18,33.18,33.18,1.0
USD1!,23/09/2026,10:45,33.17,33.17,33.17,33.17,600.0
USD1!,23/09/2026,10:46,33.17,33.17,33.17,33.17,1.0
USD1!,23/09/2026,10:49,33.17,33.17,33.17,33.17,1.0
USD1!,23/09/2026,10:52,33.17,33.17,33.17,33.17,697.0
USD1!,23/09/2026,10:56,33.18,33.18,33.18,33.18,500.0
USD1!,23/09/2026,10:59,33.18,33.18,33.18,33.18,10.0
USD1!,23/09/2026,11:01,33.18,33.18,33.18,33.18,500.0
USD1!,23/09/2026,11:02,33.18,33.18,33.18,33.18,1.0
USD1!,23/09/2026,11:03,33.18,33.18,33.18,33.18,7.0
USD1!,23/09/2026,11:04,33.17,33.17,33.17,33.17,55.0
USD1!,23/09/2026,11:06,33.18,33.18,33.18,33.18,1.0
USD1!,23/09/2026,11:08,33.18,33.18,33.18,33.18,3.0
USD1!,23/09/2026,11:12,33.18,33.18,33.18,33.18,196.0
USD1!,23/09/2026,11:19,33.17,33.17,33.17,33.17,10.0
USD1!,23/09/2026,11:24,33.17,33.17,33.17,33.17,6.0
USD1!,23/09/2026,11:30,33.17,33.17,33.17,33.17,1.0
USD1!,23/09/2026,11:31,33.17,33.17,33.17,33.17,1.0
USD1!,23/09/2026,11:33,33.17,33.17,33.17,33.17,30.0
USD1!,23/09/2026,11:36,33.18,33.18,33.18,33.18,46.0
USD1!,23/09/2026,11:37,33.19,33.19,33.19,33.19,100.0
USD1!,23/09/2026,11:39,33.18,33.18,33.18,33.18,1.0
USD1!,23/09/2026,11:45,33.18,33.18,33.18,33.18,1.0
USD1!,23/09/2026,11:46,33.18,33.19,33.18,33.19,4.0
USD1!,23/09/2026,11:53,33.17,33.17,33.17,33.17,15.0
USD1!,23/09/2026,11:58,33.17,33.17,33.17,33.17,15.0
USD1!,23/09/2026,12:02,33.18,33.18,33.18,33.18,3.0
USD1!,23/09/2026,12:09,33.18,33.18,33.18,33.18,190.0
USD1!,23/09/2026,12:15,33.17,33.17,33.17,33.17,200.0
USD1!,23/09/2026,13:45,33.18,33.18,33.18,33.18,10.0
USD1!,23/09/2026,13:57,33.18,33.18,33.18,33.18,197.0
USD1!,23/09/2026,13:59,33.18,33.18,33.18,33.18,3.0
USD1!,23/09/2026,14:00,33.17,33.17,33.17,33.17,3.0
USD1!,23/09/2026,14:02,33.18,33.18,33.18,33.18,196.0
USD1!,23/09/2026,14:04,33.19,33.19,33.19,33.19,210.0
USD1!,23/09/2026,14:07,33.19,33.19,33.19,33.19,400.0
USD1!,23/09/2026,14:08,33.2,33.21,33.2,33.21,229.0
USD1!,23/09/2026,14:10,33.2,33.2,33.2,33.2,200.0
USD1!,23/09/2026,14:13,33.21,33.21,33.21,33.21,25.0
USD1!,23/09/2026,14:14,33.22,33.22,33.22,33.22,380.0
USD1!,23/09/2026,14:15,33.2,33.2,33.2,33.2,3.0
USD1!,23/09/2026,14:16,33.2,33.2,33.2,33.2,726.0
USD1!,23/09/2026,14:22,33.21,33.21,33.21,33.21,8.0
USD1!,23/09/2026,14:23,33.21,33.21,33.21,33.21,2.0
USD1!,23/09/2026,14:24,33.22,33.22,33.22,33.22,447.0
USD1!,23/09/2026,14:27,33.22,33.23,33.21,33.21,32.0
USD1!,23/09/2026,14:30,33.22,33.22,33.22,33.22,15.0
USD1!,23/09/2026,14:36,33.22,33.22,33.22,33.22,50.0
USD1!,23/09/2026,14:39,33.22,33.22,33.22,33.22,2.0
USD1!,23/09/2026,14:46,33.22,33.22,33.22,33.22,1.0
USD1!,23/09/2026,14:49,33.23,33.24,33.23,33.24,51.0
USD1!,23/09/2026,14:52,33.23,33.23,33.22,33.22,5.0
USD1!,23/09/2026,14:53,33.22,33.22,33.22,33.22,2.0
USD1!,23/09/2026,14:54,33.22,33.22,33.22,33.22,1.0
USD1!,23/09/2026,15:03,33.22,33.23,33.21,33.21,131.0
USD1!,23/09/2026,15:09,33.23,33.23,33.23,33.23,1.0
USD1!,23/09/2026,15:10,33.24,33.24,33.24,33.24,2.0
USD1!,23/09/2026,15:18,33.23,33.23,33.23,33.23,5.0
USD1!,23/09/2026,15:21,33.22,33.22,33.22,33.22,22.0
USD1!,23/09/2026,15:25,33.21,33.21,33.21,33.21,9.0
USD1!,23/09/2026,15:40,33.22,33.22,33.22,33.22,20.0
USD1!,23/09/2026,15:41,33.21,33.21,33.21,33.21,4.0
USD1!,23/09/2026,15:42,33.21,33.21,33.21,33.21,7.0
USD1!,23/09/2026,15:53,33.21,33.21,33.21,33.21,1.0
USD1!,23/09/2026,15:59,33.21,33.21,33.21,33.21,3.0
USD1!,23/09/2026,16:00,33.22,33.22,33.2,33.2,43.0
USD1!,23/09/2026,16:01,33.22,33.22,33.22,33.22,2.0
USD1!,23/09/2026,16:12,33.21,33.21,33.21,33.21,1.0
USD1!,23/09/2026,16:19,33.22,33.23,33.22,33.23,2.0
USD1!,23/09/2026,16:24,33.21,33.21,33.21,33.21,1.0
USD1!,23/09/2026,16:34,33.21,33.21,33.21,33.21,1.0
USD1!,23/09/2026,16:41,33.22,33.22,33.22,33.22,1.0
USD1!,23/09/2026,16:42,33.22,33.22,33.22,33.22,21.0
USD1!,23/09/2026,16:46,33.23,33.23,33.23,33.23,1.0
USD1!,23/09/2026,16:48,33.23,33.24,33.23,33.24,260.0
USD1!,23/09/2026,16:50,33.25,33.25,33.25,33.25,10.0
USD1!,23/09/2026,16:51,33.25,33.25,33.25,33.25,28.0
USD1!,23/09/2026,16:52,33.24,33.24,33.24,33.24,1.0
USD1!,23/09/2026,16:54,33.23,33.23,33.23,33.23,1.0
USD1!,23/09/2026,18:50,33.24,33.24,33.24,33.24,49.0
USD1!,23/09/2026,18:54,33.24,33.24,33.24,33.24,1.0
USD1!,23/09/2026,18:55,33.25,33.25,33.25,33.25,401.0
USD1!,23/09/2026,19:06,33.24,33.25,33.24,33.25,11.0
USD1!,23/09/2026,19:08,33.25,33.25,33.25,33.25,240.0
USD1!,23/09/2026,19:11,33.26,33.26,33.26,33.26,105.0
USD1!,23/09/2026,19:12,33.25,33.25,33.25,33.25,2.0
USD1!,23/09/2026,19:13,33.25,33.25,33.25,33.25,1.0
USD1!,23/09/2026,19:14,33.26,33.26,33.26,33.26,1.0
USD1!,23/09/2026,19:16,33.25,33.25,33.25,33.25,2.0
USD1!,23/09/2026,19:25,33.26,33.26,33.26,33.26,443.0
USD1!,23/09/2026,19:26,33.26,33.26,33.26,33.26,113.0
USD1!,23/09/2026,19:27,33.26,33.26,33.26,33.26,210.0
USD1!,23/09/2026,19:29,33.27,33.27,33.27,33.27,5.0
USD1!,23/09/2026,19:32,33.27,33.27,33.27,33.27,615.0
USD1!,23/09/2026,19:34,33.28,33.28,33.27,33.28,82.0
USD1!,23/09/2026,19:35,33.27,33.28,33.27,33.28,81.0
USD1!,23/09/2026,19:36,33.29,33.29,33.28,33.28,11.0
USD1!,23/09/2026,19:37,33.28,33.28,33.28,33.28,2.0
USD1!,23/09/2026,19:38,33.28,33.29,33.28,33.29,266.0
USD1!,23/09/2026,19:40,33.29,33.29,33.29,33.29,100.0
USD1!,23/09/2026,19:41,33.29,33.29,33.29,33.29,50.0
USD1!,23/09/2026,19:42,33.29,33.29,33.29,33.29,50.0
USD1!,23/09/2026,19:44,33.3,33.3,33.3,33.3,299.0
USD1!,23/09/2026,19:49,33.3,33.31,33.3,33.3,17.0
USD1!,23/09/2026,19:51,33.3,33.3,33.3,33.3,26.0
USD1!,23/09/2026,19:54,33.3,33.31,33.3,33.3,131.0
USD1!,23/09/2026,19:56,33.3,33.31,33.3,33.31,15.0
USD1!,23/09/2026,19:57,33.31,33.32,33.31,33.32,149.0
USD1!,23/09/2026,19:58,33.32,33.32,33.31,33.31,52.0
USD1!,23/09/2026,19:59,33.31,33.32,33.31,33.32,145.0
USD1!,23/09/2026,20:00,33.31,33.31,33.31,33.31,1.0
USD1!,23/09/2026,20:01,33.31,33.31,33.31,33.31,3.0
USD1!,23/09/2026,20:02,33.31,33.32,33.31,33.32,9.0
USD1!,23/09/2026,20:05,33.32,33.32,33.32,33.32,5.0
USD1!,23/09/2026,20:06,33.32,33.32,33.32,33.32,173.0
USD1!,23/09/2026,20:08,33.32,33.32,33.32,33.32,77.0
USD1!,23/09/2026,20:09,33.33,33.33,33.33,33.33,24.0
USD1!,23/09/2026,20:12,33.33,33.33,33.33,33.33,1.0
USD1!,23/09/2026,20:13,33.33,33.33,33.33,33.33,1.0
USD1!,23/09/2026,20:14,33.33,33.33,33.33,33.33,4.0
USD1!,23/09/2026,20:15,33.34,33.34,33.34,33.34,54.0
USD1!,23/09/2026,20:16,33.33,33.33,33.33,33.33,8.0
USD1!,23/09/2026,20:19,33.33,33.33,33.33,33.33,10.0
USD1!,23/09/2026,20:22,33.33,33.33,33.33,33.33,1.0
USD1!,23/09/2026,20:23,33.33,33.33,33.33,33.33,39.0
USD1!,23/09/2026,20:26,33.31,33.31,33.31,33.31,1.0
USD1!,23/09/2026,20:27,33.31,33.31,33.31,33.31,2.0
USD1!,23/09/2026,20:28,33.3,33.3,33.3,33.3,2.0
USD1!,23/09/2026,20:29,33.29,33.29,33.29,33.29,43.0
USD1!,23/09/2026,20:30,33.29,33.29,33.29,33.29,3.0
USD1!,23/09/2026,20:32,33.3,33.3,33.3,33.3,2.0
USD1!,23/09/2026,20:33,33.31,33.31,33.31,33.31,14.0
USD1!,23/09/2026,20:35,33.31,33.31,33.31,33.31,1.0
USD1!,23/09/2026,20:37,33.32,33.32,33.32,33.32,42.0
USD1!,23/09/2026,20:39,33.32,33.32,33.32,33.32,2.0
USD1!,23/09/2026,20:42,33.33,33.33,33.33,33.33,8.0
USD1!,23/09/2026,20:44,33.34,33.34,33.34,33.34,23.0
USD1!,23/09/2026,20:45,33.34,33.35,33.34,33.35,321.0
USD1!,23/09/2026,20:48,33.36,33.37,33.36,33.36,208.0
USD1!,23/09/2026,20:49,33.35,33.36,33.35,33.36,51.0
USD1!,23/09/2026,20:51,33.37,33.37,33.37,33.37,24.0
USD1!,23/09/2026,20:52,33.37,33.37,33.37,33.37,10.0
USD1!,23/09/2026,20:53,33.37,33.37,33.37,33.37,15.0
USD1!,23/09/2026,20:54,33.37,33.37,33.37,33.37,1.0
USD1!,23/09/2026,20:55,33.38,33.38,33.38,33.38,809.0
USD1!,23/09/2026,20:56,33.38,33.38,33.37,33.38,26.0
USD1!,23/09/2026,20:57,33.37,33.37,33.37,33.37,3.0
USD1!,23/09/2026,20:58,33.37,33.37,33.37,33.37,40.0
USD1!,23/09/2026,20:59,33.38,33.38,33.38,33.38,31.0
USD1!,23/09/2026,21:00,33.37,33.38,33.37,33.37,218.0
USD1!,23/09/2026,21:01,33.37,33.37,33.36,33.36,7.0
USD1!,23/09/2026,21:02,33.36,33.36,33.36,33.36,10.0
USD1!,23/09/2026,21:03,33.36,33.36,33.36,33.36,2.0
USD1!,23/09/2026,21:04,33.36,33.36,33.36,33.36,30.0
USD1!,23/09/2026,21:05,33.37,33.37,33.37,33.37,9.0
USD1!,23/09/2026,21:08,33.36,33.36,33.36,33.36,10.0
USD1!,23/09/2026,21:09,33.36,33.36,33.36,33.36,6.0
USD1!,23/09/2026,21:11,33.37,33.37,33.37,33.37,11.0
USD1!,23/09/2026,21:14,33.38,33.38,33.38,33.38,14.0
USD1!,23/09/2026,21:15,33.38,33.4,33.38,33.4,500.0
USD1!,23/09/2026,21:16,33.4,33.4,33.39,33.4,1431.0
USD1!,23/09/2026,21:17,33.4,33.4,33.4,33.4,2.0
USD1!,23/09/2026,21:18,33.4,33.4,33.4,33.4,211.0
USD1!,23/09/2026,21:19,33.41,33.41,33.38,33.41,1645.0
USD1!,23/09/2026,21:20,33.41,33.43,33.41,33.43,865.0
USD1!,23/09/2026,21:21,33.41,33.43,33.41,33.41,1187.0
USD1!,23/09/2026,21:22,33.4,33.4,33.4,33.4,48.0
USD1!,23/09/2026,21:23,33.4,33.41,33.39,33.39,56.0
USD1!,23/09/2026,21:25,33.4,33.4,33.4,33.4,14.0
USD1!,23/09/2026,21:26,33.41,33.41,33.41,33.41,10.0
USD1!,23/09/2026,21:27,33.41,33.42,33.41,33.42,3.0
USD1!,23/09/2026,21:30,33.41,33.41,33.39,33.39,38.0
USD1!,23/09/2026,21:31,33.4,33.4,33.4,33.4,3.0
USD1!,23/09/2026,21:33,33.4,33.4,33.39,33.39,2.0
USD1!,23/09/2026,21:35,33.39,33.39,33.39,33.39,10.0
USD1!,23/09/2026,21:37,33.39,33.39,33.38,33.38,358.0
USD1!,23/09/2026,21:44,33.38,33.38,33.38,33.38,1.0
USD1!,23/09/2026,21:48,33.39,33.39,33.39,33.39,3.0
USD1!,23/09/2026,21:49,33.39,33.39,33.39,33.39,3.0
USD1!,23/09/2026,21:51,33.39,33.39,33.39,33.39,2.0
USD1!,23/09/2026,21:52,33.38,33.38,33.38,33.38,33.0
USD1!,23/09/2026,21:53,33.38,33.38,33.36,33.36,315.0
USD1!,23/09/2026,21:54,33.35,33.36,33.35,33.36,175.0
USD1!,23/09/2026,21:56,33.36,33.36,33.36,33.36,45.0
USD1!,23/09/2026,21:57,33.36,33.36,33.36,33.36,29.0
USD1!,23/09/2026,21:58,33.37,33.37,33.37,33.37,1.0
USD1!,23/09/2026,21:59,33.37,33.38,33.37,33.38,12.0
USD1!,23/09/2026,22:00,33.37,33.38,33.37,33.37,35.0
USD1!,23/09/2026,22:02,33.37,33.37,33.37,33.37,15.0
USD1!,23/09/2026,22:04,33.38,33.38,33.38,33.38,8.0
USD1!,23/09/2026,22:05,33.38,33.38,33.38,33.38,2.0
USD1!,23/09/2026,22:08,33.38,33.38,33.38,33.38,1.0
USD1!,23/09/2026,22:10,33.38,33.38,33.38,33.38,55.0
USD1!,23/09/2026,22:16,33.38,33.38,33.38,33.38,12.0
USD1!,23/09/2026,22:19,33.39,33.39,33.38,33.38,4.0
USD1!,23/09/2026,22:27,33.39,33.39,33.39,33.39,159.0
USD1!,23/09/2026,22:30,33.4,33.4,33.4,33.4,172.0
USD1!,23/09/2026,22:31,33.41,33.41,33.41,33.41,20.0
USD1!,23/09/2026,22:35,33.41,33.41,33.41,33.41,550.0
USD1!,23/09/2026,22:37,33.4,33.4,33.39,33.39,452.0
USD1!,23/09/2026,22:40,33.4,33.41,33.4,33.41,8.0
USD1!,23/09/2026,22:41,33.42,33.42,33.42,33.42,21.0
USD1!,23/09/2026,22:42,33.41,33.41,33.41,33.41,2.0
USD1!,23/09/2026,22:43,33.4,33.4,33.4,33.4,10.0
USD1!,23/09/2026,22:49,33.4,33.4,33.4,33.4,8.0
USD1!,23/09/2026,22:51,33.42,33.42,33.42,33.42,10.0
USD1!,23/09/2026,22:53,33.4,33.4,33.4,33.4,4.0
USD1!,23/09/2026,22:54,33.4,33.4,33.4,33.4,100.0
USD1!,23/09/2026,23:00,33.4,33.42,33.4,33.42,41.0
USD1!,23/09/2026,23:01,33.4,33.4,33.4,33.4,1.0
USD1!,23/09/2026,23:15,33.4,33.4,33.4,33.4,4.0
USD1!,23/09/2026,23:18,33.4,33.4,33.4,33.4,2.0
USD1!,23/09/2026,23:19,33.4,33.4,33.4,33.4,1.0
USD1!,23/09/2026,23:21,33.4,33.4,33.4,33.4,1.0
USD1!,23/09/2026,23:22,33.4,33.4,33.4,33.4,2.0
USD1!,23/09/2026,23:26,33.4,33.4,33.4,33.4,39.0
USD1!,23/09/2026,23:28,33.41,33.41,33.41,33.41,1.0
USD1!,23/09/2026,23:29,33.41,33.41,33.41,33.41,9.0
USD1!,23/09/2026,23:30,33.41,33.41,33.4,33.4,42.0
USD1!,23/09/2026,23:31,33.41,33.41,33.41,33.41,71.0
USD1!,23/09/2026,23:33,33.41,33.41,33.41,33.41,64.0
USD1!,23/09/2026,23:34,33.41,33.41,33.41,33.41,80.0
USD1!,23/09/2026,23:35,33.41,33.41,33.41,33.41,20.0
USD1!,23/09/2026,23:37,33.41,33.41,33.4,33.41,275.0
USD1!,23/09/2026,23:39,33.4,33.41,33.4,33.41,45.0
USD1!,23/09/2026,23:40,33.41,33.41,33.41,33.41,3.0
USD1!,23/09/2026,23:41,33.41,33.41,33.41,33.41,15.0
USD1!,23/09/2026,23:43,33.41,33.41,33.41,33.41,2.0
USD1!,23/09/2026,23:46,33.42,33.42,33.42,33.42,5.0
USD1!,23/09/2026,23:50,33.42,33.42,33.42,33.42,54.0
USD1!,23/09/2026,23:51,33.43,33.44,33.43,33.44,176.0
USD1!,23/09/2026,23:54,33.43,33.44,33.43,33.44,28.0
USD1!,23/09/2026,23:55,33.44,33.44,33.44,33.44,1.0
USD1!,23/09/2026,23:57,33.43,33.43,33.43,33.43,70.0
USD1!,23/09/2026,23:59,33.43,33.44,33.43,33.44,30.0
USD1!,24/09/2026,00:03,33.44,33.45,33.44,33.45,256.0
USD1!,24/09/2026,00:04,33.44,33.44,33.44,33.44,10.0
USD1!,24/09/2026,00:08,33.44,33.44,33.44,33.44,38.0
USD1!,24/09/2026,00:10,33.44,33.44,33.44,33.44,12.0
USD1!,24/09/2026,00:14,33.44,33.44,33.44,33.44,16.0
USD1!,24/09/2026,00:16,33.45,33.45,33.45,33.45,101.0
USD1!,24/09/2026,00:17,33.45,33.45,33.45,33.45,114.0
USD1!,24/09/2026,00:25,33.44,33.44,33.44,33.44,44.0
USD1!,24/09/2026,00:26,33.44,33.44,33.44,33.44,10.0
USD1!,24/09/2026,00:41,33.44,33.44,33.44,33.44,153.0
USD1!,24/09/2026,00:42,33.43,33.44,33.43,33.44,130.0
USD1!,24/09/2026,00:43,33.42,33.42,33.42,33.42,48.0
USD1!,24/09/2026,00:44,33.41,33.41,33.41,33.41,542.0
USD1!,24/09/2026,00:48,33.4,33.4,33.4,33.4,11.0
USD1!,24/09/2026,01:01,33.39,33.39,33.39,33.39,2.0
USD1!,24/09/2026,01:02,33.39,33.39,33.39,33.39,54.0
USD1!,24/09/2026,01:25,33.4,33.4,33.4,33.4,1.0
USD1!,24/09/2026,01:26,33.4,33.4,33.4,33.4,2.0
USD1!,24/09/2026,01:27,33.4,33.4,33.4,33.4,5.0
USD1!,24/09/2026,01:39,33.41,33.41,33.41,33.41,1.0
USD1!,24/09/2026,01:59,33.41,33.41,33.41,33.41,1.0
USD1!,24/09/2026,02:00,33.4,33.4,33.4,33.4,10.0
USD1!,24/09/2026,02:08,33.4,33.4,33.4,33.4,5.0
USD1!,24/09/2026,02:36,33.41,33.41,33.41,33.41,50.0
USD1!,24/09/2026,02:38,33.41,33.41,33.41,33.41,1.0
USD1!,24/09/2026,02:44,33.42,33.42,33.42,33.42,60.0
USD1!,24/09/2026,02:52,33.41,33.41,33.41,33.41,29.0
USD1!,24/09/2026,02:56,33.41,33.41,33.41,33.41,145.0
USD1!,24/09/2026,02:59,33.39,33.39,33.39,33.39,10.0
USD1!,24/09/2026,09:45,33.4,33.4,33.39,33.39,300.0
USD1!,24/09/2026,09:46,33.39,33.39,33.39,33.39,40.0
USD1!,24/09/2026,09:47,33.39,33.39,33.39,33.39,30.0
USD1!,24/09/2026,09:48,33.39,33.39,33.37,33.37,250.0
USD1!,24/09/2026,09:49,33.39,33.39,33.39,33.39,6.0
USD1!,24/09/2026,09:53,33.38,33.38,33.38,33.38,2.0
USD1!,24/09/2026,09:54,33.39,33.39,33.39,33.39,223.0
USD1!,24/09/2026,09:55,33.39,33.39,33.39,33.39,6.0
USD1!,24/09/2026,10:00,33.38,33.38,33.37,33.38,204.0
USD1!,24/09/2026,10:01,33.38,33.38,33.38,33.38,1.0
USD1!,24/09/2026,10:02,33.37,33.37,33.37,33.37,196.0
USD1!,24/09/2026,10:03,33.37,33.37,33.37,33.37,3.0
USD1!,24/09/2026,10:05,33.37,33.37,33.37,33.37,192.0
USD1!,24/09/2026,10:08,33.37,33.37,33.37,33.37,29.0
USD1!,24/09/2026,10:10,33.36,33.36,33.36,33.36,120.0
USD1!,24/09/2026,10:11,33.36,33.36,33.36,33.36,1.0
USD1!,24/09/2026,10:13,33.37,33.37,33.37,33.37,4.0
USD1!,24/09/2026,10:14,33.38,33.38,33.38,33.38,13.0
USD1!,24/09/2026,10:15,33.37,33.37,33.36,33.36,10.0
USD1!,24/09/2026,10:17,33.38,33.38,33.38,33.38,1.0
USD1!,24/09/2026,10:19,33.37,33.37,33.37,33.37,1.0
USD1!,24/09/2026,10:20,33.38,33.38,33.37,33.37,7.0
USD1!,24/09/2026,10:21,33.37,33.37,33.37,33.37,3.0
USD1!,24/09/2026,10:22,33.37,33.37,33.37,33.37,6.0
USD1!,24/09/2026,10:23,33.37,33.37,33.37,33.37,6.0
USD1!,24/09/2026,10:24,33.37,33.38,33.37,33.37,7.0
USD1!,24/09/2026,10:26,33.37,33.37,33.37,33.37,37.0
USD1!,24/09/2026,10:33,33.39,33.39,33.39,33.39,1.0
USD1!,24/09/2026,10:36,33.39,33.39,33.39,33.39,114.0
USD1!,24/09/2026,10:42,33.4,33.4,33.4,33.4,5.0
USD1!,24/09/2026,10:44,33.4,33.4,33.4,33.4,26.0
USD1!,24/09/2026,10:45,33.41,33.41,33.41,33.41,1.0
USD1!,24/09/2026,10:46,33.4,33.4,33.4,33.4,1.0
USD1!,24/09/2026,10:47,33.4,33.4,33.4,33.4,10.0
USD1!,24/09/2026,10:49,33.4,33.4,33.4,33.4,20.0
USD1!,24/09/2026,10:50,33.4,33.4,33.4,33.4,2.0
USD1!,24/09/2026,10:51,33.4,33.4,33.4,33.4,10.0
USD1!,24/09/2026,10:55,33.4,33.4,33.4,33.4,1.0
USD1!,24/09/2026,10:56,33.4,33.4,33.4,33.4,4.0
USD1!,24/09/2026,10:58,33.41,33.42,33.41,33.42,22.0
USD1!,24/09/2026,11:02,33.41,33.41,33.41,33.41,1.0
USD1!,24/09/2026,11:03,33.42,33.42,33.42,33.42,15.0
USD1!,24/09/2026,11:05,33.41,33.42,33.4,33.42,1011.0
USD1!,24/09/2026,11:06,33.42,33.42,33.42,33.42,1.0
USD1!,24/09/2026,11:07,33.41,33.41,33.41,33.41,50.0
USD1!,24/09/2026,11:15,33.39,33.39,33.39,33.39,5.0
USD1!,24/09/2026,11:17,33.4,33.4,33.4,33.4,1.0
USD1!,24/09/2026,11:18,33.4,33.4,33.4,33.4,2.0
USD1!,24/09/2026,11:27,33.4,33.4,33.4,33.4,11.0
USD1!,24/09/2026,11:32,33.39,33.39,33.39,33.39,88.0
USD1!,24/09/2026,11:33,33.38,33.38,33.38,33.38,2.0
USD1!,24/09/2026,11:34,33.38,33.38,33.38,33.38,3.0
USD1!,24/09/2026,11:35,33.39,33.39,33.39,33.39,18.0
USD1!,24/09/2026,11:37,33.39,33.39,33.39,33.39,32.0
USD1!,24/09/2026,11:41,33.38,33.38,33.38,33.38,5.0
USD1!,24/09/2026,11:46,33.38,33.38,33.38,33.38,1.0
USD1!,24/09/2026,11:50,33.37,33.37,33.37,33.37,80.0
USD1!,24/09/2026,11:53,33.37,33.37,33.37,33.37,27.0
USD1!,24/09/2026,11:54,33.37,33.37,33.36,33.36,167.0
USD1!,24/09/2026,11:56,33.36,33.36,33.36,33.36,1.0
USD1!,24/09/2026,12:00,33.37,33.37,33.37,33.37,1.0
USD1!,24/09/2026,12:01,33.37,33.37,33.37,33.37,50.0
USD1!,24/09/2026,12:05,33.35,33.35,33.34,33.34,56.0
USD1!,24/09/2026,12:06,33.35,33.35,33.35,33.35,152.0
USD1!,24/09/2026,12:08,33.35,33.35,33.35,33.35,57.0
USD1!,24/09/2026,12:09,33.35,33.35,33.35,33.35,20.0
USD1!,24/09/2026,12:10,33.36,33.36,33.36,33.36,1.0
USD1!,24/09/2026,12:16,33.36,33.36,33.36,33.36,22.0
USD1!,24/09/2026,12:17,33.37,33.37,33.37,33.37,44.0
USD1!,24/09/2026,12:19,33.37,33.37,33.37,33.37,25.0
USD1!,24/09/2026,12:24,33.36,33.36,33.36,33.36,1.0
USD1!,24/09/2026,13:45,33.38,33.38,33.38,33.38,55.0
USD1!,24/09/2026,13:48,33.39,33.39,33.39,33.39,5.0
USD1!,24/09/2026,13:49,33.39,33.39,33.39,33.39,5.0
USD1!,24/09/2026,13:51,33.4,33.4,33.4,33.4,101.0
USD1!,24/09/2026,13:58,33.39,33.39,33.39,33.39,70.0
USD1!,24/09/2026,14:02,33.4,33.4,33.4,33.4,3.0
USD1!,24/09/2026,14:03,33.4,33.4,33.4,33.4,50.0
USD1!,24/09/2026,14:04,33.4,33.4,33.4,33.4,200.0
USD1!,24/09/2026,14:05,33.41,33.41,33.41,33.41,79.0
USD1!,24/09/2026,14:12,33.4,33.4,33.4,33.4,2.0
USD1!,24/09/2026,14:15,33.39,33.39,33.39,33.39,1.0
USD1!,24/09/2026,14:22,33.38,33.38,33.38,33.38,90.0
USD1!,24/09/2026,14:24,33.39,33.39,33.39,33.39,9.0
USD1!,24/09/2026,14:25,33.4,33.4,33.4,33.4,115.0
USD1!,24/09/2026,14:27,33.41,33.41,33.41,33.41,286.0
USD1!,24/09/2026,14:32,33.39,33.39,33.38,33.38,121.0
USD1!,24/09/2026,14:36,33.38,33.38,33.38,33.38,10.0
USD1!,24/09/2026,14:42,33.38,33.38,33.38,33.38,10.0
USD1!,24/09/2026,14:43,33.37,33.37,33.36,33.36,71.0
USD1!,24/09/2026,14:45,33.36,33.36,33.36,33.36,3.0
USD1!,24/09/2026,14:46,33.37,33.37,33.37,33.37,20.0
USD1!,24/09/2026,14:47,33.37,33.38,33.37,33.38,230.0
USD1!,24/09/2026,14:50,33.38,33.38,33.38,33.38,1.0
USD1!,24/09/2026,14:55,33.38,33.38,33.38,33.38,150.0
USD1!,24/09/2026,14:59,33.38,33.38,33.38,33.38,1.0
USD1!,24/09/2026,15:01,33.39,33.39,33.39,33.39,150.0
USD1!,24/09/2026,15:05,33.39,33.39,33.39,33.39,30.0
USD1!,24/09/2026,15:06,33.39,33.39,33.39,33.39,120.0
USD1!,24/09/2026,15:11,33.4,33.4,33.4,33.4,150.0
USD1!,24/09/2026,15:12,33.41,33.41,33.41,33.41,2.0
USD1!,24/09/2026,15:14,33.42,33.42,33.42,33.42,2.0
USD1!,24/09/2026,15:15,33.42,33.42,33.42,33.42,154.0
USD1!,24/09/2026,15:16,33.43,33.45,33.43,33.45,48.0
USD1!,24/09/2026,15:17,33.44,33.44,33.44,33.44,161.0
USD1!,24/09/2026,15:18,33.44,33.44,33.44,33.44,1.0
USD1!,24/09/2026,15:20,33.44,33.44,33.44,33.44,69.0
USD1!,24/09/2026,15:21,33.44,33.44,33.44,33.44,65.0
USD1!,24/09/2026,15:22,33.44,33.44,33.44,33.44,11.0
USD1!,24/09/2026,15:23,33.45,33.45,33.45,33.45,2.0
USD1!,24/09/2026,15:24,33.44,33.44,33.44,33.44,2.0
USD1!,24/09/2026,15:25,33.44,33.44,33.44,33.44,1.0
USD1!,24/09/2026,15:26,33.44,33.44,33.44,33.44,7.0
USD1!,24/09/2026,15:28,33.45,33.45,33.45,33.45,163.0
USD1!,24/09/2026,15:29,33.45,33.45,33.45,33.45,55.0
USD1!,24/09/2026,15:30,33.45,33.45,33.45,33.45,150.0
USD1!,24/09/2026,15:31,33.43,33.43,33.43,33.43,39.0
USD1!,24/09/2026,15:33,33.43,33.45,33.43,33.45,168.0
USD1!,24/09/2026,15:38,33.43,33.43,33.43,33.43,151.0
USD1!,24/09/2026,15:44,33.43,33.44,33.43,33.44,32.0
USD1!,24/09/2026,15:45,33.44,33.44,33.44,33.44,77.0
USD1!,24/09/2026,15:46,33.44,33.44,33.44,33.44,1.0
USD1!,24/09/2026,15:47,33.44,33.44,33.44,33.44,16.0
USD1!,24/09/2026,15:48,33.44,33.45,33.44,33.45,160.0
USD1!,24/09/2026,15:49,33.45,33.45,33.45,33.45,124.0
USD1!,24/09/2026,15:54,33.45,33.45,33.45,33.45,108.0
USD1!,24/09/2026,15:58,33.45,33.45,33.45,33.45,6.0
USD1!,24/09/2026,15:59,33.45,33.46,33.45,33.46,15.0
USD1!,24/09/2026,16:00,33.46,33.46,33.46,33.46,25.0
USD1!,24/09/2026,16:01,33.46,33.46,33.46,33.46,71.0
USD1!,24/09/2026,16:02,33.46,33.46,33.46,33.46,71.0
USD1!,24/09/2026,16:04,33.46,33.46,33.46,33.46,102.0
USD1!,24/09/2026,16:05,33.46,33.46,33.46,33.46,4.0
USD1!,24/09/2026,16:06,33.46,33.46,33.46,33.46,14.0
USD1!,24/09/2026,16:07,33.46,33.46,33.46,33.46,5.0
USD1!,24/09/2026,16:08,33.46,33.46,33.46,33.46,161.0
USD1!,24/09/2026,16:09,33.45,33.45,33.45,33.45,5.0
USD1!,24/09/2026,16:14,33.47,33.48,33.47,33.48,160.0
USD1!,24/09/2026,16:15,33.47,33.47,33.47,33.47,1.0
USD1!,24/09/2026,16:16,33.46,33.47,33.46,33.47,113.0
USD1!,24/09/2026,16:20,33.47,33.47,33.47,33.47,10.0
USD1!,24/09/2026,16:23,33.47,33.47,33.47,33.47,5.0
USD1!,24/09/2026,16:24,33.47,33.47,33.47,33.47,35.0
USD1!,24/09/2026,16:26,33.47,33.47,33.47,33.47,150.0
USD1!,24/09/2026,16:27,33.46,33.46,33.46,33.46,1.0
USD1!,24/09/2026,16:30,33.47,33.47,33.47,33.47,154.0
USD1!,24/09/2026,16:33,33.46,33.46,33.46,33.46,11.0
USD1!,24/09/2026,16:35,33.47,33.47,33.47,33.47,150.0
USD1!,24/09/2026,16:37,33.46,33.47,33.46,33.47,22.0
USD1!,24/09/2026,16:40,33.47,33.47,33.46,33.46,296.0
USD1!,24/09/2026,16:42,33.46,33.47,33.46,33.47,170.0
USD1!,24/09/2026,16:43,33.47,33.47,33.47,33.47,2.0
USD1!,24/09/2026,16:44,33.47,33.47,33.47,33.47,150.0
USD1!,24/09/2026,16:45,33.46,33.46,33.46,33.46,1.0
USD1!,24/09/2026,16:46,33.47,33.47,33.47,33.47,150.0
USD1!,24/09/2026,16:48,33.46,33.47,33.46,33.47,152.0
USD1!,24/09/2026,16:49,33.47,33.47,33.47,33.47,2.0
USD1!,24/09/2026,16:51,33.46,33.46,33.46,33.46,16.0
USD1!,24/09/2026,16:52,33.47,33.47,33.47,33.47,31.0
USD1!,24/09/2026,16:53,33.47,33.47,33.47,33.47,120.0
USD1!,24/09/2026,16:54,33.47,33.47,33.47,33.47,155.0
USD1!,24/09/2026,19:10,33.46,33.46,33.46,33.46,5.0
USD1!,24/09/2026,19:14,33.47,33.48,33.47,33.48,100.0
USD1!,24/09/2026,19:20,33.46,33.46,33.46,33.46,10.0
USD1!,24/09/2026,19:25,33.45,33.45,33.45,33.45,20.0
USD1!,24/09/2026,19:28,33.45,33.45,33.45,33.45,5.0
USD1!,24/09/2026,19:29,33.46,33.46,33.46,33.46,10.0
USD1!,24/09/2026,19:32,33.44,33.44,33.44,33.44,52.0
USD1!,24/09/2026,19:33,33.44,33.46,33.43,33.44,52.0
USD1!,24/09/2026,19:38,33.46,33.46,33.46,33.46,20.0
USD1!,24/09/2026,19:43,33.45,33.45,33.45,33.45,1.0
USD1!,24/09/2026,19:45,33.46,33.46,33.46,33.46,150.0
USD1!,24/09/2026,19:53,33.44,33.44,33.44,33.44,10.0
USD1!,24/09/2026,19:54,33.44,33.44,33.44,33.44,1.0
USD1!,24/09/2026,19:55,33.44,33.44,33.44,33.44,10.0
USD1!,24/09/2026,19:58,33.43,33.43,33.43,33.43,10.0
USD1!,24/09/2026,19:59,33.43,33.43,33.43,33.43,10.0
USD1!,24/09/2026,20:01,33.42,33.42,33.42,33.42,40.0
USD1!,24/09/2026,20:05,33.42,33.42,33.42,33.42,11.0
USD1!,24/09/2026,20:08,33.43,33.43,33.43,33.43,3.0
USD1!,24/09/2026,20:09,33.43,33.43,33.43,33.43,7.0
USD1!,24/09/2026,20:14,33.43,33.44,33.43,33.44,10.0
USD1!,24/09/2026,20:18,33.43,33.43,33.43,33.43,8.0
USD1!,24/09/2026,20:25,33.43,33.43,33.43,33.43,4.0
USD1!,24/09/2026,20:28,33.44,33.44,33.44,33.44,221.0
USD1!,24/09/2026,20:33,33.45,33.45,33.45,33.45,13.0
USD1!,24/09/2026,20:36,33.45,33.45,33.45,33.45,62.0
USD1!,24/09/2026,20:39,33.44,33.44,33.44,33.44,1.0
USD1!,24/09/2026,20:49,33.44,33.44,33.44,33.44,2.0
USD1!,24/09/2026,20:51,33.44,33.44,33.44,33.44,1.0
USD1!,24/09/2026,20:52,33.44,33.44,33.44,33.44,17.0
USD1!,24/09/2026,21:07,33.43,33.43,33.43,33.43,28.0
USD1!,24/09/2026,21:09,33.43,33.43,33.43,33.43,73.0
USD1!,24/09/2026,21:20,33.44,33.44,33.44,33.44,2.0
USD1!,24/09/2026,21:31,33.46,33.46,33.46,33.46,20.0
USD1!,24/09/2026,21:32,33.45,33.45,33.45,33.45,4.0
USD1!,24/09/2026,21:36,33.45,33.45,33.45,33.45,1.0
USD1!,24/09/2026,21:39,33.45,33.45,33.45,33.45,3.0
USD1!,24/09/2026,21:47,33.46,33.46,33.46,33.46,5.0
USD1!,24/09/2026,22:02,33.47,33.48,33.47,33.48,22.0
USD1!,24/09/2026,22:06,33.48,33.48,33.48,33.48,40.0
USD1!,24/09/2026,22:07,33.48,33.48,33.48,33.48,20.0
USD1!,24/09/2026,22:09,33.48,33.49,33.48,33.49,95.0
USD1!,24/09/2026,22:10,33.49,33.49,33.49,33.49,3.0
USD1!,24/09/2026,22:11,33.49,33.49,33.49,33.49,1.0
USD1!,24/09/2026,22:12,33.49,33.5,33.49,33.49,22.0
USD1!,24/09/2026,22:13,33.5,33.5,33.5,33.5,79.0
USD1!,24/09/2026,22:14,33.5,33.5,33.5,33.5,4.0
USD1!,24/09/2026,22:17,33.49,33.49,33.49,33.49,2.0
USD1!,24/09/2026,22:22,33.5,33.5,33.5,33.5,2.0
USD1!,24/09/2026,22:24,33.5,33.5,33.5,33.5,2.0
USD1!,24/09/2026,22:25,33.5,33.5,33.5,33.5,9.0
USD1!,24/09/2026,22:31,33.5,33.51,33.5,33.5,101.0
USD1!,24/09/2026,22:35,33.5,33.5,33.5,33.5,3.0
USD1!,24/09/2026,22:37,33.5,33.5,33.48,33.48,8.0
USD1!,24/09/2026,22:40,33.49,33.49,33.48,33.48,9.0
USD1!,24/09/2026,22:52,33.49,33.49,33.49,33.49,1.0
USD1!,24/09/2026,22:58,33.48,33.48,33.48,33.48,16.0
USD1!,24/09/2026,23:01,33.48,33.48,33.48,33.48,16.0
USD1!,24/09/2026,23:15,33.49,33.49,33.48,33.49,2039.0
USD1!,24/09/2026,23:16,33.47,33.47,33.44,33.44,816.0
USD1!,24/09/2026,23:17,33.43,33.43,33.4,33.4,295.0
USD1!,24/09/2026,23:18,33.4,33.4,33.4,33.4,1999.0
USD1!,24/09/2026,23:21,33.44,33.44,33.44,33.44,1.0
USD1!,24/09/2026,23:24,33.42,33.42,33.4,33.4,14.0
USD1!,24/09/2026,23:27,33.42,33.42,33.42,33.42,10.0
USD1!,24/09/2026,23:28,33.41,33.43,33.4,33.43,9.0
USD1!,24/09/2026,23:29,33.41,33.41,33.4,33.4,3.0
USD1!,24/09/2026,23:39,33.41,33.41,33.41,33.41,8.0
USD1!,24/09/2026,23:41,33.41,33.41,33.41,33.41,12.0
USD1!,24/09/2026,23:42,33.4,33.4,33.4,33.4,10.0
USD1!,24/09/2026,23:45,33.41,33.41,33.41,33.41,25.0
USD1!,24/09/2026,23:46,33.41,33.41,33.41,33.41,10.0
USD1!,24/09/2026,23:51,33.41,33.41,33.41,33.41,12.0
USD1!,24/09/2026,23:54,33.41,33.41,33.41,33.41,185.0
USD1!,25/09/2026,00:03,33.41,33.41,33.41,33.41,10.0
USD1!,25/09/2026,00:10,33.42,33.42,33.42,33.42,25.0
USD1!,25/09/2026,00:15,33.43,33.43,33.43,33.43,10.0
USD1!,25/09/2026,00:19,33.43,33.43,33.43,33.43,29.0
USD1!,25/09/2026,00:23,33.44,33.44,33.44,33.44,8.0
USD1!,25/09/2026,00:24,33.44,33.44,33.44,33.44,6.0
USD1!,25/09/2026,00:31,33.44,33.44,33.44,33.44,50.0
USD1!,25/09/2026,00:41,33.45,33.45,33.45,33.45,4.0
USD1!,25/09/2026,00:49,33.46,33.46,33.46,33.46,15.0
USD1!,25/09/2026,00:59,33.47,33.47,33.47,33.47,1.0
USD1!,25/09/2026,01:03,33.48,33.48,33.48,33.48,51.0
USD1!,25/09/2026,01:25,33.46,33.46,33.46,33.46,2.0
USD1!,25/09/2026,01:26,33.44,33.44,33.44,33.44,270.0
USD1!,25/09/2026,01:30,33.44,33.44,33.44,33.44,18.0
USD1!,25/09/2026,01:42,33.45,33.45,33.45,33.45,5.0
USD1!,25/09/2026,02:31,33.46,33.46,33.46,33.46,1.0
USD1!,25/09/2026,02:32,33.47,33.47,33.47,33.47,30.0
USD1!,25/09/2026,02:34,33.47,33.47,33.47,33.47,10.0
USD1!,25/09/2026,02:36,33.47,33.47,33.47,33.47,4.0
USD1!,25/09/2026,02:42,33.47,33.47,33.47,33.47,19.0
USD1!,25/09/2026,02:52,33.47,33.47,33.47,33.47,10.0
USD1!,25/09/2026,02:55,33.46,33.46,33.46,33.46,100.0
USD1!,25/09/2026,02:59,33.45,33.45,33.45,33.45,80.0
USD1!,25/09/2026,09:45,33.44,33.44,33.44,33.44,10.0
USD1!,25/09/2026,09:47,33.44,33.44,33.44,33.44,42.0
USD1!,25/09/2026,09:48,33.45,33.45,33.45,33.45,3.0
USD1!,25/09/2026,09:49,33.45,33.45,33.45,33.45,1.0
USD1!,25/09/2026,09:50,33.45,33.45,33.45,33.45,98.0
USD1!,25/09/2026,09:51,33.45,33.45,33.45,33.45,106.0
USD1!,25/09/2026,09:53,33.45,33.45,33.45,33.45,2.0
USD1!,25/09/2026,09:54,33.45,33.45,33.45,33.45,85.0
USD1!,25/09/2026,09:56,33.44,33.44,33.44,33.44,10.0
USD1!,25/09/2026,09:57,33.44,33.44,33.44,33.44,159.0
USD1!,25/09/2026,09:59,33.44,33.44,33.44,33.44,17.0
USD1!,25/09/2026,10:03,33.43,33.43,33.43,33.43,100.0
USD1!,25/09/2026,10:04,33.43,33.43,33.43,33.43,5.0
USD1!,25/09/2026,10:06,33.43,33.43,33.43,33.43,78.0
USD1!,25/09/2026,10:09,33.43,33.43,33.43,33.43,1.0
USD1!,25/09/2026,10:10,33.43,33.43,33.43,33.43,2.0
USD1!,25/09/2026,10:28,33.44,33.44,33.44,33.44,8.0
USD1!,25/09/2026,10:29,33.44,33.44,33.44,33.44,1.0
USD1!,25/09/2026,10:31,33.45,33.45,33.45,33.45,27.0
USD1!,25/09/2026,10:36,33.46,33.46,33.46,33.46,297.0
USD1!,25/09/2026,10:37,33.46,33.46,33.46,33.46,2.0
USD1!,25/09/2026,10:43,33.45,33.45,33.45,33.45,1.0
USD1!,25/09/2026,10:52,33.46,33.46,33.46,33.46,2.0
USD1!,25/09/2026,10:54,33.45,33.45,33.45,33.45,8.0
USD1!,25/09/2026,10:55,33.45,33.45,33.45,33.45,6.0
USD1!,25/09/2026,10:56,33.45,33.45,33.45,33.45,10.0
USD1!,25/09/2026,10:59,33.45,33.45,33.45,33.45,1.0
USD1!,25/09/2026,11:01,33.45,33.45,33.45,33.45,45.0
USD1!,25/09/2026,11:02,33.44,33.44,33.44,33.44,2.0
USD1!,25/09/2026,11:05,33.44,33.44,33.43,33.43,60.0
USD1!,25/09/2026,11:15,33.44,33.44,33.44,33.44,10.0
USD1!,25/09/2026,11:16,33.43,33.43,33.43,33.43,10.0
USD1!,25/09/2026,11:21,33.43,33.43,33.43,33.43,3.0
USD1!,25/09/2026,11:33,33.44,33.44,33.44,33.44,200.0
USD1!,25/09/2026,11:34,33.44,33.44,33.43,33.44,377.0
USD1!,25/09/2026,11:40,33.43,33.43,33.43,33.43,38.0
USD1!,25/09/2026,11:41,33.43,33.43,33.43,33.43,1.0
USD1!,25/09/2026,11:42,33.44,33.44,33.44,33.44,3.0
USD1!,25/09/2026,11:45,33.44,33.44,33.44,33.44,15.0
USD1!,25/09/2026,11:51,33.43,33.43,33.43,33.43,18.0
USD1!,25/09/2026,11:55,33.43,33.43,33.43,33.43,5.0
USD1!,25/09/2026,12:00,33.44,33.44,33.44,33.44,8.0
USD1!,25/09/2026,12:08,33.43,33.43,33.43,33.43,6.0
USD1!,25/09/2026,12:15,33.43,33.43,33.42,33.43,763.0
USD1!,25/09/2026,12:16,33.43,33.43,33.43,33.43,200.0
USD1!,25/09/2026,12:18,33.43,33.43,33.43,33.43,200.0
USD1!,25/09/2026,12:23,33.43,33.43,33.43,33.43,4.0
USD1!,25/09/2026,13:45,33.39,33.39,33.39,33.39,552.0
USD1!,25/09/2026,13:46,33.39,33.39,33.39,33.39,300.0
USD1!,25/09/2026,13:52,33.39,33.39,33.39,33.39,70.0
USD1!,25/09/2026,13:53,33.39,33.39,33.39,33.39,6.0
USD1!,25/09/2026,13:54,33.39,33.39,33.39,33.39,2.0
USD1!,25/09/2026,13:57,33.38,33.38,33.38,33.38,95.0
USD1!,25/09/2026,13:58,33.37,33.38,33.37,33.37,206.0
USD1!,25/09/2026,13:59,33.38,33.38,33.38,33.38,1.0
USD1!,25/09/2026,14:00,33.38,33.38,33.38,33.38,22.0
USD1!,25/09/2026,14:02,33.38,33.4,33.38,33.4,4.0
USD1!,25/09/2026,14:18,33.4,33.4,33.4,33.4,22.0
USD1!,25/09/2026,14:19,33.4,33.4,33.4,33.4,14.0
USD1!,25/09/2026,14:26,33.42,33.42,33.42,33.42,1.0
USD1!,25/09/2026,14:30,33.4,33.41,33.4,33.41,60.0
USD1!,25/09/2026,14:32,33.39,33.41,33.39,33.41,32.0
USD1!,25/09/2026,14:34,33.41,33.41,33.41,33.41,15.0
USD1!,25/09/2026,14:38,33.39,33.39,33.39,33.39,10.0
USD1!,25/09/2026,14:45,33.39,33.39,33.39,33.39,32.0
USD1!,25/09/2026,14:55,33.39,33.39,33.39,33.39,4.0
USD1!,25/09/2026,14:56,33.38,33.38,33.38,33.38,215.0
USD1!,25/09/2026,15:03,33.38,33.38,33.38,33.38,40.0
USD1!,25/09/2026,15:13,33.37,33.37,33.37,33.37,197.0
USD1!,25/09/2026,15:14,33.37,33.37,33.37,33.37,3.0
USD1!,25/09/2026,15:15,33.36,33.36,33.35,33.36,269.0
USD1!,25/09/2026,15:16,33.36,33.36,33.36,33.36,5.0
USD1!,25/09/2026,15:22,33.38,33.38,33.38,33.38,1.0
USD1!,25/09/2026,15:29,33.38,33.38,33.38,33.38,28.0
USD1!,25/09/2026,15:30,33.37,33.37,33.37,33.37,564.0
USD1!,25/09/2026,15:31,33.36,33.36,33.36,33.36,1.0
USD1!,25/09/2026,15:32,33.36,33.37,33.36,33.37,2.0
USD1!,25/09/2026,15:33,33.36,33.36,33.36,33.36,1.0
USD1!,25/09/2026,15:35,33.36,33.36,33.36,33.36,20.0
USD1!,25/09/2026,15:36,33.36,33.36,33.36,33.36,416.0
USD1!,25/09/2026,15:38,33.36,33.36,33.36,33.36,41.0
USD1!,25/09/2026,15:39,33.36,33.36,33.35,33.35,24.0
USD1!,25/09/2026,15:41,33.36,33.36,33.36,33.36,1.0
USD1!,25/09/2026,15:42,33.36,33.36,33.35,33.35,30.0
USD1!,25/09/2026,15:46,33.34,33.34,33.33,33.33,59.0
USD1!,25/09/2026,15:47,33.33,33.34,33.33,33.34,2.0
USD1!,25/09/2026,15:48,33.34,33.34,33.34,33.34,49.0
USD1!,25/09/2026,15:49,33.34,33.34,33.34,33.34,10.0
USD1!,25/09/2026,15:51,33.34,33.34,33.34,33.34,6.0
USD1!,25/09/2026,15:57,33.34,33.34,33.34,33.34,1.0
USD1!,25/09/2026,16:01,33.34,33.34,33.34,33.34,10.0
USD1!,25/09/2026,16:04,33.34,33.34,33.34,33.34,10.0
USD1!,25/09/2026,16:06,33.35,33.35,33.35,33.35,2.0
USD1!,25/09/2026,16:07,33.35,33.35,33.35,33.35,4.0
USD1!,25/09/2026,16:08,33.35,33.35,33.35,33.35,5.0
USD1!,25/09/2026,16:09,33.35,33.35,33.35,33.35,1.0
USD1!,25/09/2026,16:14,33.35,33.35,33.35,33.35,17.0
USD1!,25/09/2026,16:16,33.34,33.34,33.34,33.34,10.0
USD1!,25/09/2026,16:18,33.34,33.34,33.34,33.34,116.0
USD1!,25/09/2026,16:19,33.34,33.34,33.33,33.33,10.0
USD1!,25/09/2026,16:20,33.34,33.35,33.34,33.35,171.0
USD1!,25/09/2026,16:21,33.35,33.35,33.35,33.35,197.0
USD1!,25/09/2026,16:25,33.35,33.36,33.35,33.36,467.0
USD1!,25/09/2026,16:30,33.35,33.35,33.35,33.35,197.0
USD1!,25/09/2026,16:31,33.36,33.36,33.36,33.36,3.0
USD1!,25/09/2026,16:34,33.34,33.34,33.34,33.34,50.0
USD1!,25/09/2026,16:40,33.34,33.34,33.34,33.34,45.0
USD1!,25/09/2026,16:42,33.35,33.35,33.35,33.35,4.0
USD1!,25/09/2026,16:47,33.34,33.34,33.34,33.34,4.0
USD1!,25/09/2026,16:48,33.37,33.37,33.37,33.37,4.0
USD1!,25/09/2026,16:51,33.37,33.37,33.37,33.37,2.0
USD1!,25/09/2026,18:52,33.34,33.34,33.34,33.34,8.0
USD1!,25/09/2026,18:54,33.33,33.33,33.33,33.33,39.0
USD1!,25/09/2026,19:01,33.33,33.33,33.33,33.33,6.0
USD1!,25/09/2026,19:03,33.35,33.35,33.35,33.35,10.0
USD1!,25/09/2026,19:14,33.35,33.35,33.35,33.35,10.0
USD1!,25/09/2026,19:17,33.36,33.36,33.36,33.36,1.0
USD1!,25/09/2026,19:18,33.36,33.36,33.36,33.36,30.0
USD1!,25/09/2026,19:20,33.35,33.36,33.35,33.36,44.0
USD1!,25/09/2026,19:22,33.35,33.35,33.35,33.35,5.0
USD1!,25/09/2026,19:24,33.35,33.35,33.35,33.35,12.0
USD1!,25/09/2026,19:43,33.37,33.37,33.37,33.37,2.0
USD1!,25/09/2026,19:44,33.38,33.38,33.38,33.38,50.0
USD1!,25/09/2026,19:48,33.36,33.36,33.36,33.36,10.0
USD1!,25/09/2026,19:52,33.37,33.37,33.37,33.37,89.0
USD1!,25/09/2026,20:02,33.37,33.37,33.37,33.37,5.0
USD1!,25/09/2026,20:15,33.37,33.37,33.37,33.37,30.0
USD1!,25/09/2026,20:17,33.37,33.37,33.37,33.37,15.0
USD1!,25/09/2026,20:21,33.37,33.37,33.37,33.37,55.0
USD1!,25/09/2026,20:37,33.39,33.39,33.39,33.39,200.0
USD1!,25/09/2026,20:39,33.39,33.39,33.39,33.39,3.0
USD1!,25/09/2026,20:40,33.38,33.38,33.38,33.38,5.0
USD1!,25/09/2026,20:43,33.38,33.38,33.38,33.38,5.0
USD1!,25/09/2026,20:47,33.39,33.39,33.39,33.39,1.0
USD1!,25/09/2026,20:58,33.39,33.39,33.39,33.39,1.0
USD1!,25/09/2026,21:01,33.39,33.39,33.39,33.39,8.0
USD1!,25/09/2026,21:02,33.4,33.4,33.4,33.4,10.0
USD1!,25/09/2026,21:03,33.41,33.42,33.41,33.42,16.0
USD1!,25/09/2026,21:04,33.42,33.42,33.42,33.42,2.0
USD1!,25/09/2026,21:05,33.43,33.44,33.43,33.43,42.0
USD1!,25/09/2026,21:06,33.43,33.43,33.43,33.43,2.0
USD1!,25/09/2026,21:07,33.43,33.43,33.43,33.43,1.0
USD1!,25/09/2026,21:08,33.43,33.43,33.43,33.43,1.0
USD1!,25/09/2026,21:11,33.42,33.42,33.42,33.42,148.0
USD1!,25/09/2026,21:13,33.42,33.42,33.42,33.42,2.0
USD1!,25/09/2026,21:15,33.42,33.42,33.42,33.42,200.0
USD1!,25/09/2026,21:17,33.43,33.43,33.43,33.43,1.0
USD1!,25/09/2026,21:23,33.43,33.43,33.43,33.43,153.0
USD1!,25/09/2026,21:26,33.42,33.42,33.42,33.42,26.0
USD1!,25/09/2026,21:30,33.43,33.43,33.43,33.43,3.0
USD1!,25/09/2026,21:34,33.43,33.43,33.43,33.43,1.0
USD1!,25/09/2026,21:41,33.43,33.43,33.43,33.43,25.0
USD1!,25/09/2026,21:55,33.41,33.41,33.41,33.41,100.0
USD1!,25/09/2026,21:56,33.41,33.41,33.4,33.4,93.0
USD1!,25/09/2026,21:57,33.4,33.4,33.4,33.4,1.0
USD1!,25/09/2026,22:05,33.41,33.41,33.41,33.41,100.0
USD1!,25/09/2026,22:15,33.4,33.4,33.4,33.4,3.0
USD1!,25/09/2026,22:27,33.4,33.4,33.4,33.4,100.0
USD1!,25/09/2026,22:30,33.4,33.4,33.4,33.4,3.0
USD1!,25/09/2026,22:33,33.4,33.41,33.4,33.41,227.0
USD1!,25/09/2026,22:55,33.41,33.41,33.41,33.41,50.0
USD1!,25/09/2026,22:56,33.41,33.41,33.41,33.41,23.0
USD1!,25/09/2026,22:57,33.4,33.4,33.4,33.4,3.0
USD1!,25/09/2026,22:58,33.4,33.4,33.38,33.38,85.0
USD1!,25/09/2026,22:59,33.37,33.37,33.37,33.37,101.0
USD1!,25/09/2026,23:00,33.36,33.36,33.35,33.35,221.0
USD1!,25/09/2026,23:01,33.35,33.35,33.34,33.34,156.0
USD1!,25/09/2026,23:03,33.33,33.33,33.33,33.33,18.0
USD1!,25/09/2026,23:06,33.33,33.33,33.33,33.33,1.0
USD1!,25/09/2026,23:08,33.32,33.32,33.32,33.32,1.0
USD1!,25/09/2026,23:09,33.33,33.33,33.32,33.32,4.0
USD1!,25/09/2026,23:12,33.32,33.32,33.31,33.31,79.0
USD1!,25/09/2026,23:13,33.31,33.31,33.31,33.31,5.0
USD1!,25/09/2026,23:15,33.32,33.32,33.32,33.32,50.0
USD1!,25/09/2026,23:16,33.31,33.31,33.3,33.3,45.0
USD1!,25/09/2026,23:19,33.34,33.34,33.34,33.34,1.0
USD1!,25/09/2026,23:24,33.35,33.35,33.35,33.35,2.0
USD1!,25/09/2026,23:26,33.33,33.33,33.33,33.33,2.0
USD1!,25/09/2026,23:29,33.33,33.33,33.33,33.33,1.0
USD1!,25/09/2026,23:34,33.35,33.36,33.35,33.36,104.0
USD1!,25/09/2026,23:37,33.36,33.36,33.35,33.35,3.0
USD1!,26/09/2026,00:14,33.38,33.38,33.38,33.38,1.0
USD1!,26/09/2026,00:17,33.38,33.38,33.38,33.38,12.0
USD1!,26/09/2026,00:18,33.39,33.39,33.39,33.39,1.0
USD1!,26/09/2026,00:35,33.36,33.36,33.36,33.36,101.0
USD1!,26/09/2026,00:37,33.38,33.38,33.38,33.38,15.0
USD1!,26/09/2026,00:38,33.37,33.37,33.37,33.37,1.0
USD1!,26/09/2026,00:46,33.36,33.36,33.36,33.36,1.0
USD1!,26/09/2026,00:50,33.36,33.36,33.35,33.35,17.0
USD1!,26/09/2026,01:46,33.37,33.37,33.37,33.37,120.0
USD1!,26/09/2026,01:58,33.35,33.35,33.35,33.35,1.0
USD1!,26/09/2026,02:44,33.38,33.38,33.38,33.38,120.0
USD1!,28/09/2026,09:45,33.52,33.55,33.52,33.54,625.0
USD1!,28/09/2026,09:47,33.54,33.54,33.54,33.54,15.0
USD1!,28/09/2026,09:49,33.55,33.55,33.55,33.55,5.0
USD1!,28/09/2026,09:50,33.54,33.55,33.54,33.55,61.0
USD1!,28/09/2026,09:51,33.55,33.55,33.55,33.55,119.0
USD1!,28/09/2026,09:52,33.55,33.55,33.55,33.55,12.0
USD1!,28/09/2026,09:53,33.56,33.56,33.56,33.56,220.0
USD1!,28/09/2026,09:54,33.56,33.56,33.56,33.56,100.0
USD1!,28/09/2026,09:55,33.55,33.55,33.55,33.55,11.0
USD1!,28/09/2026,09:58,33.55,33.55,33.55,33.55,2.0
USD1!,28/09/2026,09:59,33.56,33.56,33.56,33.56,402.0
USD1!,28/09/2026,10:00,33.55,33.55,33.55,33.55,4.0
USD1!,28/09/2026,10:02,33.55,33.55,33.55,33.55,535.0
USD1!,28/09/2026,10:03,33.55,33.55,33.55,33.55,10.0
USD1!,28/09/2026,10:04,33.55,33.55,33.54,33.55,409.0
USD1!,28/09/2026,10:05,33.55,33.55,33.55,33.55,92.0
USD1!,28/09/2026,10:06,33.55,33.55,33.55,33.55,5.0
USD1!,28/09/2026,10:07,33.55,33.55,33.55,33.55,5.0
USD1!,28/09/2026,10:08,33.55,33.55,33.54,33.54,99.0
USD1!,28/09/2026,10:09,33.54,33.55,33.54,33.55,1001.0
USD1!,28/09/2026,10:10,33.54,33.54,33.54,33.54,75.0
USD1!,28/09/2026,10:11,33.55,33.56,33.53,33.53,1042.0
USD1!,28/09/2026,10:12,33.53,33.53,33.53,33.53,11.0
USD1!,28/09/2026,10:13,33.55,33.55,33.55,33.55,1000.0
USD1!,28/09/2026,10:14,33.53,33.53,33.53,33.53,5.0
USD1!,28/09/2026,10:15,33.55,33.55,33.55,33.55,500.0
USD1!,28/09/2026,10:16,33.54,33.54,33.53,33.53,6.0
USD1!,28/09/2026,10:17,33.54,33.54,33.54,33.54,8.0
USD1!,28/09/2026,10:19,33.55,33.56,33.55,33.56,1000.0
USD1!,28/09/2026,10:21,33.56,33.56,33.55,33.55,1003.0
USD1!,28/09/2026,10:22,33.55,33.55,33.55,33.55,1.0
USD1!,28/09/2026,10:23,33.54,33.56,33.54,33.56,13.0
USD1!,28/09/2026,10:24,33.55,33.55,33.55,33.55,44.0
USD1!,28/09/2026,10:25,33.55,33.55,33.55,33.55,3.0
USD1!,28/09/2026,10:26,33.55,33.55,33.55,33.55,10.0
USD1!,28/09/2026,10:29,33.54,33.55,33.54,33.55,39.0
USD1!,28/09/2026,10:30,33.55,33.56,33.55,33.56,105.0
USD1!,28/09/2026,10:32,33.55,33.55,33.55,33.55,10.0
USD1!,28/09/2026,10:33,33.56,33.56,33.56,33.56,45.0
USD1!,28/09/2026,10:34,33.56,33.56,33.56,33.56,3.0
USD1!,28/09/2026,10:37,33.56,33.57,33.56,33.57,25.0
USD1!,28/09/2026,10:39,33.57,33.57,33.57,33.57,1.0
USD1!,28/09/2026,10:40,33.57,33.57,33.57,33.57,1024.0
USD1!,28/09/2026,10:42,33.57,33.57,33.57,33.57,7.0
USD1!,28/09/2026,10:43,33.57,33.57,33.57,33.57,79.0
USD1!,28/09/2026,10:44,33.57,33.57,33.57,33.57,2.0
USD1!,28/09/2026,10:45,33.58,33.58,33.58,33.58,201.0
USD1!,28/09/2026,10:53,33.58,33.58,33.58,33.58,31.0
USD1!,28/09/2026,10:54,33.58,33.58,33.58,33.58,3.0
USD1!,28/09/2026,10:58,33.58,33.58,33.57,33.57,14.0
USD1!,28/09/2026,11:00,33.57,33.57,33.57,33.57,40.0
USD1!,28/09/2026,11:02,33.57,33.57,33.57,33.57,1.0
USD1!,28/09/2026,11:10,33.57,33.57,33.57,33.57,6.0
USD1!,28/09/2026,11:11,33.58,33.58,33.58,33.58,1.0
USD1!,28/09/2026,11:12,33.58,33.58,33.57,33.57,32.0
USD1!,28/09/2026,11:13,33.59,33.59,33.59,33.59,1.0
USD1!,28/09/2026,11:15,33.58,33.58,33.58,33.58,1.0
USD1!,28/09/2026,11:18,33.56,33.56,33.56,33.56,22.0
USD1!,28/09/2026,11:32,33.55,33.55,33.54,33.54,84.0
USD1!,28/09/2026,11:34,33.55,33.55,33.55,33.55,12.0
USD1!,28/09/2026,11:37,33.56,33.56,33.56,33.56,20.0
USD1!,28/09/2026,11:50,33.57,33.57,33.57,33.57,7.0
USD1!,28/09/2026,11:55,33.57,33.57,33.57,33.57,40.0
USD1!,28/09/2026,11:58,33.56,33.56,33.56,33.56,23.0
USD1!,28/09/2026,11:59,33.57,33.57,33.57,33.57,4.0
USD1!,28/09/2026,12:00,33.57,33.57,33.56,33.56,53.0
USD1!,28/09/2026,12:01,33.56,33.56,33.56,33.56,197.0
USD1!,28/09/2026,12:06,33.56,33.56,33.56,33.56,3.0
USD1!,28/09/2026,12:07,33.58,33.58,33.58,33.58,1.0
USD1!,28/09/2026,12:08,33.58,33.58,33.58,33.58,1.0
USD1!,28/09/2026,12:09,33.58,33.58,33.58,33.58,1.0
USD1!,28/09/2026,12:20,33.58,33.58,33.58,33.58,28.0
USD1!,28/09/2026,12:27,33.59,33.59,33.59,33.59,12.0
USD1!,28/09/2026,13:45,33.58,33.59,33.58,33.59,50.0
USD1!,28/09/2026,13:49,33.57,33.57,33.57,33.57,5.0
USD1!,28/09/2026,14:00,33.57,33.57,33.57,33.57,30.0
USD1!,28/09/2026,14:03,33.59,33.59,33.59,33.59,1.0
USD1!,28/09/2026,14:04,33.59,33.59,33.59,33.59,20.0
USD1!,28/09/2026,14:11,33.6,33.6,33.6,33.6,198.0
USD1!,28/09/2026,14:14,33.6,33.6,33.6,33.6,143.0
USD1!,28/09/2026,14:27,33.59,33.59,33.59,33.59,1.0
USD1!,28/09/2026,14:28,33.58,33.58,33.58,33.58,1.0
USD1!,28/09/2026,14:31,33.59,33.59,33.59,33.59,100.0
USD1!,28/09/2026,14:33,33.58,33.58,33.58,33.58,1.0
USD1!,28/09/2026,14:34,33.59,33.6,33.58,33.58,394.0
USD1!,28/09/2026,14:42,33.58,33.59,33.58,33.59,39.0
USD1!,28/09/2026,14:45,33.6,33.6,33.6,33.6,1.0
USD1!,28/09/2026,14:47,33.6,33.6,33.6,33.6,50.0
USD1!,28/09/2026,14:48,33.58,33.58,33.58,33.58,10.0
USD1!,28/09/2026,14:49,33.57,33.57,33.57,33.57,2.0
USD1!,28/09/2026,14:51,33.58,33.58,33.58,33.58,30.0
USD1!,28/09/2026,14:53,33.57,33.57,33.57,33.57,308.0
USD1!,28/09/2026,14:55,33.57,33.57,33.57,33.57,392.0
USD1!,28/09/2026,14:56,33.57,33.57,33.57,33.57,80.0
USD1!,28/09/2026,15:01,33.57,33.57,33.57,33.57,197.0
USD1!,28/09/2026,15:02,33.56,33.56,33.56,33.56,1.0
USD1!,28/09/2026,15:03,33.56,33.57,33.56,33.57,35.0
USD1!,28/09/2026,15:08,33.56,33.56,33.56,33.56,10.0
USD1!,28/09/2026,15:14,33.56,33.56,33.56,33.56,71.0
USD1!,28/09/2026,15:16,33.56,33.56,33.56,33.56,3.0
USD1!,28/09/2026,15:17,33.55,33.55,33.55,33.55,57.0
USD1!,28/09/2026,15:19,33.57,33.57,33.57,33.57,50.0
USD1!,28/09/2026,15:22,33.56,33.56,33.56,33.56,10.0
USD1!,28/09/2026,15:26,33.57,33.57,33.57,33.57,11.0
USD1!,28/09/2026,15:27,33.58,33.58,33.58,33.58,10.0
USD1!,28/09/2026,15:28,33.56,33.56,33.56,33.56,10.0
USD1!,28/09/2026,15:29,33.58,33.58,33.58,33.58,1.0
USD1!,28/09/2026,15:30,33.58,33.58,33.58,33.58,1.0
USD1!,28/09/2026,15:32,33.57,33.57,33.57,33.57,12.0
USD1!,28/09/2026,15:33,33.56,33.58,33.56,33.58,200.0
USD1!,28/09/2026,15:35,33.58,33.58,33.58,33.58,20.0
USD1!,28/09/2026,15:40,33.58,33.58,33.58,33.58,10.0
USD1!,28/09/2026,15:43,33.59,33.59,33.59,33.59,77.0
USD1!,28/09/2026,15:44,33.59,33.6,33.59,33.6,32.0
USD1!,28/09/2026,15:45,33.58,33.6,33.58,33.6,101.0
USD1!,28/09/2026,15:48,33.59,33.59,33.59,33.59,1.0
USD1!,28/09/2026,15:49,33.59,33.6,33.59,33.6,131.0
USD1!,28/09/2026,15:54,33.58,33.58,33.58,33.58,100.0
USD1!,28/09/2026,15:58,33.58,33.58,33.58,33.58,250.0
USD1!,28/09/2026,16:01,33.58,33.58,33.58,33.58,19.0
USD1!,28/09/2026,16:03,33.59,33.59,33.59,33.59,10.0
USD1!,28/09/2026,16:11,33.59,33.59,33.59,33.59,1.0
USD1!,28/09/2026,16:12,33.58,33.58,33.58,33.58,30.0
USD1!,28/09/2026,16:14,33.58,33.58,33.58,33.58,1.0
USD1!,28/09/2026,16:16,33.58,33.58,33.58,33.58,140.0
USD1!,28/09/2026,16:18,33.59,33.59,33.58,33.58,41.0
USD1!,28/09/2026,16:19,33.59,33.6,33.59,33.6,6.0
USD1!,28/09/2026,16:24,33.59,33.59,33.59,33.59,69.0
USD1!,28/09/2026,16:28,33.59,33.59,33.59,33.59,7.0
USD1!,28/09/2026,16:35,33.58,33.58,33.58,33.58,39.0
USD1!,28/09/2026,16:38,33.59,33.59,33.59,33.59,103.0
USD1!,28/09/2026,16:39,33.59,33.59,33.59,33.59,37.0
USD1!,28/09/2026,16:40,33.59,33.59,33.59,33.59,46.0
USD1!,28/09/2026,16:41,33.59,33.59,33.58,33.58,51.0
USD1!,28/09/2026,16:45,33.59,33.59,33.59,33.59,10.0
USD1!,28/09/2026,16:46,33.58,33.58,33.58,33.58,2.0
USD1!,28/09/2026,16:49,33.58,33.58,33.58,33.58,37.0
USD1!,28/09/2026,18:50,33.28,33.29,33.28,33.29,53.0
USD1!,28/09/2026,18:51,33.3,33.3,33.29,33.29,290.0
USD1!,28/09/2026,18:55,33.29,33.29,33.29,33.29,13.0
USD1!,28/09/2026,18:57,33.29,33.29,33.29,33.29,1.0
USD1!,28/09/2026,18:58,33.3,33.3,33.3,33.3,38.0
USD1!,28/09/2026,18:59,33.3,33.3,33.3,33.3,3.0
USD1!,28/09/2026,19:01,33.3,33.3,33.3,33.3,38.0
USD1!,28/09/2026,19:02,33.3,33.3,33.28,33.28,58.0
USD1!,28/09/2026,19:03,33.29,33.29,33.29,33.29,10.0
USD1!,28/09/2026,19:04,33.29,33.29,33.28,33.29,48.0
USD1!,28/09/2026,19:05,33.28,33.28,33.28,33.28,963.0
USD1!,28/09/2026,19:06,33.27,33.28,33.27,33.28,145.0
USD1!,28/09/2026,19:07,33.28,33.28,33.28,33.28,1.0
USD1!,28/09/2026,19:08,33.28,33.28,33.28,33.28,2.0
USD1!,28/09/2026,19:13,33.27,33.27,33.27,33.27,11.0
USD1!,28/09/2026,19:14,33.27,33.27,33.27,33.27,400.0
USD1!,28/09/2026,19:15,33.27,33.28,33.27,33.28,411.0
USD1!,28/09/2026,19:17,33.27,33.27,33.27,33.27,7.0
USD1!,28/09/2026,19:19,33.27,33.27,33.27,33.27,1301.0
USD1!,28/09/2026,19:20,33.27,33.27,33.27,33.27,686.0
USD1!,28/09/2026,19:21,33.26,33.26,33.24,33.24,327.0
USD1!,28/09/2026,19:22,33.25,33.25,33.24,33.25,233.0
USD1!,28/09/2026,19:23,33.26,33.28,33.26,33.28,44.0
USD1!,28/09/2026,19:25,33.26,33.32,33.26,33.3,5278.0
USD1!,28/09/2026,19:26,33.29,33.29,33.29,33.29,2.0
USD1!,28/09/2026,19:27,33.29,33.29,33.29,33.29,1.0
USD1!,28/09/2026,19:29,33.29,33.29,33.29,33.29,8.0
USD1!,28/09/2026,19:31,33.29,33.29,33.29,33.29,6.0
USD1!,28/09/2026,19:35,33.3,33.3,33.3,33.3,11.0
USD1!,28/09/2026,19:36,33.3,33.3,33.3,33.3,3.0
USD1!,28/09/2026,19:39,33.3,33.3,33.3,33.3,11.0
USD1!,28/09/2026,19:40,33.3,33.3,33.3,33.3,48.0
USD1!,28/09/2026,19:41,33.3,33.3,33.3,33.3,2.0
USD1!,28/09/2026,19:42,33.3,33.3,33.3,33.3,8.0
USD1!,28/09/2026,19:43,33.3,33.3,33.29,33.29,53.0
USD1!,28/09/2026,19:44,33.29,33.29,33.29,33.29,3.0
USD1!,28/09/2026,19:46,33.29,33.29,33.29,33.29,3.0
USD1!,28/09/2026,19:47,33.3,33.3,33.3,33.3,41.0
USD1!,28/09/2026,19:48,33.3,33.3,33.3,33.3,38.0
USD1!,28/09/2026,19:49,33.3,33.3,33.29,33.29,55.0
USD1!,28/09/2026,19:50,33.29,33.29,33.29,33.29,50.0
USD1!,28/09/2026,19:52,33.29,33.29,33.29,33.29,1.0
USD1!,28/09/2026,19:57,33.29,33.29,33.29,33.29,10.0
USD1!,28/09/2026,19:58,33.3,33.3,33.3,33.3,12.0
USD1!,28/09/2026,19:59,33.28,33.28,33.28,33.28,12.0
USD1!,28/09/2026,20:04,33.29,33.29,33.29,33.29,10.0
USD1!,28/09/2026,20:08,33.29,33.3,33.29,33.3,52.0
USD1!,28/09/2026,20:11,33.3,33.3,33.3,33.3,13.0
USD1!,28/09/2026,20:12,33.31,33.31,33.31,33.31,9.0
USD1!,28/09/2026,20:14,33.31,33.31,33.31,33.31,1.0
USD1!,28/09/2026,20:15,33.3,33.3,33.3,33.3,1.0
USD1!,28/09/2026,20:16,33.3,33.3,33.3,33.3,32.0
USD1!,28/09/2026,20:17,33.3,33.3,33.3,33.3,10.0
USD1!,28/09/2026,20:21,33.3,33.3,33.3,33.3,5.0
USD1!,28/09/2026,20:22,33.29,33.29,33.29,33.29,30.0
USD1!,28/09/2026,20:24,33.3,33.3,33.3,33.3,35.0
USD1!,28/09/2026,20:25,33.3,33.3,33.3,33.3,2.0
USD1!,28/09/2026,20:26,33.3,33.3,33.3,33.3,198.0
USD1!,28/09/2026,20:29,33.3,33.3,33.3,33.3,2.0
USD1!,28/09/2026,20:34,33.31,33.31,33.31,33.31,150.0
USD1!,28/09/2026,20:35,33.31,33.31,33.31,33.31,210.0
USD1!,28/09/2026,20:36,33.31,33.31,33.31,33.31,55.0
USD1!,28/09/2026,20:37,33.3,33.3,33.3,33.3,14.0
USD1!,28/09/2026,20:38,33.3,33.3,33.3,33.3,14.0
USD1!,28/09/2026,20:40,33.3,33.3,33.3,33.3,1.0
USD1!,28/09/2026,20:43,33.3,33.3,33.3,33.3,132.0
USD1!,28/09/2026,20:44,33.3,33.3,33.3,33.3,10.0
USD1!,28/09/2026,20:45,33.29,33.29,33.29,33.29,101.0
USD1!,28/09/2026,20:46,33.29,33.3,33.29,33.3,3.0
USD1!,28/09/2026,20:48,33.29,33.29,33.29,33.29,96.0
USD1!,28/09/2026,20:49,33.28,33.28,33.28,33.28,13.0
USD1!,28/09/2026,20:50,33.28,33.28,33.27,33.27,1160.0
USD1!,28/09/2026,20:51,33.27,33.29,33.27,33.29,56.0
USD1!,28/09/2026,20:52,33.29,33.29,33.29,33.29,21.0
USD1!,28/09/2026,20:54,33.29,33.29,33.28,33.28,30.0
USD1!,28/09/2026,20:56,33.28,33.29,33.28,33.29,5.0
USD1!,28/09/2026,20:58,33.29,33.29,33.29,33.29,38.0
USD1!,28/09/2026,21:02,33.29,33.3,33.28,33.28,67.0
USD1!,28/09/2026,21:07,33.3,33.3,33.3,33.3,12.0
USD1!,28/09/2026,21:08,33.3,33.3,33.3,33.3,33.0
USD1!,28/09/2026,21:14,33.29,33.29,33.29,33.29,30.0
USD1!,28/09/2026,21:15,33.29,33.3,33.29,33.3,32.0
USD1!,28/09/2026,21:17,33.3,33.3,33.3,33.3,5.0
USD1!,28/09/2026,21:19,33.3,33.3,33.3,33.3,24.0
USD1!,28/09/2026,21:20,33.3,33.3,33.3,33.3,191.0
USD1!,28/09/2026,21:23,33.3,33.3,33.3,33.3,1.0
USD1!,28/09/2026,21:24,33.3,33.3,33.3,33.3,9.0
USD1!,28/09/2026,21:39,33.3,33.31,33.3,33.31,51.0
USD1!,28/09/2026,21:40,33.31,33.31,33.31,33.31,85.0
USD1!,28/09/2026,21:41,33.31,33.31,33.31,33.31,190.0
USD1!,28/09/2026,21:42,33.31,33.33,33.31,33.33,630.0
USD1!,28/09/2026,21:43,33.33,33.33,33.32,33.32,55.0
USD1!,28/09/2026,21:45,33.32,33.34,33.32,33.34,170.0
USD1!,28/09/2026,21:46,33.33,33.34,33.33,33.34,255.0
USD1!,28/09/2026,21:47,33.34,33.34,33.34,33.34,165.0
USD1!,28/09/2026,21:48,33.34,33.34,33.34,33.34,29.0
USD1!,28/09/2026,21:49,33.34,33.34,33.34,33.34,28.0
USD1!,28/09/2026,21:50,33.34,33.35,33.34,33.34,498.0
USD1!,28/09/2026,21:51,33.33,33.33,33.33,33.33,16.0
USD1!,28/09/2026,21:52,33.33,33.34,33.33,33.34,37.0
USD1!,28/09/2026,21:53,33.34,33.34,33.34,33.34,20.0
USD1!,28/09/2026,21:54,33.34,33.34,33.34,33.34,21.0
USD1!,28/09/2026,21:55,33.35,33.36,33.35,33.35,530.0
USD1!,28/09/2026,21:56,33.35,33.35,33.34,33.34,63.0
USD1!,28/09/2026,21:58,33.34,33.35,33.34,33.35,18.0
USD1!,28/09/2026,21:59,33.35,33.35,33.35,33.35,6.0
USD1!,28/09/2026,22:00,33.35,33.35,33.34,33.34,21.0
USD1!,28/09/2026,22:01,33.34,33.34,33.34,33.34,37.0
USD1!,28/09/2026,22:02,33.34,33.34,33.34,33.34,5.0
USD1!,28/09/2026,22:03,33.34,33.34,33.33,33.33,8.0
USD1!,28/09/2026,22:04,33.33,33.33,33.33,33.33,3.0
USD1!,28/09/2026,22:05,33.33,33.33,33.32,33.32,48.0
USD1!,28/09/2026,22:06,33.32,33.32,33.32,33.32,15.0
USD1!,28/09/2026,22:07,33.32,33.32,33.32,33.32,2.0
USD1!,28/09/2026,22:08,33.33,33.33,33.33,33.33,7.0
USD1!,28/09/2026,22:09,33.32,33.32,33.32,33.32,7.0
USD1!,28/09/2026,22:10,33.33,33.33,33.32,33.32,3.0
USD1!,28/09/2026,22:11,33.32,33.33,33.32,33.33,6.0
USD1!,28/09/2026,22:12,33.33,33.33,33.32,33.32,13.0
USD1!,28/09/2026,22:14,33.32,33.32,33.32,33.32,10.0
USD1!,28/09/2026,22:15,33.32,33.32,33.32,33.32,4.0
USD1!,28/09/2026,22:16,33.32,33.32,33.32,33.32,7.0
USD1!,28/09/2026,22:17,33.32,33.32,33.32,33.32,10.0
USD1!,28/09/2026,22:19,33.31,33.31,33.31,33.31,7.0
USD1!,28/09/2026,22:25,33.31,33.31,33.31,33.31,1.0
USD1!,28/09/2026,22:26,33.31,33.31,33.31,33.31,1.0
USD1!,28/09/2026,22:27,33.31,33.31,33.31,33.31,1.0
USD1!,28/09/2026,22:29,33.32,33.32,33.32,33.32,2.0
USD1!,28/09/2026,22:31,33.32,33.32,33.32,33.32,1.0
USD1!,28/09/2026,22:36,33.32,33.32,33.32,33.32,1.0
USD1!,28/09/2026,22:38,33.31,33.31,33.31,33.31,5.0
USD1!,28/09/2026,22:41,33.32,33.32,33.32,33.32,14.0
USD1!,28/09/2026,22:44,33.32,33.32,33.32,33.32,5.0
USD1!,28/09/2026,22:45,33.32,33.32,33.32,33.32,10.0
USD1!,28/09/2026,22:47,33.32,33.33,33.32,33.33,38.0
USD1!,28/09/2026,22:48,33.33,33.34,33.33,33.34,64.0
USD1!,28/09/2026,22:49,33.34,33.34,33.34,33.34,1.0
USD1!,28/09/2026,22:54,33.33,33.33,33.33,33.33,5.0
USD1!,28/09/2026,22:56,33.32,33.32,33.32,33.32,5.0
USD1!,28/09/2026,23:00,33.32,33.32,33.31,33.31,11.0
USD1!,28/09/2026,23:03,33.32,33.32,33.32,33.32,99.0
USD1!,28/09/2026,23:04,33.32,33.32,33.32,33.32,1.0
USD1!,28/09/2026,23:05,33.31,33.31,33.31,33.31,20.0
USD1!,28/09/2026,23:06,33.31,33.31,33.31,33.31,10.0
USD1!,28/09/2026,23:08,33.32,33.32,33.32,33.32,4.0
USD1!,28/09/2026,23:10,33.32,33.32,33.32,33.32,1.0
USD1!,28/09/2026,23:13,33.32,33.32,33.32,33.32,10.0
USD1!,28/09/2026,23:15,33.32,33.32,33.32,33.32,2.0
USD1!,28/09/2026,23:16,33.31,33.31,33.31,33.31,1.0
USD1!,28/09/2026,23:18,33.31,33.31,33.31,33.31,7.0
USD1!,28/09/2026,23:19,33.31,33.31,33.31,33.31,3.0
USD1!,28/09/2026,23:20,33.3,33.3,33.29,33.3,183.0
USD1!,28/09/2026,23:22,33.29,33.29,33.29,33.29,61.0
USD1!,28/09/2026,23:23,33.29,33.29,33.29,33.29,18.0
USD1!,28/09/2026,23:25,33.28,33.28,33.27,33.27,509.0
USD1!,28/09/2026,23:26,33.26,33.26,33.26,33.26,937.0
USD1!,28/09/2026,23:27,33.25,33.25,33.25,33.25,1175.0
USD1!,28/09/2026,23:28,33.25,33.25,33.25,33.25,1.0
USD1!,28/09/2026,23:29,33.25,33.25,33.25,33.25,6.0
USD1!,28/09/2026,23:30,33.25,33.25,33.25,33.25,1.0
USD1!,28/09/2026,23:35,33.27,33.27,33.27,33.27,248.0
USD1!,28/09/2026,23:36,33.27,33.27,33.27,33.27,26.0
USD1!,28/09/2026,23:37,33.27,33.27,33.27,33.27,38.0
USD1!,28/09/2026,23:40,33.27,33.27,33.26,33.26,24.0
USD1!,28/09/2026,23:46,33.29,33.29,33.29,33.29,12.0
USD1!,28/09/2026,23:47,33.3,33.3,33.3,33.3,45.0
USD1!,28/09/2026,23:48,33.3,33.3,33.29,33.29,34.0
USD1!,28/09/2026,23:52,33.3,33.3,33.3,33.3,10.0
USD1!,29/09/2026,00:09,33.31,33.31,33.31,33.31,1.0
USD1!,29/09/2026,00:11,33.29,33.29,33.27,33.27,161.0
USD1!,29/09/2026,00:12,33.26,33.26,33.26,33.26,70.0
USD1!,29/09/2026,00:14,33.26,33.26,33.26,33.26,10.0
USD1!,29/09/2026,00:15,33.26,33.26,33.26,33.26,10.0
USD1!,29/09/2026,00:17,33.26,33.26,33.26,33.26,10.0
USD1!,29/09/2026,00:23,33.26,33.26,33.26,33.26,20.0
USD1!,29/09/2026,00:26,33.26,33.26,33.26,33.26,210.0
USD1!,29/09/2026,00:27,33.27,33.27,33.27,33.27,62.0
USD1!,29/09/2026,01:05,33.27,33.27,33.27,33.27,38.0
USD1!,29/09/2026,01:06,33.27,33.27,33.27,33.27,38.0
USD1!,29/09/2026,01:11,33.27,33.27,33.27,33.27,1.0
USD1!,29/09/2026,01:12,33.27,33.27,33.27,33.27,1.0
USD1!,29/09/2026,01:30,33.28,33.28,33.28,33.28,11.0
USD1!,29/09/2026,01:49,33.29,33.29,33.29,33.29,1.0
USD1!,29/09/2026,01:50,33.27,33.27,33.27,33.27,4.0
USD1!,29/09/2026,01:53,33.27,33.27,33.27,33.27,5.0
USD1!,29/09/2026,01:55,33.28,33.28,33.28,33.28,18.0
USD1!,29/09/2026,01:56,33.29,33.29,33.29,33.29,18.0
USD1!,29/09/2026,01:59,33.29,33.29,33.29,33.29,3.0
USD1!,29/09/2026,02:02,33.3,33.3,33.3,33.3,43.0
USD1!,29/09/2026,02:07,33.3,33.3,33.3,33.3,100.0
USD1!,29/09/2026,02:09,33.31,33.31,33.31,33.31,45.0
USD1!,29/09/2026,02:16,33.32,33.32,33.32,33.32,51.0
USD1!,29/09/2026,02:17,33.32,33.32,33.32,33.32,21.0
USD1!,29/09/2026,02:20,33.32,33.32,33.32,33.32,2.0
USD1!,29/09/2026,02:37,33.32,33.32,33.32,33.32,2.0
USD1!,29/09/2026,02:40,33.32,33.32,33.32,33.32,10.0
USD1!,29/09/2026,02:41,33.32,33.32,33.32,33.32,4.0
USD1!,29/09/2026,02:42,33.32,33.32,33.32,33.32,1.0
USD1!,29/09/2026,02:43,33.32,33.32,33.32,33.32,1.0
USD1!,29/09/2026,02:46,33.33,33.33,33.33,33.33,1.0
USD1!,29/09/2026,02:50,33.33,33.33,33.33,33.33,99.0
USD1!,29/09/2026,02:51,33.34,33.34,33.34,33.34,23.0
USD1!,29/09/2026,02:59,33.33,33.33,33.33,33.33,1.0
USD1!,29/09/2026,09:45,33.3,33.3,33.3,33.3,371.0
USD1!,29/09/2026,09:46,33.3,33.3,33.29,33.3,417.0
USD1!,29/09/2026,09:47,33.29,33.29,33.29,33.29,89.0
USD1!,29/09/2026,09:48,33.29,33.29,33.29,33.29,123.0
USD1!,29/09/2026,09:50,33.3,33.3,33.3,33.3,349.0
USD1!,29/09/2026,09:54,33.3,33.3,33.29,33.29,26.0
USD1!,29/09/2026,09:56,33.29,33.29,33.29,33.29,4.0
USD1!,29/09/2026,09:57,33.29,33.3,33.29,33.3,269.0
USD1!,29/09/2026,09:58,33.3,33.3,33.29,33.29,252.0
USD1!,29/09/2026,09:59,33.29,33.29,33.29,33.29,7.0
USD1!,29/09/2026,10:00,33.29,33.29,33.29,33.29,3.0
USD1!,29/09/2026,10:01,33.29,33.29,33.29,33.29,16.0
USD1!,29/09/2026,10:02,33.29,33.29,33.29,33.29,1.0
USD1!,29/09/2026,10:03,33.3,33.3,33.3,33.3,25.0
USD1!,29/09/2026,10:04,33.3,33.3,33.3,33.3,197.0
USD1!,29/09/2026,10:05,33.3,33.3,33.3,33.3,30.0
USD1!,29/09/2026,10:06,33.3,33.3,33.3,33.3,415.0
USD1!,29/09/2026,10:08,33.3,33.3,33.3,33.3,705.0
USD1!,29/09/2026,10:09,33.31,33.31,33.3,33.3,8.0
USD1!,29/09/2026,10:10,33.31,33.31,33.31,33.31,1.0
USD1!,29/09/2026,10:11,33.3,33.3,33.3,33.3,20.0
USD1!,29/09/2026,10:12,33.31,33.31,33.31,33.31,1.0
USD1!,29/09/2026,10:13,33.3,33.31,33.3,33.31,13.0
USD1!,29/09/2026,10:14,33.31,33.31,33.31,33.31,525.0
USD1!,29/09/2026,10:15,33.31,33.31,33.31,33.31,8.0
USD1!,29/09/2026,10:16,33.31,33.31,33.31,33.31,11.0
USD1!,29/09/2026,10:17,33.31,33.31,33.3,33.3,64.0
USD1!,29/09/2026,10:18,33.3,33.3,33.3,33.3,6.0
USD1!,29/09/2026,10:19,33.3,33.3,33.3,33.3,1.0
USD1!,29/09/2026,10:22,33.3,33.3,33.3,33.3,96.0
USD1!,29/09/2026,10:23,33.3,33.3,33.3,33.3,1.0
USD1!,29/09/2026,10:24,33.3,33.3,33.3,33.3,3.0
USD1!,29/09/2026,10:25,33.3,33.3,33.3,33.3,51.0
USD1!,29/09/2026,10:26,33.3,33.3,33.3,33.3,97.0
USD1!,29/09/2026,10:27,33.3,33.3,33.3,33.3,20.0
USD1!,29/09/2026,10:29,33.3,33.3,33.3,33.3,104.0
USD1!,29/09/2026,10:30,33.3,33.3,33.3,33.3,9.0
USD1!,29/09/2026,10:31,33.3,33.3,33.29,33.29,47.0
USD1!,29/09/2026,10:32,33.3,33.3,33.3,33.3,129.0
USD1!,29/09/2026,10:34,33.3,33.3,33.3,33.3,1.0
USD1!,29/09/2026,10:37,33.31,33.31,33.31,33.31,3.0
USD1!,29/09/2026,10:39,33.31,33.31,33.31,33.31,24.0
USD1!,29/09/2026,10:40,33.31,33.31,33.31,33.31,241.0
USD1!,29/09/2026,10:44,33.31,33.31,33.31,33.31,32.0
USD1!,29/09/2026,10:45,33.32,33.32,33.32,33.32,4.0
USD1!,29/09/2026,10:50,33.31,33.32,33.31,33.31,318.0
USD1!,29/09/2026,10:52,33.31,33.31,33.31,33.31,37.0
USD1!,29/09/2026,10:54,33.31,33.31,33.31,33.31,13.0
USD1!,29/09/2026,10:55,33.31,33.31,33.31,33.31,13.0
USD1!,29/09/2026,10:56,33.31,33.32,33.31,33.32,503.0
USD1!,29/09/2026,10:57,33.32,33.32,33.32,33.32,702.0
USD1!,29/09/2026,10:58,33.32,33.33,33.32,33.32,39.0
USD1!,29/09/2026,10:59,33.32,33.32,33.32,33.32,440.0
USD1!,29/09/2026,11:00,33.32,33.32,33.32,33.32,3.0
USD1!,29/09/2026,11:01,33.32,33.33,33.32,33.33,78.0
USD1!,29/09/2026,11:02,33.33,33.33,33.32,33.33,109.0
USD1!,29/09/2026,11:03,33.33,33.33,33.32,33.32,53.0
USD1!,29/09/2026,11:04,33.31,33.32,33.31,33.32,4.0
USD1!,29/09/2026,11:05,33.32,33.33,33.32,33.32,40.0
USD1!,29/09/2026,11:06,33.32,33.33,33.32,33.33,76.0
USD1!,29/09/2026,11:07,33.32,33.32,33.32,33.32,38.0
USD1!,29/09/2026,11:08,33.32,33.32,33.32,33.32,7.0
USD1!,29/09/2026,11:09,33.31,33.31,33.31,33.31,9.0
USD1!,29/09/2026,11:11,33.31,33.31,33.31,33.31,1.0
USD1!,29/09/2026,11:13,33.32,33.32,33.32,33.32,38.0
USD1!,29/09/2026,11:14,33.32,33.32,33.32,33.32,76.0
USD1!,29/09/2026,11:15,33.32,33.32,33.32,33.32,39.0
USD1!,29/09/2026,11:18,33.32,33.33,33.32,33.33,10.0
USD1!,29/09/2026,11:23,33.32,33.32,33.32,33.32,2.0
USD1!,29/09/2026,11:27,33.32,33.32,33.32,33.32,10.0
USD1!,29/09/2026,11:28,33.32,33.33,33.32,33.33,12.0
USD1!,29/09/2026,11:29,33.32,33.32,33.32,33.32,2.0
USD1!,29/09/2026,11:30,33.31,33.32,33.31,33.32,508.0
USD1!,29/09/2026,11:32,33.31,33.31,33.31,33.31,202.0
USD1!,29/09/2026,11:33,33.32,33.32,33.32,33.32,38.0
USD1!,29/09/2026,11:35,33.32,33.32,33.32,33.32,38.0
USD1!,29/09/2026,11:37,33.31,33.32,33.31,33.32,19.0
USD1!,29/09/2026,11:39,33.32,33.32,33.32,33.32,1.0
USD1!,29/09/2026,11:42,33.32,33.32,33.32,33.32,39.0
USD1!,29/09/2026,11:45,33.33,33.33,33.33,33.33,40.0
USD1!,29/09/2026,11:46,33.32,33.32,33.32,33.32,8.0
USD1!,29/09/2026,11:47,33.32,33.32,33.32,33.32,1.0
USD1!,29/09/2026,11:48,33.32,33.32,33.32,33.32,1.0
USD1!,29/09/2026,11:49,33.32,33.33,33.32,33.32,12.0
USD1!,29/09/2026,11:50,33.32,33.32,33.32,33.32,1.0
USD1!,29/09/2026,11:51,33.32,33.32,33.32,33.32,1.0
USD1!,29/09/2026,11:52,33.32,33.32,33.32,33.32,1.0
USD1!,29/09/2026,11:53,33.32,33.32,33.31,33.31,6.0
USD1!,29/09/2026,11:54,33.32,33.33,33.32,33.32,6.0
USD1!,29/09/2026,11:55,33.32,33.32,33.32,33.32,1.0
USD1!,29/09/2026,11:56,33.32,33.32,33.32,33.32,1.0
USD1!,29/09/2026,11:57,33.32,33.32,33.32,33.32,1.0
USD1!,29/09/2026,11:58,33.32,33.32,33.32,33.32,1.0
USD1!,29/09/2026,11:59,33.32,33.32,33.32,33.32,1.0
USD1!,29/09/2026,12:00,33.32,33.32,33.32,33.32,1.0
USD1!,29/09/2026,12:01,33.32,33.32,33.32,33.32,1.0
USD1!,29/09/2026,12:02,33.32,33.32,33.31,33.31,164.0
USD1!,29/09/2026,12:03,33.31,33.31,33.31,33.31,1.0
USD1!,29/09/2026,12:04,33.31,33.31,33.31,33.31,1.0
USD1!,29/09/2026,12:05,33.31,33.31,33.31,33.31,1.0
USD1!,29/09/2026,12:06,33.31,33.31,33.31,33.31,1.0
USD1!,29/09/2026,12:07,33.31,33.31,33.31,33.31,1.0
USD1!,29/09/2026,12:08,33.31,33.31,33.31,33.31,2.0
USD1!,29/09/2026,12:09,33.31,33.31,33.31,33.31,6.0
USD1!,29/09/2026,12:10,33.31,33.31,33.31,33.31,1.0
USD1!,29/09/2026,12:11,33.31,33.31,33.31,33.31,1.0
USD1!,29/09/2026,12:12,33.31,33.31,33.31,33.31,1.0
USD1!,29/09/2026,12:13,33.31,33.31,33.31,33.31,1.0
USD1!,29/09/2026,12:14,33.31,33.31,33.31,33.31,1.0
USD1!,29/09/2026,12:16,33.31,33.31,33.31,33.31,592.0
USD1!,29/09/2026,12:22,33.31,33.31,33.31,33.31,4.0
USD1!,29/09/2026,12:25,33.3,33.31,33.3,33.31,41.0
USD1!,29/09/2026,12:28,33.31,33.31,33.31,33.31,8.0
USD1!,29/09/2026,13:45,33.3,33.3,33.29,33.29,243.0
USD1!,29/09/2026,13:46,33.29,33.29,33.29,33.29,2.0
USD1!,29/09/2026,13:47,33.28,33.29,33.28,33.29,15.0
USD1!,29/09/2026,13:51,33.29,33.29,33.29,33.29,11.0
USD1!,29/09/2026,13:53,33.29,33.29,33.29,33.29,29.0
USD1!,29/09/2026,13:54,33.28,33.28,33.28,33.28,4.0
USD1!,29/09/2026,13:55,33.28,33.28,33.28,33.28,1.0
USD1!,29/09/2026,13:56,33.28,33.29,33.28,33.29,5.0
USD1!,29/09/2026,13:57,33.28,33.28,33.28,33.28,1.0
USD1!,29/09/2026,13:58,33.28,33.28,33.28,33.28,1.0
USD1!,29/09/2026,13:59,33.28,33.28,33.28,33.28,7.0
USD1!,29/09/2026,14:00,33.28,33.28,33.28,33.28,1.0
USD1!,29/09/2026,14:01,33.28,33.29,33.28,33.29,301.0
USD1!,29/09/2026,14:02,33.29,33.3,33.29,33.3,26.0
USD1!,29/09/2026,14:03,33.3,33.3,33.29,33.29,6.0
USD1!,29/09/2026,14:04,33.3,33.3,33.29,33.29,6.0
USD1!,29/09/2026,14:05,33.29,33.29,33.29,33.29,1.0
USD1!,29/09/2026,14:06,33.3,33.3,33.29,33.29,6.0
USD1!,29/09/2026,14:07,33.28,33.28,33.28,33.28,1.0
USD1!,29/09/2026,14:08,33.28,33.28,33.28,33.28,1.0
USD1!,29/09/2026,14:09,33.28,33.28,33.28,33.28,66.0
USD1!,29/09/2026,14:10,33.27,33.28,33.27,33.28,501.0
USD1!,29/09/2026,14:11,33.28,33.28,33.28,33.28,2.0
USD1!,29/09/2026,14:12,33.27,33.27,33.27,33.27,87.0
USD1!,29/09/2026,14:13,33.27,33.27,33.27,33.27,2.0
USD1!,29/09/2026,14:14,33.27,33.28,33.27,33.28,5.0
USD1!,29/09/2026,14:15,33.27,33.27,33.27,33.27,1.0
USD1!,29/09/2026,14:16,33.28,33.28,33.28,33.28,21.0
USD1!,29/09/2026,14:17,33.28,33.28,33.28,33.28,2.0
USD1!,29/09/2026,14:19,33.28,33.28,33.28,33.28,2.0
USD1!,29/09/2026,14:20,33.27,33.29,33.27,33.29,12.0
USD1!,29/09/2026,14:21,33.27,33.27,33.27,33.27,10.0
USD1!,29/09/2026,14:22,33.29,33.29,33.29,33.29,5.0
USD1!,29/09/2026,14:24,33.28,33.28,33.28,33.28,1.0
USD1!,29/09/2026,14:25,33.27,33.27,33.27,33.27,5.0
USD1!,29/09/2026,14:26,33.27,33.27,33.27,33.27,26.0
USD1!,29/09/2026,14:27,33.27,33.27,33.27,33.27,1.0
USD1!,29/09/2026,14:28,33.27,33.27,33.27,33.27,806.0
USD1!,29/09/2026,14:30,33.26,33.28,33.26,33.27,5.0
USD1!,29/09/2026,14:31,33.28,33.29,33.28,33.29,530.0
USD1!,29/09/2026,14:32,33.28,33.28,33.28,33.28,1.0
USD1!,29/09/2026,14:33,33.28,33.28,33.28,33.28,1.0
USD1!,29/09/2026,14:34,33.28,33.28,33.28,33.28,1.0
USD1!,29/09/2026,14:35,33.28,33.28,33.28,33.28,2.0
USD1!,29/09/2026,14:36,33.28,33.28,33.27,33.27,10.0
USD1!,29/09/2026,14:37,33.28,33.29,33.27,33.27,39.0
USD1!,29/09/2026,14:38,33.27,33.27,33.27,33.27,21.0
USD1!,29/09/2026,14:39,33.27,33.27,33.26,33.26,199.0
USD1!,29/09/2026,14:40,33.27,33.27,33.27,33.27,1.0
USD1!,29/09/2026,14:41,33.28,33.28,33.27,33.27,8.0
USD1!,29/09/2026,14:42,33.27,33.27,33.27,33.27,3.0
USD1!,29/09/2026,14:43,33.27,33.27,33.27,33.27,1.0
USD1!,29/09/2026,14:45,33.28,33.28,33.28,33.28,3.0
USD1!,29/09/2026,14:46,33.28,33.28,33.28,33.28,1.0
USD1!,29/09/2026,14:48,33.28,33.28,33.28,33.28,4.0
USD1!,29/09/2026,14:55,33.28,33.28,33.28,33.28,1.0
USD1!,29/09/2026,14:59,33.28,33.28,33.28,33.28,30.0
USD1!,29/09/2026,15:00,33.28,33.28,33.28,33.28,2.0
USD1!,29/09/2026,15:01,33.28,33.28,33.28,33.28,197.0
USD1!,29/09/2026,15:04,33.28,33.28,33.28,33.28,86.0
USD1!,29/09/2026,15:05,33.28,33.28,33.28,33.28,11.0
USD1!,29/09/2026,15:06,33.28,33.28,33.28,33.28,28.0
USD1!,29/09/2026,15:07,33.28,33.29,33.28,33.29,55.0
USD1!,29/09/2026,15:08,33.29,33.29,33.29,33.29,16.0
USD1!,29/09/2026,15:09,33.29,33.29,33.29,33.29,199.0
USD1!,29/09/2026,15:10,33.3,33.3,33.3,33.3,22.0
USD1!,29/09/2026,15:11,33.3,33.3,33.3,33.3,25.0
USD1!,29/09/2026,15:12,33.29,33.3,33.29,33.3,11.0
USD1!,29/09/2026,15:13,33.29,33.29,33.29,33.29,10.0
USD1!,29/09/2026,15:16,33.29,33.29,33.29,33.29,142.0
USD1!,29/09/2026,15:17,33.28,33.28,33.28,33.28,2.0
USD1!,29/09/2026,15:19,33.28,33.28,33.28,33.28,5.0
USD1!,29/09/2026,15:20,33.28,33.28,33.28,33.28,10.0
USD1!,29/09/2026,15:24,33.28,33.28,33.28,33.28,1.0
USD1!,29/09/2026,15:29,33.27,33.27,33.27,33.27,10.0
USD1!,29/09/2026,15:32,33.28,33.28,33.28,33.28,30.0
USD1!,29/09/2026,15:34,33.29,33.29,33.28,33.28,15.0
USD1!,29/09/2026,15:48,33.28,33.28,33.27,33.27,82.0
USD1!,29/09/2026,15:49,33.26,33.26,33.26,33.26,2.0
USD1!,29/09/2026,15:52,33.26,33.26,33.26,33.26,2.0
USD1!,29/09/2026,15:53,33.27,33.27,33.27,33.27,1.0
USD1!,29/09/2026,15:58,33.27,33.27,33.27,33.27,2.0
USD1!,29/09/2026,15:59,33.27,33.27,33.27,33.27,2.0
USD1!,29/09/2026,16:00,33.28,33.28,33.27,33.27,3.0
USD1!,29/09/2026,16:01,33.27,33.27,33.27,33.27,7.0
USD1!,29/09/2026,16:03,33.27,33.27,33.27,33.27,30.0
USD1!,29/09/2026,16:05,33.26,33.26,33.26,33.26,4.0
USD1!,29/09/2026,16:06,33.26,33.26,33.26,33.26,3.0
USD1!,29/09/2026,16:09,33.27,33.27,33.26,33.26,11.0
USD1!,29/09/2026,16:12,33.27,33.27,33.27,33.27,2.0
USD1!,29/09/2026,16:15,33.27,33.27,33.27,33.27,1.0
USD1!,29/09/2026,16:16,33.28,33.28,33.27,33.28,51.0
USD1!,29/09/2026,16:17,33.28,33.28,33.27,33.27,17.0
USD1!,29/09/2026,16:18,33.27,33.27,33.27,33.27,2.0
USD1!,29/09/2026,16:19,33.27,33.27,33.27,33.27,1.0
USD1!,29/09/2026,16:20,33.27,33.27,33.27,33.27,1.0
USD1!,29/09/2026,16:21,33.27,33.27,33.27,33.27,1.0
USD1!,29/09/2026,16:22,33.27,33.27,33.27,33.27,1.0
USD1!,29/09/2026,16:23,33.27,33.28,33.27,33.28,540.0
USD1!,29/09/2026,16:24,33.28,33.28,33.27,33.28,190.0
USD1!,29/09/2026,16:25,33.28,33.28,33.27,33.27,2.0
USD1!,29/09/2026,16:26,33.27,33.27,33.27,33.27,1.0
USD1!,29/09/2026,16:30,33.28,33.28,33.28,33.28,482.0
USD1!,29/09/2026,16:34,33.28,33.28,33.27,33.27,4.0
USD1!,29/09/2026,16:35,33.27,33.27,33.27,33.27,1.0
USD1!,29/09/2026,16:36,33.27,33.27,33.27,33.27,1.0
USD1!,29/09/2026,16:37,33.28,33.28,33.27,33.27,12.0
USD1!,29/09/2026,16:38,33.27,33.27,33.27,33.27,1.0
USD1!,29/09/2026,16:39,33.27,33.27,33.27,33.27,1.0
USD1!,29/09/2026,16:40,33.27,33.27,33.27,33.27,1.0
USD1!,29/09/2026,16:41,33.28,33.28,33.28,33.28,38.0
USD1!,29/09/2026,16:42,33.28,33.28,33.28,33.28,1.0
USD1!,29/09/2026,16:46,33.28,33.28,33.27,33.27,34.0
USD1!,29/09/2026,16:49,33.27,33.27,33.27,33.27,10.0
USD1!,29/09/2026,16:50,33.26,33.27,33.26,33.27,225.0
USD1!,29/09/2026,16:52,33.27,33.27,33.27,33.27,6.0
USD1!,29/09/2026,16:53,33.28,33.28,33.28,33.28,1.0
USD1!,29/09/2026,16:54,33.28,33.28,33.27,33.27,8.0
USD1!,29/09/2026,18:50,33.22,33.23,33.21,33.21,1052.0
USD1!,29/09/2026,18:51,33.21,33.22,33.21,33.22,126.0
USD1!,29/09/2026,18:52,33.22,33.22,33.22,33.22,21.0
USD1!,29/09/2026,18:53,33.21,33.22,33.21,33.22,3.0
USD1!,29/09/2026,18:54,33.22,33.22,33.22,33.22,128.0
USD1!,29/09/2026,18:55,33.22,33.22,33.22,33.22,202.0
USD1!,29/09/2026,18:57,33.23,33.23,33.22,33.22,103.0
USD1!,29/09/2026,18:58,33.22,33.22,33.22,33.22,2.0
USD1!,29/09/2026,18:59,33.22,33.22,33.22,33.22,80.0
USD1!,29/09/2026,19:00,33.21,33.21,33.21,33.21,62.0
USD1!,29/09/2026,19:02,33.21,33.21,33.21,33.21,30.0
USD1!,29/09/2026,19:03,33.22,33.22,33.21,33.21,198.0
USD1!,29/09/2026,19:04,33.21,33.21,33.2,33.2,111.0
USD1!,29/09/2026,19:05,33.21,33.21,33.21,33.21,5.0
USD1!,29/09/2026,19:06,33.21,33.21,33.21,33.21,46.0
USD1!,29/09/2026,19:07,33.21,33.21,33.21,33.21,40.0
USD1!,29/09/2026,19:08,33.22,33.22,33.21,33.21,12.0
USD1!,29/09/2026,19:09,33.21,33.21,33.21,33.21,1.0
USD1!,29/09/2026,19:10,33.22,33.23,33.21,33.21,121.0
USD1!,29/09/2026,19:11,33.21,33.21,33.21,33.21,6.0
USD1!,29/09/2026,19:12,33.23,33.23,33.22,33.22,4.0
USD1!,29/09/2026,19:13,33.22,33.22,33.22,33.22,16.0
USD1!,29/09/2026,19:15,33.22,33.22,33.22,33.22,10.0
USD1!,29/09/2026,19:16,33.22,33.22,33.22,33.22,1.0
USD1!,29/09/2026,19:19,33.22,33.22,33.22,33.22,6.0
USD1!,29/09/2026,19:20,33.22,33.22,33.22,33.22,3.0
USD1!,29/09/2026,19:21,33.22,33.22,33.22,33.22,10.0
USD1!,29/09/2026,19:24,33.23,33.23,33.23,33.23,43.0
USD1!,29/09/2026,19:25,33.22,33.22,33.22,33.22,18.0
USD1!,29/09/2026,19:32,33.23,33.23,33.23,33.23,1.0
USD1!,29/09/2026,19:33,33.23,33.23,33.23,33.23,1.0
USD1!,29/09/2026,19:36,33.23,33.23,33.23,33.23,2.0
USD1!,29/09/2026,19:37,33.22,33.22,33.22,33.22,1000.0
USD1!,29/09/2026,19:38,33.23,33.23,33.23,33.23,1.0
USD1!,29/09/2026,19:40,33.23,33.23,33.23,33.23,1.0
USD1!,29/09/2026,19:44,33.23,33.23,33.23,33.23,64.0
USD1!,29/09/2026,19:46,33.23,33.23,33.23,33.23,2.0
USD1!,29/09/2026,19:53,33.24,33.24,33.24,33.24,329.0
USD1!,29/09/2026,19:57,33.25,33.25,33.25,33.25,11.0
USD1!,29/09/2026,19:58,33.25,33.25,33.25,33.25,7.0
USD1!,29/09/2026,19:59,33.26,33.26,33.26,33.26,99.0
USD1!,29/09/2026,20:00,33.26,33.26,33.25,33.25,132.0
USD1!,29/09/2026,20:03,33.25,33.25,33.25,33.25,66.0
USD1!,29/09/2026,20:04,33.25,33.26,33.25,33.26,3.0
USD1!,29/09/2026,20:06,33.26,33.26,33.26,33.26,11.0
USD1!,29/09/2026,20:07,33.25,33.25,33.25,33.25,38.0
USD1!,29/09/2026,20:08,33.25,33.25,33.25,33.25,10.0
USD1!,29/09/2026,20:10,33.25,33.25,33.25,33.25,108.0
USD1!,29/09/2026,20:13,33.26,33.26,33.26,33.26,128.0
USD1!,29/09/2026,20:14,33.26,33.26,33.26,33.26,11.0
USD1!,29/09/2026,20:16,33.25,33.25,33.25,33.25,2.0
USD1!,29/09/2026,20:17,33.25,33.25,33.25,33.25,1.0
USD1!,29/09/2026,20:19,33.25,33.25,33.25,33.25,33.0
USD1!,29/09/2026,20:20,33.25,33.25,33.25,33.25,2.0
USD1!,29/09/2026,20:22,33.26,33.26,33.26,33.26,3.0
USD1!,29/09/2026,20:32,33.26,33.26,33.26,33.26,124.0
USD1!,29/09/2026,20:34,33.26,33.26,33.26,33.26,5.0
USD1!,29/09/2026,20:40,33.26,33.26,33.26,33.26,10.0
USD1!,29/09/2026,20:41,33.26,33.26,33.26,33.26,1.0
USD1!,29/09/2026,20:42,33.26,33.27,33.26,33.27,76.0
USD1!,29/09/2026,20:43,33.26,33.27,33.26,33.27,78.0
USD1!,29/09/2026,20:44,33.27,33.27,33.26,33.26,81.0
USD1!,29/09/2026,20:46,33.26,33.26,33.26,33.26,12.0
USD1!,29/09/2026,20:49,33.25,33.25,33.25,33.25,1.0
USD1!,29/09/2026,20:53,33.25,33.25,33.23,33.23,43.0
USD1!,29/09/2026,20:54,33.23,33.23,33.23,33.23,30.0
USD1!,29/09/2026,20:57,33.24,33.24,33.24,33.24,20.0
USD1!,29/09/2026,20:58,33.24,33.24,33.24,33.24,1.0
USD1!,29/09/2026,21:00,33.23,33.23,33.23,33.23,6.0
USD1!,29/09/2026,21:02,33.25,33.25,33.25,33.25,1.0
USD1!,29/09/2026,21:05,33.25,33.25,33.25,33.25,140.0
USD1!,29/09/2026,21:14,33.23,33.23,33.23,33.23,200.0
USD1!,29/09/2026,21:16,33.23,33.23,33.23,33.23,4.0
USD1!,29/09/2026,21:28,33.25,33.25,33.25,33.25,5.0
USD1!,29/09/2026,21:33,33.25,33.25,33.25,33.25,50.0
USD1!,29/09/2026,21:34,33.24,33.24,33.24,33.24,2.0
USD1!,29/09/2026,21:35,33.24,33.24,33.24,33.24,10.0
USD1!,29/09/2026,21:37,33.24,33.25,33.24,33.25,13.0
USD1!,29/09/2026,21:38,33.25,33.25,33.25,33.25,117.0
USD1!,29/09/2026,21:40,33.23,33.23,33.23,33.23,1.0
USD1!,29/09/2026,21:42,33.25,33.25,33.25,33.25,2.0
USD1!,29/09/2026,21:43,33.25,33.26,33.25,33.26,78.0
USD1!,29/09/2026,21:46,33.26,33.26,33.26,33.26,38.0
USD1!,29/09/2026,21:47,33.26,33.26,33.26,33.26,93.0
USD1!,29/09/2026,21:53,33.26,33.26,33.26,33.26,1.0
USD1!,29/09/2026,21:58,33.26,33.26,33.25,33.25,12.0
USD1!,29/09/2026,21:59,33.25,33.25,33.25,33.25,10.0
USD1!,29/09/2026,22:00,33.26,33.26,33.26,33.26,1.0
USD1!,29/09/2026,22:01,33.26,33.26,33.26,33.26,38.0
USD1!,29/09/2026,22:03,33.26,33.26,33.26,33.26,214.0
USD1!,29/09/2026,22:06,33.27,33.27,33.27,33.27,318.0
USD1!,29/09/2026,22:09,33.28,33.28,33.27,33.27,11.0
USD1!,29/09/2026,22:11,33.26,33.26,33.26,33.26,1.0
USD1!,29/09/2026,22:12,33.27,33.27,33.27,33.27,11.0
USD1!,29/09/2026,22:16,33.28,33.28,33.28,33.28,10.0
USD1!,29/09/2026,22:20,33.27,33.27,33.27,33.27,1.0
USD1!,29/09/2026,22:22,33.28,33.28,33.28,33.28,20.0
USD1!,29/09/2026,22:23,33.28,33.29,33.28,33.29,528.0
USD1!,29/09/2026,22:24,33.29,33.29,33.29,33.29,20.0
USD1!,29/09/2026,22:25,33.29,33.29,33.29,33.29,329.0
USD1!,29/09/2026,22:27,33.29,33.29,33.29,33.29,22.0
USD1!,29/09/2026,22:29,33.29,33.29,33.29,33.29,10.0
USD1!,29/09/2026,22:30,33.29,33.29,33.29,33.29,103.0
USD1!,29/09/2026,22:32,33.29,33.29,33.29,33.29,2.0
USD1!,29/09/2026,22:33,33.28,33.28,33.28,33.28,66.0
USD1!,29/09/2026,22:34,33.27,33.27,33.27,33.27,18.0
USD1!,29/09/2026,22:35,33.26,33.26,33.26,33.26,1.0
USD1!,29/09/2026,22:38,33.27,33.27,33.27,33.27,10.0
USD1!,29/09/2026,22:40,33.27,33.27,33.27,33.27,4.0
USD1!,29/09/2026,22:41,33.28,33.28,33.28,33.28,21.0
USD1!,29/09/2026,22:43,33.28,33.28,33.28,33.28,2.0
USD1!,29/09/2026,22:44,33.27,33.27,33.27,33.27,16.0
USD1!,29/09/2026,22:45,33.27,33.27,33.27,33.27,3.0
USD1!,29/09/2026,22:47,33.27,33.27,33.25,33.25,113.0
USD1!,29/09/2026,22:49,33.26,33.26,33.26,33.26,1.0
USD1!,29/09/2026,22:51,33.26,33.26,33.26,33.26,7.0
USD1!,29/09/2026,23:04,33.27,33.27,33.27,33.27,1.0
USD1!,29/09/2026,23:39,33.27,33.27,33.27,33.27,20.0
USD1!,29/09/2026,23:45,33.28,33.29,33.28,33.29,270.0
USD1!,29/09/2026,23:49,33.29,33.29,33.29,33.29,10.0
USD1!,29/09/2026,23:54,33.29,33.29,33.29,33.29,167.0
USD1!,29/09/2026,23:59,33.3,33.3,33.3,33.3,1247.0
USD1!,30/09/2026,00:01,33.3,33.3,33.3,33.3,2.0
USD1!,30/09/2026,00:07,33.3,33.3,33.3,33.3,2.0
USD1!,30/09/2026,00:08,33.31,33.32,33.31,33.32,213.0
USD1!,30/09/2026,00:09,33.32,33.32,33.32,33.32,1541.0
USD1!,30/09/2026,00:10,33.32,33.32,33.31,33.31,300.0
USD1!,30/09/2026,00:12,33.31,33.31,33.31,33.31,100.0
USD1!,30/09/2026,00:14,33.31,33.31,33.31,33.31,40.0
USD1!,30/09/2026,00:18,33.31,33.32,33.31,33.32,966.0
USD1!,30/09/2026,00:19,33.32,33.32,33.3,33.3,83.0
USD1!,30/09/2026,00:20,33.31,33.31,33.31,33.31,100.0
USD1!,30/09/2026,00:21,33.31,33.31,33.31,33.31,100.0
USD1!,30/09/2026,00:22,33.31,33.31,33.31,33.31,490.0
USD1!,30/09/2026,00:23,33.29,33.29,33.29,33.29,1.0
USD1!,30/09/2026,00:24,33.3,33.31,33.29,33.29,102.0
USD1!,30/09/2026,00:28,33.31,33.31,33.31,33.31,101.0
USD1!,30/09/2026,00:32,33.31,33.31,33.31,33.31,15.0
USD1!,30/09/2026,00:36,33.3,33.3,33.3,33.3,13.0
USD1!,30/09/2026,00:40,33.31,33.31,33.31,33.31,120.0
USD1!,30/09/2026,00:50,33.31,33.31,33.31,33.31,6.0
USD1!,30/09/2026,00:51,33.3,33.3,33.3,33.3,23.0
USD1!,30/09/2026,00:52,33.3,33.3,33.3,33.3,27.0
USD1!,30/09/2026,01:00,33.31,33.31,33.28,33.29,354.0
USD1!,30/09/2026,01:01,33.29,33.29,33.29,33.29,1.0
USD1!,30/09/2026,01:03,33.28,33.28,33.27,33.27,1544.0
USD1!,30/09/2026,01:04,33.27,33.27,33.27,33.27,2052.0
USD1!,30/09/2026,01:05,33.28,33.28,33.28,33.28,1.0
USD1!,30/09/2026,01:06,33.28,33.28,33.28,33.28,15.0
USD1!,30/09/2026,01:07,33.28,33.28,33.26,33.26,1000.0
USD1!,30/09/2026,01:08,33.27,33.27,33.27,33.27,38.0
USD1!,30/09/2026,01:09,33.26,33.26,33.26,33.26,690.0
USD1!,30/09/2026,01:11,33.26,33.26,33.26,33.26,7.0
USD1!,30/09/2026,01:14,33.25,33.25,33.25,33.25,76.0
USD1!,30/09/2026,01:15,33.25,33.25,33.25,33.25,9.0
USD1!,30/09/2026,01:16,33.24,33.24,33.24,33.24,6.0
USD1!,30/09/2026,01:17,33.25,33.25,33.25,33.25,1.0
USD1!,30/09/2026,01:23,33.24,33.25,33.24,33.25,14.0
USD1!,30/09/2026,01:24,33.25,33.25,33.25,33.25,5.0
USD1!,30/09/2026,01:25,33.25,33.25,33.25,33.25,5.0
USD1!,30/09/2026,01:29,33.25,33.25,33.25,33.25,1.0
USD1!,30/09/2026,01:33,33.27,33.27,33.27,33.27,45.0
USD1!,30/09/2026,02:00,33.27,33.27,33.27,33.27,4.0
USD1!,30/09/2026,02:02,33.27,33.27,33.27,33.27,104.0
USD1!,30/09/2026,02:12,33.26,33.26,33.26,33.26,100.0
USD1!,30/09/2026,02:16,33.27,33.28,33.27,33.28,20.0
USD1!,30/09/2026,02:35,33.28,33.28,33.28,33.28,4.0
USD1!,30/09/2026,02:57,33.27,33.28,33.27,33.28,11.0
USD1!,30/09/2026,02:58,33.29,33.29,33.29,33.29,30.0
USD1!,30/09/2026,09:45,33.23,33.24,33.22,33.23,1243.0
USD1!,30/09/2026,09:46,33.23,33.23,33.22,33.22,90.0
USD1!,30/09/2026,09:47,33.22,33.23,33.22,33.22,202.0
USD1!,30/09/2026,09:48,33.23,33.23,33.22,33.22,341.0
USD1!,30/09/2026,09:49,33.22,33.23,33.22,33.22,2298.0
USD1!,30/09/2026,09:50,33.21,33.22,33.21,33.21,734.0
USD1!,30/09/2026,09:51,33.21,33.21,33.21,33.21,58.0
USD1!,30/09/2026,09:52,33.21,33.22,33.21,33.22,60.0
USD1!,30/09/2026,09:53,33.22,33.22,33.22,33.22,41.0
USD1!,30/09/2026,09:54,33.22,33.22,33.21,33.21,74.0
USD1!,30/09/2026,09:55,33.22,33.22,33.22,33.22,90.0
USD1!,30/09/2026,09:56,33.22,33.22,33.22,33.22,20.0
USD1!,30/09/2026,09:57,33.22,33.22,33.22,33.22,71.0
USD1!,30/09/2026,09:58,33.22,33.22,33.22,33.22,87.0
USD1!,30/09/2026,09:59,33.23,33.23,33.23,33.23,59.0
USD1!,30/09/2026,10:00,33.23,33.23,33.23,33.23,1.0
USD1!,30/09/2026,10:01,33.23,33.23,33.23,33.23,22.0
USD1!,30/09/2026,10:02,33.22,33.22,33.22,33.22,88.0
USD1!,30/09/2026,10:03,33.23,33.23,33.22,33.23,71.0
USD1!,30/09/2026,10:04,33.22,33.22,33.22,33.22,143.0
USD1!,30/09/2026,10:05,33.23,33.23,33.22,33.23,26.0
USD1!,30/09/2026,10:06,33.23,33.23,33.23,33.23,17.0
USD1!,30/09/2026,10:07,33.23,33.23,33.23,33.23,208.0
USD1!,30/09/2026,10:08,33.24,33.24,33.24,33.24,2.0
USD1!,30/09/2026,10:09,33.24,33.24,33.24,33.24,62.0
USD1!,30/09/2026,10:10,33.24,33.24,33.24,33.24,42.0
USD1!,30/09/2026,10:11,33.24,33.24,33.24,33.24,42.0
USD1!,30/09/2026,10:12,33.24,33.24,33.24,33.24,38.0
USD1!,30/09/2026,10:13,33.24,33.24,33.24,33.24,40.0
USD1!,30/09/2026,10:14,33.24,33.24,33.24,33.24,43.0
USD1!,30/09/2026,10:15,33.24,33.24,33.23,33.23,38.0
USD1!,30/09/2026,10:16,33.24,33.24,33.24,33.24,1.0
USD1!,30/09/2026,10:17,33.24,33.24,33.24,33.24,41.0
USD1!,30/09/2026,10:18,33.24,33.24,33.23,33.23,78.0
USD1!,30/09/2026,10:19,33.24,33.24,33.24,33.24,80.0
USD1!,30/09/2026,10:20,33.24,33.25,33.24,33.25,68.0
USD1!,30/09/2026,10:21,33.24,33.25,33.24,33.25,41.0
USD1!,30/09/2026,10:22,33.24,33.24,33.24,33.24,38.0
USD1!,30/09/2026,10:23,33.24,33.25,33.24,33.25,78.0
USD1!,30/09/2026,10:25,33.25,33.25,33.24,33.25,110.0
USD1!,30/09/2026,10:26,33.25,33.25,33.25,33.25,38.0
USD1!,30/09/2026,10:27,33.25,33.25,33.25,33.25,114.0
USD1!,30/09/2026,10:28,33.26,33.26,33.26,33.26,20.0
USD1!,30/09/2026,10:29,33.24,33.25,33.24,33.24,128.0
USD1!,30/09/2026,10:31,33.25,33.25,33.25,33.25,30.0
USD1!,30/09/2026,10:33,33.26,33.26,33.26,33.26,231.0
USD1!,30/09/2026,10:34,33.26,33.27,33.26,33.27,522.0
USD1!,30/09/2026,10:35,33.27,33.27,33.27,33.27,10.0
USD1!,30/09/2026,10:36,33.26,33.26,33.26,33.26,39.0
USD1!,30/09/2026,10:37,33.26,33.26,33.25,33.25,152.0
USD1!,30/09/2026,10:38,33.25,33.25,33.25,33.25,1.0
USD1!,30/09/2026,10:41,33.26,33.27,33.26,33.27,191.0
USD1!,30/09/2026,10:42,33.27,33.27,33.27,33.27,1.0
USD1!,30/09/2026,10:43,33.27,33.27,33.27,33.27,2.0
USD1!,30/09/2026,10:45,33.27,33.27,33.27,33.27,30.0
USD1!,30/09/2026,10:46,33.27,33.27,33.27,33.27,20.0
USD1!,30/09/2026,10:48,33.27,33.27,33.27,33.27,93.0
USD1!,30/09/2026,10:49,33.27,33.27,33.27,33.27,15.0
USD1!,30/09/2026,10:50,33.27,33.27,33.27,33.27,1.0
USD1!,30/09/2026,10:51,33.27,33.28,33.27,33.27,10.0
USD1!,30/09/2026,10:53,33.28,33.28,33.28,33.28,130.0
USD1!,30/09/2026,10:55,33.28,33.28,33.28,33.28,20.0
USD1!,30/09/2026,10:56,33.28,33.28,33.28,33.28,5.0
USD1!,30/09/2026,10:57,33.28,33.29,33.28,33.29,20.0
USD1!,30/09/2026,10:58,33.29,33.29,33.29,33.29,22.0
USD1!,30/09/2026,11:03,33.27,33.27,33.27,33.27,6.0
USD1!,30/09/2026,11:04,33.27,33.28,33.27,33.28,6.0
USD1!,30/09/2026,11:07,33.28,33.28,33.28,33.28,1.0
USD1!,30/09/2026,11:08,33.28,33.28,33.27,33.27,4.0
USD1!,30/09/2026,11:09,33.28,33.28,33.28,33.28,1.0
USD1!,30/09/2026,11:10,33.28,33.28,33.28,33.28,1.0
USD1!,30/09/2026,11:12,33.27,33.27,33.27,33.27,4.0
USD1!,30/09/2026,11:13,33.27,33.27,33.27,33.27,3.0
USD1!,30/09/2026,11:16,33.27,33.27,33.27,33.27,68.0
USD1!,30/09/2026,11:18,33.27,33.28,33.27,33.28,101.0
USD1!,30/09/2026,11:19,33.27,33.27,33.27,33.27,1.0
USD1!,30/09/2026,11:21,33.27,33.28,33.27,33.28,24.0
USD1!,30/09/2026,11:22,33.28,33.28,33.28,33.28,60.0
USD1!,30/09/2026,11:24,33.27,33.27,33.27,33.27,2.0
USD1!,30/09/2026,11:27,33.27,33.27,33.27,33.27,2.0
USD1!,30/09/2026,11:28,33.27,33.27,33.27,33.27,80.0
USD1!,30/09/2026,11:34,33.27,33.27,33.27,33.27,60.0
USD1!,30/09/2026,11:35,33.27,33.27,33.27,33.27,164.0
USD1!,30/09/2026,11:43,33.26,33.28,33.26,33.28,39.0
USD1!,30/09/2026,11:44,33.26,33.28,33.26,33.28,39.0
USD1!,30/09/2026,11:45,33.28,33.28,33.27,33.27,77.0
USD1!,30/09/2026,11:46,33.28,33.28,33.28,33.28,76.0
USD1!,30/09/2026,11:48,33.28,33.28,33.28,33.28,1.0
USD1!,30/09/2026,11:57,33.28,33.28,33.28,33.28,38.0
USD1!,30/09/2026,11:59,33.27,33.27,33.27,33.27,10.0
USD1!,30/09/2026,12:01,33.28,33.28,33.28,33.28,38.0
USD1!,30/09/2026,12:02,33.28,33.28,33.28,33.28,38.0
USD1!,30/09/2026,12:03,33.28,33.28,33.28,33.28,38.0
USD1!,30/09/2026,12:05,33.28,33.28,33.28,33.28,41.0
USD1!,30/09/2026,12:06,33.28,33.29,33.28,33.29,38.0
USD1!,30/09/2026,12:07,33.28,33.29,33.28,33.29,20.0
USD1!,30/09/2026,12:08,33.28,33.28,33.28,33.28,38.0
USD1!,30/09/2026,12:09,33.28,33.28,33.28,33.28,38.0
USD1!,30/09/2026,12:10,33.28,33.28,33.28,33.28,39.0
USD1!,30/09/2026,12:11,33.28,33.28,33.28,33.28,38.0
USD1!,30/09/2026,12:12,33.28,33.29,33.28,33.29,38.0
USD1!,30/09/2026,12:13,33.29,33.29,33.27,33.27,40.0
USD1!,30/09/2026,12:15,33.29,33.29,33.29,33.29,38.0
USD1!,30/09/2026,12:16,33.29,33.29,33.27,33.27,76.0
USD1!,30/09/2026,12:17,33.29,33.29,33.27,33.27,79.0
USD1!,30/09/2026,12:18,33.27,33.27,33.27,33.27,38.0
USD1!,30/09/2026,12:20,33.27,33.29,33.27,33.29,38.0
USD1!,30/09/2026,12:21,33.27,33.28,33.27,33.28,39.0
USD1!,30/09/2026,12:22,33.27,33.27,33.27,33.27,38.0
USD1!,30/09/2026,12:25,33.28,33.28,33.28,33.28,2.0
USD1!,30/09/2026,12:26,33.27,33.27,33.27,33.27,1.0
USD1!,30/09/2026,12:27,33.27,33.27,33.27,33.27,16.0
USD1!,30/09/2026,12:28,33.26,33.27,33.26,33.26,1061.0
USD1!,30/09/2026,13:45,33.26,33.26,33.26,33.26,89.0
USD1!,30/09/2026,13:46,33.26,33.26,33.24,33.24,39.0
USD1!,30/09/2026,13:48,33.24,33.24,33.24,33.24,4.0
USD1!,30/09/2026,13:50,33.25,33.25,33.25,33.25,1.0
USD1!,30/09/2026,13:51,33.26,33.26,33.26,33.26,38.0
USD1!,30/09/2026,13:52,33.25,33.25,33.23,33.23,119.0
USD1!,30/09/2026,13:53,33.25,33.25,33.25,33.25,1.0
USD1!,30/09/2026,13:54,33.25,33.25,33.23,33.23,12.0
USD1!,30/09/2026,13:55,33.23,33.23,33.23,33.23,24.0
USD1!,30/09/2026,13:56,33.22,33.23,33.22,33.23,41.0
USD1!,30/09/2026,13:58,33.23,33.23,33.23,33.23,77.0
USD1!,30/09/2026,13:59,33.24,33.24,33.24,33.24,34.0
USD1!,30/09/2026,14:02,33.24,33.24,33.24,33.24,11.0
USD1!,30/09/2026,14:03,33.23,33.24,33.23,33.24,126.0
USD1!,30/09/2026,14:04,33.24,33.24,33.24,33.24,10.0
USD1!,30/09/2026,14:05,33.24,33.24,33.24,33.24,31.0
USD1!,30/09/2026,14:07,33.25,33.25,33.23,33.23,39.0
USD1!,30/09/2026,14:08,33.23,33.23,33.23,33.23,39.0
USD1!,30/09/2026,14:09,33.24,33.25,33.24,33.25,10.0
USD1!,30/09/2026,14:12,33.23,33.23,33.23,33.23,79.0
USD1!,30/09/2026,14:17,33.22,33.23,33.22,33.23,133.0
USD1!,30/09/2026,14:18,33.22,33.22,33.22,33.22,23.0
USD1!,30/09/2026,14:19,33.22,33.22,33.22,33.22,514.0
USD1!,30/09/2026,14:24,33.22,33.22,33.22,33.22,278.0
USD1!,30/09/2026,14:25,33.22,33.22,33.22,33.22,38.0
USD1!,30/09/2026,14:26,33.22,33.22,33.22,33.22,2.0
USD1!,30/09/2026,14:27,33.23,33.23,33.23,33.23,70.0
USD1!,30/09/2026,14:28,33.23,33.23,33.23,33.23,10.0
USD1!,30/09/2026,14:32,33.23,33.23,33.23,33.23,100.0
USD1!,30/09/2026,14:33,33.23,33.23,33.23,33.23,53.0
USD1!,30/09/2026,14:36,33.22,33.22,33.22,33.22,149.0
USD1!,30/09/2026,14:39,33.21,33.21,33.21,33.21,4.0
USD1!,30/09/2026,14:40,33.22,33.22,33.22,33.22,10.0
USD1!,30/09/2026,14:43,33.23,33.23,33.23,33.23,1.0
USD1!,30/09/2026,14:44,33.23,33.23,33.23,33.23,119.0
USD1!,30/09/2026,14:45,33.23,33.23,33.23,33.23,7.0
USD1!,30/09/2026,14:48,33.23,33.23,33.22,33.22,38.0
USD1!,30/09/2026,14:51,33.23,33.23,33.23,33.23,20.0
USD1!,30/09/2026,14:52,33.23,33.23,33.23,33.23,30.0
USD1!,30/09/2026,14:54,33.23,33.23,33.23,33.23,6.0
USD1!,30/09/2026,14:55,33.23,33.23,33.23,33.23,1.0
USD1!,30/09/2026,15:00,33.23,33.23,33.23,33.23,8.0
USD1!,30/09/2026,15:02,33.24,33.24,33.24,33.24,49.0
USD1!,30/09/2026,15:03,33.24,33.24,33.24,33.24,5.0
USD1!,30/09/2026,15:17,33.23,33.23,33.23,33.23,4.0
USD1!,30/09/2026,15:18,33.23,33.23,33.23,33.23,1.0
USD1!,30/09/2026,15:19,33.23,33.23,33.23,33.23,63.0
USD1!,30/09/2026,15:24,33.23,33.23,33.23,33.23,13.0
USD1!,30/09/2026,15:25,33.22,33.22,33.22,33.22,18.0
USD1!,30/09/2026,15:36,33.22,33.22,33.22,33.22,1.0
USD1!,30/09/2026,15:38,33.22,33.22,33.22,33.22,406.0
USD1!,30/09/2026,15:39,33.22,33.22,33.22,33.22,51.0
USD1!,30/09/2026,15:40,33.22,33.22,33.22,33.22,84.0
USD1!,30/09/2026,15:46,33.23,33.23,33.23,33.23,6.0
USD1!,30/09/2026,15:47,33.23,33.23,33.23,33.23,2.0
USD1!,30/09/2026,15:56,33.24,33.24,33.24,33.24,4.0
USD1!,30/09/2026,15:57,33.24,33.24,33.24,33.24,5.0
USD1!,30/09/2026,16:01,33.24,33.24,33.24,33.24,15.0
USD1!,30/09/2026,16:02,33.25,33.25,33.25,33.25,4.0
USD1!,30/09/2026,16:09,33.25,33.25,33.25,33.25,85.0
USD1!,30/09/2026,16:10,33.26,33.26,33.26,33.26,50.0
USD1!,30/09/2026,16:11,33.26,33.26,33.26,33.26,52.0
USD1!,30/09/2026,16:14,33.26,33.26,33.26,33.26,1.0
USD1!,30/09/2026,16:15,33.26,33.26,33.26,33.26,50.0
USD1!,30/09/2026,16:20,33.26,33.26,33.26,33.26,2.0
USD1!,30/09/2026,16:22,33.26,33.26,33.26,33.26,12.0
USD1!,30/09/2026,16:23,33.26,33.26,33.26,33.26,24.0
USD1!,30/09/2026,16:25,33.26,33.26,33.26,33.26,1.0
USD1!,30/09/2026,16:29,33.25,33.25,33.25,33.25,20.0
USD1!,30/09/2026,16:31,33.26,33.26,33.26,33.26,1.0
USD1!,30/09/2026,16:34,33.25,33.25,33.25,33.25,1.0
USD1!,30/09/2026,16:36,33.25,33.25,33.24,33.24,208.0
USD1!,30/09/2026,16:42,33.26,33.26,33.26,33.26,1.0
USD1!,30/09/2026,16:44,33.26,33.26,33.26,33.26,2.0
USD1!,30/09/2026,16:47,33.26,33.26,33.26,33.26,1.0
USD1!,30/09/2026,16:50,33.26,33.26,33.25,33.25,8.0
USD1!,30/09/2026,16:52,33.26,33.26,33.26,33.26,5.0
USD1!,30/09/2026,16:53,33.26,33.26,33.26,33.26,1.0
USD1!,30/09/2026,16:54,33.26,33.26,33.25,33.25,6.0
USD1!,30/09/2026,18:50,33.27,33.27,33.27,33.27,144.0
USD1!,30/09/2026,18:51,33.28,33.28,33.28,33.28,101.0
USD1!,30/09/2026,18:53,33.27,33.27,33.27,33.27,10.0
USD1!,30/09/2026,18:54,33.28,33.28,33.28,33.28,1.0
USD1!,30/09/2026,18:59,33.27,33.27,33.27,33.27,7.0
USD1!,30/09/2026,19:00,33.27,33.27,33.27,33.27,2.0
USD1!,30/09/2026,19:09,33.26,33.26,33.26,33.26,19.0
USD1!,30/09/2026,19:11,33.25,33.25,33.25,33.25,102.0
USD1!,30/09/2026,19:14,33.25,33.25,33.25,33.25,10.0
USD1!,30/09/2026,19:15,33.26,33.26,33.26,33.26,33.0
USD1!,30/09/2026,19:20,33.26,33.26,33.26,33.26,19.0
USD1!,30/09/2026,19:21,33.26,33.26,33.26,33.26,29.0
USD1!,30/09/2026,19:26,33.26,33.26,33.26,33.26,2.0
USD1!,30/09/2026,19:27,33.26,33.26,33.26,33.26,1.0
USD1!,30/09/2026,19:28,33.26,33.26,33.26,33.26,2.0
USD1!,30/09/2026,19:29,33.26,33.26,33.26,33.26,59.0
USD1!,30/09/2026,19:30,33.26,33.26,33.22,33.23,303.0
USD1!,30/09/2026,19:31,33.22,33.22,33.21,33.21,534.0
USD1!,30/09/2026,19:32,33.21,33.22,33.21,33.21,712.0
USD1!,30/09/2026,19:33,33.21,33.22,33.2,33.21,292.0
USD1!,30/09/2026,19:34,33.21,33.22,33.21,33.22,312.0
USD1!,30/09/2026,19:35,33.22,33.22,33.22,33.22,8.0
USD1!,30/09/2026,19:37,33.23,33.23,33.23,33.23,40.0
USD1!,30/09/2026,19:40,33.23,33.23,33.23,33.23,2.0
USD1!,30/09/2026,19:41,33.22,33.22,33.22,33.22,23.0
USD1!,30/09/2026,19:42,33.22,33.22,33.21,33.21,138.0
USD1!,30/09/2026,19:44,33.22,33.22,33.21,33.21,811.0
USD1!,30/09/2026,19:46,33.22,33.22,33.21,33.21,102.0
USD1!,30/09/2026,19:47,33.23,33.23,33.23,33.23,1.0
USD1!,30/09/2026,19:48,33.23,33.23,33.23,33.23,1.0
USD1!,30/09/2026,19:50,33.23,33.23,33.23,33.23,284.0
USD1!,30/09/2026,19:52,33.23,33.23,33.23,33.23,1.0
USD1!,30/09/2026,19:54,33.22,33.22,33.22,33.22,22.0
USD1!,30/09/2026,20:01,33.23,33.23,33.23,33.23,4.0
USD1!,30/09/2026,20:02,33.23,33.23,33.23,33.23,10.0
USD1!,30/09/2026,20:11,33.23,33.23,33.23,33.23,1.0
USD1!,30/09/2026,20:12,33.23,33.23,33.23,33.23,8.0
USD1!,30/09/2026,20:14,33.24,33.25,33.24,33.25,20.0
USD1!,30/09/2026,20:15,33.24,33.24,33.24,33.24,1.0
USD1!,30/09/2026,20:17,33.24,33.24,33.24,33.24,1.0
USD1!,30/09/2026,20:18,33.24,33.24,33.24,33.24,1.0
USD1!,30/09/2026,20:19,33.25,33.25,33.25,33.25,20.0
USD1!,30/09/2026,20:20,33.25,33.25,33.25,33.25,24.0
USD1!,30/09/2026,20:21,33.25,33.25,33.25,33.25,40.0
USD1!,30/09/2026,20:22,33.25,33.25,33.25,33.25,1.0
USD1!,30/09/2026,20:26,33.24,33.24,33.24,33.24,5.0
USD1!,30/09/2026,20:35,33.25,33.25,33.25,33.25,5.0
USD1!,30/09/2026,20:38,33.25,33.25,33.25,33.25,3.0
USD1!,30/09/2026,20:39,33.25,33.25,33.25,33.25,10.0
USD1!,30/09/2026,20:41,33.25,33.25,33.25,33.25,1.0
USD1!,30/09/2026,20:45,33.24,33.24,33.24,33.24,2.0
USD1!,30/09/2026,20:47,33.25,33.25,33.25,33.25,8.0
USD1!,30/09/2026,20:48,33.24,33.24,33.24,33.24,22.0
USD1!,30/09/2026,20:49,33.24,33.24,33.24,33.24,35.0
USD1!,30/09/2026,20:51,33.23,33.23,33.23,33.23,10.0
USD1!,30/09/2026,20:57,33.24,33.24,33.24,33.24,2.0
USD1!,30/09/2026,20:58,33.24,33.24,33.24,33.24,135.0
USD1!,30/09/2026,21:03,33.25,33.25,33.25,33.25,2.0
USD1!,30/09/2026,21:04,33.24,33.24,33.23,33.23,31.0
USD1!,30/09/2026,21:06,33.23,33.23,33.23,33.23,5.0
USD1!,30/09/2026,21:07,33.23,33.23,33.23,33.23,2.0
USD1!,30/09/2026,21:14,33.23,33.23,33.23,33.23,2.0
USD1!,30/09/2026,21:17,33.24,33.24,33.24,33.24,67.0
USD1!,30/09/2026,21:20,33.24,33.24,33.24,33.24,1.0
USD1!,30/09/2026,21:26,33.25,33.25,33.25,33.25,11.0
USD1!,30/09/2026,21:28,33.25,33.26,33.25,33.26,148.0
USD1!,30/09/2026,21:29,33.26,33.26,33.26,33.26,4.0
USD1!,30/09/2026,21:30,33.26,33.26,33.26,33.26,3.0
USD1!,30/09/2026,21:31,33.26,33.26,33.26,33.26,50.0
USD1!,30/09/2026,21:32,33.25,33.25,33.25,33.25,5.0
USD1!,30/09/2026,21:33,33.26,33.26,33.26,33.26,40.0
USD1!,30/09/2026,21:37,33.26,33.26,33.26,33.26,2.0
USD1!,30/09/2026,21:38,33.26,33.26,33.26,33.26,403.0
USD1!,30/09/2026,21:40,33.25,33.25,33.24,33.24,12.0
USD1!,30/09/2026,21:42,33.25,33.25,33.24,33.24,445.0
USD1!,30/09/2026,21:43,33.25,33.25,33.25,33.25,270.0
USD1!,30/09/2026,21:44,33.25,33.25,33.25,33.25,135.0
USD1!,30/09/2026,21:45,33.24,33.24,33.24,33.24,4.0
USD1!,30/09/2026,21:47,33.24,33.24,33.24,33.24,100.0
USD1!,30/09/2026,21:48,33.24,33.25,33.24,33.25,440.0
USD1!,30/09/2026,21:49,33.25,33.25,33.25,33.25,135.0
USD1!,30/09/2026,21:51,33.25,33.25,33.25,33.25,405.0
USD1!,30/09/2026,21:56,33.24,33.25,33.24,33.25,15.0
USD1!,30/09/2026,21:59,33.26,33.26,33.26,33.26,30.0
USD1!,30/09/2026,22:00,33.27,33.27,33.26,33.26,121.0
USD1!,30/09/2026,22:01,33.27,33.27,33.27,33.27,135.0
USD1!,30/09/2026,22:02,33.27,33.27,33.27,33.27,85.0
USD1!,30/09/2026,22:03,33.28,33.28,33.28,33.28,3.0
USD1!,30/09/2026,22:04,33.27,33.27,33.27,33.27,7.0
USD1!,30/09/2026,22:05,33.27,33.27,33.27,33.27,433.0
USD1!,30/09/2026,22:06,33.28,33.28,33.28,33.28,497.0
USD1!,30/09/2026,22:07,33.29,33.29,33.29,33.29,156.0
USD1!,30/09/2026,22:08,33.29,33.29,33.29,33.29,12.0
USD1!,30/09/2026,22:11,33.28,33.28,33.28,33.28,3.0
USD1!,30/09/2026,22:13,33.28,33.28,33.28,33.28,3.0
USD1!,30/09/2026,22:15,33.28,33.28,33.28,33.28,1.0
USD1!,30/09/2026,22:18,33.28,33.28,33.28,33.28,17.0
USD1!,30/09/2026,22:20,33.29,33.29,33.29,33.29,118.0
USD1!,30/09/2026,22:21,33.29,33.29,33.29,33.29,1.0
USD1!,30/09/2026,22:23,33.29,33.29,33.29,33.29,1842.0
USD1!,30/09/2026,22:24,33.3,33.3,33.3,33.3,453.0
USD1!,30/09/2026,22:25,33.3,33.3,33.3,33.3,590.0
USD1!,30/09/2026,22:26,33.3,33.31,33.3,33.31,47.0
USD1!,30/09/2026,22:27,33.3,33.3,33.3,33.3,1.0
USD1!,30/09/2026,22:28,33.3,33.3,33.3,33.3,13.0
USD1!,30/09/2026,22:29,33.3,33.3,33.3,33.3,12.0
USD1!,30/09/2026,22:30,33.29,33.29,33.29,33.29,5.0
USD1!,30/09/2026,22:32,33.28,33.28,33.28,33.28,38.0
USD1!,30/09/2026,22:35,33.28,33.28,33.28,33.28,5.0
USD1!,30/09/2026,22:37,33.29,33.29,33.29,33.29,56.0
USD1!,30/09/2026,22:39,33.29,33.29,33.29,33.29,1.0
USD1!,30/09/2026,22:40,33.29,33.29,33.29,33.29,10.0
USD1!,30/09/2026,22:44,33.3,33.3,33.3,33.3,251.0
USD1!,30/09/2026,22:45,33.3,33.3,33.3,33.3,5.0
USD1!,30/09/2026,22:46,33.3,33.3,33.3,33.3,1.0
USD1!,30/09/2026,22:47,33.3,33.3,33.3,33.3,14.0
USD1!,30/09/2026,22:48,33.29,33.29,33.29,33.29,1.0
USD1!,30/09/2026,22:49,33.3,33.3,33.3,33.3,5.0
USD1!,30/09/2026,22:53,33.3,33.3,33.3,33.3,17.0
USD1!,30/09/2026,22:54,33.3,33.3,33.3,33.3,10.0
USD1!,30/09/2026,23:02,33.3,33.3,33.3,33.3,2.0
USD1!,30/09/2026,23:03,33.3,33.3,33.3,33.3,8.0
USD1!,30/09/2026,23:09,33.3,33.3,33.3,33.3,135.0
USD1!,30/09/2026,23:10,33.3,33.3,33.3,33.3,1.0
USD1!,30/09/2026,23:11,33.3,33.3,33.3,33.3,135.0
USD1!,30/09/2026,23:18,33.3,33.3,33.3,33.3,1.0
USD1!,30/09/2026,23:25,33.29,33.29,33.29,33.29,20.0
USD1!,30/09/2026,23:27,33.29,33.29,33.29,33.29,120.0
USD1!,30/09/2026,23:34,33.3,33.3,33.3,33.3,158.0
USD1!,30/09/2026,23:38,33.29,33.29,33.29,33.29,1.0
USD1!,30/09/2026,23:50,33.3,33.3,33.3,33.3,2.0
USD1!,30/09/2026,23:51,33.3,33.3,33.3,33.3,1.0
USD1!,30/09/2026,23:52,33.29,33.29,33.29,33.29,5.0
USD1!,01/10/2026,00:12,33.29,33.29,33.29,33.29,80.0
USD1!,01/10/2026,00:14,33.29,33.29,33.29,33.29,20.0
USD1!,01/10/2026,00:21,33.3,33.3,33.3,33.3,88.0
USD1!,01/10/2026,00:22,33.3,33.3,33.3,33.3,5.0
USD1!,01/10/2026,00:23,33.3,33.3,33.3,33.3,2.0
USD1!,01/10/2026,00:27,33.31,33.31,33.3,33.3,141.0
USD1!,01/10/2026,00:29,33.28,33.28,33.28,33.28,4.0
USD1!,01/10/2026,00:33,33.29,33.29,33.29,33.29,8.0
USD1!,01/10/2026,00:35,33.3,33.3,33.3,33.3,20.0
USD1!,01/10/2026,00:36,33.3,33.3,33.3,33.3,2.0
USD1!,01/10/2026,00:40,33.3,33.3,33.3,33.3,15.0
USD1!,01/10/2026,00:47,33.31,33.31,33.31,33.31,5.0
USD1!,01/10/2026,00:49,33.31,33.31,33.31,33.31,4.0
USD1!,01/10/2026,00:50,33.31,33.31,33.31,33.31,2.0
USD1!,01/10/2026,00:51,33.3,33.3,33.3,33.3,2.0
USD1!,01/10/2026,00:52,33.3,33.3,33.3,33.3,3.0
USD1!,01/10/2026,00:58,33.3,33.3,33.3,33.3,20.0
USD1!,01/10/2026,01:12,33.3,33.31,33.3,33.31,30.0
USD1!,01/10/2026,01:15,33.3,33.3,33.3,33.3,3.0
USD1!,01/10/2026,01:21,33.3,33.3,33.3,33.3,1.0
USD1!,01/10/2026,01:29,33.3,33.3,33.3,33.3,1.0
USD1!,01/10/2026,01:30,33.3,33.3,33.3,33.3,40.0
USD1!,01/10/2026,01:31,33.3,33.3,33.3,33.3,10.0
USD1!,01/10/2026,01:37,33.3,33.3,33.3,33.3,3.0
USD1!,01/10/2026,01:39,33.3,33.3,33.3,33.3,3.0
USD1!,01/10/2026,01:44,33.31,33.31,33.31,33.31,1.0
USD1!,01/10/2026,01:45,33.31,33.31,33.31,33.31,12.0
USD1!,01/10/2026,01:47,33.31,33.31,33.31,33.31,380.0
USD1!,01/10/2026,01:56,33.3,33.3,33.3,33.3,14.0
USD1!,01/10/2026,01:57,33.3,33.3,33.3,33.3,11.0
USD1!,01/10/2026,01:58,33.3,33.3,33.3,33.3,5.0
USD1!,01/10/2026,01:59,33.3,33.3,33.3,33.3,20.0
USD1!,01/10/2026,02:05,33.31,33.31,33.31,33.31,1.0
USD1!,01/10/2026,02:23,33.3,33.3,33.3,33.3,3.0
USD1!,01/10/2026,02:31,33.31,33.31,33.31,33.31,226.0
USD1!,01/10/2026,02:32,33.31,33.31,33.31,33.31,80.0
USD1!,01/10/2026,02:33,33.3,33.3,33.3,33.3,1.0
USD1!,01/10/2026,02:52,33.31,33.31,33.3,33.3,49.0
USD1!,01/10/2026,02:53,33.3,33.3,33.3,33.3,1.0
USD1!,01/10/2026,02:59,33.31,33.31,33.31,33.31,10.0
USD1!,01/10/2026,09:45,33.32,33.34,33.31,33.33,428.0
USD1!,01/10/2026,09:46,33.32,33.32,33.31,33.32,204.0
USD1!,01/10/2026,09:47,33.32,33.32,33.32,33.32,14.0
USD1!,01/10/2026,09:48,33.31,33.31,33.31,33.31,40.0
USD1!,01/10/2026,09:49,33.32,33.32,33.32,33.32,101.0
USD1!,01/10/2026,09:50,33.32,33.32,33.31,33.31,106.0
USD1!,01/10/2026,09:51,33.31,33.32,33.31,33.32,121.0
USD1!,01/10/2026,09:52,33.31,33.32,33.31,33.32,21.0
USD1!,01/10/2026,09:53,33.32,33.32,33.32,33.32,20.0
USD1!,01/10/2026,09:54,33.31,33.31,33.31,33.31,1.0
USD1!,01/10/2026,09:56,33.31,33.31,33.31,33.31,1.0
USD1!,01/10/2026,09:58,33.32,33.32,33.31,33.31,247.0
USD1!,01/10/2026,09:59,33.31,33.31,33.31,33.31,538.0
USD1!,01/10/2026,10:01,33.3,33.3,33.3,33.3,100.0
USD1!,01/10/2026,10:03,33.31,33.31,33.3,33.31,239.0
USD1!,01/10/2026,10:07,33.32,33.32,33.32,33.32,13.0
USD1!,01/10/2026,10:08,33.32,33.32,33.32,33.32,926.0
USD1!,01/10/2026,10:10,33.31,33.32,33.31,33.32,11.0
USD1!,01/10/2026,10:11,33.32,33.32,33.32,33.32,1047.0
USD1!,01/10/2026,10:12,33.32,33.32,33.32,33.32,30.0
USD1!,01/10/2026,10:13,33.31,33.31,33.31,33.31,1.0
USD1!,01/10/2026,10:14,33.32,33.32,33.32,33.32,20.0
USD1!,01/10/2026,10:15,33.32,33.32,33.32,33.32,2.0
USD1!,01/10/2026,10:16,33.33,33.33,33.32,33.32,64.0
USD1!,01/10/2026,10:18,33.32,33.32,33.32,33.32,1.0
USD1!,01/10/2026,10:19,33.33,33.33,33.32,33.32,29.0
USD1!,01/10/2026,10:20,33.33,33.33,33.33,33.33,100.0
USD1!,01/10/2026,10:22,33.32,33.33,33.32,33.33,301.0
USD1!,01/10/2026,10:23,33.33,33.33,33.33,33.33,431.0
USD1!,01/10/2026,10:24,33.33,33.33,33.33,33.33,69.0
USD1!,01/10/2026,10:28,33.33,33.33,33.33,33.33,87.0
USD1!,01/10/2026,10:29,33.33,33.33,33.33,33.33,1.0
USD1!,01/10/2026,10:30,33.33,33.33,33.33,33.33,13.0
USD1!,01/10/2026,10:35,33.32,33.32,33.32,33.32,2.0
USD1!,01/10/2026,10:36,33.33,33.33,33.33,33.33,397.0
USD1!,01/10/2026,10:41,33.32,33.32,33.32,33.32,10.0
USD1!,01/10/2026,10:42,33.32,33.32,33.32,33.32,646.0
USD1!,01/10/2026,10:43,33.32,33.32,33.32,33.32,38.0
USD1!,01/10/2026,10:44,33.32,33.32,33.32,33.32,8.0
USD1!,01/10/2026,10:45,33.32,33.32,33.32,33.32,29.0
USD1!,01/10/2026,10:46,33.32,33.32,33.32,33.32,289.0
USD1!,01/10/2026,10:47,33.32,33.32,33.32,33.32,180.0
USD1!,01/10/2026,10:51,33.32,33.32,33.32,33.32,20.0
USD1!,01/10/2026,10:52,33.31,33.31,33.31,33.31,10.0
USD1!,01/10/2026,10:53,33.32,33.32,33.31,33.31,7.0
USD1!,01/10/2026,10:55,33.3,33.3,33.3,33.3,4.0
USD1!,01/10/2026,10:56,33.3,33.3,33.3,33.3,3.0
USD1!,01/10/2026,10:57,33.3,33.3,33.3,33.3,10.0
USD1!,01/10/2026,11:00,33.3,33.31,33.3,33.31,15.0
USD1!,01/10/2026,11:01,33.3,33.3,33.3,33.3,60.0
USD1!,01/10/2026,11:02,33.31,33.31,33.31,33.31,1.0
USD1!,01/10/2026,11:03,33.31,33.31,33.31,33.31,2.0
USD1!,01/10/2026,11:05,33.31,33.31,33.3,33.31,353.0
USD1!,01/10/2026,11:06,33.31,33.31,33.31,33.31,11.0
USD1!,01/10/2026,11:07,33.31,33.31,33.31,33.31,10.0
USD1!,01/10/2026,11:08,33.31,33.31,33.31,33.31,22.0
USD1!,01/10/2026,11:11,33.31,33.31,33.31,33.31,10.0
USD1!,01/10/2026,11:14,33.31,33.31,33.31,33.31,89.0
USD1!,01/10/2026,11:15,33.31,33.31,33.31,33.31,11.0
USD1!,01/10/2026,11:17,33.31,33.31,33.31,33.31,10.0
USD1!,01/10/2026,11:22,33.31,33.31,33.31,33.31,2.0
USD1!,01/10/2026,11:23,33.31,33.32,33.31,33.32,10.0
USD1!,01/10/2026,11:24,33.32,33.32,33.32,33.32,343.0
USD1!,01/10/2026,11:25,33.32,33.32,33.32,33.32,15.0
USD1!,01/10/2026,11:27,33.32,33.32,33.32,33.32,200.0
USD1!,01/10/2026,11:33,33.32,33.32,33.31,33.31,38.0
USD1!,01/10/2026,11:38,33.31,33.31,33.31,33.31,2.0
USD1!,01/10/2026,11:39,33.32,33.32,33.32,33.32,1.0
USD1!,01/10/2026,11:41,33.31,33.31,33.31,33.31,1.0
USD1!,01/10/2026,11:48,33.31,33.31,33.31,33.31,5.0
USD1!,01/10/2026,11:49,33.32,33.32,33.32,33.32,20.0
USD1!,01/10/2026,11:53,33.32,33.32,33.32,33.32,40.0
USD1!,01/10/2026,11:54,33.31,33.31,33.31,33.31,4.0
USD1!,01/10/2026,11:55,33.31,33.32,33.31,33.32,63.0
USD1!,01/10/2026,11:58,33.31,33.31,33.31,33.31,15.0
USD1!,01/10/2026,11:59,33.31,33.31,33.31,33.31,1.0
USD1!,01/10/2026,12:03,33.32,33.32,33.32,33.32,1.0
USD1!,01/10/2026,12:04,33.31,33.31,33.31,33.31,198.0
USD1!,01/10/2026,12:05,33.31,33.31,33.31,33.31,3.0
USD1!,01/10/2026,12:06,33.31,33.31,33.31,33.31,1.0
USD1!,01/10/2026,12:22,33.31,33.31,33.31,33.31,1.0
USD1!,01/10/2026,12:26,33.31,33.31,33.31,33.31,197.0
USD1!,01/10/2026,12:27,33.31,33.31,33.31,33.31,505.0
USD1!,01/10/2026,12:28,33.31,33.31,33.31,33.31,109.0
USD1!,01/10/2026,12:29,33.3,33.3,33.3,33.3,26.0
USD1!,01/10/2026,13:45,33.32,33.32,33.32,33.32,135.0
USD1!,01/10/2026,13:46,33.32,33.32,33.32,33.32,1.0
USD1!,01/10/2026,13:47,33.32,33.32,33.32,33.32,1.0
USD1!,01/10/2026,13:49,33.33,33.33,33.33,33.33,197.0
USD1!,01/10/2026,13:52,33.32,33.32,33.32,33.32,1.0
USD1!,01/10/2026,13:56,33.32,33.32,33.32,33.32,53.0
USD1!,01/10/2026,13:57,33.32,33.32,33.32,33.32,100.0
USD1!,01/10/2026,13:58,33.31,33.31,33.31,33.31,198.0
USD1!,01/10/2026,13:59,33.31,33.32,33.31,33.32,413.0
USD1!,01/10/2026,14:01,33.32,33.32,33.32,33.32,241.0
USD1!,01/10/2026,14:02,33.32,33.33,33.32,33.33,505.0
USD1!,01/10/2026,14:03,33.32,33.32,33.32,33.32,5.0
USD1!,01/10/2026,14:04,33.32,33.32,33.32,33.32,120.0
USD1!,01/10/2026,14:06,33.33,33.33,33.33,33.33,13.0
USD1!,01/10/2026,14:08,33.33,33.33,33.33,33.33,5.0
USD1!,01/10/2026,14:09,33.33,33.33,33.32,33.32,5.0
USD1!,01/10/2026,14:10,33.32,33.33,33.32,33.33,5.0
USD1!,01/10/2026,14:11,33.33,33.33,33.33,33.33,3.0
USD1!,01/10/2026,14:13,33.34,33.34,33.34,33.34,5.0
USD1!,01/10/2026,14:14,33.34,33.36,33.34,33.36,1294.0
USD1!,01/10/2026,14:15,33.35,33.35,33.35,33.35,197.0
USD1!,01/10/2026,14:16,33.35,33.35,33.35,33.35,22.0
USD1!,01/10/2026,14:17,33.35,33.35,33.35,33.35,12.0
USD1!,01/10/2026,14:18,33.36,33.36,33.35,33.35,6.0
USD1!,01/10/2026,14:19,33.35,33.35,33.35,33.35,1.0
USD1!,01/10/2026,14:20,33.35,33.35,33.35,33.35,4.0
USD1!,01/10/2026,14:21,33.36,33.36,33.36,33.36,807.0
USD1!,01/10/2026,14:22,33.37,33.38,33.37,33.37,407.0
USD1!,01/10/2026,14:23,33.38,33.39,33.38,33.38,145.0
USD1!,01/10/2026,14:24,33.39,33.39,33.38,33.39,228.0
USD1!,01/10/2026,14:25,33.39,33.4,33.39,33.39,509.0
USD1!,01/10/2026,14:26,33.4,33.42,33.4,33.42,1280.0
USD1!,01/10/2026,14:27,33.41,33.42,33.41,33.41,512.0
USD1!,01/10/2026,14:28,33.41,33.41,33.39,33.39,740.0
USD1!,01/10/2026,14:29,33.4,33.4,33.39,33.39,48.0
USD1!,01/10/2026,14:30,33.39,33.41,33.39,33.41,154.0
USD1!,01/10/2026,14:31,33.4,33.41,33.39,33.41,126.0
USD1!,01/10/2026,14:32,33.39,33.4,33.39,33.4,538.0
USD1!,01/10/2026,14:33,33.39,33.39,33.38,33.38,2522.0
USD1!,01/10/2026,14:34,33.38,33.38,33.38,33.38,597.0
USD1!,01/10/2026,14:35,33.38,33.38,33.38,33.38,5.0
USD1!,01/10/2026,14:36,33.39,33.39,33.38,33.38,6.0
USD1!,01/10/2026,14:37,33.39,33.39,33.39,33.39,2.0
USD1!,01/10/2026,14:39,33.39,33.39,33.39,33.39,118.0
USD1!,01/10/2026,14:40,33.39,33.4,33.39,33.4,7.0
USD1!,01/10/2026,14:41,33.4,33.4,33.39,33.39,53.0
USD1!,01/10/2026,14:42,33.39,33.39,33.39,33.39,60.0
USD1!,01/10/2026,14:44,33.38,33.38,33.38,33.38,500.0
USD1!,01/10/2026,14:45,33.39,33.39,33.39,33.39,50.0
USD1!,01/10/2026,14:47,33.38,33.38,33.38,33.38,5.0
USD1!,01/10/2026,14:48,33.37,33.37,33.37,33.37,22.0
USD1!,01/10/2026,14:50,33.38,33.38,33.38,33.38,2.0
USD1!,01/10/2026,14:51,33.38,33.38,33.38,33.38,23.0
USD1!,01/10/2026,14:52,33.38,33.38,33.38,33.38,10.0
USD1!,01/10/2026,14:53,33.38,33.38,33.38,33.38,1.0
USD1!,01/10/2026,14:54,33.38,33.38,33.38,33.38,49.0
USD1!,01/10/2026,14:56,33.37,33.38,33.37,33.38,10.0
USD1!,01/10/2026,14:57,33.38,33.38,33.38,33.38,1.0
USD1!,01/10/2026,14:58,33.39,33.39,33.39,33.39,78.0
USD1!,01/10/2026,14:59,33.39,33.39,33.39,33.39,2.0
USD1!,01/10/2026,15:02,33.39,33.39,33.39,33.39,2.0
USD1!,01/10/2026,15:03,33.4,33.4,33.39,33.39,23.0
USD1!,01/10/2026,15:04,33.39,33.39,33.39,33.39,1.0
USD1!,01/10/2026,15:07,33.39,33.39,33.39,33.39,2.0
USD1!,01/10/2026,15:08,33.4,33.4,33.4,33.4,20.0
USD1!,01/10/2026,15:10,33.4,33.4,33.39,33.39,54.0
USD1!,01/10/2026,15:11,33.39,33.4,33.39,33.39,28.0
USD1!,01/10/2026,15:12,33.4,33.4,33.4,33.4,167.0
USD1!,01/10/2026,15:13,33.4,33.4,33.4,33.4,399.0
USD1!,01/10/2026,15:14,33.39,33.4,33.39,33.4,7.0
USD1!,01/10/2026,15:15,33.4,33.4,33.4,33.4,10.0
USD1!,01/10/2026,15:16,33.4,33.41,33.4,33.41,38.0
USD1!,01/10/2026,15:17,33.4,33.41,33.4,33.41,43.0
USD1!,01/10/2026,15:18,33.39,33.39,33.39,33.39,1.0
USD1!,01/10/2026,15:19,33.4,33.4,33.4,33.4,42.0
USD1!,01/10/2026,15:20,33.4,33.41,33.4,33.41,140.0
USD1!,01/10/2026,15:22,33.4,33.4,33.4,33.4,200.0
USD1!,01/10/2026,15:23,33.39,33.39,33.39,33.39,1.0
USD1!,01/10/2026,15:24,33.4,33.4,33.4,33.4,38.0
USD1!,01/10/2026,15:25,33.4,33.4,33.4,33.4,38.0
USD1!,01/10/2026,15:26,33.4,33.4,33.39,33.39,52.0
USD1!,01/10/2026,15:28,33.39,33.39,33.39,33.39,10.0
USD1!,01/10/2026,15:32,33.4,33.4,33.4,33.4,17.0
USD1!,01/10/2026,15:36,33.39,33.39,33.39,33.39,197.0
USD1!,01/10/2026,15:39,33.4,33.4,33.4,33.4,100.0
USD1!,01/10/2026,15:41,33.4,33.4,33.39,33.39,39.0
USD1!,01/10/2026,15:42,33.4,33.4,33.4,33.4,200.0
USD1!,01/10/2026,15:43,33.4,33.4,33.4,33.4,100.0
USD1!,01/10/2026,15:44,33.4,33.4,33.4,33.4,240.0
USD1!,01/10/2026,15:48,33.4,33.4,33.4,33.4,300.0
USD1!,01/10/2026,15:49,33.39,33.39,33.39,33.39,10.0
USD1!,01/10/2026,15:54,33.39,33.4,33.39,33.4,298.0
USD1!,01/10/2026,15:55,33.39,33.4,33.39,33.4,2.0
USD1!,01/10/2026,15:56,33.39,33.39,33.39,33.39,2.0
USD1!,01/10/2026,15:59,33.39,33.39,33.39,33.39,2.0
USD1!,01/10/2026,16:00,33.39,33.39,33.39,33.39,28.0
USD1!,01/10/2026,16:02,33.39,33.39,33.39,33.39,20.0
USD1!,01/10/2026,16:03,33.39,33.39,33.39,33.39,20.0
USD1!,01/10/2026,16:04,33.39,33.39,33.39,33.39,41.0
USD1!,01/10/2026,16:05,33.39,33.39,33.39,33.39,2.0
USD1!,01/10/2026,16:06,33.39,33.39,33.39,33.39,3.0
USD1!,01/10/2026,16:08,33.38,33.38,33.38,33.38,584.0
USD1!,01/10/2026,16:10,33.38,33.38,33.38,33.38,2.0
USD1!,01/10/2026,16:12,33.37,33.37,33.37,33.37,20.0
USD1!,01/10/2026,16:14,33.38,33.38,33.38,33.38,40.0
USD1!,01/10/2026,16:15,33.37,33.37,33.37,33.37,5.0
USD1!,01/10/2026,16:17,33.37,33.37,33.37,33.37,601.0
USD1!,01/10/2026,16:18,33.37,33.37,33.37,33.37,2.0
USD1!,01/10/2026,16:21,33.37,33.37,33.37,33.37,455.0
USD1!,01/10/2026,16:26,33.38,33.38,33.38,33.38,1.0
USD1!,01/10/2026,16:27,33.38,33.38,33.38,33.38,2.0
USD1!,01/10/2026,16:29,33.38,33.38,33.38,33.38,38.0
USD1!,01/10/2026,16:30,33.38,33.38,33.38,33.38,24.0
USD1!,01/10/2026,16:37,33.38,33.38,33.38,33.38,270.0
USD1!,01/10/2026,16:39,33.38,33.38,33.38,33.38,62.0
USD1!,01/10/2026,16:42,33.38,33.38,33.38,33.38,5.0
USD1!,01/10/2026,16:45,33.38,33.39,33.38,33.39,42.0
USD1!,01/10/2026,16:48,33.38,33.38,33.38,33.38,1.0
USD1!,01/10/2026,16:51,33.38,33.38,33.38,33.38,14.0
USD1!,01/10/2026,16:52,33.38,33.38,33.38,33.38,4.0
USD1!,01/10/2026,16:53,33.37,33.38,33.37,33.38,88.0
USD1!,01/10/2026,16:54,33.38,33.39,33.38,33.39,151.0
USD1!,01/10/2026,18:50,33.36,33.36,33.35,33.35,796.0
USD1!,01/10/2026,18:51,33.34,33.35,33.34,33.35,27.0
USD1!,01/10/2026,18:52,33.35,33.35,33.34,33.34,31.0
USD1!,01/10/2026,18:53,33.34,33.34,33.34,33.34,2.0
USD1!,01/10/2026,18:54,33.34,33.34,33.34,33.34,2.0
USD1!,01/10/2026,18:55,33.34,33.34,33.32,33.32,431.0
USD1!,01/10/2026,18:56,33.33,33.33,33.32,33.32,37.0
USD1!,01/10/2026,18:57,33.33,33.33,33.32,33.33,150.0
USD1!,01/10/2026,18:58,33.33,33.33,33.33,33.33,5.0
USD1!,01/10/2026,19:00,33.33,33.33,33.33,33.33,2.0
USD1!,01/10/2026,19:01,33.33,33.33,33.33,33.33,2.0
USD1!,01/10/2026,19:02,33.33,33.33,33.33,33.33,2.0
USD1!,01/10/2026,19:03,33.33,33.33,33.33,33.33,1.0
USD1!,01/10/2026,19:04,33.34,33.35,33.34,33.35,38.0
USD1!,01/10/2026,19:05,33.35,33.35,33.35,33.35,3.0
USD1!,01/10/2026,19:06,33.36,33.36,33.36,33.36,38.0
USD1!,01/10/2026,19:07,33.36,33.36,33.36,33.36,3.0
USD1!,01/10/2026,19:09,33.36,33.36,33.36,33.36,11.0
USD1!,01/10/2026,19:12,33.36,33.37,33.36,33.37,138.0
USD1!,01/10/2026,19:13,33.36,33.36,33.36,33.36,1.0
USD1!,01/10/2026,19:15,33.36,33.36,33.36,33.36,1.0
USD1!,01/10/2026,19:19,33.36,33.36,33.36,33.36,70.0
USD1!,01/10/2026,19:21,33.36,33.36,33.36,33.36,5.0
USD1!,01/10/2026,19:23,33.36,33.37,33.36,33.37,5.0
USD1!,01/10/2026,19:24,33.37,33.37,33.37,33.37,10.0
USD1!,01/10/2026,19:30,33.37,33.37,33.37,33.37,2.0
USD1!,01/10/2026,19:31,33.36,33.36,33.36,33.36,20.0
USD1!,01/10/2026,19:33,33.35,33.35,33.35,33.35,20.0
USD1!,01/10/2026,19:35,33.35,33.35,33.35,33.35,53.0
USD1!,01/10/2026,19:36,33.34,33.34,33.34,33.34,80.0
USD1!,01/10/2026,19:37,33.35,33.35,33.35,33.35,22.0
USD1!,01/10/2026,19:38,33.35,33.35,33.35,33.35,63.0
USD1!,01/10/2026,19:39,33.35,33.35,33.35,33.35,8.0
USD1!,01/10/2026,19:44,33.35,33.35,33.35,33.35,30.0
USD1!,01/10/2026,19:47,33.35,33.35,33.35,33.35,10.0
USD1!,01/10/2026,19:49,33.36,33.36,33.36,33.36,395.0
USD1!,01/10/2026,19:50,33.36,33.36,33.36,33.36,2.0
USD1!,01/10/2026,19:52,33.36,33.36,33.36,33.36,8.0
USD1!,01/10/2026,19:53,33.37,33.37,33.37,33.37,38.0
USD1!,01/10/2026,19:54,33.37,33.37,33.37,33.37,38.0
USD1!,01/10/2026,19:56,33.37,33.37,33.37,33.37,1.0
USD1!,01/10/2026,19:58,33.37,33.37,33.37,33.37,43.0
USD1!,01/10/2026,20:02,33.38,33.38,33.38,33.38,61.0
USD1!,01/10/2026,20:04,33.38,33.38,33.38,33.38,56.0
USD1!,01/10/2026,20:08,33.38,33.38,33.38,33.38,1.0
USD1!,01/10/2026,20:10,33.39,33.39,33.39,33.39,42.0
USD1!,01/10/2026,20:13,33.39,33.39,33.39,33.39,20.0
USD1!,01/10/2026,20:18,33.39,33.39,33.39,33.39,12.0
USD1!,01/10/2026,20:21,33.39,33.39,33.39,33.39,5.0
USD1!,01/10/2026,20:22,33.39,33.39,33.39,33.39,14.0
USD1!,01/10/2026,20:23,33.39,33.39,33.39,33.39,5.0
USD1!,01/10/2026,20:28,33.39,33.39,33.39,33.39,3.0
USD1!,01/10/2026,20:30,33.38,33.38,33.38,33.38,41.0
USD1!,01/10/2026,20:31,33.38,33.38,33.38,33.38,1.0
USD1!,01/10/2026,20:32,33.38,33.38,33.37,33.38,759.0
USD1!,01/10/2026,20:33,33.37,33.37,33.37,33.37,1.0
USD1!,01/10/2026,20:34,33.38,33.38,33.36,33.36,35.0
USD1!,01/10/2026,20:35,33.36,33.36,33.36,33.36,88.0
USD1!,01/10/2026,20:36,33.36,33.36,33.35,33.35,20.0
USD1!,01/10/2026,20:39,33.37,33.37,33.37,33.37,70.0
USD1!,01/10/2026,20:40,33.37,33.37,33.37,33.37,30.0
USD1!,01/10/2026,20:41,33.37,33.37,33.36,33.37,108.0
USD1!,01/10/2026,20:43,33.37,33.37,33.37,33.37,5.0
USD1!,01/10/2026,20:44,33.37,33.37,33.36,33.36,61.0
USD1!,01/10/2026,20:46,33.36,33.36,33.36,33.36,5.0
USD1!,01/10/2026,20:50,33.36,33.36,33.36,33.36,20.0
USD1!,01/10/2026,20:52,33.36,33.36,33.36,33.36,126.0
USD1!,01/10/2026,20:54,33.35,33.35,33.35,33.35,500.0
USD1!,01/10/2026,20:55,33.35,33.35,33.35,33.35,1.0
USD1!,01/10/2026,20:56,33.35,33.35,33.35,33.35,11.0
USD1!,01/10/2026,20:57,33.36,33.36,33.36,33.36,1.0
USD1!,01/10/2026,20:59,33.35,33.35,33.34,33.35,592.0
USD1!,01/10/2026,21:00,33.35,33.35,33.35,33.35,308.0
USD1!,01/10/2026,21:01,33.36,33.37,33.36,33.37,38.0
USD1!,01/10/2026,21:02,33.36,33.36,33.36,33.36,13.0
USD1!,01/10/2026,21:03,33.37,33.37,33.37,33.37,13.0
USD1!,01/10/2026,21:07,33.37,33.37,33.37,33.37,3.0
USD1!,01/10/2026,21:08,33.36,33.36,33.36,33.36,202.0
USD1!,01/10/2026,21:14,33.38,33.38,33.38,33.38,38.0
USD1!,01/10/2026,21:16,33.38,33.38,33.38,33.38,5.0
USD1!,01/10/2026,21:27,33.36,33.36,33.36,33.36,13.0
USD1!,01/10/2026,21:31,33.36,33.36,33.36,33.36,52.0
USD1!,01/10/2026,21:32,33.35,33.35,33.35,33.35,513.0
USD1!,01/10/2026,21:34,33.35,33.35,33.35,33.35,1.0
USD1!,01/10/2026,21:35,33.35,33.35,33.35,33.35,7.0
USD1!,01/10/2026,21:36,33.35,33.35,33.35,33.35,3.0
USD1!,01/10/2026,21:38,33.35,33.35,33.35,33.35,2.0
USD1!,01/10/2026,21:41,33.34,33.35,33.34,33.35,51.0
USD1!,01/10/2026,21:42,33.36,33.36,33.36,33.36,2.0
USD1!,01/10/2026,21:45,33.36,33.36,33.36,33.36,2.0
USD1!,01/10/2026,21:46,33.36,33.36,33.36,33.36,7.0
USD1!,01/10/2026,21:47,33.35,33.35,33.35,33.35,3.0
USD1!,01/10/2026,21:50,33.36,33.37,33.36,33.37,4.0
USD1!,01/10/2026,21:51,33.37,33.37,33.37,33.37,41.0
USD1!,01/10/2026,21:52,33.37,33.37,33.37,33.37,4.0
USD1!,01/10/2026,21:53,33.37,33.37,33.37,33.37,3.0
USD1!,01/10/2026,21:56,33.35,33.36,33.35,33.36,20.0
USD1!,01/10/2026,21:58,33.37,33.37,33.37,33.37,80.0
USD1!,01/10/2026,21:59,33.38,33.38,33.37,33.37,13.0
USD1!,01/10/2026,22:01,33.38,33.38,33.38,33.38,75.0
USD1!,01/10/2026,22:05,33.39,33.4,33.39,33.4,642.0
USD1!,01/10/2026,22:06,33.4,33.4,33.4,33.4,2.0
USD1!,01/10/2026,22:07,33.39,33.39,33.39,33.39,101.0
USD1!,01/10/2026,22:08,33.39,33.39,33.39,33.39,31.0
USD1!,01/10/2026,22:09,33.39,33.39,33.39,33.39,8.0
USD1!,01/10/2026,22:10,33.39,33.39,33.39,33.39,48.0
USD1!,01/10/2026,22:11,33.39,33.39,33.39,33.39,5.0
USD1!,01/10/2026,22:13,33.39,33.39,33.39,33.39,3.0
USD1!,01/10/2026,22:14,33.39,33.39,33.39,33.39,32.0
USD1!,01/10/2026,22:17,33.38,33.38,33.37,33.37,20.0
USD1!,01/10/2026,22:19,33.39,33.39,33.38,33.38,6.0
USD1!,01/10/2026,22:20,33.38,33.38,33.38,33.38,4.0
USD1!,01/10/2026,22:21,33.37,33.37,33.37,33.37,1.0
USD1!,01/10/2026,22:25,33.37,33.37,33.37,33.37,20.0
USD1!,01/10/2026,22:27,33.39,33.39,33.39,33.39,1.0
USD1!,01/10/2026,22:32,33.39,33.39,33.39,33.39,78.0
USD1!,01/10/2026,22:33,33.39,33.39,33.39,33.39,56.0
USD1!,01/10/2026,22:34,33.4,33.41,33.39,33.41,792.0
USD1!,01/10/2026,22:35,33.39,33.39,33.39,33.39,20.0
USD1!,01/10/2026,22:39,33.39,33.4,33.39,33.4,41.0
USD1!,01/10/2026,22:41,33.39,33.39,33.39,33.39,406.0
USD1!,01/10/2026,22:43,33.4,33.41,33.4,33.41,9.0
USD1!,01/10/2026,22:45,33.39,33.39,33.39,33.39,10.0
USD1!,01/10/2026,22:49,33.4,33.4,33.4,33.4,1.0
USD1!,01/10/2026,22:51,33.41,33.41,33.41,33.41,143.0
USD1!,01/10/2026,22:52,33.41,33.41,33.41,33.41,2.0
USD1!,01/10/2026,22:53,33.41,33.41,33.41,33.41,2.0
USD1!,01/10/2026,22:54,33.41,33.41,33.41,33.41,6.0
USD1!,01/10/2026,22:56,33.4,33.4,33.4,33.4,10.0
USD1!,01/10/2026,23:00,33.4,33.4,33.4,33.4,1.0
USD1!,01/10/2026,23:03,33.4,33.4,33.4,33.4,7.0
USD1!,01/10/2026,23:06,33.39,33.39,33.39,33.39,38.0
USD1!,01/10/2026,23:07,33.39,33.39,33.39,33.39,7.0
USD1!,01/10/2026,23:08,33.39,33.39,33.39,33.39,723.0
USD1!,01/10/2026,23:09,33.38,33.38,33.38,33.38,2.0
USD1!,01/10/2026,23:10,33.38,33.38,33.38,33.38,4.0
USD1!,01/10/2026,23:13,33.37,33.37,33.37,33.37,83.0
USD1!,01/10/2026,23:19,33.39,33.39,33.39,33.39,1.0
USD1!,01/10/2026,23:41,33.4,33.4,33.4,33.4,3.0
USD1!,02/10/2026,00:05,33.4,33.4,33.4,33.4,5.0
USD1!,02/10/2026,00:06,33.4,33.4,33.4,33.4,2.0
USD1!,02/10/2026,00:26,33.38,33.38,33.37,33.37,8.0
USD1!,02/10/2026,00:27,33.37,33.37,33.37,33.37,10.0
USD1!,02/10/2026,00:30,33.37,33.37,33.36,33.36,26.0
USD1!,02/10/2026,00:31,33.36,33.38,33.36,33.38,58.0
USD1!,02/10/2026,00:35,33.36,33.36,33.36,33.36,1.0
USD1!,02/10/2026,00:38,33.36,33.36,33.36,33.36,10.0
USD1!,02/10/2026,00:41,33.36,33.36,33.36,33.36,30.0
USD1!,02/10/2026,00:45,33.37,33.37,33.37,33.37,10.0
USD1!,02/10/2026,00:47,33.37,33.37,33.37,33.37,592.0
USD1!,02/10/2026,00:54,33.38,33.38,33.38,33.38,379.0
USD1!,02/10/2026,00:57,33.39,33.39,33.39,33.39,151.0
USD1!,02/10/2026,00:58,33.4,33.4,33.4,33.4,69.0
USD1!,02/10/2026,01:04,33.4,33.4,33.4,33.4,50.0
USD1!,02/10/2026,01:07,33.41,33.43,33.41,33.43,615.0
USD1!,02/10/2026,01:12,33.4,33.4,33.39,33.39,38.0
USD1!,02/10/2026,01:35,33.38,33.38,33.38,33.38,1.0
USD1!,02/10/2026,01:41,33.38,33.38,33.38,33.38,1.0
USD1!,02/10/2026,01:46,33.4,33.4,33.4,33.4,1.0
USD1!,02/10/2026,01:47,33.41,33.41,33.41,33.41,100.0
USD1!,02/10/2026,01:49,33.38,33.38,33.38,33.38,2.0
USD1!,02/10/2026,01:59,33.38,33.38,33.37,33.37,147.0
USD1!,02/10/2026,02:00,33.38,33.38,33.37,33.37,173.0
USD1!,02/10/2026,02:02,33.37,33.37,33.37,33.37,35.0
USD1!,02/10/2026,02:03,33.37,33.37,33.37,33.37,360.0
USD1!,02/10/2026,02:32,33.37,33.37,33.37,33.37,5.0
USD1!,02/10/2026,02:42,33.36,33.36,33.36,33.36,100.0
USD1!,02/10/2026,02:46,33.36,33.36,33.36,33.36,38.0
USD1!,02/10/2026,02:56,33.35,33.35,33.35,33.35,100.0
USD1!,02/10/2026,09:45,33.37,33.37,33.37,33.37,42.0
USD1!,02/10/2026,09:47,33.37,33.37,33.37,33.37,1.0
USD1!,02/10/2026,09:48,33.36,33.36,33.36,33.36,14.0
USD1!,02/10/2026,09:49,33.36,33.37,33.36,33.37,3.0
USD1!,02/10/2026,09:53,33.36,33.36,33.36,33.36,60.0
USD1!,02/10/2026,09:54,33.35,33.36,33.35,33.36,705.0
USD1!,02/10/2026,09:55,33.36,33.36,33.35,33.35,13.0
USD1!,02/10/2026,09:56,33.35,33.35,33.35,33.35,7.0
USD1!,02/10/2026,09:57,33.35,33.35,33.35,33.35,3.0
USD1!,02/10/2026,09:58,33.35,33.35,33.35,33.35,28.0
USD1!,02/10/2026,09:59,33.36,33.36,33.36,33.36,4.0
USD1!,02/10/2026,10:00,33.35,33.35,33.35,33.35,92.0
USD1!,02/10/2026,10:01,33.35,33.35,33.35,33.35,3.0
USD1!,02/10/2026,10:02,33.34,33.35,33.34,33.34,26.0
USD1!,02/10/2026,10:03,33.35,33.35,33.34,33.34,95.0
USD1!,02/10/2026,10:04,33.34,33.34,33.33,33.33,29.0
USD1!,02/10/2026,10:05,33.34,33.34,33.34,33.34,22.0
USD1!,02/10/2026,10:07,33.35,33.35,33.35,33.35,11.0
USD1!,02/10/2026,10:08,33.35,33.35,33.35,33.35,2.0
USD1!,02/10/2026,10:10,33.35,33.35,33.35,33.35,10.0
USD1!,02/10/2026,10:11,33.35,33.35,33.35,33.35,5.0
USD1!,02/10/2026,10:12,33.35,33.35,33.35,33.35,10.0
USD1!,02/10/2026,10:15,33.34,33.35,33.34,33.35,25.0
USD1!,02/10/2026,10:17,33.35,33.35,33.34,33.34,16.0
USD1!,02/10/2026,10:19,33.33,33.33,33.32,33.32,153.0
USD1!,02/10/2026,10:21,33.32,33.32,33.31,33.31,586.0
USD1!,02/10/2026,10:22,33.31,33.32,33.31,33.32,20.0
USD1!,02/10/2026,10:24,33.32,33.32,33.31,33.31,25.0
USD1!,02/10/2026,10:25,33.31,33.32,33.31,33.31,97.0
USD1!,02/10/2026,10:26,33.31,33.31,33.31,33.31,204.0
USD1!,02/10/2026,10:27,33.31,33.31,33.31,33.31,35.0
USD1!,02/10/2026,10:28,33.31,33.31,33.31,33.31,3.0
USD1!,02/10/2026,10:29,33.31,33.31,33.3,33.3,86.0
USD1!,02/10/2026,10:30,33.3,33.3,33.3,33.3,400.0
USD1!,02/10/2026,10:31,33.3,33.3,33.3,33.3,10.0
USD1!,02/10/2026,10:32,33.3,33.31,33.3,33.31,26.0
USD1!,02/10/2026,10:33,33.31,33.31,33.31,33.31,30.0
USD1!,02/10/2026,10:34,33.3,33.3,33.3,33.3,1.0
USD1!,02/10/2026,10:35,33.31,33.31,33.31,33.31,1.0
USD1!,02/10/2026,10:36,33.31,33.31,33.3,33.3,117.0
USD1!,02/10/2026,10:37,33.31,33.31,33.31,33.31,21.0
USD1!,02/10/2026,10:38,33.31,33.31,33.31,33.31,57.0
USD1!,02/10/2026,10:39,33.31,33.31,33.31,33.31,1.0
USD1!,02/10/2026,10:41,33.3,33.31,33.3,33.3,72.0
USD1!,02/10/2026,10:42,33.31,33.31,33.31,33.31,13.0
USD1!,02/10/2026,10:44,33.31,33.31,33.31,33.31,9.0
USD1!,02/10/2026,10:45,33.31,33.31,33.31,33.31,1.0
USD1!,02/10/2026,10:46,33.31,33.31,33.31,33.31,10.0
USD1!,02/10/2026,10:47,33.31,33.31,33.31,33.31,10.0
USD1!,02/10/2026,10:49,33.31,33.31,33.31,33.31,5.0
USD1!,02/10/2026,10:50,33.31,33.31,33.31,33.31,21.0
USD1!,02/10/2026,10:51,33.32,33.32,33.32,33.32,2.0
USD1!,02/10/2026,10:52,33.32,33.32,33.32,33.32,21.0
USD1!,02/10/2026,10:53,33.32,33.32,33.32,33.32,12.0
USD1!,02/10/2026,10:54,33.32,33.32,33.31,33.32,33.0
USD1!,02/10/2026,10:56,33.31,33.31,33.31,33.31,199.0
USD1!,02/10/2026,10:57,33.32,33.32,33.31,33.31,199.0
USD1!,02/10/2026,10:58,33.31,33.32,33.3,33.3,487.0
USD1!,02/10/2026,10:59,33.31,33.31,33.31,33.31,10.0
USD1!,02/10/2026,11:00,33.31,33.31,33.3,33.3,8.0
USD1!,02/10/2026,11:01,33.31,33.31,33.3,33.3,98.0
USD1!,02/10/2026,11:02,33.3,33.31,33.3,33.3,741.0
USD1!,02/10/2026,11:03,33.3,33.3,33.29,33.29,202.0
USD1!,02/10/2026,11:04,33.29,33.29,33.29,33.29,10.0
USD1!,02/10/2026,11:05,33.3,33.3,33.3,33.3,14.0
USD1!,02/10/2026,11:07,33.3,33.3,33.3,33.3,30.0
USD1!,02/10/2026,11:09,33.31,33.31,33.31,33.31,15.0
USD1!,02/10/2026,11:11,33.31,33.31,33.3,33.3,3.0
USD1!,02/10/2026,11:13,33.3,33.3,33.3,33.3,9.0
USD1!,02/10/2026,11:14,33.3,33.3,33.3,33.3,43.0
USD1!,02/10/2026,11:15,33.31,33.31,33.31,33.31,12.0
USD1!,02/10/2026,11:17,33.31,33.31,33.31,33.31,4.0
USD1!,02/10/2026,11:18,33.31,33.32,33.31,33.32,11.0
USD1!,02/10/2026,11:21,33.32,33.32,33.31,33.31,264.0
USD1!,02/10/2026,11:22,33.31,33.31,33.31,33.31,20.0
USD1!,02/10/2026,11:25,33.31,33.31,33.31,33.31,68.0
USD1!,02/10/2026,11:30,33.31,33.31,33.31,33.31,2.0
USD1!,02/10/2026,11:31,33.33,33.33,33.32,33.32,8.0
USD1!,02/10/2026,11:38,33.32,33.32,33.32,33.32,5.0
USD1!,02/10/2026,11:39,33.33,33.33,33.33,33.33,5.0
USD1!,02/10/2026,11:40,33.32,33.32,33.32,33.32,5.0
USD1!,02/10/2026,11:42,33.32,33.32,33.32,33.32,4.0
USD1!,02/10/2026,11:46,33.31,33.31,33.31,33.31,300.0
USD1!,02/10/2026,11:48,33.31,33.31,33.31,33.31,135.0
USD1!,02/10/2026,11:49,33.32,33.32,33.32,33.32,2.0
USD1!,02/10/2026,11:52,33.32,33.32,33.32,33.32,10.0
USD1!,02/10/2026,11:53,33.32,33.32,33.32,33.32,12.0
USD1!,02/10/2026,11:56,33.32,33.32,33.32,33.32,1.0
USD1!,02/10/2026,11:57,33.32,33.32,33.32,33.32,5.0
USD1!,02/10/2026,11:58,33.32,33.32,33.32,33.32,10.0
USD1!,02/10/2026,12:01,33.31,33.31,33.31,33.31,82.0
USD1!,02/10/2026,12:02,33.31,33.31,33.31,33.31,10.0
USD1!,02/10/2026,12:03,33.31,33.31,33.31,33.31,22.0
USD1!,02/10/2026,12:07,33.32,33.32,33.32,33.32,10.0
USD1!,02/10/2026,12:08,33.31,33.31,33.31,33.31,125.0
USD1!,02/10/2026,12:10,33.31,33.31,33.31,33.31,20.0
USD1!,02/10/2026,12:13,33.31,33.31,33.31,33.31,7.0
USD1!,02/10/2026,12:17,33.32,33.32,33.32,33.32,4.0
USD1!,02/10/2026,12:26,33.31,33.31,33.31,33.31,31.0
USD1!,02/10/2026,12:27,33.31,33.31,33.31,33.31,10.0
USD1!,02/10/2026,13:45,33.31,33.31,33.31,33.31,193.0
USD1!,02/10/2026,13:46,33.31,33.31,33.31,33.31,21.0
USD1!,02/10/2026,13:48,33.31,33.31,33.31,33.31,10.0
USD1!,02/10/2026,13:49,33.31,33.31,33.31,33.31,30.0
USD1!,02/10/2026,13:54,33.31,33.31,33.31,33.31,15.0
USD1!,02/10/2026,13:55,33.31,33.31,33.31,33.31,300.0
USD1!,02/10/2026,13:56,33.3,33.3,33.3,33.3,51.0
USD1!,02/10/2026,14:00,33.3,33.31,33.3,33.3,271.0
USD1!,02/10/2026,14:02,33.31,33.31,33.31,33.31,9.0
USD1!,02/10/2026,14:05,33.31,33.31,33.31,33.31,1.0
USD1!,02/10/2026,14:06,33.31,33.31,33.31,33.31,6.0
USD1!,02/10/2026,14:07,33.31,33.31,33.31,33.31,1.0
USD1!,02/10/2026,14:10,33.3,33.3,33.3,33.3,1673.0
USD1!,02/10/2026,14:11,33.3,33.3,33.3,33.3,2.0
USD1!,02/10/2026,14:12,33.3,33.3,33.3,33.3,10.0
USD1!,02/10/2026,14:13,33.3,33.3,33.29,33.29,39.0
USD1!,02/10/2026,14:14,33.29,33.3,33.29,33.29,361.0
USD1!,02/10/2026,14:15,33.28,33.29,33.28,33.29,51.0
USD1!,02/10/2026,14:16,33.29,33.29,33.28,33.28,242.0
USD1!,02/10/2026,14:17,33.29,33.29,33.28,33.28,80.0
USD1!,02/10/2026,14:19,33.28,33.28,33.28,33.28,5.0
USD1!,02/10/2026,14:22,33.28,33.28,33.28,33.28,10.0
USD1!,02/10/2026,14:23,33.28,33.28,33.28,33.28,4.0
USD1!,02/10/2026,14:24,33.29,33.29,33.28,33.28,38.0
USD1!,02/10/2026,14:25,33.28,33.28,33.28,33.28,3.0
USD1!,02/10/2026,14:26,33.28,33.28,33.28,33.28,58.0
USD1!,02/10/2026,14:27,33.27,33.29,33.27,33.28,57.0
USD1!,02/10/2026,14:28,33.29,33.29,33.28,33.28,61.0
USD1!,02/10/2026,14:29,33.29,33.29,33.28,33.28,39.0
USD1!,02/10/2026,14:32,33.29,33.29,33.29,33.29,198.0
USD1!,02/10/2026,14:33,33.29,33.29,33.29,33.29,20.0
USD1!,02/10/2026,14:35,33.29,33.29,33.29,33.29,2.0
USD1!,02/10/2026,14:39,33.29,33.29,33.29,33.29,8.0
USD1!,02/10/2026,14:44,33.29,33.29,33.29,33.29,2.0
USD1!,02/10/2026,14:45,33.28,33.28,33.28,33.28,38.0
USD1!,02/10/2026,14:46,33.29,33.29,33.29,33.29,4.0
USD1!,02/10/2026,14:47,33.29,33.29,33.29,33.29,5.0
USD1!,02/10/2026,14:51,33.29,33.29,33.29,33.29,20.0
USD1!,02/10/2026,14:54,33.28,33.29,33.28,33.29,48.0
USD1!,02/10/2026,14:55,33.28,33.28,33.28,33.28,52.0
USD1!,02/10/2026,14:56,33.27,33.27,33.27,33.27,329.0
USD1!,02/10/2026,14:57,33.26,33.26,33.26,33.26,770.0
USD1!,02/10/2026,14:58,33.26,33.26,33.24,33.24,1224.0
USD1!,02/10/2026,15:00,33.26,33.26,33.24,33.24,21.0
USD1!,02/10/2026,15:01,33.26,33.26,33.26,33.26,244.0
USD1!,02/10/2026,15:02,33.25,33.25,33.25,33.25,45.0
USD1!,02/10/2026,15:03,33.27,33.27,33.25,33.25,23.0
USD1!,02/10/2026,15:04,33.26,33.26,33.26,33.26,10.0
USD1!,02/10/2026,15:05,33.26,33.26,33.25,33.25,6.0
USD1!,02/10/2026,15:06,33.25,33.25,33.25,33.25,404.0
USD1!,02/10/2026,15:07,33.25,33.25,33.24,33.24,479.0
USD1!,02/10/2026,15:08,33.24,33.24,33.23,33.24,1238.0
USD1!,02/10/2026,15:09,33.23,33.25,33.23,33.25,30.0
USD1!,02/10/2026,15:10,33.24,33.24,33.24,33.24,40.0
USD1!,02/10/2026,15:12,33.25,33.25,33.24,33.24,526.0
USD1!,02/10/2026,15:13,33.24,33.25,33.24,33.25,224.0
USD1!,02/10/2026,15:16,33.25,33.25,33.24,33.24,22.0
USD1!,02/10/2026,15:17,33.25,33.26,33.25,33.26,14.0
USD1!,02/10/2026,15:18,33.26,33.26,33.26,33.26,21.0
USD1!,02/10/2026,15:19,33.26,33.26,33.25,33.25,55.0
USD1!,02/10/2026,15:21,33.25,33.25,33.25,33.25,505.0
USD1!,02/10/2026,15:22,33.25,33.25,33.25,33.25,7.0
USD1!,02/10/2026,15:23,33.26,33.26,33.26,33.26,20.0
USD1!,02/10/2026,15:25,33.27,33.27,33.27,33.27,40.0
USD1!,02/10/2026,15:27,33.26,33.26,33.26,33.26,4.0
USD1!,02/10/2026,15:30,33.27,33.27,33.27,33.27,198.0
USD1!,02/10/2026,15:32,33.27,33.27,33.27,33.27,60.0
USD1!,02/10/2026,15:34,33.27,33.27,33.27,33.27,30.0
USD1!,02/10/2026,15:37,33.26,33.26,33.26,33.26,10.0
USD1!,02/10/2026,15:38,33.26,33.26,33.26,33.26,8.0
USD1!,02/10/2026,15:39,33.27,33.27,33.27,33.27,1.0
USD1!,02/10/2026,15:40,33.27,33.27,33.27,33.27,3.0
USD1!,02/10/2026,15:41,33.27,33.27,33.27,33.27,2.0
USD1!,02/10/2026,15:44,33.27,33.27,33.26,33.26,12.0
USD1!,02/10/2026,15:46,33.27,33.27,33.26,33.27,41.0
USD1!,02/10/2026,15:47,33.27,33.27,33.27,33.27,500.0
USD1!,02/10/2026,15:48,33.27,33.27,33.27,33.27,13.0
USD1!,02/10/2026,15:50,33.26,33.26,33.26,33.26,1.0
USD1!,02/10/2026,15:52,33.26,33.26,33.26,33.26,53.0
USD1!,02/10/2026,15:54,33.26,33.26,33.26,33.26,4.0
USD1!,02/10/2026,15:59,33.27,33.27,33.27,33.27,7.0
USD1!,02/10/2026,16:01,33.27,33.27,33.26,33.26,22.0
USD1!,02/10/2026,16:03,33.27,33.27,33.27,33.27,420.0
USD1!,02/10/2026,16:04,33.28,33.28,33.27,33.27,213.0
USD1!,02/10/2026,16:06,33.28,33.29,33.28,33.28,4.0
USD1!,02/10/2026,16:09,33.27,33.27,33.27,33.27,8.0
USD1!,02/10/2026,16:11,33.27,33.27,33.27,33.27,25.0
USD1!,02/10/2026,16:13,33.26,33.26,33.26,33.26,10.0
USD1!,02/10/2026,16:18,33.26,33.26,33.26,33.26,1.0
USD1!,02/10/2026,16:23,33.26,33.27,33.26,33.27,105.0
USD1!,02/10/2026,16:27,33.26,33.26,33.26,33.26,99.0
USD1!,02/10/2026,16:29,33.27,33.27,33.26,33.26,40.0
USD1!,02/10/2026,16:31,33.27,33.27,33.27,33.27,20.0
USD1!,02/10/2026,16:32,33.27,33.27,33.27,33.27,5.0
USD1!,02/10/2026,16:34,33.27,33.28,33.27,33.28,5.0
USD1!,02/10/2026,16:36,33.28,33.28,33.28,33.28,13.0
USD1!,02/10/2026,16:39,33.29,33.3,33.29,33.29,31.0
USD1!,02/10/2026,16:40,33.29,33.29,33.29,33.29,1.0
USD1!,02/10/2026,16:41,33.29,33.29,33.29,33.29,1.0
USD1!,02/10/2026,16:45,33.29,33.29,33.29,33.29,10.0
USD1!,02/10/2026,16:48,33.28,33.28,33.28,33.28,70.0
USD1!,02/10/2026,16:49,33.29,33.29,33.29,33.29,220.0
USD1!,02/10/2026,16:51,33.29,33.29,33.29,33.29,5.0
USD1!,02/10/2026,16:53,33.29,33.29,33.28,33.28,40.0
USD1!,02/10/2026,18:50,33.29,33.3,33.29,33.3,124.0
USD1!,02/10/2026,18:51,33.31,33.31,33.3,33.3,88.0
USD1!,02/10/2026,18:54,33.31,33.31,33.3,33.3,13.0
USD1!,02/10/2026,18:58,33.3,33.3,33.3,33.3,4.0
USD1!,02/10/2026,19:06,33.31,33.31,33.31,33.31,21.0
USD1!,02/10/2026,19:07,33.31,33.31,33.31,33.31,21.0
USD1!,02/10/2026,19:09,33.31,33.31,33.31,33.31,1.0
USD1!,02/10/2026,19:10,33.31,33.31,33.31,33.31,38.0
USD1!,02/10/2026,19:11,33.31,33.32,33.31,33.32,40.0
USD1!,02/10/2026,19:12,33.32,33.32,33.32,33.32,68.0
USD1!,02/10/2026,19:13,33.31,33.31,33.31,33.31,34.0
USD1!,02/10/2026,19:14,33.31,33.31,33.31,33.31,30.0
USD1!,02/10/2026,19:17,33.31,33.31,33.31,33.31,78.0
USD1!,02/10/2026,19:19,33.3,33.3,33.3,33.3,10.0
USD1!,02/10/2026,19:20,33.3,33.3,33.3,33.3,10.0
USD1!,02/10/2026,19:21,33.3,33.3,33.3,33.3,16.0
USD1!,02/10/2026,19:22,33.3,33.3,33.3,33.3,4.0
USD1!,02/10/2026,19:23,33.3,33.3,33.3,33.3,4.0
USD1!,02/10/2026,19:25,33.31,33.31,33.31,33.31,38.0
USD1!,02/10/2026,19:29,33.3,33.3,33.3,33.3,46.0
USD1!,02/10/2026,19:30,33.29,33.3,33.23,33.26,1205.0
USD1!,02/10/2026,19:31,33.24,33.24,33.22,33.23,1382.0
USD1!,02/10/2026,19:32,33.23,33.23,33.21,33.21,885.0
USD1!,02/10/2026,19:33,33.22,33.24,33.22,33.24,428.0
USD1!,02/10/2026,19:34,33.23,33.24,33.23,33.23,172.0
USD1!,02/10/2026,19:35,33.23,33.23,33.22,33.22,409.0
USD1!,02/10/2026,19:36,33.23,33.24,33.22,33.24,127.0
USD1!,02/10/2026,19:37,33.23,33.25,33.22,33.22,192.0
USD1!,02/10/2026,19:38,33.22,33.23,33.21,33.23,320.0
USD1!,02/10/2026,19:39,33.23,33.23,33.22,33.22,427.0
USD1!,02/10/2026,19:40,33.22,33.24,33.22,33.23,41.0
USD1!,02/10/2026,19:41,33.23,33.24,33.23,33.24,39.0
USD1!,02/10/2026,19:42,33.24,33.24,33.23,33.23,54.0
USD1!,02/10/2026,19:43,33.24,33.24,33.24,33.24,28.0
USD1!,02/10/2026,19:44,33.24,33.25,33.24,33.25,41.0
USD1!,02/10/2026,19:45,33.25,33.25,33.25,33.25,42.0
USD1!,02/10/2026,19:46,33.25,33.25,33.23,33.23,44.0
USD1!,02/10/2026,19:47,33.23,33.25,33.23,33.25,32.0
USD1!,02/10/2026,19:49,33.23,33.25,33.23,33.23,47.0
USD1!,02/10/2026,19:50,33.23,33.23,33.23,33.23,102.0
USD1!,02/10/2026,19:51,33.23,33.24,33.23,33.24,91.0
USD1!,02/10/2026,19:52,33.24,33.24,33.24,33.24,27.0
USD1!,02/10/2026,19:53,33.24,33.24,33.23,33.23,155.0
USD1!,02/10/2026,19:55,33.22,33.22,33.22,33.22,265.0
USD1!,02/10/2026,19:56,33.21,33.21,33.21,33.21,270.0
USD1!,02/10/2026,19:57,33.21,33.22,33.21,33.21,654.0
USD1!,02/10/2026,19:58,33.21,33.22,33.21,33.21,156.0
USD1!,02/10/2026,19:59,33.2,33.21,33.2,33.2,294.0
USD1!,02/10/2026,20:00,33.2,33.2,33.2,33.2,231.0
USD1!,02/10/2026,20:01,33.2,33.21,33.19,33.2,1045.0
USD1!,02/10/2026,20:02,33.19,33.19,33.19,33.19,128.0
USD1!,02/10/2026,20:03,33.19,33.2,33.19,33.2,166.0
USD1!,02/10/2026,20:04,33.2,33.2,33.2,33.2,75.0
USD1!,02/10/2026,20:05,33.2,33.2,33.2,33.2,179.0
USD1!,02/10/2026,20:06,33.21,33.21,33.21,33.21,10.0
USD1!,02/10/2026,20:07,33.22,33.22,33.22,33.22,13.0
USD1!,02/10/2026,20:08,33.22,33.22,33.22,33.22,110.0
USD1!,02/10/2026,20:10,33.23,33.23,33.23,33.23,5.0
USD1!,02/10/2026,20:11,33.23,33.23,33.23,33.23,100.0
USD1!,02/10/2026,20:12,33.23,33.23,33.23,33.23,6.0
USD1!,02/10/2026,20:13,33.23,33.23,33.23,33.23,138.0
USD1!,02/10/2026,20:14,33.23,33.24,33.23,33.24,23.0
USD1!,02/10/2026,20:15,33.25,33.25,33.24,33.25,119.0
USD1!,02/10/2026,20:16,33.25,33.25,33.25,33.25,137.0
USD1!,02/10/2026,20:17,33.25,33.25,33.23,33.25,94.0
USD1!,02/10/2026,20:18,33.23,33.23,33.23,33.23,5.0
USD1!,02/10/2026,20:19,33.24,33.24,33.24,33.24,10.0
USD1!,02/10/2026,20:21,33.25,33.25,33.24,33.24,7.0
USD1!,02/10/2026,20:22,33.25,33.25,33.25,33.25,135.0
USD1!,02/10/2026,20:25,33.24,33.24,33.24,33.24,36.0
USD1!,02/10/2026,20:27,33.25,33.25,33.25,33.25,6.0
USD1!,02/10/2026,20:29,33.24,33.24,33.23,33.23,48.0
USD1!,02/10/2026,20:32,33.24,33.24,33.24,33.24,4.0
USD1!,02/10/2026,20:35,33.24,33.24,33.24,33.24,5.0
USD1!,02/10/2026,20:37,33.23,33.23,33.23,33.23,10.0
USD1!,02/10/2026,20:39,33.23,33.23,33.23,33.23,1.0
USD1!,02/10/2026,20:40,33.24,33.25,33.24,33.25,38.0
USD1!,02/10/2026,20:41,33.25,33.25,33.25,33.25,38.0
USD1!,02/10/2026,20:42,33.25,33.25,33.25,33.25,38.0
USD1!,02/10/2026,20:43,33.25,33.25,33.25,33.25,38.0
USD1!,02/10/2026,20:44,33.24,33.26,33.24,33.26,48.0
USD1!,02/10/2026,20:46,33.24,33.24,33.24,33.24,5.0
USD1!,02/10/2026,20:50,33.24,33.24,33.24,33.24,10.0
USD1!,02/10/2026,20:52,33.24,33.24,33.24,33.24,1.0
USD1!,02/10/2026,20:53,33.24,33.24,33.24,33.24,4.0
USD1!,02/10/2026,20:55,33.25,33.26,33.25,33.26,6.0
USD1!,02/10/2026,20:57,33.25,33.25,33.23,33.23,375.0
USD1!,02/10/2026,20:58,33.22,33.22,33.22,33.22,52.0
USD1!,02/10/2026,20:59,33.21,33.22,33.21,33.21,22.0
USD1!,02/10/2026,21:00,33.22,33.22,33.21,33.21,5.0
USD1!,02/10/2026,21:02,33.21,33.21,33.21,33.21,5.0
USD1!,02/10/2026,21:03,33.23,33.23,33.23,33.23,3.0
USD1!,02/10/2026,21:04,33.21,33.22,33.21,33.21,321.0
USD1!,02/10/2026,21:05,33.2,33.21,33.2,33.21,19.0
USD1!,02/10/2026,21:06,33.21,33.21,33.21,33.21,13.0
USD1!,02/10/2026,21:09,33.22,33.22,33.22,33.22,100.0
USD1!,02/10/2026,21:10,33.22,33.22,33.22,33.22,2.0
USD1!,02/10/2026,21:12,33.22,33.22,33.22,33.22,40.0
USD1!,02/10/2026,21:13,33.22,33.22,33.22,33.22,74.0
USD1!,02/10/2026,21:15,33.21,33.21,33.21,33.21,76.0
USD1!,02/10/2026,21:16,33.21,33.21,33.21,33.21,3.0
USD1!,02/10/2026,21:17,33.21,33.21,33.21,33.21,2.0
USD1!,02/10/2026,21:18,33.21,33.21,33.21,33.21,6.0
USD1!,02/10/2026,21:20,33.21,33.21,33.2,33.2,150.0
USD1!,02/10/2026,21:23,33.21,33.22,33.21,33.22,55.0
USD1!,02/10/2026,21:25,33.22,33.22,33.22,33.22,1.0
USD1!,02/10/2026,21:26,33.22,33.22,33.22,33.22,77.0
USD1!,02/10/2026,21:29,33.23,33.23,33.23,33.23,5.0
USD1!,02/10/2026,21:30,33.23,33.23,33.23,33.23,140.0
USD1!,02/10/2026,21:31,33.23,33.23,33.23,33.23,5.0
USD1!,02/10/2026,21:38,33.22,33.22,33.22,33.22,74.0
USD1!,02/10/2026,21:39,33.22,33.22,33.21,33.22,99.0
USD1!,02/10/2026,21:41,33.22,33.22,33.22,33.22,6.0
USD1!,02/10/2026,21:47,33.21,33.21,33.21,33.21,1.0
USD1!,02/10/2026,21:48,33.22,33.22,33.22,33.22,25.0
USD1!,02/10/2026,21:50,33.23,33.23,33.23,33.23,3.0
USD1!,02/10/2026,21:51,33.23,33.24,33.23,33.24,2097.0
USD1!,02/10/2026,21:53,33.25,33.26,33.25,33.25,1443.0
USD1!,02/10/2026,21:54,33.24,33.24,33.24,33.24,1.0
USD1!,02/10/2026,21:55,33.26,33.26,33.25,33.26,13.0
USD1!,02/10/2026,21:56,33.25,33.25,33.25,33.25,1.0
USD1!,02/10/2026,21:57,33.26,33.26,33.26,33.26,405.0
USD1!,02/10/2026,21:59,33.26,33.26,33.26,33.26,3.0
USD1!,02/10/2026,22:00,33.25,33.25,33.25,33.25,61.0
USD1!,02/10/2026,22:02,33.27,33.27,33.27,33.27,3.0
USD1!,02/10/2026,22:03,33.27,33.27,33.27,33.27,405.0
USD1!,02/10/2026,22:05,33.26,33.26,33.26,33.26,50.0
USD1!,02/10/2026,22:06,33.27,33.27,33.27,33.27,60.0
USD1!,02/10/2026,22:07,33.27,33.27,33.27,33.27,5.0
USD1!,02/10/2026,22:08,33.27,33.28,33.27,33.28,152.0
USD1!,02/10/2026,22:09,33.28,33.28,33.28,33.28,135.0
USD1!,02/10/2026,22:10,33.28,33.28,33.28,33.28,124.0
USD1!,02/10/2026,22:11,33.29,33.29,33.28,33.28,415.0
USD1!,02/10/2026,22:12,33.29,33.29,33.29,33.29,1.0
USD1!,02/10/2026,22:13,33.28,33.29,33.28,33.29,681.0
USD1!,02/10/2026,22:14,33.29,33.29,33.29,33.29,5.0
USD1!,02/10/2026,22:16,33.29,33.29,33.29,33.29,245.0
USD1!,02/10/2026,22:18,33.29,33.29,33.28,33.29,718.0
USD1!,02/10/2026,22:21,33.29,33.29,33.29,33.29,83.0
USD1!,02/10/2026,22:22,33.29,33.3,33.29,33.3,196.0
USD1!,02/10/2026,22:24,33.3,33.3,33.3,33.3,832.0
USD1!,02/10/2026,22:25,33.31,33.31,33.3,33.31,132.0
USD1!,02/10/2026,22:26,33.31,33.31,33.31,33.31,1.0
USD1!,02/10/2026,22:27,33.3,33.3,33.3,33.3,112.0
USD1!,02/10/2026,22:29,33.29,33.29,33.29,33.29,2.0
USD1!,02/10/2026,22:30,33.29,33.29,33.29,33.29,1.0
USD1!,02/10/2026,22:31,33.29,33.29,33.28,33.28,13.0
USD1!,02/10/2026,22:32,33.28,33.28,33.28,33.28,7.0
USD1!,02/10/2026,22:34,33.27,33.27,33.27,33.27,38.0
USD1!,02/10/2026,22:36,33.27,33.27,33.27,33.27,10.0
USD1!,02/10/2026,22:38,33.28,33.29,33.28,33.29,82.0
USD1!,02/10/2026,22:39,33.29,33.29,33.29,33.29,40.0
USD1!,02/10/2026,22:42,33.29,33.29,33.29,33.29,14.0
USD1!,02/10/2026,22:43,33.29,33.3,33.29,33.3,220.0
USD1!,02/10/2026,22:44,33.3,33.3,33.3,33.3,38.0
USD1!,02/10/2026,22:45,33.3,33.3,33.3,33.3,78.0
USD1!,02/10/2026,22:46,33.3,33.3,33.3,33.3,593.0
USD1!,02/10/2026,22:48,33.3,33.3,33.3,33.3,800.0
USD1!,02/10/2026,22:49,33.3,33.3,33.3,33.3,335.0
USD1!,02/10/2026,22:50,33.3,33.3,33.3,33.3,70.0
USD1!,02/10/2026,22:52,33.29,33.29,33.29,33.29,30.0
USD1!,02/10/2026,22:56,33.29,33.29,33.29,33.29,10.0
USD1!,02/10/2026,22:57,33.29,33.29,33.29,33.29,10.0
USD1!,02/10/2026,22:58,33.3,33.3,33.3,33.3,15.0
USD1!,02/10/2026,22:59,33.3,33.3,33.3,33.3,50.0
USD1!,02/10/2026,23:01,33.29,33.29,33.29,33.29,12.0
USD1!,02/10/2026,23:02,33.29,33.3,33.29,33.3,213.0
USD1!,02/10/2026,23:03,33.3,33.3,33.3,33.3,54.0
USD1!,02/10/2026,23:05,33.3,33.3,33.3,33.3,4.0
USD1!,02/10/2026,23:06,33.29,33.29,33.29,33.29,5.0
USD1!,02/10/2026,23:07,33.29,33.29,33.29,33.29,3.0
USD1!,02/10/2026,23:09,33.3,33.3,33.3,33.3,2.0
USD1!,02/10/2026,23:14,33.3,33.3,33.3,33.3,1.0
USD1!,02/10/2026,23:18,33.29,33.29,33.29,33.29,40.0
USD1!,02/10/2026,23:19,33.3,33.3,33.29,33.29,2.0
USD1!,02/10/2026,23:22,33.29,33.29,33.29,33.29,3.0
USD1!,02/10/2026,23:24,33.3,33.3,33.3,33.3,123.0
USD1!,02/10/2026,23:25,33.3,33.3,33.3,33.3,19.0
USD1!,02/10/2026,23:28,33.3,33.3,33.3,33.3,1.0
USD1!,02/10/2026,23:29,33.3,33.3,33.3,33.3,52.0
USD1!,02/10/2026,23:37,33.31,33.31,33.31,33.31,7.0
USD1!,02/10/2026,23:45,33.3,33.3,33.3,33.3,1.0
USD1!,02/10/2026,23:48,33.29,33.29,33.29,33.29,1000.0
USD1!,02/10/2026,23:49,33.28,33.31,33.28,33.28,2104.0
USD1!,03/10/2026,00:01,33.29,33.29,33.29,33.29,3.0
USD1!,03/10/2026,00:02,33.29,33.29,33.29,33.29,7.0
USD1!,03/10/2026,00:04,33.28,33.28,33.28,33.28,289.0
USD1!,03/10/2026,00:24,33.29,33.3,33.29,33.3,38.0
USD1!,03/10/2026,00:26,33.3,33.31,33.3,33.31,38.0
USD1!,03/10/2026,00:36,33.28,33.28,33.28,33.28,10.0
USD1!,03/10/2026,00:39,33.29,33.29,33.29,33.29,2.0
USD1!,03/10/2026,00:41,33.29,33.29,33.29,33.29,2.0
USD1!,03/10/2026,00:54,33.29,33.29,33.29,33.29,1.0
USD1!,03/10/2026,00:57,33.28,33.3,33.27,33.3,602.0
USD1!,03/10/2026,01:06,33.3,33.3,33.3,33.3,4.0
USD1!,03/10/2026,01:10,33.3,33.3,33.3,33.3,2.0
USD1!,03/10/2026,01:20,33.3,33.3,33.3,33.3,1.0
USD1!,03/10/2026,01:22,33.3,33.3,33.3,33.3,3.0
USD1!,03/10/2026,02:01,33.29,33.29,33.29,33.29,100.0
USD1!,03/10/2026,02:06,33.28,33.28,33.28,33.28,25.0
USD1!,03/10/2026,02:09,33.29,33.29,33.29,33.29,1.0
USD1!,03/10/2026,02:15,33.29,33.29,33.29,33.29,1.0
USD1!,03/10/2026,02:24,33.29,33.29,33.29,33.29,2.0
USD1!,03/10/2026,02:33,33.28,33.28,33.28,33.28,25.0
USD1!,03/10/2026,02:49,33.28,33.28,33.28,33.28,38.0
USD1!,03/10/2026,02:55,33.27,33.28,33.27,33.28,101.0
USD1!,03/10/2026,02:56,33.27,33.28,33.27,33.28,56.0
USD1!,05/10/2026,09:45,33.32,33.33,33.32,33.33,210.0
USD1!,05/10/2026,09:46,33.33,33.33,33.32,33.33,16.0
USD1!,05/10/2026,09:47,33.32,33.33,33.32,33.32,18.0
USD1!,05/10/2026,09:48,33.32,33.33,33.32,33.33,48.0
USD1!,05/10/2026,09:49,33.33,33.34,33.33,33.34,112.0
USD1!,05/10/2026,09:50,33.34,33.34,33.32,33.33,1087.0
USD1!,05/10/2026,09:52,33.33,33.33,33.32,33.32,133.0
USD1!,05/10/2026,09:54,33.33,33.33,33.33,33.33,98.0
USD1!,05/10/2026,09:55,33.34,33.34,33.34,33.34,199.0
USD1!,05/10/2026,09:56,33.34,33.34,33.34,33.34,862.0
USD1!,05/10/2026,09:57,33.35,33.35,33.35,33.35,50.0
USD1!,05/10/2026,09:58,33.35,33.35,33.35,33.35,500.0
USD1!,05/10/2026,09:59,33.35,33.35,33.35,33.35,5.0
USD1!,05/10/2026,10:00,33.35,33.35,33.34,33.34,539.0
USD1!,05/10/2026,10:01,33.34,33.34,33.33,33.33,201.0
USD1!,05/10/2026,10:02,33.34,33.35,33.33,33.33,245.0
USD1!,05/10/2026,10:03,33.34,33.34,33.34,33.34,99.0
USD1!,05/10/2026,10:04,33.35,33.35,33.35,33.35,81.0
USD1!,05/10/2026,10:05,33.34,33.34,33.34,33.34,20.0
USD1!,05/10/2026,10:06,33.33,33.35,33.33,33.35,40.0
USD1!,05/10/2026,10:07,33.35,33.35,33.34,33.34,58.0
USD1!,05/10/2026,10:08,33.35,33.35,33.34,33.35,59.0
USD1!,05/10/2026,10:09,33.34,33.34,33.34,33.34,62.0
USD1!,05/10/2026,10:10,33.34,33.34,33.34,33.34,66.0
USD1!,05/10/2026,10:11,33.34,33.34,33.34,33.34,198.0
USD1!,05/10/2026,10:12,33.34,33.34,33.34,33.34,198.0
USD1!,05/10/2026,10:13,33.34,33.34,33.34,33.34,38.0
USD1!,05/10/2026,10:14,33.34,33.35,33.33,33.33,153.0
USD1!,05/10/2026,10:15,33.35,33.35,33.34,33.34,116.0
USD1!,05/10/2026,10:17,33.33,33.33,33.33,33.33,5.0
USD1!,05/10/2026,10:18,33.33,33.33,33.33,33.33,5.0
USD1!,05/10/2026,10:21,33.33,33.33,33.33,33.33,9.0
USD1!,05/10/2026,10:23,33.33,33.33,33.33,33.33,3.0
USD1!,05/10/2026,10:25,33.33,33.34,33.33,33.34,106.0
USD1!,05/10/2026,10:29,33.34,33.34,33.34,33.34,1.0
USD1!,05/10/2026,10:34,33.34,33.34,33.34,33.34,5.0
USD1!,05/10/2026,10:38,33.34,33.34,33.34,33.34,70.0
USD1!,05/10/2026,10:39,33.34,33.34,33.34,33.34,1.0
USD1!,05/10/2026,10:40,33.35,33.35,33.34,33.34,21.0
USD1!,05/10/2026,10:41,33.35,33.35,33.35,33.35,321.0
USD1!,05/10/2026,10:42,33.35,33.35,33.35,33.35,5.0
USD1!,05/10/2026,10:44,33.35,33.35,33.35,33.35,10.0
USD1!,05/10/2026,10:47,33.36,33.37,33.36,33.37,469.0
USD1!,05/10/2026,10:48,33.37,33.37,33.37,33.37,691.0
USD1!,05/10/2026,10:49,33.38,33.38,33.38,33.38,782.0
USD1!,05/10/2026,10:50,33.38,33.38,33.38,33.38,115.0
USD1!,05/10/2026,10:51,33.38,33.38,33.38,33.38,50.0
USD1!,05/10/2026,10:52,33.38,33.38,33.38,33.38,22.0
USD1!,05/10/2026,10:53,33.38,33.38,33.38,33.38,6.0
USD1!,05/10/2026,10:54,33.38,33.38,33.38,33.38,2.0
USD1!,05/10/2026,10:55,33.38,33.39,33.38,33.39,356.0
USD1!,05/10/2026,10:56,33.38,33.38,33.38,33.38,1.0
USD1!,05/10/2026,10:57,33.39,33.39,33.39,33.39,207.0
USD1!,05/10/2026,10:58,33.38,33.38,33.38,33.38,3.0
USD1!,05/10/2026,10:59,33.39,33.4,33.38,33.4,386.0
USD1!,05/10/2026,11:01,33.39,33.4,33.39,33.39,269.0
USD1!,05/10/2026,11:03,33.38,33.39,33.38,33.39,80.0
USD1!,05/10/2026,11:04,33.39,33.39,33.39,33.39,25.0
USD1!,05/10/2026,11:05,33.39,33.39,33.39,33.39,36.0
USD1!,05/10/2026,11:09,33.39,33.39,33.39,33.39,1.0
USD1!,05/10/2026,11:10,33.39,33.39,33.39,33.39,2.0
USD1!,05/10/2026,11:12,33.39,33.39,33.39,33.39,44.0
USD1!,05/10/2026,11:13,33.39,33.39,33.39,33.39,4.0
USD1!,05/10/2026,11:14,33.39,33.4,33.39,33.39,221.0
USD1!,05/10/2026,11:15,33.39,33.4,33.39,33.39,591.0
USD1!,05/10/2026,11:16,33.39,33.39,33.39,33.39,203.0
USD1!,05/10/2026,11:17,33.39,33.39,33.39,33.39,1.0
USD1!,05/10/2026,11:20,33.4,33.4,33.4,33.4,199.0
USD1!,05/10/2026,11:21,33.4,33.41,33.4,33.4,1379.0
USD1!,05/10/2026,11:22,33.4,33.4,33.4,33.4,2.0
USD1!,05/10/2026,11:23,33.41,33.41,33.41,33.41,1.0
USD1!,05/10/2026,11:24,33.4,33.4,33.4,33.4,33.0
USD1!,05/10/2026,11:25,33.4,33.4,33.4,33.4,7.0
USD1!,05/10/2026,11:26,33.39,33.39,33.39,33.39,1.0
USD1!,05/10/2026,11:27,33.4,33.4,33.4,33.4,20.0
USD1!,05/10/2026,11:28,33.4,33.4,33.4,33.4,15.0
USD1!,05/10/2026,11:29,33.4,33.4,33.4,33.4,2.0
USD1!,05/10/2026,11:31,33.4,33.4,33.4,33.4,11.0
USD1!,05/10/2026,11:32,33.41,33.41,33.41,33.41,800.0
USD1!,05/10/2026,11:34,33.4,33.4,33.4,33.4,20.0
USD1!,05/10/2026,11:35,33.4,33.4,33.4,33.4,20.0
USD1!,05/10/2026,11:37,33.4,33.4,33.4,33.4,32.0
USD1!,05/10/2026,11:38,33.39,33.4,33.39,33.4,285.0
USD1!,05/10/2026,11:39,33.4,33.4,33.4,33.4,51.0
USD1!,05/10/2026,11:40,33.39,33.39,33.39,33.39,1.0
USD1!,05/10/2026,11:41,33.39,33.39,33.39,33.39,113.0
USD1!,05/10/2026,11:42,33.39,33.39,33.39,33.39,10.0
USD1!,05/10/2026,11:44,33.39,33.39,33.39,33.39,3.0
USD1!,05/10/2026,11:45,33.39,33.4,33.39,33.4,30.0
USD1!,05/10/2026,11:49,33.39,33.39,33.39,33.39,73.0
USD1!,05/10/2026,11:50,33.4,33.4,33.4,33.4,1.0
USD1!,05/10/2026,11:51,33.4,33.4,33.4,33.4,13.0
USD1!,05/10/2026,11:54,33.39,33.39,33.39,33.39,3.0
USD1!,05/10/2026,11:56,33.39,33.4,33.39,33.4,264.0
USD1!,05/10/2026,11:57,33.4,33.4,33.4,33.4,180.0
USD1!,05/10/2026,11:58,33.4,33.4,33.4,33.4,49.0
USD1!,05/10/2026,11:59,33.4,33.4,33.4,33.4,106.0
USD1!,05/10/2026,12:00,33.4,33.41,33.4,33.41,22.0
USD1!,05/10/2026,12:01,33.4,33.4,33.4,33.4,13.0
USD1!,05/10/2026,12:02,33.4,33.4,33.4,33.4,1.0
USD1!,05/10/2026,12:07,33.4,33.4,33.4,33.4,2.0
USD1!,05/10/2026,12:09,33.4,33.4,33.4,33.4,2.0
USD1!,05/10/2026,12:11,33.4,33.4,33.4,33.4,1.0
USD1!,05/10/2026,12:12,33.4,33.4,33.4,33.4,40.0
USD1!,05/10/2026,12:13,33.4,33.4,33.4,33.4,11.0
USD1!,05/10/2026,12:14,33.41,33.41,33.4,33.4,9.0
USD1!,05/10/2026,12:15,33.4,33.4,33.4,33.4,100.0
USD1!,05/10/2026,12:16,33.41,33.41,33.41,33.41,413.0
USD1!,05/10/2026,12:17,33.41,33.41,33.41,33.41,32.0
USD1!,05/10/2026,12:18,33.41,33.41,33.41,33.41,31.0
USD1!,05/10/2026,12:19,33.41,33.41,33.41,33.41,20.0
USD1!,05/10/2026,12:21,33.41,33.41,33.41,33.41,2.0
USD1!,05/10/2026,12:22,33.41,33.41,33.41,33.41,3.0
USD1!,05/10/2026,12:24,33.4,33.4,33.4,33.4,38.0
USD1!,05/10/2026,12:26,33.4,33.4,33.4,33.4,10.0
USD1!,05/10/2026,12:29,33.41,33.41,33.41,33.41,1.0
USD1!,05/10/2026,13:45,33.39,33.42,33.39,33.42,178.0
USD1!,05/10/2026,13:46,33.4,33.4,33.4,33.4,3.0
USD1!,05/10/2026,13:47,33.4,33.4,33.4,33.4,2.0
USD1!,05/10/2026,13:48,33.4,33.4,33.4,33.4,23.0
USD1!,05/10/2026,13:52,33.4,33.41,33.4,33.41,4.0
USD1!,05/10/2026,13:53,33.41,33.41,33.41,33.41,6.0
USD1!,05/10/2026,13:54,33.41,33.41,33.39,33.39,64.0
USD1!,05/10/2026,13:55,33.4,33.4,33.4,33.4,198.0
USD1!,05/10/2026,14:00,33.39,33.39,33.38,33.38,40.0
USD1!,05/10/2026,14:01,33.39,33.4,33.39,33.4,27.0
USD1!,05/10/2026,14:03,33.4,33.4,33.4,33.4,5.0
USD1!,05/10/2026,14:04,33.4,33.4,33.4,33.4,2.0
USD1!,05/10/2026,14:06,33.4,33.4,33.4,33.4,14.0
USD1!,05/10/2026,14:08,33.39,33.39,33.39,33.39,20.0
USD1!,05/10/2026,14:09,33.4,33.4,33.4,33.4,39.0
USD1!,05/10/2026,14:10,33.4,33.4,33.4,33.4,7.0
USD1!,05/10/2026,14:11,33.4,33.41,33.4,33.41,181.0
USD1!,05/10/2026,14:13,33.4,33.4,33.4,33.4,20.0
USD1!,05/10/2026,14:15,33.4,33.4,33.4,33.4,60.0
USD1!,05/10/2026,14:16,33.4,33.4,33.4,33.4,55.0
USD1!,05/10/2026,14:17,33.4,33.4,33.4,33.4,200.0
USD1!,05/10/2026,14:18,33.4,33.4,33.4,33.4,50.0
USD1!,05/10/2026,14:20,33.41,33.41,33.41,33.41,121.0
USD1!,05/10/2026,14:27,33.4,33.4,33.4,33.4,2.0
USD1!,05/10/2026,14:32,33.4,33.4,33.4,33.4,41.0
USD1!,05/10/2026,14:37,33.39,33.39,33.39,33.39,30.0
USD1!,05/10/2026,14:39,33.38,33.38,33.38,33.38,1.0
USD1!,05/10/2026,14:40,33.38,33.38,33.38,33.38,24.0
USD1!,05/10/2026,14:41,33.37,33.38,33.37,33.37,104.0
USD1!,05/10/2026,14:42,33.37,33.37,33.37,33.37,2.0
USD1!,05/10/2026,14:43,33.36,33.37,33.36,33.37,298.0
USD1!,05/10/2026,14:44,33.37,33.37,33.37,33.37,2.0
USD1!,05/10/2026,14:45,33.37,33.37,33.36,33.36,150.0
USD1!,05/10/2026,14:46,33.37,33.37,33.37,33.37,5.0
USD1!,05/10/2026,14:47,33.38,33.38,33.38,33.38,198.0
USD1!,05/10/2026,14:48,33.38,33.38,33.37,33.38,1004.0
USD1!,05/10/2026,14:50,33.38,33.38,33.38,33.38,10.0
USD1!,05/10/2026,14:58,33.38,33.38,33.38,33.38,4.0
USD1!,05/10/2026,15:00,33.38,33.38,33.38,33.38,20.0
USD1!,05/10/2026,15:03,33.37,33.37,33.37,33.37,5.0
USD1!,05/10/2026,15:05,33.37,33.37,33.37,33.37,1.0
USD1!,05/10/2026,15:06,33.37,33.37,33.37,33.37,1.0
USD1!,05/10/2026,15:07,33.37,33.37,33.37,33.37,1.0
USD1!,05/10/2026,15:13,33.37,33.37,33.37,33.37,1.0
USD1!,05/10/2026,15:14,33.37,33.37,33.37,33.37,1.0
USD1!,05/10/2026,15:18,33.37,33.37,33.37,33.37,30.0
USD1!,05/10/2026,15:20,33.37,33.37,33.37,33.37,30.0
USD1!,05/10/2026,15:21,33.37,33.37,33.37,33.37,50.0
USD1!,05/10/2026,15:22,33.37,33.38,33.37,33.37,643.0
USD1!,05/10/2026,15:23,33.37,33.37,33.37,33.37,10.0
USD1!,05/10/2026,15:24,33.37,33.37,33.37,33.37,223.0
USD1!,05/10/2026,15:27,33.37,33.37,33.37,33.37,150.0
USD1!,05/10/2026,15:34,33.38,33.38,33.38,33.38,48.0
USD1!,05/10/2026,15:35,33.39,33.39,33.39,33.39,4.0
USD1!,05/10/2026,15:37,33.39,33.39,33.39,33.39,3.0
USD1!,05/10/2026,15:41,33.39,33.39,33.39,33.39,1.0
USD1!,05/10/2026,15:42,33.39,33.39,33.39,33.39,6.0
USD1!,05/10/2026,15:45,33.4,33.4,33.4,33.4,214.0
USD1!,05/10/2026,15:47,33.4,33.4,33.4,33.4,1.0
USD1!,05/10/2026,15:48,33.4,33.4,33.4,33.4,5.0
USD1!,05/10/2026,15:49,33.39,33.39,33.39,33.39,38.0
USD1!,05/10/2026,15:50,33.38,33.39,33.38,33.39,87.0
USD1!,05/10/2026,15:51,33.38,33.38,33.38,33.38,39.0
USD1!,05/10/2026,15:52,33.38,33.38,33.38,33.38,81.0
USD1!,05/10/2026,15:53,33.39,33.39,33.39,33.39,175.0
USD1!,05/10/2026,15:54,33.4,33.4,33.4,33.4,1.0
USD1!,05/10/2026,16:01,33.39,33.39,33.39,33.39,102.0
USD1!,05/10/2026,16:07,33.39,33.39,33.39,33.39,1.0
USD1!,05/10/2026,16:14,33.38,33.38,33.38,33.38,3.0
USD1!,05/10/2026,16:18,33.39,33.39,33.39,33.39,31.0
USD1!,05/10/2026,16:24,33.38,33.38,33.38,33.38,9.0
USD1!,05/10/2026,16:28,33.39,33.39,33.39,33.39,1.0
USD1!,05/10/2026,16:32,33.39,33.39,33.39,33.39,11.0
USD1!,05/10/2026,16:33,33.39,33.39,33.39,33.39,2.0
USD1!,05/10/2026,16:34,33.4,33.4,33.4,33.4,500.0
USD1!,05/10/2026,16:35,33.39,33.39,33.39,33.39,2.0
USD1!,05/10/2026,16:37,33.4,33.4,33.4,33.4,23.0
USD1!,05/10/2026,16:38,33.4,33.4,33.4,33.4,20.0
USD1!,05/10/2026,16:40,33.4,33.4,33.39,33.39,69.0
USD1!,05/10/2026,16:42,33.4,33.4,33.4,33.4,7.0
USD1!,05/10/2026,16:44,33.41,33.41,33.41,33.41,334.0
USD1!,05/10/2026,16:45,33.41,33.41,33.41,33.41,6.0
USD1!,05/10/2026,16:47,33.41,33.41,33.41,33.41,13.0
USD1!,05/10/2026,16:48,33.41,33.42,33.41,33.42,141.0
USD1!,05/10/2026,16:49,33.42,33.42,33.42,33.42,3.0
USD1!,05/10/2026,16:51,33.41,33.41,33.41,33.41,28.0
USD1!,05/10/2026,16:52,33.41,33.41,33.41,33.41,2.0
USD1!,05/10/2026,16:53,33.41,33.41,33.41,33.41,18.0
USD1!,05/10/2026,16:54,33.41,33.41,33.41,33.41,10.0
USD1!,05/10/2026,18:50,33.41,33.41,33.41,33.41,48.0
USD1!,05/10/2026,18:52,33.41,33.41,33.41,33.41,5.0
USD1!,05/10/2026,18:54,33.41,33.42,33.41,33.42,105.0
USD1!,05/10/2026,18:55,33.42,33.42,33.42,33.42,4.0
USD1!,05/10/2026,18:56,33.41,33.41,33.41,33.41,1.0
USD1!,05/10/2026,18:57,33.41,33.41,33.41,33.41,1.0
USD1!,05/10/2026,18:58,33.41,33.41,33.41,33.41,1.0
USD1!,05/10/2026,18:59,33.41,33.41,33.41,33.41,76.0
USD1!,05/10/2026,19:00,33.41,33.41,33.41,33.41,1.0
USD1!,05/10/2026,19:01,33.41,33.41,33.41,33.41,3.0
USD1!,05/10/2026,19:02,33.41,33.41,33.41,33.41,1.0
USD1!,05/10/2026,19:03,33.41,33.41,33.41,33.41,3.0
USD1!,05/10/2026,19:05,33.41,33.41,33.4,33.4,38.0
USD1!,05/10/2026,19:08,33.4,33.4,33.4,33.4,1.0
USD1!,05/10/2026,19:10,33.41,33.41,33.41,33.41,7.0
USD1!,05/10/2026,19:11,33.41,33.41,33.41,33.41,2.0
USD1!,05/10/2026,19:12,33.41,33.41,33.41,33.41,5.0
USD1!,05/10/2026,19:13,33.41,33.41,33.4,33.4,38.0
USD1!,05/10/2026,19:17,33.41,33.41,33.41,33.41,34.0
USD1!,05/10/2026,19:19,33.41,33.41,33.41,33.41,10.0
USD1!,05/10/2026,19:23,33.42,33.42,33.41,33.41,30.0
USD1!,05/10/2026,19:27,33.41,33.41,33.41,33.41,1.0
USD1!,05/10/2026,19:31,33.41,33.41,33.41,33.41,20.0
USD1!,05/10/2026,19:33,33.41,33.41,33.41,33.41,15.0
USD1!,05/10/2026,19:38,33.41,33.41,33.41,33.41,10.0
USD1!,05/10/2026,19:41,33.41,33.41,33.41,33.41,1.0
USD1!,05/10/2026,19:43,33.41,33.41,33.41,33.41,6.0
USD1!,05/10/2026,19:44,33.41,33.41,33.41,33.41,5.0
USD1!,05/10/2026,19:45,33.41,33.41,33.41,33.41,1.0
USD1!,05/10/2026,19:46,33.41,33.41,33.41,33.41,3.0
USD1!,05/10/2026,19:48,33.42,33.42,33.42,33.42,49.0
USD1!,05/10/2026,19:50,33.42,33.42,33.42,33.42,2.0
USD1!,05/10/2026,19:52,33.42,33.42,33.42,33.42,5.0
USD1!,05/10/2026,19:53,33.42,33.42,33.42,33.42,50.0
USD1!,05/10/2026,19:54,33.42,33.42,33.41,33.42,27.0
USD1!,05/10/2026,19:55,33.42,33.42,33.42,33.42,4.0
USD1!,05/10/2026,19:57,33.42,33.42,33.42,33.42,5.0
USD1!,05/10/2026,20:01,33.42,33.42,33.42,33.42,21.0
USD1!,05/10/2026,20:05,33.42,33.42,33.42,33.42,2.0
USD1!,05/10/2026,20:12,33.42,33.42,33.42,33.42,1.0
USD1!,05/10/2026,20:14,33.41,33.41,33.41,33.41,42.0
USD1!,05/10/2026,20:24,33.41,33.41,33.41,33.41,10.0
USD1!,05/10/2026,20:29,33.41,33.41,33.41,33.41,104.0
USD1!,05/10/2026,20:33,33.42,33.42,33.42,33.42,234.0
USD1!,05/10/2026,20:35,33.42,33.42,33.42,33.42,69.0
USD1!,05/10/2026,20:36,33.41,33.41,33.41,33.41,16.0
USD1!,05/10/2026,20:37,33.42,33.42,33.42,33.42,31.0
USD1!,05/10/2026,20:38,33.42,33.42,33.42,33.42,135.0
USD1!,05/10/2026,20:42,33.41,33.41,33.41,33.41,561.0
USD1!,05/10/2026,20:44,33.41,33.41,33.41,33.41,50.0
USD1!,05/10/2026,20:45,33.41,33.41,33.41,33.41,10.0
USD1!,05/10/2026,20:46,33.41,33.41,33.41,33.41,310.0
USD1!,05/10/2026,20:47,33.41,33.41,33.41,33.41,68.0
USD1!,05/10/2026,20:48,33.41,33.41,33.41,33.41,4.0
USD1!,05/10/2026,20:50,33.41,33.41,33.41,33.41,61.0
USD1!,05/10/2026,20:53,33.41,33.41,33.41,33.41,130.0
USD1!,05/10/2026,20:56,33.41,33.41,33.41,33.41,8.0
USD1!,05/10/2026,21:00,33.4,33.4,33.4,33.4,38.0
USD1!,05/10/2026,21:01,33.4,33.4,33.4,33.4,131.0
USD1!,05/10/2026,21:02,33.4,33.4,33.4,33.4,129.0
USD1!,05/10/2026,21:03,33.4,33.4,33.4,33.4,2.0
USD1!,05/10/2026,21:05,33.41,33.41,33.41,33.41,129.0
USD1!,05/10/2026,21:06,33.42,33.42,33.42,33.42,220.0
USD1!,05/10/2026,21:08,33.4,33.4,33.4,33.4,14.0
USD1!,05/10/2026,21:10,33.41,33.41,33.41,33.41,1.0
USD1!,05/10/2026,21:11,33.4,33.4,33.4,33.4,1.0
USD1!,05/10/2026,21:12,33.4,33.4,33.4,33.4,2.0
USD1!,05/10/2026,21:21,33.41,33.41,33.41,33.41,50.0
USD1!,05/10/2026,21:24,33.41,33.41,33.41,33.41,83.0
USD1!,05/10/2026,21:26,33.41,33.42,33.4,33.4,43.0
USD1!,05/10/2026,21:28,33.42,33.42,33.42,33.42,4.0
USD1!,05/10/2026,21:29,33.41,33.41,33.41,33.41,2.0
USD1!,05/10/2026,21:30,33.41,33.41,33.41,33.41,1.0
USD1!,05/10/2026,21:31,33.41,33.41,33.41,33.41,2.0
USD1!,05/10/2026,21:32,33.41,33.41,33.41,33.41,1.0
USD1!,05/10/2026,21:38,33.42,33.42,33.42,33.42,1.0
USD1!,05/10/2026,21:42,33.41,33.41,33.4,33.4,38.0
USD1!,05/10/2026,21:48,33.4,33.4,33.39,33.39,38.0
USD1!,05/10/2026,21:53,33.39,33.39,33.39,33.39,38.0
USD1!,05/10/2026,21:54,33.39,33.39,33.39,33.39,61.0
USD1!,05/10/2026,21:56,33.39,33.39,33.39,33.39,1.0
USD1!,05/10/2026,21:57,33.38,33.38,33.38,33.38,1.0
USD1!,05/10/2026,22:00,33.39,33.39,33.39,33.39,40.0
USD1!,05/10/2026,22:01,33.39,33.39,33.39,33.39,1.0
USD1!,05/10/2026,22:03,33.39,33.39,33.39,33.39,65.0
USD1!,05/10/2026,22:07,33.39,33.39,33.39,33.39,67.0
USD1!,05/10/2026,22:11,33.39,33.39,33.39,33.39,10.0
USD1!,05/10/2026,22:12,33.4,33.4,33.4,33.4,30.0
USD1!,05/10/2026,22:13,33.39,33.39,33.39,33.39,67.0
USD1!,05/10/2026,22:15,33.4,33.4,33.39,33.39,3.0
USD1!,05/10/2026,22:16,33.39,33.39,33.39,33.39,1.0
USD1!,05/10/2026,22:17,33.4,33.4,33.4,33.4,151.0
USD1!,05/10/2026,22:21,33.4,33.4,33.4,33.4,38.0
USD1!,05/10/2026,22:22,33.41,33.41,33.41,33.41,38.0
USD1!,05/10/2026,22:27,33.4,33.4,33.4,33.4,1.0
USD1!,05/10/2026,22:28,33.4,33.4,33.4,33.4,104.0
USD1!,05/10/2026,22:29,33.4,33.4,33.4,33.4,14.0
USD1!,05/10/2026,22:30,33.4,33.4,33.4,33.4,13.0
USD1!,05/10/2026,22:31,33.4,33.4,33.4,33.4,1.0
USD1!,05/10/2026,22:33,33.4,33.4,33.4,33.4,1.0
USD1!,05/10/2026,22:36,33.4,33.4,33.4,33.4,84.0
USD1!,05/10/2026,22:38,33.41,33.41,33.41,33.41,2.0
USD1!,05/10/2026,22:41,33.39,33.39,33.39,33.39,1.0
USD1!,05/10/2026,22:43,33.4,33.4,33.4,33.4,1.0
USD1!,05/10/2026,22:44,33.4,33.4,33.4,33.4,199.0
USD1!,05/10/2026,22:49,33.4,33.41,33.4,33.41,7.0
USD1!,05/10/2026,22:52,33.41,33.41,33.4,33.4,2.0
USD1!,05/10/2026,22:53,33.4,33.4,33.4,33.4,10.0
USD1!,05/10/2026,22:58,33.4,33.4,33.4,33.4,45.0
USD1!,05/10/2026,23:00,33.39,33.4,33.39,33.4,23.0
USD1!,05/10/2026,23:01,33.4,33.4,33.4,33.4,50.0
USD1!,05/10/2026,23:04,33.4,33.4,33.4,33.4,2.0
USD1!,05/10/2026,23:07,33.41,33.41,33.41,33.41,186.0
USD1!,05/10/2026,23:08,33.41,33.41,33.41,33.41,20.0
USD1!,05/10/2026,23:10,33.4,33.4,33.39,33.39,11.0
USD1!,05/10/2026,23:11,33.41,33.41,33.41,33.41,119.0
USD1!,05/10/2026,23:17,33.41,33.41,33.41,33.41,11.0
USD1!,05/10/2026,23:18,33.39,33.39,33.39,33.39,2.0
USD1!,05/10/2026,23:19,33.41,33.41,33.41,33.41,67.0
USD1!,05/10/2026,23:21,33.41,33.41,33.41,33.41,3.0
USD1!,05/10/2026,23:22,33.41,33.41,33.41,33.41,60.0
USD1!,05/10/2026,23:24,33.41,33.41,33.41,33.41,107.0
USD1!,05/10/2026,23:27,33.41,33.41,33.4,33.41,224.0
USD1!,05/10/2026,23:29,33.41,33.41,33.41,33.41,50.0
USD1!,05/10/2026,23:32,33.41,33.42,33.4,33.42,37.0
USD1!,05/10/2026,23:33,33.4,33.4,33.4,33.4,1.0
USD1!,05/10/2026,23:35,33.41,33.41,33.41,33.41,55.0
USD1!,05/10/2026,23:46,33.41,33.41,33.41,33.41,5.0
USD1!,05/10/2026,23:59,33.41,33.41,33.4,33.4,21.0
USD1!,06/10/2026,00:02,33.41,33.41,33.41,33.41,3.0
USD1!,06/10/2026,00:05,33.41,33.41,33.41,33.41,10.0
USD1!,06/10/2026,00:10,33.42,33.42,33.42,33.42,444.0
USD1!,06/10/2026,00:11,33.42,33.42,33.42,33.42,78.0
USD1!,06/10/2026,00:22,33.43,33.43,33.43,33.43,346.0
USD1!,06/10/2026,00:25,33.41,33.41,33.41,33.41,1.0
USD1!,06/10/2026,00:27,33.42,33.42,33.42,33.42,21.0
USD1!,06/10/2026,00:30,33.42,33.42,33.42,33.42,56.0
USD1!,06/10/2026,00:58,33.4,33.4,33.4,33.4,50.0
USD1!,06/10/2026,01:00,33.41,33.41,33.4,33.4,30.0
USD1!,06/10/2026,01:05,33.4,33.4,33.4,33.4,67.0
USD1!,06/10/2026,01:10,33.39,33.39,33.39,33.39,40.0
USD1!,06/10/2026,01:17,33.4,33.4,33.4,33.4,2.0
USD1!,06/10/2026,01:19,33.4,33.4,33.4,33.4,2.0
USD1!,06/10/2026,01:35,33.4,33.4,33.4,33.4,10.0
USD1!,06/10/2026,01:36,33.41,33.41,33.41,33.41,177.0
USD1!,06/10/2026,01:37,33.4,33.4,33.4,33.4,60.0
USD1!,06/10/2026,01:58,33.39,33.39,33.39,33.39,76.0
USD1!,06/10/2026,09:45,33.4,33.4,33.39,33.39,113.0
USD1!,06/10/2026,09:46,33.39,33.4,33.39,33.39,12.0
USD1!,06/10/2026,09:47,33.4,33.4,33.4,33.4,1.0
USD1!,06/10/2026,09:48,33.4,33.4,33.4,33.4,41.0
USD1!,06/10/2026,09:49,33.4,33.4,33.4,33.4,2.0
USD1!,06/10/2026,09:50,33.39,33.4,33.39,33.4,46.0
USD1!,06/10/2026,09:51,33.39,33.39,33.39,33.39,58.0
USD1!,06/10/2026,09:52,33.39,33.4,33.39,33.39,102.0
USD1!,06/10/2026,09:53,33.39,33.4,33.38,33.4,18.0
USD1!,06/10/2026,09:55,33.39,33.39,33.39,33.39,20.0
USD1!,06/10/2026,09:56,33.39,33.39,33.39,33.39,10.0
USD1!,06/10/2026,09:57,33.39,33.39,33.39,33.39,20.0
USD1!,06/10/2026,09:59,33.39,33.39,33.39,33.39,6.0
USD1!,06/10/2026,10:00,33.39,33.39,33.39,33.39,1.0
USD1!,06/10/2026,10:01,33.39,33.39,33.39,33.39,5.0
USD1!,06/10/2026,10:11,33.38,33.38,33.37,33.37,173.0
USD1!,06/10/2026,10:12,33.37,33.37,33.37,33.37,4.0
USD1!,06/10/2026,10:13,33.37,33.38,33.37,33.38,5.0
USD1!,06/10/2026,10:15,33.38,33.38,33.38,33.38,228.0
USD1!,06/10/2026,10:16,33.38,33.38,33.38,33.38,3.0
USD1!,06/10/2026,10:17,33.37,33.37,33.37,33.37,2.0
USD1!,06/10/2026,10:18,33.37,33.37,33.37,33.37,95.0
USD1!,06/10/2026,10:21,33.37,33.37,33.37,33.37,2.0
USD1!,06/10/2026,10:22,33.36,33.36,33.36,33.36,56.0
USD1!,06/10/2026,10:23,33.36,33.36,33.36,33.36,10.0
USD1!,06/10/2026,10:24,33.36,33.36,33.36,33.36,20.0
USD1!,06/10/2026,10:25,33.36,33.36,33.36,33.36,12.0
USD1!,06/10/2026,10:26,33.36,33.36,33.36,33.36,5.0
USD1!,06/10/2026,10:27,33.36,33.36,33.36,33.36,1.0
USD1!,06/10/2026,10:29,33.36,33.36,33.36,33.36,225.0
USD1!,06/10/2026,10:30,33.36,33.37,33.36,33.36,61.0
USD1!,06/10/2026,10:34,33.37,33.37,33.37,33.37,5.0
USD1!,06/10/2026,10:42,33.37,33.37,33.37,33.37,1.0
USD1!,06/10/2026,10:43,33.37,33.37,33.37,33.37,1.0
USD1!,06/10/2026,10:47,33.37,33.37,33.37,33.37,7.0
USD1!,06/10/2026,10:48,33.38,33.38,33.38,33.38,1.0
USD1!,06/10/2026,10:50,33.38,33.38,33.38,33.38,1.0
USD1!,06/10/2026,10:51,33.37,33.37,33.37,33.37,4.0
USD1!,06/10/2026,10:52,33.37,33.37,33.37,33.37,10.0
USD1!,06/10/2026,10:56,33.38,33.38,33.38,33.38,1.0
USD1!,06/10/2026,10:58,33.37,33.37,33.37,33.37,502.0
USD1!,06/10/2026,10:59,33.36,33.37,33.36,33.37,6.0
USD1!,06/10/2026,11:00,33.37,33.37,33.37,33.37,1.0
USD1!,06/10/2026,11:02,33.37,33.37,33.37,33.37,18.0
USD1!,06/10/2026,11:05,33.37,33.37,33.36,33.36,1003.0
USD1!,06/10/2026,11:06,33.37,33.37,33.37,33.37,2.0
USD1!,06/10/2026,11:07,33.37,33.37,33.37,33.37,2.0
USD1!,06/10/2026,11:08,33.38,33.38,33.38,33.38,1.0
USD1!,06/10/2026,11:09,33.38,33.38,33.38,33.38,3.0
USD1!,06/10/2026,11:11,33.37,33.37,33.37,33.37,10.0
USD1!,06/10/2026,11:12,33.38,33.38,33.38,33.38,5.0
USD1!,06/10/2026,11:17,33.37,33.37,33.37,33.37,1.0
USD1!,06/10/2026,11:19,33.38,33.38,33.38,33.38,211.0
USD1!,06/10/2026,11:21,33.38,33.38,33.38,33.38,5.0
USD1!,06/10/2026,11:22,33.37,33.37,33.37,33.37,199.0
USD1!,06/10/2026,11:28,33.37,33.37,33.37,33.37,3.0
USD1!,06/10/2026,11:29,33.37,33.37,33.37,33.37,2.0
USD1!,06/10/2026,11:35,33.38,33.38,33.38,33.38,10.0
USD1!,06/10/2026,11:39,33.38,33.38,33.38,33.38,92.0
USD1!,06/10/2026,11:42,33.39,33.39,33.39,33.39,3.0
USD1!,06/10/2026,11:44,33.39,33.39,33.39,33.39,5.0
USD1!,06/10/2026,11:49,33.38,33.38,33.38,33.38,1.0
USD1!,06/10/2026,11:53,33.39,33.39,33.39,33.39,2.0
USD1!,06/10/2026,11:57,33.38,33.38,33.38,33.38,1.0
USD1!,06/10/2026,11:59,33.38,33.38,33.38,33.38,101.0
USD1!,06/10/2026,12:14,33.37,33.37,33.37,33.37,40.0
USD1!,06/10/2026,12:16,33.37,33.37,33.37,33.37,10.0
USD1!,06/10/2026,12:18,33.37,33.37,33.37,33.37,1.0
USD1!,06/10/2026,12:20,33.38,33.38,33.38,33.38,6.0
USD1!,06/10/2026,12:25,33.38,33.38,33.38,33.38,1.0
USD1!,06/10/2026,12:26,33.38,33.38,33.38,33.38,2.0
USD1!,06/10/2026,12:27,33.38,33.38,33.38,33.38,2.0
USD1!,06/10/2026,12:29,33.38,33.38,33.38,33.38,10.0
USD1!,06/10/2026,13:45,33.37,33.37,33.36,33.37,250.0
USD1!,06/10/2026,13:46,33.36,33.36,33.36,33.36,20.0
USD1!,06/10/2026,13:47,33.36,33.36,33.36,33.36,101.0
USD1!,06/10/2026,13:49,33.36,33.36,33.35,33.35,51.0
USD1!,06/10/2026,13:50,33.35,33.36,33.35,33.36,12.0
USD1!,06/10/2026,13:52,33.35,33.35,33.35,33.35,200.0
USD1!,06/10/2026,13:54,33.36,33.36,33.36,33.36,18.0
USD1!,06/10/2026,13:57,33.36,33.36,33.35,33.35,212.0
USD1!,06/10/2026,13:59,33.35,33.35,33.35,33.35,1.0
USD1!,06/10/2026,14:01,33.35,33.36,33.35,33.36,199.0
USD1!,06/10/2026,14:03,33.36,33.36,33.36,33.36,1.0
USD1!,06/10/2026,14:05,33.36,33.36,33.36,33.36,1.0
USD1!,06/10/2026,14:06,33.35,33.35,33.35,33.35,197.0
USD1!,06/10/2026,14:07,33.36,33.36,33.35,33.35,85.0
USD1!,06/10/2026,14:08,33.36,33.36,33.36,33.36,7.0
USD1!,06/10/2026,14:09,33.36,33.36,33.36,33.36,14.0
USD1!,06/10/2026,14:11,33.35,33.36,33.35,33.36,22.0
USD1!,06/10/2026,14:12,33.36,33.36,33.36,33.36,20.0
USD1!,06/10/2026,14:14,33.35,33.36,33.35,33.36,175.0
USD1!,06/10/2026,14:15,33.34,33.34,33.34,33.34,235.0
USD1!,06/10/2026,14:16,33.34,33.34,33.34,33.34,161.0
USD1!,06/10/2026,14:17,33.34,33.34,33.34,33.34,12.0
USD1!,06/10/2026,14:18,33.33,33.33,33.33,33.33,25.0
USD1!,06/10/2026,14:19,33.33,33.33,33.33,33.33,43.0
USD1!,06/10/2026,14:20,33.34,33.34,33.34,33.34,2.0
USD1!,06/10/2026,14:21,33.34,33.34,33.34,33.34,3.0
USD1!,06/10/2026,14:22,33.35,33.35,33.35,33.35,1.0
USD1!,06/10/2026,14:23,33.35,33.35,33.35,33.35,50.0
USD1!,06/10/2026,14:25,33.35,33.35,33.35,33.35,4.0
USD1!,06/10/2026,14:27,33.35,33.35,33.35,33.35,5.0
USD1!,06/10/2026,14:30,33.35,33.35,33.35,33.35,11.0
USD1!,06/10/2026,14:32,33.36,33.36,33.36,33.36,30.0
USD1!,06/10/2026,14:33,33.35,33.35,33.35,33.35,9.0
USD1!,06/10/2026,14:35,33.35,33.35,33.35,33.35,5.0
USD1!,06/10/2026,14:41,33.35,33.35,33.34,33.34,25.0
USD1!,06/10/2026,14:42,33.34,33.35,33.34,33.35,53.0
USD1!,06/10/2026,14:43,33.35,33.36,33.34,33.36,39.0
USD1!,06/10/2026,14:45,33.34,33.34,33.34,33.34,38.0
USD1!,06/10/2026,14:46,33.34,33.34,33.34,33.34,38.0
USD1!,06/10/2026,14:47,33.34,33.34,33.34,33.34,44.0
USD1!,06/10/2026,14:52,33.34,33.34,33.34,33.34,1.0
USD1!,06/10/2026,14:56,33.34,33.34,33.33,33.33,38.0
USD1!,06/10/2026,14:57,33.34,33.34,33.34,33.34,1.0
USD1!,06/10/2026,14:58,33.34,33.34,33.34,33.34,52.0
USD1!,06/10/2026,14:59,33.34,33.35,33.34,33.35,2.0
USD1!,06/10/2026,15:00,33.34,33.34,33.34,33.34,40.0
USD1!,06/10/2026,15:01,33.34,33.34,33.34,33.34,38.0
USD1!,06/10/2026,15:06,33.35,33.35,33.34,33.34,203.0
USD1!,06/10/2026,15:07,33.34,33.34,33.34,33.34,1.0
USD1!,06/10/2026,15:08,33.35,33.35,33.35,33.35,81.0
USD1!,06/10/2026,15:09,33.35,33.35,33.35,33.35,80.0
USD1!,06/10/2026,15:10,33.35,33.35,33.35,33.35,2.0
USD1!,06/10/2026,15:14,33.35,33.35,33.35,33.35,2.0
USD1!,06/10/2026,15:20,33.35,33.35,33.35,33.35,6.0
USD1!,06/10/2026,15:21,33.35,33.35,33.35,33.35,8.0
USD1!,06/10/2026,15:24,33.35,33.35,33.35,33.35,1.0
USD1!,06/10/2026,15:29,33.34,33.34,33.34,33.34,701.0
USD1!,06/10/2026,15:30,33.34,33.34,33.34,33.34,551.0
USD1!,06/10/2026,15:31,33.34,33.34,33.34,33.34,510.0
USD1!,06/10/2026,15:32,33.34,33.34,33.34,33.34,5.0
USD1!,06/10/2026,15:33,33.34,33.34,33.34,33.34,10.0
USD1!,06/10/2026,15:34,33.34,33.34,33.34,33.34,1.0
USD1!,06/10/2026,15:35,33.34,33.34,33.34,33.34,5.0
USD1!,06/10/2026,15:36,33.34,33.34,33.34,33.34,4.0
USD1!,06/10/2026,15:37,33.33,33.33,33.32,33.32,538.0
USD1!,06/10/2026,15:39,33.32,33.33,33.32,33.33,86.0
USD1!,06/10/2026,15:43,33.33,33.33,33.33,33.33,104.0
USD1!,06/10/2026,15:44,33.32,33.32,33.32,33.32,5.0
USD1!,06/10/2026,15:45,33.32,33.32,33.32,33.32,287.0
USD1!,06/10/2026,15:49,33.33,33.33,33.33,33.33,133.0
USD1!,06/10/2026,15:55,33.34,33.34,33.34,33.34,1.0
USD1!,06/10/2026,16:00,33.33,33.33,33.33,33.33,3.0
USD1!,06/10/2026,16:01,33.33,33.33,33.33,33.33,83.0
USD1!,06/10/2026,16:05,33.34,33.34,33.34,33.34,2.0
USD1!,06/10/2026,16:09,33.34,33.34,33.34,33.34,2.0
USD1!,06/10/2026,16:12,33.33,33.33,33.33,33.33,10.0
USD1!,06/10/2026,16:13,33.34,33.34,33.34,33.34,53.0
USD1!,06/10/2026,16:14,33.34,33.34,33.34,33.34,1.0
USD1!,06/10/2026,16:17,33.35,33.35,33.34,33.34,58.0
USD1!,06/10/2026,16:18,33.34,33.34,33.34,33.34,1.0
USD1!,06/10/2026,16:19,33.34,33.34,33.34,33.34,8.0
USD1!,06/10/2026,16:24,33.33,33.33,33.33,33.33,10.0
USD1!,06/10/2026,16:25,33.33,33.33,33.33,33.33,131.0
USD1!,06/10/2026,16:26,33.33,33.34,33.33,33.34,8.0
USD1!,06/10/2026,16:28,33.34,33.34,33.34,33.34,10.0
USD1!,06/10/2026,16:29,33.34,33.34,33.34,33.34,152.0
USD1!,06/10/2026,16:35,33.34,33.34,33.34,33.34,5.0
USD1!,06/10/2026,16:39,33.34,33.34,33.34,33.34,126.0
USD1!,06/10/2026,16:40,33.34,33.34,33.34,33.34,3.0
USD1!,06/10/2026,16:47,33.35,33.35,33.35,33.35,192.0
USD1!,06/10/2026,16:48,33.36,33.36,33.36,33.36,5.0
USD1!,06/10/2026,16:49,33.35,33.36,33.35,33.36,8.0
USD1!,06/10/2026,16:50,33.36,33.36,33.36,33.36,2.0
USD1!,06/10/2026,16:51,33.35,33.35,33.35,33.35,91.0
USD1!,06/10/2026,16:54,33.35,33.36,33.35,33.36,179.0
USD1!,06/10/2026,18:50,33.31,33.31,33.3,33.3,1107.0
USD1!,06/10/2026,18:51,33.3,33.31,33.3,33.31,126.0
USD1!,06/10/2026,18:52,33.3,33.3,33.3,33.3,1081.0
USD1!,06/10/2026,18:53,33.3,33.3,33.3,33.3,204.0
USD1!,06/10/2026,18:54,33.3,33.3,33.29,33.29,146.0
USD1!,06/10/2026,18:55,33.3,33.3,33.3,33.3,29.0
USD1!,06/10/2026,18:56,33.3,33.3,33.29,33.29,40.0
USD1!,06/10/2026,18:57,33.29,33.3,33.29,33.3,195.0
USD1!,06/10/2026,18:58,33.3,33.3,33.3,33.3,2.0
USD1!,06/10/2026,19:00,33.3,33.3,33.3,33.3,30.0
USD1!,06/10/2026,19:01,33.3,33.3,33.29,33.3,81.0
USD1!,06/10/2026,19:02,33.3,33.31,33.29,33.29,60.0
USD1!,06/10/2026,19:03,33.29,33.29,33.29,33.29,42.0
USD1!,06/10/2026,19:04,33.29,33.29,33.29,33.29,10.0
USD1!,06/10/2026,19:06,33.29,33.29,33.29,33.29,100.0
USD1!,06/10/2026,19:09,33.3,33.3,33.3,33.3,11.0
USD1!,06/10/2026,19:10,33.3,33.3,33.3,33.3,100.0
USD1!,06/10/2026,19:11,33.3,33.3,33.3,33.3,5.0
USD1!,06/10/2026,19:12,33.29,33.29,33.29,33.29,1.0
USD1!,06/10/2026,19:13,33.3,33.3,33.29,33.29,433.0
USD1!,06/10/2026,19:14,33.29,33.29,33.28,33.28,24.0
USD1!,06/10/2026,19:16,33.29,33.29,33.29,33.29,3.0
USD1!,06/10/2026,19:17,33.29,33.29,33.29,33.29,1.0
USD1!,06/10/2026,19:18,33.3,33.3,33.3,33.3,3.0
USD1!,06/10/2026,19:19,33.3,33.3,33.3,33.3,1.0
USD1!,06/10/2026,19:25,33.3,33.31,33.3,33.31,50.0
USD1!,06/10/2026,19:26,33.31,33.31,33.31,33.31,10.0
USD1!,06/10/2026,19:27,33.31,33.31,33.31,33.31,89.0
USD1!,06/10/2026,19:28,33.32,33.32,33.32,33.32,20.0
USD1!,06/10/2026,19:30,33.32,33.32,33.32,33.32,20.0
USD1!,06/10/2026,19:31,33.33,33.33,33.33,33.33,10.0
USD1!,06/10/2026,19:32,33.33,33.33,33.33,33.33,11.0
USD1!,06/10/2026,19:33,33.33,33.33,33.32,33.32,45.0
USD1!,06/10/2026,19:34,33.32,33.32,33.32,33.32,36.0
USD1!,06/10/2026,19:35,33.33,33.33,33.33,33.33,54.0
USD1!,06/10/2026,19:36,33.33,33.33,33.32,33.32,46.0
USD1!,06/10/2026,19:37,33.32,33.32,33.32,33.32,40.0
USD1!,06/10/2026,19:38,33.32,33.32,33.32,33.32,58.0
USD1!,06/10/2026,19:39,33.33,33.33,33.33,33.33,3.0
USD1!,06/10/2026,19:44,33.33,33.33,33.32,33.32,7.0
USD1!,06/10/2026,19:49,33.32,33.32,33.32,33.32,12.0
USD1!,06/10/2026,19:50,33.32,33.33,33.32,33.32,53.0
USD1!,06/10/2026,19:51,33.31,33.31,33.31,33.31,64.0
USD1!,06/10/2026,19:53,33.31,33.31,33.31,33.31,27.0
USD1!,06/10/2026,20:01,33.31,33.31,33.31,33.31,1.0
USD1!,06/10/2026,20:05,33.31,33.31,33.31,33.31,20.0
USD1!,06/10/2026,20:08,33.31,33.31,33.31,33.31,2.0
USD1!,06/10/2026,20:10,33.3,33.31,33.3,33.3,12.0
USD1!,06/10/2026,20:12,33.3,33.3,33.3,33.3,48.0
USD1!,06/10/2026,20:13,33.3,33.3,33.3,33.3,1.0
USD1!,06/10/2026,20:17,33.31,33.31,33.31,33.31,2.0
USD1!,06/10/2026,20:18,33.3,33.31,33.3,33.31,2.0
USD1!,06/10/2026,20:26,33.32,33.32,33.32,33.32,3.0
USD1!,06/10/2026,20:28,33.33,33.33,33.33,33.33,3.0
USD1!,06/10/2026,20:29,33.33,33.33,33.33,33.33,18.0
USD1!,06/10/2026,20:30,33.33,33.33,33.33,33.33,1.0
USD1!,06/10/2026,20:31,33.34,33.34,33.33,33.34,55.0
USD1!,06/10/2026,20:32,33.34,33.34,33.34,33.34,11.0
USD1!,06/10/2026,20:33,33.34,33.34,33.34,33.34,30.0
USD1!,06/10/2026,20:34,33.35,33.35,33.35,33.35,30.0
USD1!,06/10/2026,20:36,33.34,33.35,33.34,33.34,107.0
USD1!,06/10/2026,20:37,33.33,33.33,33.33,33.33,144.0
USD1!,06/10/2026,20:39,33.33,33.33,33.33,33.33,67.0
USD1!,06/10/2026,20:42,33.33,33.33,33.33,33.33,180.0
USD1!,06/10/2026,20:43,33.34,33.34,33.34,33.34,4.0
USD1!,06/10/2026,20:46,33.33,33.34,33.33,33.34,445.0
USD1!,06/10/2026,20:48,33.34,33.34,33.34,33.34,1.0
USD1!,06/10/2026,20:50,33.34,33.34,33.34,33.34,1.0
USD1!,06/10/2026,20:52,33.34,33.34,33.34,33.34,2.0
USD1!,06/10/2026,20:53,33.34,33.35,33.34,33.35,52.0
USD1!,06/10/2026,20:54,33.34,33.34,33.34,33.34,8.0
USD1!,06/10/2026,20:55,33.35,33.35,33.35,33.35,38.0
USD1!,06/10/2026,20:56,33.34,33.34,33.34,33.34,10.0
USD1!,06/10/2026,20:57,33.34,33.34,33.34,33.34,67.0
USD1!,06/10/2026,20:58,33.34,33.34,33.34,33.34,333.0
USD1!,06/10/2026,20:59,33.34,33.34,33.34,33.34,8.0
USD1!,06/10/2026,21:00,33.35,33.35,33.34,33.34,31.0
USD1!,06/10/2026,21:01,33.33,33.33,33.33,33.33,100.0
USD1!,06/10/2026,21:02,33.34,33.34,33.34,33.34,5.0
USD1!,06/10/2026,21:03,33.34,33.34,33.34,33.34,5.0
USD1!,06/10/2026,21:04,33.34,33.34,33.34,33.34,82.0
USD1!,06/10/2026,21:05,33.34,33.34,33.34,33.34,270.0
USD1!,06/10/2026,21:08,33.34,33.34,33.34,33.34,39.0
USD1!,06/10/2026,21:10,33.34,33.34,33.34,33.34,195.0
USD1!,06/10/2026,21:11,33.34,33.35,33.34,33.35,18.0
USD1!,06/10/2026,21:12,33.34,33.34,33.34,33.34,3.0
USD1!,06/10/2026,21:14,33.34,33.34,33.34,33.34,2.0
USD1!,06/10/2026,21:16,33.35,33.35,33.35,33.35,539.0
USD1!,06/10/2026,21:17,33.35,33.35,33.35,33.35,389.0
USD1!,06/10/2026,21:21,33.35,33.35,33.35,33.35,5.0
USD1!,06/10/2026,21:22,33.35,33.35,33.35,33.35,138.0
USD1!,06/10/2026,21:23,33.35,33.35,33.35,33.35,169.0
USD1!,06/10/2026,21:24,33.35,33.35,33.35,33.35,200.0
USD1!,06/10/2026,21:27,33.35,33.35,33.35,33.35,2.0
USD1!,06/10/2026,21:29,33.35,33.35,33.35,33.35,6.0
USD1!,06/10/2026,21:32,33.35,33.35,33.35,33.35,11.0
USD1!,06/10/2026,21:41,33.35,33.35,33.35,33.35,4.0
USD1!,06/10/2026,21:43,33.34,33.34,33.34,33.34,1.0
USD1!,06/10/2026,21:44,33.34,33.34,33.34,33.34,1.0
USD1!,06/10/2026,21:53,33.34,33.34,33.34,33.34,68.0
USD1!,06/10/2026,21:56,33.33,33.33,33.33,33.33,2.0
USD1!,06/10/2026,21:57,33.34,33.34,33.34,33.34,23.0
USD1!,06/10/2026,22:02,33.33,33.33,33.33,33.33,38.0
USD1!,06/10/2026,22:03,33.33,33.33,33.33,33.33,38.0
USD1!,06/10/2026,22:04,33.33,33.33,33.33,33.33,1.0
USD1!,06/10/2026,22:09,33.33,33.33,33.33,33.33,15.0
USD1!,06/10/2026,22:10,33.33,33.33,33.33,33.33,1.0
USD1!,06/10/2026,22:15,33.33,33.33,33.32,33.32,138.0
USD1!,06/10/2026,22:17,33.33,33.33,33.33,33.33,1.0
USD1!,06/10/2026,22:20,33.34,33.34,33.34,33.34,20.0
USD1!,06/10/2026,22:33,33.34,33.34,33.34,33.34,280.0
USD1!,06/10/2026,22:34,33.32,33.32,33.32,33.32,76.0
USD1!,06/10/2026,22:42,33.32,33.32,33.32,33.32,3.0
USD1!,06/10/2026,22:48,33.33,33.33,33.33,33.33,46.0
USD1!,06/10/2026,22:50,33.33,33.33,33.33,33.33,2.0
USD1!,06/10/2026,22:53,33.33,33.33,33.33,33.33,305.0
USD1!,06/10/2026,23:08,33.33,33.33,33.33,33.33,42.0
USD1!,06/10/2026,23:10,33.33,33.33,33.33,33.33,15.0
USD1!,06/10/2026,23:11,33.34,33.34,33.34,33.34,21.0
USD1!,06/10/2026,23:48,33.34,33.35,33.34,33.35,58.0
USD1!,06/10/2026,23:54,33.34,33.35,33.34,33.35,76.0
USD1!,07/10/2026,00:07,33.34,33.35,33.34,33.35,50.0
USD1!,07/10/2026,00:14,33.33,33.33,33.33,33.33,30.0
USD1!,07/10/2026,00:23,33.34,33.34,33.34,33.34,38.0
USD1!,07/10/2026,00:33,33.34,33.34,33.34,33.34,38.0
USD1!,07/10/2026,00:40,33.34,33.34,33.34,33.34,82.0
USD1!,07/10/2026,00:43,33.33,33.33,33.33,33.33,76.0
USD1!,07/10/2026,01:03,33.33,33.33,33.33,33.33,38.0
USD1!,07/10/2026,01:06,33.33,33.33,33.33,33.33,1.0
USD1!,07/10/2026,01:07,33.33,33.33,33.33,33.33,226.0
USD1!,07/10/2026,01:12,33.32,33.32,33.32,33.32,38.0
USD1!,07/10/2026,01:17,33.32,33.32,33.32,33.32,38.0
USD1!,07/10/2026,01:18,33.32,33.32,33.32,33.32,38.0
USD1!,07/10/2026,01:27,33.33,33.33,33.33,33.33,3.0
USD1!,07/10/2026,01:35,33.34,33.34,33.34,33.34,32.0
USD1!,07/10/2026,01:36,33.34,33.34,33.34,33.34,5.0
USD1!,07/10/2026,01:37,33.34,33.34,33.34,33.34,35.0
USD1!,07/10/2026,01:48,33.33,33.33,33.33,33.33,38.0
USD1!,07/10/2026,01:49,33.33,33.33,33.33,33.33,1.0
USD1!,07/10/2026,01:55,33.33,33.33,33.33,33.33,38.0
USD1!,07/10/2026,01:57,33.33,33.33,33.33,33.33,17.0
USD1!,07/10/2026,02:01,33.34,33.34,33.34,33.34,60.0
USD1!,07/10/2026,02:03,33.33,33.33,33.33,33.33,1.0
USD1!,07/10/2026,02:08,33.33,33.33,33.33,33.33,1.0
USD1!,07/10/2026,02:28,33.34,33.34,33.34,33.34,30.0
USD1!,07/10/2026,02:29,33.33,33.33,33.33,33.33,5.0
USD1!,07/10/2026,02:30,33.33,33.33,33.33,33.33,5.0
USD1!,07/10/2026,02:32,33.33,33.33,33.33,33.33,5.0
USD1!,07/10/2026,02:33,33.33,33.33,33.33,33.33,12.0
USD1!,07/10/2026,02:35,33.33,33.33,33.33,33.33,2.0
USD1!,07/10/2026,02:36,33.33,33.33,33.33,33.33,3.0
USD1!,07/10/2026,02:42,33.34,33.34,33.34,33.34,30.0
USD1!,07/10/2026,02:54,33.34,33.34,33.34,33.34,85.0
USD1!,07/10/2026,09:45,33.37,33.38,33.37,33.38,422.0
USD1!,07/10/2026,09:48,33.38,33.38,33.38,33.38,32.0
USD1!,07/10/2026,09:49,33.38,33.39,33.38,33.39,3.0
USD1!,07/10/2026,09:50,33.39,33.39,33.39,33.39,5.0
USD1!,07/10/2026,09:51,33.39,33.39,33.38,33.38,270.0
USD1!,07/10/2026,09:53,33.38,33.38,33.38,33.38,10.0
USD1!,07/10/2026,09:55,33.39,33.39,33.39,33.39,1.0
USD1!,07/10/2026,09:57,33.39,33.39,33.39,33.39,4.0
USD1!,07/10/2026,09:58,33.39,33.39,33.39,33.39,54.0
USD1!,07/10/2026,09:59,33.39,33.39,33.38,33.39,735.0
USD1!,07/10/2026,10:00,33.38,33.39,33.38,33.39,101.0
USD1!,07/10/2026,10:03,33.39,33.39,33.39,33.39,1.0
USD1!,07/10/2026,10:05,33.39,33.39,33.39,33.39,20.0
USD1!,07/10/2026,10:07,33.38,33.38,33.38,33.38,2.0
USD1!,07/10/2026,10:09,33.38,33.38,33.38,33.38,1.0
USD1!,07/10/2026,10:13,33.38,33.38,33.38,33.38,10.0
USD1!,07/10/2026,10:14,33.39,33.39,33.38,33.39,41.0
USD1!,07/10/2026,10:15,33.39,33.39,33.39,33.39,14.0
USD1!,07/10/2026,10:16,33.39,33.39,33.39,33.39,1.0
USD1!,07/10/2026,10:19,33.38,33.38,33.38,33.38,10.0
USD1!,07/10/2026,10:20,33.38,33.39,33.38,33.39,65.0
USD1!,07/10/2026,10:25,33.39,33.39,33.38,33.39,1143.0
USD1!,07/10/2026,10:26,33.38,33.38,33.38,33.38,1266.0
USD1!,07/10/2026,10:27,33.38,33.38,33.37,33.37,132.0
USD1!,07/10/2026,10:28,33.37,33.37,33.37,33.37,10.0
USD1!,07/10/2026,10:29,33.38,33.38,33.38,33.38,101.0
USD1!,07/10/2026,10:30,33.38,33.38,33.38,33.38,4.0
USD1!,07/10/2026,10:31,33.38,33.38,33.38,33.38,100.0
USD1!,07/10/2026,10:33,33.37,33.37,33.37,33.37,10.0
USD1!,07/10/2026,10:34,33.37,33.37,33.37,33.37,1.0
USD1!,07/10/2026,10:36,33.37,33.37,33.37,33.37,1857.0
USD1!,07/10/2026,10:37,33.37,33.37,33.37,33.37,20.0
USD1!,07/10/2026,10:38,33.37,33.37,33.37,33.37,1.0
USD1!,07/10/2026,10:40,33.37,33.37,33.37,33.37,274.0
USD1!,07/10/2026,10:41,33.37,33.37,33.37,33.37,13.0
USD1!,07/10/2026,10:42,33.37,33.37,33.37,33.37,5.0
USD1!,07/10/2026,10:44,33.37,33.37,33.37,33.37,936.0
USD1!,07/10/2026,10:45,33.36,33.37,33.36,33.37,13.0
USD1!,07/10/2026,10:46,33.36,33.36,33.36,33.36,30.0
USD1!,07/10/2026,10:49,33.36,33.36,33.36,33.36,20.0
USD1!,07/10/2026,10:52,33.36,33.37,33.36,33.37,36.0
USD1!,07/10/2026,10:53,33.37,33.37,33.37,33.37,2.0
USD1!,07/10/2026,10:54,33.36,33.36,33.36,33.36,13.0
USD1!,07/10/2026,10:55,33.37,33.37,33.37,33.37,2.0
USD1!,07/10/2026,10:56,33.36,33.36,33.36,33.36,19.0
USD1!,07/10/2026,10:57,33.37,33.37,33.37,33.37,11.0
USD1!,07/10/2026,10:58,33.37,33.37,33.37,33.37,2.0
USD1!,07/10/2026,10:59,33.37,33.37,33.37,33.37,5.0
USD1!,07/10/2026,11:00,33.37,33.38,33.37,33.38,11.0
USD1!,07/10/2026,11:01,33.37,33.37,33.37,33.37,2.0
USD1!,07/10/2026,11:12,33.37,33.37,33.37,33.37,5.0
USD1!,07/10/2026,11:16,33.37,33.37,33.37,33.37,20.0
USD1!,07/10/2026,11:17,33.38,33.38,33.38,33.38,144.0
USD1!,07/10/2026,11:20,33.36,33.36,33.36,33.36,1.0
USD1!,07/10/2026,11:22,33.36,33.36,33.36,33.36,200.0
USD1!,07/10/2026,11:23,33.36,33.36,33.36,33.36,8.0
USD1!,07/10/2026,11:25,33.37,33.37,33.37,33.37,3.0
USD1!,07/10/2026,11:26,33.38,33.38,33.38,33.38,198.0
USD1!,07/10/2026,11:27,33.38,33.38,33.38,33.38,152.0
USD1!,07/10/2026,11:33,33.37,33.37,33.37,33.37,15.0
USD1!,07/10/2026,11:34,33.38,33.38,33.38,33.38,2.0
USD1!,07/10/2026,11:43,33.38,33.38,33.38,33.38,128.0
USD1!,07/10/2026,11:52,33.38,33.39,33.38,33.39,138.0
USD1!,07/10/2026,11:53,33.39,33.39,33.39,33.39,9.0
USD1!,07/10/2026,12:00,33.39,33.39,33.39,33.39,100.0
USD1!,07/10/2026,12:04,33.39,33.39,33.39,33.39,30.0
USD1!,07/10/2026,12:11,33.39,33.39,33.39,33.39,5.0
USD1!,07/10/2026,12:15,33.39,33.39,33.39,33.39,1.0
USD1!,07/10/2026,12:16,33.39,33.39,33.39,33.39,10.0
USD1!,07/10/2026,12:18,33.39,33.39,33.39,33.39,2.0
USD1!,07/10/2026,12:20,33.39,33.39,33.39,33.39,22.0
USD1!,07/10/2026,12:22,33.39,33.4,33.39,33.4,36.0
USD1!,07/10/2026,12:25,33.39,33.39,33.39,33.39,72.0
USD1!,07/10/2026,12:27,33.39,33.39,33.39,33.39,50.0
USD1!,07/10/2026,12:28,33.39,33.39,33.39,33.39,10.0
USD1!,07/10/2026,12:29,33.39,33.39,33.39,33.39,20.0
USD1!,07/10/2026,13:45,33.39,33.39,33.39,33.39,26.0
USD1!,07/10/2026,13:46,33.4,33.4,33.4,33.4,1.0
USD1!,07/10/2026,13:49,33.39,33.39,33.39,33.39,4.0
USD1!,07/10/2026,13:50,33.39,33.39,33.39,33.39,1.0
USD1!,07/10/2026,13:53,33.4,33.4,33.4,33.4,38.0
USD1!,07/10/2026,13:54,33.39,33.39,33.39,33.39,1.0
USD1!,07/10/2026,13:55,33.39,33.39,33.39,33.39,1.0
USD1!,07/10/2026,13:56,33.39,33.39,33.39,33.39,1.0
USD1!,07/10/2026,13:57,33.39,33.39,33.39,33.39,337.0
USD1!,07/10/2026,13:58,33.39,33.39,33.39,33.39,19.0
